Source identifier,Title,Citation,DOI or repository identifier,Publication or repository page,Source file URL,Published file name,Date accessed,Reuse terms reported by source,Location of rights information,Use permitted by source terms,Disease or diseases,Germplasm described,Phenotype data described,Relationship to measurements in other reports,Evidence reviewed,Role in this study
anthracnose_pathotype_differentials,Genetic Diversity and Classification of Colletotrichum sublineola Pathotypes Using a Standard Set of Sorghum Differentials,Genetic Diversity and Classification of Colletotrichum sublineola Pathotypes Using a Standard Set of Sorghum Differentials (2024),10.3390/jof10010003; 10.15482/USDA.ADC/25988122.v1,https://agdatacommons.nal.usda.gov/articles/dataset/25988122,https://ndownloader.figshare.com/files/46880146,Prom_Anthracnose_Diversity_Data_2024.csv,2026-07-14,Creative Commons Attribution 4.0,https://agdatacommons.nal.usda.gov/articles/dataset/25988122,Derived results may be shared under the stated terms,Anthracnose pathotype,18 sorghum differentials by 30 isolates,Public isolate-by-differential CSV available,Distinct measurements,Descriptive results,Quantitative disease-response evidence
ethiopian_field_anthracnose_multisite,Exploring the genetic basis of anthracnose resistance in Ethiopian sorghum through a genome-wide association study,Exploring the genetic basis of anthracnose resistance in Ethiopian sorghum through a genome-wide association study (2024),10.1186/s12864-024-10545-2,https://bmcgenomics.biomedcentral.com/articles/10.1186/s12864-024-10545-2,https://static-content.springer.com/esm/art%3A10.1186%2Fs12864-024-10545-2/MediaObjects/12864_2024_10545_MOESM1_ESM.xlsx,12864_2024_10545_MOESM1_ESM.xlsx,2026-07-14,Creative Commons Attribution 4.0,https://bmcgenomics.biomedcentral.com/articles/10.1186/s12864-024-10545-2,Derived results may be shared under the stated terms,Anthracnose,358 genotypes,Complete public accession-by-location combined dough-stage table,Distinct measurements,Full quantitative data,Quantitative disease-response evidence
minicore_multidisease_reanalysis_2026,A machine learning approach to genome-wide association mapping of disease resistance and geographic origin in sorghum,A machine learning approach to genome-wide association mapping of disease resistance and geographic origin in sorghum (2026),10.1186/s12870-026-08468-z,https://bmcplantbiol.biomedcentral.com/articles/10.1186/s12870-026-08468-z,https://static-content.springer.com/esm/art%3A10.1186%2Fs12870-026-08468-z/MediaObjects/12870_2026_8468_MOESM2_ESM.xlsx,12870_2026_8468_MOESM2_ESM.xlsx,,Creative Commons Attribution 4.0,https://bmcplantbiol.biomedcentral.com/articles/10.1186/s12870-026-08468-z,Derived results may be shared under the stated terms,Anthracnose; Downy mildew; Head smut,Mini-core plus unphenotyped Senegal accessions,Public phenotype table is a re-release of prior mini-core values,Measurements also published elsewhere,Citation and biological context,Analysis of previously reported measurements
panelA_pr_multidisease,"Response of Sorghum Accessions from Three African Countries to Anthracnose, Grain Mould and Rust","Response of Sorghum Accessions from Three African Countries to Anthracnose, Grain Mould and Rust (2022)",10.3923/ppj.2022.12.23; 10.15482/USDA.ADC/25707396.v1,https://agdatacommons.nal.usda.gov/articles/dataset/25707396,https://ndownloader.figshare.com/files/45921822,Prom_LK_Data_2017_2018_Diseaase_traits.csv,2026-07-14,Public domain,https://agdatacommons.nal.usda.gov/articles/dataset/25707396,Derived results may be shared under the stated terms,Anthracnose; Grain mold; rust,179 accessions reported in the paper; public CSV includes repeated observations and named checks,Public CSV available,Distinct measurements,Full quantitative data,Quantitative disease-response evidence
panelB_wa_leafblight,"A Genome-Wide Association Study of Nigerien and Senegalese Sorghum Germplasm of Exserohilum turcicum, the Causal Agent of Leaf Blight","A Genome-Wide Association Study of Nigerien and Senegalese Sorghum Germplasm of Exserohilum turcicum, the Causal Agent of Leaf Blight (2023)",10.3390/plants12234010; 10.15482/USDA.ADC/25843822.v1,https://agdatacommons.nal.usda.gov/articles/dataset/25843822,https://ndownloader.figshare.com/files/46382200,Prom_GWAS_Leaf_Blight_2022.csv,2026-07-14,Public domain,https://agdatacommons.nal.usda.gov/articles/dataset/25843822,Derived results may be shared under the stated terms,Leaf blight,120 lines reported; public file includes accessions and checks,Public CSV available,Distinct measurements,Full quantitative data,Quantitative disease-response evidence
prom_accession_anthracnose_grain_mold_2020,Screening Sorghum Accessions for Resistance against Anthracnose and Grain Mold through Inoculating with Pathogens,"Prom LK, Cuevas H, Isakeit T, Magill C. Journal of Experimental Agriculture International 42(1) (2020): 73-83.",10.9734/JEAI/2020/v42i130453,https://doi.org/10.9734/JEAI/2020/v42i130453,https://doi.org/10.9734/JEAI/2020/v42i130453,prom_accession_anthracnose_grain_mold_2020.pdf,2026-07-14,Creative Commons Attribution 4.0,https://doi.org/10.9734/JEAI/2020/v42i130453,Derived results may be shared under the stated terms,Anthracnose; Grain mold,Accession: 47; Two-accession treatment subset selected by outcome: 2; Resistant control: 1; Susceptible control: 1,The complete public table contains 214 reported observations for accessions or lines; missing values are retained as reported.,Distinct measurements,Full quantitative data,Quantitative disease-response evidence
prom_agronomic_grain_mold_senegal_2026,Agronomic Traits of Sorghum Cultivars from the US and Senegal and Their Response to Grain Mold Infection,"Prom LK, Ahn E, Isakeit T, Magill C. 2026. American Journal of Plant Sciences 17(3):302-319. doi:10.4236/ajps.2026.173020.",10.4236/ajps.2026.173020,https://doi.org/10.4236/ajps.2026.173020,https://www.scirp.org/pdf/ajps_2606255.pdf,prom_agronomic_grain_mold_senegal_2026.pdf,2026-07-14,Creative Commons Attribution 4.0,https://doi.org/10.4236/ajps.2026.173020,Derived results may be shared under the stated terms,Grain mold,Cultivar or line: 24,The complete public table contains 48 reported observations for accessions or lines; missing values are retained as reported.,Distinct measurements,Full quantitative data,Quantitative disease-response evidence
prom_anthracnose_final_report_2018,Uncovering novel sources of anthracnose resistance in populations of genetically diverse sorghums (Final Report),Uncovering novel sources of anthracnose resistance in populations of genetically diverse sorghums (Final Report) (2018),10.2172/1901798,https://doi.org/10.2172/1901798,,project final report and linked records,,Reuse terms were not stated in the materials reviewed,https://doi.org/10.2172/1901798,Source permission required for accession-level sharing,Anthracnose,Genetically diverse sorghum populations,The reviewed materials provide project-level findings and citations to underlying studies,Measurements unique to this source within the reviewed literature,Citation and biological context,Citation and biological context
prom_anthracnose_pathotypes_2012,Genetic diversity and pathotype determination of Colletotrichum sublineolum isolates causing anthracnose in sorghum,Genetic diversity and pathotype determination of Colletotrichum sublineolum isolates causing anthracnose in sorghum (2012),10.1007/s10658-012-9946-z,https://doi.org/10.1007/s10658-012-9946-z,,main article tables,,Reuse terms were not stated in the materials reviewed,https://doi.org/10.1007/s10658-012-9946-z,Source permission required for accession-level sharing,Anthracnose pathotype,Isolate-by-differential experiment,Differential-level values described in the article were reviewed qualitatively,Measurements unique to this source within the reviewed literature,Citation and biological context,Citation and biological context
prom_btx643_loose_kernel_smut_2017,Aggressiveness of Loose Kernel Smut Isolate from Johnsongrass on Sorghum Line BTx643,Aggressiveness of Loose Kernel Smut Isolate from Johnsongrass on Sorghum Line BTx643 (2017),OpenAlex:W3155500161,https://openalex.org/W3155500161,,main article tables,,Reuse terms were not stated in the materials reviewed,https://openalex.org/W3155500161,Source permission required for accession-level sharing,Loose kernel smut,"One sorghum line, BTx643",Single-line isolate aggressiveness experiment; single-genotype biological context,Measurements unique to this source within the reviewed literature,Citation and biological context,Biological context
prom_burkina_south_africa_anthracnose_grain_mold_2015,Assessment of sorghum germplasm from Burkina Faso and South Africa to identify new sources of resistance to grain mold and anthracnose,Assessment of sorghum germplasm from Burkina Faso and South Africa to identify new sources of resistance to grain mold and anthracnose (2015),10.1016/j.cropro.2015.10.007,https://doi.org/10.1016/j.cropro.2015.10.007,,main article tables,,Reuse terms were not stated in the materials reviewed,https://doi.org/10.1016/j.cropro.2015.10.007,Source permission required for accession-level sharing,Anthracnose; Grain mold,Burkina Faso and South Africa germplasm,Accession-level values described in the article were reviewed qualitatively,Measurements unique to this source within the reviewed literature,Citation and biological context,Citation and biological context
prom_canopy_anthracnose_2026,Canopy leaf-angle architecture and leaf blade–midrib susceptibility are associated with anthracnose severity in sorghum and johnsongrass,Canopy leaf-angle architecture and leaf blade–midrib susceptibility are associated with anthracnose severity in sorghum and johnsongrass (2026),10.1094/PDIS-04-26-0770-RE,https://doi.org/10.1094/PDIS-04-26-0770-RE,,article and supplementary files,,Reuse terms were not stated in the materials reviewed,https://doi.org/10.1094/PDIS-04-26-0770-RE,Source permission required for accession-level sharing,Anthracnose,Sorghum and Johnsongrass plants,The reviewed materials provide aggregate sorghum disease-response results,Measurements unique to this source within the reviewed literature,Citation and biological context,Citation and biological context
prom_cg1_anthracnose_mapping_2008,"Molecular mapping of Cg1, a gene for resistance to anthracnose (Colletotrichum sublineolum) in sorghum","Molecular mapping of Cg1, a gene for resistance to anthracnose (Colletotrichum sublineolum) in sorghum (2008)",10.1007/s10681-008-9791-5,https://doi.org/10.1007/s10681-008-9791-5,,article tables,,Reuse terms were not stated in the materials reviewed,https://doi.org/10.1007/s10681-008-9791-5,Source permission required for accession-level sharing,Anthracnose,Mapping parents and progeny,Family-level disease values described in the article were reviewed qualitatively,Measurements unique to this source within the reviewed literature,Citation and biological context,Citation and biological context
prom_chad_uganda_downy_mildew_2010,"Response of sorghum accessions from Chad and Uganda to natural infection by the downy mildew pathogen, Peronosclerospora sorghi in Mexico and the USA","Response of sorghum accessions from Chad and Uganda to natural infection by the downy mildew pathogen, Peronosclerospora sorghi in Mexico and the USA (2010)",10.1007/BF03356326,https://doi.org/10.1007/BF03356326,,main article tables,,Reuse terms were not stated in the materials reviewed,https://doi.org/10.1007/BF03356326,Source permission required for accession-level sharing,Downy mildew,Chad and Uganda accessions,Accession-by-location values described in the article were reviewed qualitatively,Measurements unique to this source within the reviewed literature,Citation and biological context,Citation and biological context
prom_china_ergot_2008,"Evaluation of Sorghum Germplasm from China against Claviceps africana, Causal Agent of Sorghum Ergot","Prom LK, Erpelding JE, Montes-García N. 2008. Plant Health Progress. doi:10.1094/PHP-2008-0519-01-RS.",10.1094/PHP-2008-0519-01-RS,https://doi.org/10.1094/PHP-2008-0519-01-RS,https://apsjournals.apsnet.org/doi/10.1094/PHP-2008-0519-01-RS,prom_china_ergot_2008.pdf,2026-07-14,Reuse terms were not stated in the materials reviewed,https://doi.org/10.1094/PHP-2008-0519-01-RS,Source permission required for accession-level sharing,Ergot,Chinese accession: 40; Resistant control: 3; Susceptible control: 1,The complete public table contains 352 reported observations for accessions or lines; missing values are retained as reported.,Distinct measurements,Full quantitative data,Quantitative disease-response evidence
prom_chinese_downy_anthracnose_2007,Chinese sorghum germplasm evaluated for resistance to downy mildew and anthracnose,"Prom LK, Erpelding JE, Montes-García N. 2007. Communications in Biometry and Crop Science 2(1):26-31.",URL:https://www.ars.usda.gov/research/publications/publication/?seqNo115=207199,https://www.ars.usda.gov/research/publications/publication/?seqNo115=207199,http://agrobiol.sggw.pl/~cbcs/articles/CBCS_2_1_4.pdf,prom_chinese_downy_anthracnose_2007.pdf,2026-07-14,Reuse terms were not stated in the materials reviewed,https://www.ars.usda.gov/research/publications/publication/?seqNo115=207199,Source permission required for accession-level sharing,Anthracnose; Downy mildew,Accession: 40,The complete public table contains 80 reported observations for accessions or lines; missing values are retained as reported.,Distinct measurements,Full quantitative data,Quantitative disease-response evidence
prom_commercial_field_fungal_diversity_2025,Agronomic Traits and Fungal Diversity between Commercial and Non-commercial Sorghum Fields,Agronomic Traits and Fungal Diversity between Commercial and Non-commercial Sorghum Fields (2025),10.5539/jps.v14n1p10,https://doi.org/10.5539/jps.v14n1p10,,main article tables,,Reuse terms were not stated in the materials reviewed,https://doi.org/10.5539/jps.v14n1p10,Source permission required for accession-level sharing,Field fungal diversity,Observations from individually identified commercial and noncommercial production fields,Field and fungal-diversity comparisons; field and fungal-diversity context,Measurements unique to this source within the reviewed literature,Citation and biological context,Biological context
prom_converted_lines_anthracnose_downy_2016,Assessing the Vulnerability of Sorghum Converted Lines to Anthracnose and Downy Mildew Infection,Prom LK et al. Journal of Agriculture and Crops 2(10) (2016): 101-106.,URL:https://econpapers.repec.org/article/arpjacarp/2016_3ap_3a101-106.htm,https://econpapers.repec.org/article/arpjacarp/2016_3ap_3a101-106.htm,https://econpapers.repec.org/article/arpjacarp/2016_3ap_3a101-106.htm,prom_converted_lines_anthracnose_downy_2016.pdf,2026-07-14,Creative Commons Attribution 4.0,https://econpapers.repec.org/article/arpjacarp/2016_3ap_3a101-106.htm,Derived results may be shared under the stated terms,Anthracnose; Downy mildew,Check: 6; Converted line: 59,The complete public table contains 260 reported observations for accessions or lines; missing values are retained as reported.,Distinct measurements,Full quantitative data,Quantitative disease-response evidence
prom_converted_lines_grain_biodeterioration_2016,Grain Biodeterioration of Sorghum Converted Lines Inoculated with a Mixture of Fusarium thapsinum and Curvularia lunata,Prom LK et al. Plant Pathology Journal 16 (2017): 19-24.,10.3923/ppj.2017.19.24,https://doi.org/10.3923/ppj.2017.19.24,https://doi.org/10.3923/ppj.2017.19.24,prom_converted_lines_grain_biodeterioration_2016.pdf,2026-07-14,Reuse terms were not stated in the materials reviewed,https://doi.org/10.3923/ppj.2017.19.24,Source permission required for accession-level sharing,Grain mold,Resistant check: 3; Sorghum converted line: 59; Susceptible check: 2,The complete public table contains 195 reported observations for accessions or lines; missing values are retained as reported.,Distinct measurements,Full quantitative data,Quantitative disease-response evidence
prom_crops_anthracnose_grain_mold_2024,"Association and Interrelationship Among Agronomic Traits and Fungal Diseases of Sorghum, Anthracnose and Grain Mold","Association and Interrelationship Among Agronomic Traits and Fungal Diseases of Sorghum, Anthracnose and Grain Mold (2024)",10.3390/crops4040045,https://www.mdpi.com/2673-7655/4/4/45,https://www.mdpi.com/article/10.3390/crops4040045/s1,Table S1: accession list only,,Creative Commons Attribution 4.0,https://www.mdpi.com/2673-7655/4/4/45,Derived results may be shared under the stated terms,Anthracnose; Grain mold,91 accessions/cultivars,Public supplement Table S1 is accession list only; disease values available only on reasonable request,Measurements unique to this source within the reviewed literature,Citation and biological context,Biological context
prom_cultivar_fungal_germination_2004,"The Effects of Fusarium thapsinum, Curvularia lunata, and Their Combination on Sorghum Germination and Seed Mycoflora","The Effects of Fusarium thapsinum, Curvularia lunata, and Their Combination on Sorghum Germination and Seed Mycoflora (2004)",10.1300/J153v06n01_03,https://doi.org/10.1300/J153v06n01_03,,main article tables,,Reuse terms were not stated in the materials reviewed,https://doi.org/10.1300/J153v06n01_03,Source permission required for accession-level sharing,Grain mold seed deterioration,Sorghum cultivars,The reviewed materials provide summarized cultivar germination and mycoflora results,Measurements unique to this source within the reviewed literature,Citation and biological context,Citation and biological context
prom_cultivar_isolate_anthracnose_2021,The response of sorghum cultivars to mixtures of compatible and incompatible isolates and different conidia concentrations of Colletotrichum sublineola,The response of sorghum cultivars to mixtures of compatible and incompatible isolates and different conidia concentrations of Colletotrichum sublineola (2021),10.1016/j.pmpp.2021.101690,https://doi.org/10.1016/j.pmpp.2021.101690,,main article tables,,Reuse terms were not stated in the materials reviewed,https://doi.org/10.1016/j.pmpp.2021.101690,Source permission required for accession-level sharing,Anthracnose,Cultivar-by-isolate-mixture experiment,Cultivar-level values described in the article were reviewed qualitatively,Measurements unique to this source within the reviewed literature,Citation and biological context,Citation and biological context
prom_dhurrin_head_smut_2025,Unveiling the Potential Role of Dhurrin in Sorghum During Infection by the Head Smut Pathogen Sporisorium reilianum,Unveiling the Potential Role of Dhurrin in Sorghum During Infection by the Head Smut Pathogen Sporisorium reilianum (2025),10.3390/plants14050740,https://www.mdpi.com/2223-7747/14/5/740,,,,Creative Commons Attribution 4.0,https://www.mdpi.com/2223-7747/14/5/740,Derived results may be shared under the stated terms,Head smut,Limited Senegal accessions and checks,Disease responses were reused; HCN and RT-qPCR measurements represent separate biochemical outcomes,Measurements unique to this source within the reviewed literature,Citation and biological context,Biological context
prom_differentials_other_diseases_niger_2020,Response of the Set of Anthracnose Differentials to Other Foliar and Panicle Diseases in Niger,"Prom LK, Adamou I, Haougui A, Abdoulkadri AA, Karimou I, Ali OB, Magill C. Journal of Agriculture and Crops 6(1) (2020): 1-4.",10.32861/jac.61.1.4,https://doi.org/10.32861/jac.61.1.4,https://doi.org/10.32861/jac.61.1.4,prom_differentials_other_diseases_niger_2020.pdf,2026-07-14,Creative Commons Attribution 4.0,https://doi.org/10.32861/jac.61.1.4,Derived results may be shared under the stated terms,Anthracnose; Bacterial leaf disease reported as streak or stripe; Leaf blight; Long smut; Oval leaf spot; Rough leaf spot; Target leaf spot; Zonate leaf spot,Anthracnose differential line: 18; Anthracnose resistant check differential: 1; Anthracnose susceptible check: 3,The complete public table contains 249 reported observations for accessions or lines; missing values are retained as reported.,Distinct measurements,Full quantitative data,Quantitative disease-response evidence
prom_downy_mildew_markers_pathotypes_2008,Simple sequence repeat markers useful for sorghum downy mildew (Peronosclerospora sorghi) and related species,Simple sequence repeat markers useful for sorghum downy mildew (Peronosclerospora sorghi) and related species (2008),10.1186/1471-2156-9-77,https://doi.org/10.1186/1471-2156-9-77,,article and supplementary files,,Reuse terms were not stated in the materials reviewed,https://doi.org/10.1186/1471-2156-9-77,Source permission required for accession-level sharing,Downy mildew pathotype,The reviewed materials provide a partial list of pathogen isolates and host reactions,The reviewed materials provide a partial pathotype-by-differential summary,Measurements unique to this source within the reviewed literature,Citation and biological context,Citation and biological context
prom_eight_cultivars_fungal_inoculation_2003,"Response of eight sorghum cultivars inoculated with Fusarium thapsinum, Curvularia lunata, and a mixture of the two fungi","Response of eight sorghum cultivars inoculated with Fusarium thapsinum, Curvularia lunata, and a mixture of the two fungi (2003)",10.1016/S0261-2194(02)00246-6,https://doi.org/10.1016/S0261-2194(02)00246-6,,main article tables,,Reuse terms were not stated in the materials reviewed,https://doi.org/10.1016/S0261-2194(02)00246-6,Source permission required for accession-level sharing,Grain mold seed deterioration,Eight sorghum cultivars,Cultivar-level values described in the article were reviewed qualitatively,Measurements unique to this source within the reviewed literature,Citation and biological context,Citation and biological context
prom_ergot_inoculation_genotypes_2005,Inoculation Techniques for Identifying Resistance in Sorghum Genotypes to Sorghum Ergot,Inoculation Techniques for Identifying Resistance in Sorghum Genotypes to Sorghum Ergot (2005),10.1300/J153v07n01_02,https://doi.org/10.1300/J153v07n01_02,,main article tables,,Reuse terms were not stated in the materials reviewed,https://doi.org/10.1300/J153v07n01_02,Source permission required for accession-level sharing,Ergot,Sorghum genotypes,Genotype-level disease values described in the article were reviewed qualitatively,Measurements unique to this source within the reviewed literature,Citation and biological context,Citation and biological context
prom_ergot_is8525_2006,Ergot Response for the Sorghum Genotype IS8525,Ergot Response for the Sorghum Genotype IS8525 (2006),10.3923/ppj.2006.216.220,https://doi.org/10.3923/ppj.2006.216.220,,main article tables,,Reuse terms were not stated in the materials reviewed,https://doi.org/10.3923/ppj.2006.216.220,Source permission required for accession-level sharing,Ergot,"One named genotype, IS8525",Single-genotype disease-response experiment used for biological context,Measurements unique to this source within the reviewed literature,Citation and biological context,Biological context
prom_ergot_severity_mexico_us_2008,"Disease Severity and Susceptibility of Sorghum [Sorghum bicolor (L.) Moench.] to Infection by Claviceps africana Frederickson, Mantle and de Milliano in Mexico and the United States of America","Montes-García N, Williams-Alanís H, Prom LK, Isakeit T, Odvody G, Narro-Sánchez J, Ronney WL. 2008. Revista Mexicana de Fitopatología 26:121-126.",URL:https://www.redalyc.org/articulo.oa?id=61226204,https://www.redalyc.org/articulo.oa?id=61226204,https://www.redalyc.org/pdf/612/61226204.pdf,prom_ergot_severity_mexico_us_2008.pdf,2026-07-14,Reuse terms were not stated in the materials reviewed,https://www.redalyc.org/articulo.oa?id=61226204,Source permission required for accession-level sharing,Ergot,Hybrid: 6; Male sterile A line: 3,The complete public table contains 36 reported observations for accessions or lines; missing values are retained as reported.,Distinct measurements,Full quantitative data,Quantitative disease-response evidence
prom_ethiopia_anthracnose_2009_spanish,Respuesta de germoplasma de sorgo de Etiopía a la antracnosis,Respuesta de germoplasma de sorgo de Etiopía a la antracnosis (2009),10.46429/jaupr.v93i3-4.5467,https://doi.org/10.46429/jaupr.v93i3-4.5467,,main article tables,,Reuse terms were not stated in the materials reviewed,https://doi.org/10.46429/jaupr.v93i3-4.5467,Source permission required for accession-level sharing,Anthracnose,Ethiopian sorghum germplasm,Anthracnose responses summarized for selected candidate accessions,Measurements unique to this source within the reviewed literature,Citation and biological context,Citation and biological context
prom_ethiopia_anthracnose_2019,Genome-Wide Association Mapping of Anthracnose Resistance in NPGS Ethiopian Sorghum Germplasm,Genome-Wide Association Mapping of Anthracnose Resistance in NPGS Ethiopian Sorghum Germplasm (2019),10.1534/g3.119.400350; 10.25387/g3.8127200.v2,https://gsajournals.figshare.com/articles/dataset/Supplemental_Material_for_Cuevas_Prom_and_Cruet-Burgos_2019/8127200,https://ndownloader.figshare.com/files/15147788,Supplementary Tables 4-29-2019.xlsx,2026-07-14,Creative Commons Attribution 4.0,https://gsajournals.figshare.com/articles/dataset/Supplemental_Material_for_Cuevas_Prom_and_Cruet-Burgos_2019/8127200,Derived results may be shared under the stated terms,Anthracnose,335 accessions reported; available phenotype sheet contains observations for 334 accessions,Public accession-by-environment table available,Distinct measurements,Full quantitative data,Quantitative disease-response evidence
prom_ethiopia_anthracnose_pathotypes_2021,"Pathogenic variability of Colletotrichum sublineolum isolates on sorghum differentials under greenhouse conditions in Jimma, Ethiopia","Pathogenic variability of Colletotrichum sublineolum isolates on sorghum differentials under greenhouse conditions in Jimma, Ethiopia (2021)",10.1080/03235408.2021.1988842,https://doi.org/10.1080/03235408.2021.1988842,,main article tables,,Reuse terms were not stated in the materials reviewed,https://doi.org/10.1080/03235408.2021.1988842,Source permission required for accession-level sharing,Anthracnose pathotype,Differential-by-isolate experiment,Differential-by-isolate values described in the article were reviewed qualitatively,Measurements unique to this source within the reviewed literature,Citation and biological context,Citation and biological context
prom_ethiopia_anthracnose_subset_2022,Evaluation of a Subset of Ethiopia Sorghum Collection Germplasm from the National Genetic Resources Program of the United States Department of Agriculture for Anthracnose Resistance,"Prom LK, Cuevas HE, Ahn E, Isakeit T. American Journal of Plant Sciences 13 (2022): 1403-1411.",10.4236/ajps.2022.1312095,https://doi.org/10.4236/ajps.2022.1312095,https://doi.org/10.4236/ajps.2022.1312095,prom_ethiopia_anthracnose_subset_2022.pdf,2026-07-14,Creative Commons Attribution 4.0,https://doi.org/10.4236/ajps.2022.1312095,Derived results may be shared under the stated terms,Anthracnose,Accession: 93; Accession with a printed label discrepancy: 1; Resistant check: 1; Susceptible check: 2,The complete public table contains 388 reported observations for accessions or lines; missing values are retained as reported.,Distinct measurements,Full quantitative data,Quantitative disease-response evidence
prom_ethiopia_anthracnose_weather_2010,Effect of Host Genotypes and Weather Variables on the Severity and Temporal Dynamics of Sorghum Anthracnose in Ethiopia,"Chala A, Alemu T, Prom LK, Tronsmo AM. 2010. Plant Pathology Journal 9(1):39-46. doi:10.3923/ppj.2010.39.46.",10.3923/ppj.2010.39.46,https://doi.org/10.3923/ppj.2010.39.46,https://scialert.net/fulltext/?doi=ppj.2010.39.46,prom_ethiopia_anthracnose_weather_2010.pdf,2026-07-14,Reuse terms were not stated in the materials reviewed,https://doi.org/10.3923/ppj.2010.39.46,Source permission required for accession-level sharing,Anthracnose,Local susceptible check: 1; Resistant line: 2; Universally susceptible cultivar: 1,The complete public table contains 48 reported observations for accessions or lines; missing values are retained as reported.,Distinct measurements,Full quantitative data,Quantitative disease-response evidence
prom_ethiopia_grain_mold_2024,Association analysis of grain mould resistance in a core collection of NPGS Ethiopian sorghum germplasm,Association analysis of grain mould resistance in a core collection of NPGS Ethiopian sorghum germplasm (2024),10.1017/S1479262124000157,https://www.cambridge.org/core/journals/plant-genetic-resources/article/association-analysis-of-grain-mould-resistance-in-a-core-collection-of-npgs-ethiopian-sorghum-germplasm/A26623540E4557FD66683B493B89DDA7,https://static.cambridge.org/content/id/urn%3Acambridge.org%3Aid%3Aarticle%3AS1479262124000157/resource/name/S1479262124000157sup001.xlsx,S1479262124000157sup001.xlsx,2026-07-14,Creative Commons Attribution 4.0,https://www.cambridge.org/core/journals/plant-genetic-resources/article/association-analysis-of-grain-mould-resistance-in-a-core-collection-of-npgs-ethiopian-sorghum-germplasm/A26623540E4557FD66683B493B89DDA7,Derived results may be shared under the stated terms,Grain mold seed emergence; Seed deterioration,330 uniquely labeled PI accessions,Public accession-level summary workbook available,Distinct measurements,Full quantitative data,Quantitative disease-response evidence
prom_ethiopia_mali_fusarium_2013,Evaluation of sorghum accessions from Ethiopia and Mali against Fusarium thapsinum,"Prom LK, Erpelding JE. Journal of Tropical Agriculture 51(1-2) (2013): 92-97.",URL:https://jtropag.kau.in/index.php/ojs2/article/view/286,https://jtropag.kau.in/index.php/ojs2/article/view/286,http://jtropag.kau.in/index.php/ojs2/article/download/286/286,prom_ethiopia_mali_fusarium_2013.pdf,2026-07-14,Reuse terms were not stated in the materials reviewed,https://jtropag.kau.in/index.php/ojs2/article/view/286,Source permission required for accession-level sharing,Grain mold,Accession: 38; Resistant control: 2; Susceptible control: 2,The complete public table contains 168 reported observations for accessions or lines; missing values are retained as reported.,Distinct measurements,Full quantitative data,Quantitative disease-response evidence
prom_excised_leaf_screen_2015,Excised Leaf Method for High Volume Evaluation of Sorghum Germplasm for Resistance Against Colletotrichum sublineolum,Prom LK et al. Plant Pathology Journal 15(1) (2016): 11-16.,10.3923/ppj.2016.11.16,https://doi.org/10.3923/ppj.2016.11.16,https://doi.org/10.3923/ppj.2016.11.16,prom_excised_leaf_screen_2015.pdf,2026-07-14,Reuse terms were not stated in the materials reviewed,https://doi.org/10.3923/ppj.2016.11.16,Source permission required for accession-level sharing,Anthracnose,Line: 12; Resistant check: 1; Susceptible check: 3,The complete public table contains 48 reported observations for accessions or lines; missing values are retained as reported.,Distinct measurements,Full quantitative data,Quantitative disease-response evidence
prom_four_country_anthracnose_2012,"Response of Sorghum Accessions from Four African Countries against Colletotrichum sublineolum, Causal Agent of Sorghum Anthracnose","Prom LK, Erpelding J, Perumal R, Isakeit T, Cuevas H. American Journal of Plant Sciences 3 (2012): 125-129.",10.4236/ajps.2012.31014,https://doi.org/10.4236/ajps.2012.31014,https://doi.org/10.4236/ajps.2012.31014,prom_four_country_anthracnose_2012.pdf,2026-07-14,Creative Commons Attribution 4.0,https://www.scirp.org/journal/paperinformation?paperid=16653,Derived results may be shared under the stated terms,Anthracnose,Accession: 72; Resistant control: 1; Susceptible control: 1,The complete public table contains 370 reported observations for accessions or lines; missing values are retained as reported.,Distinct measurements,Full quantitative data,Quantitative disease-response evidence
prom_gambia_mali_downy_mildew_2014,"Evaluation of Gambian and Malian sorghum germplasm against downy mildew pathogen, Peronosclerospora sorghi, in Mexico and the USA","Evaluation of Gambian and Malian sorghum germplasm against downy mildew pathogen, Peronosclerospora sorghi, in Mexico and the USA (2014)",10.1007/s10327-014-0557-8,https://doi.org/10.1007/s10327-014-0557-8,,main article tables,,Reuse terms were not stated in the materials reviewed,https://doi.org/10.1007/s10327-014-0557-8,Source permission required for accession-level sharing,Downy mildew,Gambian and Malian germplasm,Accession-level values described in the article were reviewed qualitatively,Measurements unique to this source within the reviewed literature,Citation and biological context,Citation and biological context
prom_grain_mold_cultivars_2005,Role of Chitinase and Sormatin Accumulation in the Resistance of Sorghum Cultivars to Grain Mold,Role of Chitinase and Sormatin Accumulation in the Resistance of Sorghum Cultivars to Grain Mold (2005),10.1021/jf050367t,https://doi.org/10.1021/jf050367t,,main article tables,,Reuse terms were not stated in the materials reviewed,https://doi.org/10.1021/jf050367t,Source permission required for accession-level sharing,Grain mold,Sorghum cultivars,Disease-response values for individual candidate cultivars are presented with biochemical measurements,Measurements unique to this source within the reviewed literature,Citation and biological context,Citation and biological context
prom_grain_mold_differentials_pr_2023,Reaction of Sorghum Differentials to Grain Mold Infection in Puerto Rico,"Prom LK, Cuevas HE. American Journal of Plant Sciences 14 (2023): 1207-1213.",10.4236/ajps.2023.1411081,https://doi.org/10.4236/ajps.2023.1411081,https://doi.org/10.4236/ajps.2023.1411081,prom_grain_mold_differentials_pr_2023.pdf,2026-07-14,Creative Commons Attribution 4.0,https://doi.org/10.4236/ajps.2023.1411081,Derived results may be shared under the stated terms,Grain mold,Anthracnose or head smut differential line: 23,The complete public table contains 69 reported observations for accessions or lines; missing values are retained as reported.,Distinct measurements,Full quantitative data,Quantitative disease-response evidence
prom_grain_mold_ml_2025,Machine learning reveals complex genetics of fungal resistance in sorghum grain mold,Machine learning reveals complex genetics of fungal resistance in sorghum grain mold (2025),10.1038/s41437-025-00783-9,https://doi.org/10.1038/s41437-025-00783-9,,,,Reuse terms were not stated in the materials reviewed,https://doi.org/10.1038/s41437-025-00783-9,Source permission required for accession-level sharing,Grain mold,306 SAP accessions,The disease measurements were first reported by the Prom 2020 study,Measurements also published elsewhere,Citation and biological context,Analysis of previously reported measurements
prom_haplotype_grain_mold_2026,A haplotype-layered GWAS identifies a multi-trait grain mold resistance hub on sorghum chromosome 5,A haplotype-layered GWAS identifies a multi-trait grain mold resistance hub on sorghum chromosome 5 (2026),10.1007/s00122-026-05222-9,https://link.springer.com/article/10.1007/s00122-026-05222-9,https://static-content.springer.com/esm/art%3A10.1007%2Fs00122-026-05222-9/MediaObjects/122_2026_5222_MOESM1_ESM.xlsx,122_2026_5222_MOESM1_ESM.xlsx,2026-07-14,Reuse terms were not stated in the materials reviewed,https://link.springer.com/article/10.1007/s00122-026-05222-9,Source permission required for accession-level sharing,Grain mold; anthracnose,306 grain-mold accessions plus duplicated anthracnose sheet,Public workbook available,Measurements also published elsewhere,Citation and biological context,Analysis of previously reported measurements
prom_head_smut_isolate_variability_2024,Genetic and Pathogenic Variability among Isolates of Sporisorium reilianum Causing Sorghum Head Smut,Genetic and Pathogenic Variability among Isolates of Sporisorium reilianum Causing Sorghum Head Smut (2024),10.3390/jof10010062,https://pmc.ncbi.nlm.nih.gov/articles/PMC10820674/,https://www.ebi.ac.uk/europepmc/webservices/rest/PMC10820674/fullTextXML,PMC10820674.xml,2026-07-14,Creative Commons Attribution 4.0,https://pmc.ncbi.nlm.nih.gov/articles/PMC10820674/,Derived results may be shared under the stated terms,Head smut pathotype,21 Texas isolates by six sorghum differentials,Line-level binary R/S values public in main Table 1; plant counts only on request,Distinct measurements,Descriptive results,Quantitative disease-response evidence
prom_head_smut_virulence_2011,Virulence and Molecular Genotyping Studies of Sporisorium reilianum Isolates in Sorghum,Prom LK et al. Plant Disease 95 (2011): 523-529.,10.1094/PDIS-10-10-0720,https://doi.org/10.1094/PDIS-10-10-0720,https://doi.org/10.1094/PDIS-10-10-0720,prom_head_smut_virulence_2011.pdf,2026-07-14,Reuse terms were not stated in the materials reviewed,https://doi.org/10.1094/PDIS-10-10-0720,Source permission required for accession-level sharing,Head smut,Host differential: 5; Universally resistant host differential: 1; Universally susceptible host differential: 1,The complete public table contains 58 reported observations for accessions or lines; missing values are retained as reported.,Distinct measurements,Full quantitative data,Quantitative disease-response evidence
prom_hybrid_seed_mycoflora_texas_2014,Mycoflora Analysis of Hybrid Sorghum Grain Collected from Different Locations in South Texas,Mycoflora Analysis of Hybrid Sorghum Grain Collected from Different Locations in South Texas (2014),10.9734/ajea/2015/14590,https://doi.org/10.9734/ajea/2015/14590,,main article tables,,Reuse terms were not stated in the materials reviewed,https://doi.org/10.9734/ajea/2015/14590,Source permission required for accession-level sharing,Seed mycoflora,Hybrid sorghum grain samples from South Texas,Fungal-isolation study used for mycological context,Measurements unique to this source within the reviewed literature,Citation and biological context,Biological context
prom_leaf_angle_correction_2021,"Author Correction: Leaf angle distribution in Johnsongrass, leaf thickness in sorghum and Johnsongrass, and association with response to Colletotrichum sublineola","Author Correction: Leaf angle distribution in Johnsongrass, leaf thickness in sorghum and Johnsongrass, and association with response to Colletotrichum sublineola (2021)",10.1038/s41598-021-89272-7,https://doi.org/10.1038/s41598-021-89272-7,,correction notice,,Creative Commons Attribution 4.0,https://doi.org/10.1038/s41598-021-89272-7,Derived results may be shared under the stated terms,Anthracnose,Correction notice,Correction notice for the 2020 leaf-angle and anthracnose-response study.,Measurements unique to this source within the reviewed literature,Citation and biological context,Biological context
prom_leaf_blight_ml_2026,Machine-learning reanalysis of Nigerien and Senegalese sorghum leaf blight,Machine-learning reanalysis of Nigerien and Senegalese sorghum leaf blight (2026),10.3390/pathogens15040389,https://doi.org/10.3390/pathogens15040389,,,,Creative Commons Attribution 4.0,https://doi.org/10.3390/pathogens15040389,Derived results may be shared under the stated terms,Leaf blight,Approximately 100 accessions plus controls,The 2023 Washington leaf-blight study first reported these phenotype measurements.,Measurements also published elsewhere,Citation and biological context,Analysis of previously reported measurements
prom_leaf_tissue_anthracnose_defense_2018,Defense responses against the sorghum anthracnose pathogen in leaf blade and midrib tissue of Johnsongrass and sorghum,Defense responses against the sorghum anthracnose pathogen in leaf blade and midrib tissue of Johnsongrass and sorghum (2018),10.1016/j.pmpp.2018.12.008,https://doi.org/10.1016/j.pmpp.2018.12.008,,main article tables,,Reuse terms were not stated in the materials reviewed,https://doi.org/10.1016/j.pmpp.2018.12.008,Source permission required for accession-level sharing,Anthracnose,Selected sorghum and Johnsongrass plants and tissues,Mechanistic tissue-response experiment used for biological context,Measurements unique to this source within the reviewed literature,Citation and biological context,Biological context
prom_leaf_traits_anthracnose_2020,"Leaf angle distribution in Johnsongrass, leaf thickness in sorghum and Johnsongrass, and association with response to Colletotrichum sublineola",Ahn E et al. Scientific Reports 10 (2020): 22320; corrected 2021.,10.1038/s41598-020-79473-x; 10.1038/s41598-021-89272-7,https://doi.org/10.1038/s41598-020-79473-x,https://pmc.ncbi.nlm.nih.gov/articles/PMC7749152/,41598_2020_79473_MOESM2_ESM.docx,2026-07-14,Creative Commons Attribution 4.0,https://doi.org/10.1038/s41598-020-79473-x,Derived results may be shared under the stated terms,Anthracnose,Sorghum cultivar mechanistic tissue assay: 3,The complete public table contains 576 reported observations for accessions or lines; missing values are retained as reported.,Distinct measurements,Full quantitative data,Quantitative disease-response evidence
prom_lines_long_smut_grain_mold_2017,Screening of Sorghum Lines Against Long Smut and Grain Mold Pathogens,Prom LK et al. International Journal of Plant Pathology 8 (2017): 23-27.,10.3923/ijpp.2017.23.27,https://doi.org/10.3923/ijpp.2017.23.27,https://doi.org/10.3923/ijpp.2017.23.27,prom_lines_long_smut_grain_mold_2017.pdf,2026-07-14,Reuse terms were not stated in the materials reviewed,https://doi.org/10.3923/ijpp.2017.23.27,Source permission required for accession-level sharing,Grain mold; Long smut,Grain mold resistant check: 2; Senegalese line: 2; U.S. line or hybrid: 19,The complete public table contains 46 reported observations for accessions or lines; missing values are retained as reported.,Distinct measurements,Full quantitative data,Quantitative disease-response evidence
prom_mali_anthracnose_2004,Evaluation of Malian Sorghum Germplasm for Resistance Against Anthracnose,"Erpelding JE, Prom LK. Plant Pathology Journal 3(2) (2004): 65-71.",10.3923/ppj.2004.65.71,https://doi.org/10.3923/ppj.2004.65.71,https://doi.org/10.3923/ppj.2004.65.71,prom_mali_anthracnose_2004.pdf,2026-07-14,Reuse terms were not stated in the materials reviewed,https://doi.org/10.3923/ppj.2004.65.71,Source permission required for accession-level sharing,Anthracnose,Accession: 264; Accession duplicate seed lot: 6; Control: 16,The complete public table contains 572 reported observations for accessions or lines; missing values are retained as reported.,Distinct measurements,Full quantitative data,Quantitative disease-response evidence
prom_minicore_multidisease_2019,"Genome wide association analysis of sorghum mini core lines regarding anthracnose, downy mildew, and head smut","Genome wide association analysis of sorghum mini core lines regarding anthracnose, downy mildew, and head smut (2019)",10.1371/journal.pone.0216671; 10.1371/journal.pone.0216671.s001,https://plos.figshare.com/articles/journal_contribution/Genome_wide_association_analysis_of_sorghum_mini_core_lines_regarding_anthracnose_downy_mildew_and_head_smut/8125778,https://ndownloader.figshare.com/files/15146012,pone.0216671.s001.docx,2026-07-14,Creative Commons Attribution 4.0,https://plos.figshare.com/articles/journal_contribution/Genome_wide_association_analysis_of_sorghum_mini_core_lines_regarding_anthracnose_downy_mildew_and_head_smut/8125778,Derived results may be shared under the stated terms,Anthracnose; Downy mildew; Head smut,245 accessions; paper reports n=245/240/229 by disease,Public accession table available,Measurements unique to this source within the reviewed literature,Full quantitative data,Quantitative disease-response evidence
prom_mozambique_anthracnose_2006,"Variation for Anthracnose Resistance within the Sorghum Germplasm Collection from Mozambique, Africa","Erpelding JE, Prom LK. Plant Pathology Journal 5(1) (2006): 28-34.",10.3923/ppj.2006.28.34,https://doi.org/10.3923/ppj.2006.28.34,https://doi.org/10.3923/ppj.2006.28.34,prom_mozambique_anthracnose_2006.pdf,2026-07-14,Reuse terms were not stated in the materials reviewed,https://doi.org/10.3923/ppj.2006.28.34,Source permission required for accession-level sharing,Anthracnose,Accession: 22; Resistant control: 1; Susceptible control: 1,The complete public table contains 96 reported observations for accessions or lines; missing values are retained as reported.,Distinct measurements,Full quantitative data,Quantitative disease-response evidence
prom_multitrait_reanalysis_2023,"Multi-Trait Genome-Wide Association Studies of Sorghum bicolor Regarding Resistance to Anthracnose, Downy Mildew, Grain Mold and Head Smut","Multi-Trait Genome-Wide Association Studies of Sorghum bicolor Regarding Resistance to Anthracnose, Downy Mildew, Grain Mold and Head Smut (2023)",10.3390/pathogens12060779,https://pmc.ncbi.nlm.nih.gov/articles/PMC10302846/,https://mdpi-res.com/d_attachment/pathogens/pathogens-12-00779/article_deploy/pathogens-12-00779-s001.zip,pathogens-12-00779-s001.zip::pathogens-2386562-supplementary.xlsx,2026-07-14,Creative Commons Attribution 4.0,https://pmc.ncbi.nlm.nih.gov/articles/PMC10302846/,Derived results may be shared under the stated terms,Anthracnose; Downy mildew; Grain mold; Head smut,Combined prior panels,Public supplement reports derived PCA and combined values from the source measurements,Measurements also published elsewhere,Citation and biological context,Analysis of previously reported measurements
prom_near_isogenic_grain_mold_head_smut_2013,"Response of near-isogenic sorghum lines, differing at the P locus for plant colour, to grain mould and head smut fungi","Response of near-isogenic sorghum lines, differing at the P locus for plant colour, to grain mould and head smut fungi (2013)",10.1111/aab.12037,https://doi.org/10.1111/aab.12037,,main article tables,,Reuse terms were not stated in the materials reviewed,https://doi.org/10.1111/aab.12037,Source permission required for accession-level sharing,Grain mold; Head smut,Near-isogenic sorghum lines,Line-level values described in the article were reviewed qualitatively,Measurements unique to this source within the reviewed literature,Citation and biological context,Citation and biological context
prom_niger_disease_incidence_2023,"Incidence, Severity, and Prevalence of Sorghum Diseases in the Major Production Regions in Niger","Incidence, Severity, and Prevalence of Sorghum Diseases in the Major Production Regions in Niger (2023)",10.5539/jps.v12n1p48,https://doi.org/10.5539/jps.v12n1p48,,main article tables,,Reuse terms were not stated in the materials reviewed,https://doi.org/10.5539/jps.v12n1p48,Source permission required for accession-level sharing,Multiple sorghum diseases,Observations from individually identified production fields,Field-survey summaries provide regional disease context,Measurements unique to this source within the reviewed literature,Citation and biological context,Biological context
prom_niger_disease_survey_2020,Survey of the Prevalence and Incidence of Foliar and Panicle Diseases of Sorghum Across Production Fields in Niger,Survey of the Prevalence and Incidence of Foliar and Panicle Diseases of Sorghum Across Production Fields in Niger (2020),10.3923/ppj.2020.106.113,https://doi.org/10.3923/ppj.2020.106.113,,main article tables,,Reuse terms were not stated in the materials reviewed,https://doi.org/10.3923/ppj.2020.106.113,Source permission required for accession-level sharing,Multiple sorghum diseases,Observations from individually identified production fields,Field-survey summaries provide regional disease context,Measurements unique to this source within the reviewed literature,Citation and biological context,Biological context
prom_niger_senegal_downy_mildew_2024,Genome-Wide Association Study of Nigerien and Senegalese Sorghum Genotypes for their Response to Downy Mildew,Genome-Wide Association Study of Nigerien and Senegalese Sorghum Genotypes for their Response to Downy Mildew (2024),10.5539/jps.v14n1p1,https://doi.org/10.5539/jps.v14n1p1,https://ccsenet.org/journal/index.php/jps/article/download/0/0/51120/55469,article PDF,,Creative Commons Attribution 4.0,https://doi.org/10.5539/jps.v14n1p1,Derived results may be shared under the stated terms,Downy mildew,67 of 120 Niger/Senegal accessions screened,The article states that accession-level phenotype data are available on request,Measurements unique to this source within the reviewed literature,Citation and biological context,Biological context
prom_panelA_correlation_2024,Correlations among Agronomic Traits Obtained from Sorghum Accessions Planted in a Field Infected with Three Important Fungal Diseases,Correlations among Agronomic Traits Obtained from Sorghum Accessions Planted in a Field Infected with Three Important Fungal Diseases (2024),10.5539/jps.v13n1p11,https://doi.org/10.5539/jps.v13n1p11,,main article and USDA data record,,Reuse terms were not stated in the materials reviewed,https://doi.org/10.5539/jps.v13n1p11,Source permission required for accession-level sharing,Anthracnose; Grain mold; rust,Puerto Rico sorghum accessions,The source table reports public disease values for these accessions,Measurements also published elsewhere,Citation and biological context,Analysis of previously reported measurements
prom_planting_depth_head_smut_2014,"Influence of Planting Depths on the Incidence of Sorghum Head Smut, Caused by Sporisorium reilianum","Influence of Planting Depths on the Incidence of Sorghum Head Smut, Caused by Sporisorium reilianum (2014)",10.56369/tsaes.1706,https://doi.org/10.56369/tsaes.1706,,main article tables,,Reuse terms were not stated in the materials reviewed,https://doi.org/10.56369/tsaes.1706,Source permission required for accession-level sharing,Head smut,Planting-depth treatment study,Management experiment used for treatment context,Measurements unique to this source within the reviewed literature,Citation and biological context,Biological context
prom_pr10_grain_mold_defense_2009,Expression of pathogenesis-related protein PR-10 in sorghum floral tissues in response to inoculation with Fusarium thapsinum and Curvularia lunata,Expression of pathogenesis-related protein PR-10 in sorghum floral tissues in response to inoculation with Fusarium thapsinum and Curvularia lunata (2009),10.1111/j.1364-3703.2009.00580.x,https://doi.org/10.1111/j.1364-3703.2009.00580.x,,main article tables,,Reuse terms were not stated in the materials reviewed,https://doi.org/10.1111/j.1364-3703.2009.00580.x,Source permission required for accession-level sharing,Grain mold,Selected sorghum lines and floral tissues,Mechanistic protein-expression experiment used for biological context,Measurements unique to this source within the reviewed literature,Citation and biological context,Biological context
prom_pr_mexico_seed_mycoflora_2018,Mycoflora Analysis and Other Measured Parameters of Sorghum Seeds Collected from Puerto Rico and Mexico,Mycoflora Analysis and Other Measured Parameters of Sorghum Seeds Collected from Puerto Rico and Mexico (2018),10.3923/ppj.2018.80.86,https://doi.org/10.3923/ppj.2018.80.86,,main article tables,,Reuse terms were not stated in the materials reviewed,https://doi.org/10.3923/ppj.2018.80.86,Source permission required for accession-level sharing,Grain mold seed mycoflora,Sorghum seed samples from Puerto Rico and Mexico,Study-level fungal-isolation and seed-quality results for candidate lines and seed samples,Measurements unique to this source within the reviewed literature,Citation and biological context,Citation and biological context
prom_ql3_is18760_anthracnose_inheritance_2021,The inheritance of anthracnose (Colletotrichum sublineola) resistance in sorghum differential lines QL3 and IS18760,Cuevas HE et al. Scientific Reports 11 (2021): 20525.,10.1038/s41598-021-99994-3,https://doi.org/10.1038/s41598-021-99994-3,https://pmc.ncbi.nlm.nih.gov/articles/PMC8519964/,41598_2021_99994_MOESM4_ESM.xlsx,2026-07-14,Creative Commons Attribution 4.0,https://doi.org/10.1038/s41598-021-99994-3,Derived results may be shared under the stated terms,Anthracnose,Common susceptible parent: 2; Is18760 parent: 2; Ql3 parent: 2; Recombinant inbred line is18760 x pi609251: 127; Recombinant inbred line is18760 x pi609251 pathotype subset: 21; Recombinant inbred line ql3 x pi609251: 96; Recombinant inbred line ql3 x pi609251 pathotype subset: 22,The complete public table contains 1046 reported observations for accessions or lines; missing values are retained as reported.,Distinct measurements,Full quantitative data,Quantitative disease-response evidence
prom_rna_seq_anthracnose_2021,RNA-Sequencing in Resistant (QL3) and Susceptible (Theis) Sorghum Cultivars Inoculated With Johnsongrass Isolates of Colletotrichum sublineola,RNA-Sequencing in Resistant (QL3) and Susceptible (Theis) Sorghum Cultivars Inoculated With Johnsongrass Isolates of Colletotrichum sublineola (2021),10.3389/fgene.2021.722519,https://doi.org/10.3389/fgene.2021.722519,,article and sequence data,,Creative Commons Attribution 4.0,https://doi.org/10.3389/fgene.2021.722519,Derived results may be shared under the stated terms,Anthracnose,QL3 and Theis,Mechanistic transcriptomic study used for biological context,Measurements unique to this source within the reviewed literature,Citation and biological context,Biological context
prom_sap_anthracnose_2018,Genome-Wide Association Mapping of Anthracnose Resistance in the U.S. Sorghum Association Panel,Genome-Wide Association Mapping of Anthracnose Resistance in the U.S. Sorghum Association Panel (2018),10.3835/plantgenome2017.11.0099,https://acsess.onlinelibrary.wiley.com/doi/10.3835/plantgenome2017.11.0099,https://acsess.onlinelibrary.wiley.com/action/downloadSupplement?doi=10.3835%2Fplantgenome2017.11.0099&file=tpg2plantgenome2017110099-sup-0001.xlsx,tpg2plantgenome2017110099-sup-0001.xlsx,,Reuse terms were not stated in the materials reviewed,https://acsess.onlinelibrary.wiley.com/doi/10.3835/plantgenome2017.11.0099,Source permission required for accession-level sharing,Anthracnose,335 SAP accessions,"The publisher page listed an accession-level supplement, but the file response was HTML on 14 July 2026",Measurements unique to this source within the reviewed literature,Citation and biological context,Citation and biological context
prom_sap_fungal_diversity_2021,Diversity and frequency of fungal genera from sorghum lines inoculated with Alternaria alternata alone and in combination with Curvularia lunata and Fusarium thapsinum in a field infected with anthracnose,Diversity and frequency of fungal genera from sorghum lines inoculated with Alternaria alternata alone and in combination with Curvularia lunata and Fusarium thapsinum in a field infected with anthracnose (2021),10.33495/jacr_v9i11.21.166,https://doi.org/10.33495/jacr_v9i11.21.166,,main article tables,,Reuse terms were not stated in the materials reviewed,https://doi.org/10.33495/jacr_v9i11.21.166,Source permission required for accession-level sharing,Grain mold seed mycoflora; anthracnose,Inoculated sorghum lines,Study-level fungal-isolation and disease-response results for candidate lines,Measurements unique to this source within the reviewed literature,Citation and biological context,Citation and biological context
prom_sap_grain_mold_correlations_2021,"Correlations Among Grain Mold Severity, Seed Weight, and Germination Rate of Sorghum Association Panel Lines Inoculated With Alternaria alternata, Fusarium thapsinum, and Curvularia lunata","Correlations Among Grain Mold Severity, Seed Weight, and Germination Rate of Sorghum Association Panel Lines Inoculated With Alternaria alternata, Fusarium thapsinum, and Curvularia lunata (2021)",10.32861/jac.81.7.11,https://doi.org/10.32861/jac.81.7.11,,main article tables,,Reuse terms were not stated in the materials reviewed,https://doi.org/10.32861/jac.81.7.11,Source permission required for accession-level sharing,Grain mold,SAP lines from the Texas inoculation experiment,Derived correlations and repeated line means from the 2020 Texas study,Measurements also published elsewhere,Citation and biological context,Analysis of previously reported measurements
prom_sap_grain_mold_pr_2019,Genome-Wide Association Mapping of Grain Mold Resistance in the US Sorghum Association Panel,Genome-Wide Association Mapping of Grain Mold Resistance in the US Sorghum Association Panel (2019),10.3835/plantgenome2018.09.0070,https://acsess.onlinelibrary.wiley.com/doi/10.3835/plantgenome2018.09.0070,https://acsess.onlinelibrary.wiley.com/action/downloadSupplement?doi=10.3835%2Fplantgenome2018.09.0070&file=tpg2plantgenome2018090070-sup-0002.xlsx,tpg2plantgenome2018090070-sup-0002.xlsx,,Reuse terms were not stated in the materials reviewed,https://acsess.onlinelibrary.wiley.com/doi/10.3835/plantgenome2018.09.0070,Source permission required for accession-level sharing,Grain mold seed deterioration; emergence,"331 SAP accessions, four tropical environments","The publisher page lists an accession-level supplement; the 14 July 2026 request returned an access error",Measurements unique to this source within the reviewed literature,Citation and biological context,Citation and biological context
prom_sap_grain_mold_snp_reanalysis_2021,"SNPs that identify alleles with highest effect on grain mold ratings after inoculation with Alternaria alternata or with a mixture of Alternaria alternata, Fusarium thapsinum, and Curvularia lunata","SNPs that identify alleles with highest effect on grain mold ratings after inoculation with Alternaria alternata or with a mixture of Alternaria alternata, Fusarium thapsinum, and Curvularia lunata (2021)",10.33495/jacr_v9i3.21.117,https://www.ars.usda.gov/research/publications/publication/?seqNo115=381329,,main article tables,,Reuse terms were not stated in the materials reviewed,https://www.ars.usda.gov/research/publications/publication/?seqNo115=381329,Source permission required for accession-level sharing,Grain mold,SAP lines from the Texas inoculation experiment,Association reanalysis of the 2020 Texas accession-level grain-mold ratings,Measurements also published elsewhere,Citation and biological context,Analysis of previously reported measurements
prom_sap_grain_mold_texas_2020,Genome-wide association study of grain mold resistance in sorghum association panel as affected by Alternaria alone and a three-fungus mixture,Genome-wide association study of grain mold resistance in sorghum association panel as affected by Alternaria alone and a three-fungus mixture (2020),10.1007/s10658-020-02036-3,https://link.springer.com/article/10.1007/s10658-020-02036-3,https://static-content.springer.com/esm/art%3A10.1007%2Fs00122-026-05222-9/MediaObjects/122_2026_5222_MOESM1_ESM.xlsx,122_2026_5222_MOESM1_ESM.xlsx,2026-07-14,Reuse terms were not stated in the materials reviewed,https://link.springer.com/article/10.1007/s10658-020-02036-3,Source permission required for accession-level sharing,Grain mold inoculation,377 original lines; 306 accessions in public 2026 phenotype sheet,Accession-level original-study means publicly recovered via later supplement,Distinct measurements,Descriptive results,Quantitative disease-response evidence
prom_sap_head_smut_p5_p6_2021,Response of Sorghum Accessions against Newly Documented Pathotypes 5 and 6 of Head Smut Pathogen Sporisorium reilianum,Response of Sorghum Accessions against Newly Documented Pathotypes 5 and 6 of Head Smut Pathogen Sporisorium reilianum (2021),10.4236/ajps.2021.123028,https://www.scirp.org/journal/paperinformation?paperid=108141,https://www.scirp.org/pdf/ajps_2021033014214825.pdf,ajps_2021033014214825.pdf,2026-07-14,Creative Commons Attribution 4.0,https://www.scirp.org/journal/paperinformation?paperid=108141,Derived results may be shared under the stated terms,Head smut P5; Head smut P6,"29 SAP accessions in 2017 plus 38 in 2018; 67 unique, with recurring checks",Accession-level values public in main Tables 2-3,Distinct measurements,Full quantitative data,Quantitative disease-response evidence
prom_sap_seed_fungal_community_2020,"Sorghum Seed Fungal Community and Their Association with Grain Mold Severity, Seed Weight, and Germination Rate","Sorghum Seed Fungal Community and Their Association with Grain Mold Severity, Seed Weight, and Germination Rate (2020)",10.32861/jac.71.14.19,https://doi.org/10.32861/jac.71.14.19,,main article tables,,Reuse terms were not stated in the materials reviewed,https://doi.org/10.32861/jac.71.14.19,Source permission required for accession-level sharing,Grain mold seed mycoflora,Sorghum Association Panel lines,The reviewed materials provide summarized fungal-community and grain-mold results,Measurements unique to this source within the reviewed literature,Citation and biological context,Citation and biological context
prom_sap_texas_anthracnose_2019,GWAS analysis of sorghum association panel lines identifies SNPs associated with disease response to Texas isolates of Colletotrichum sublineola,GWAS analysis of sorghum association panel lines identifies SNPs associated with disease response to Texas isolates of Colletotrichum sublineola (2019),10.1007/s00122-019-03285-5,https://link.springer.com/article/10.1007/s00122-019-03285-5,https://static-content.springer.com/esm/art%3A10.1007%2Fs00122-019-03285-5/MediaObjects/122_2019_3285_MOESM1_ESM.xlsx,122_2019_3285_MOESM1_ESM.xlsx,2026-07-14,Reuse terms were not stated in the materials reviewed,https://link.springer.com/article/10.1007/s00122-019-03285-5,Source permission required for accession-level sharing,Anthracnose,376 source observations representing 349 unique PI labels; some PI values are duplicated,Public workbook available,Distinct measurements,Descriptive results,Quantitative disease-response evidence
prom_sc112_inheritance_mapping_2014,Inheritance and molecular mapping of anthracnose resistance genes present in sorghum line SC112-14,Inheritance and molecular mapping of anthracnose resistance genes present in sorghum line SC112-14 (2014),10.1007/s11032-014-0151-y,https://doi.org/10.1007/s11032-014-0151-y,,article and supplementary files,,Reuse terms were not stated in the materials reviewed,https://doi.org/10.1007/s11032-014-0151-y,Source permission required for accession-level sharing,Anthracnose,SC112-14 mapping population,Family- or line-level disease values described in the article were reviewed qualitatively,Measurements unique to this source within the reviewed literature,Citation and biological context,Citation and biological context
prom_sc112_prior_phenotype_merge_2020,SC112 study Supplementary Table S5 combined prior anthracnose phenotypes,SC112 study Supplementary Table S5 combined prior anthracnose phenotypes (2020),10.25387/g3.11794347,https://gsajournals.figshare.com/articles/journal_contribution/Supplemental_Material_for_Ahn_et_al_2020/11794347,https://ndownloader.figshare.com/files/21524745,Table S5.xlsx,2026-07-14,Creative Commons Attribution 4.0,https://gsajournals.figshare.com/articles/journal_contribution/Supplemental_Material_for_Ahn_et_al_2020/11794347,Derived results may be shared under the stated terms,Anthracnose,574 merged accessions,Public derivative table available,Measurements also published elsewhere,Citation and biological context,Analysis of previously reported measurements
prom_sc112_ril_anthracnose_2020,Genomic Dissection of Anthracnose Resistance Response in Sorghum Differential Line SC112-14,Genomic Dissection of Anthracnose Resistance Response in Sorghum Differential Line SC112-14 (2020),10.1534/g3.120.401121; 10.25387/g3.11794347,https://gsajournals.figshare.com/articles/journal_contribution/Supplemental_Material_for_Ahn_et_al_2020/11794347,https://ndownloader.figshare.com/files/21524739,Table S3_R1.xlsx,2026-07-14,Creative Commons Attribution 4.0,https://gsajournals.figshare.com/articles/journal_contribution/Supplemental_Material_for_Ahn_et_al_2020/11794347,Derived results may be shared under the stated terms,Anthracnose,114 unique RIL labels in Table S3; 31 RILs in main Table 5 pathotype subset,Public line-by-location table available,Distinct measurements,Full quantitative data,Quantitative disease-response evidence
prom_seed_mycoflora_pr_2006,"Seed Mycoflora for Grain Mold from Natural Infection in Sorghum Germplasm Grown at Isabela, Puerto Rico and their Association with Kernel Weight and Germination","Seed Mycoflora for Grain Mold from Natural Infection in Sorghum Germplasm Grown at Isabela, Puerto Rico and their Association with Kernel Weight and Germination (2006)",10.3923/ppj.2006.106.112,https://doi.org/10.3923/ppj.2006.106.112,,main article tables,,Reuse terms were not stated in the materials reviewed,https://doi.org/10.3923/ppj.2006.106.112,Source permission required for accession-level sharing,Grain mold seed mycoflora,Sorghum germplasm,"Accession-level mycoflora, kernel-weight, and germination values described in the article were reviewed qualitatively",Measurements unique to this source within the reviewed literature,Citation and biological context,Citation and biological context
prom_seed_quality_ml_2025,Seed quality drives grain yield in Ethiopian and Senegalese sorghum: Insights from machine learning,Seed quality drives grain yield in Ethiopian and Senegalese sorghum: Insights from machine learning (2025),10.1371/journal.pone.0329366,https://doi.org/10.1371/journal.pone.0329366,,article and supplementary files,,Reuse terms were not stated in the materials reviewed,https://doi.org/10.1371/journal.pone.0329366,Source permission required for accession-level sharing,Grain mold seed quality,Ethiopian and Senegalese source panels,Machine-learning reanalysis of previously reported disease phenotypes,Measurements unique to this source within the reviewed literature,Citation and biological context,Biological context
prom_senegal_8leaf_anthracnose_2021,Genome-wide association analysis for response of Senegalese sorghum accessions to Texas isolates of anthracnose,Genome-wide association analysis for response of Senegalese sorghum accessions to Texas isolates of anthracnose (2021),10.1002/tpg2.20097,https://acsess.onlinelibrary.wiley.com/doi/10.1002/tpg2.20097,https://acsess.onlinelibrary.wiley.com/action/downloadSupplement?doi=10.1002%2Ftpg2.20097&file=tpg220097-sup-0001.xlsx,tpg220097-sup-0001.xlsx,,Reuse terms were not stated in the materials reviewed,https://acsess.onlinelibrary.wiley.com/doi/10.1002/tpg2.20097,Source permission required for accession-level sharing,Anthracnose,163 reported accessions including checks,The publisher reports an accession-level supplement; the 14 July 2026 request returned an access error,Measurements unique to this source within the reviewed literature,Citation and biological context,Citation and biological context
prom_senegal_anthracnose_ml_2025,Candidate genes for anthracnose resistance in Senegalese sorghum: a machine learning-based exploration,Candidate genes for anthracnose resistance in Senegalese sorghum: a machine learning-based exploration (2025),10.1007/s10142-025-01797-6,https://link.springer.com/article/10.1007/s10142-025-01797-6,https://www.ebi.ac.uk/europepmc/webservices/rest/PMC12712112/supplementaryFiles,PMC12712112_SupplementaryFiles.zip,2026-07-14,Reuse terms were not stated in the materials reviewed,https://link.springer.com/article/10.1007/s10142-025-01797-6,Source permission required for accession-level sharing,Anthracnose,Senegal panel,Machine-learning model fitted to previously reported accession-level screens,Measurements also published elsewhere,Citation and biological context,Analysis of previously reported measurements
prom_senegal_disease_occurrence_2020,"The Occurrence and Distribution of Sorghum Diseases in Major Production Regions of Senegal, West Africa","The Occurrence and Distribution of Sorghum Diseases in Major Production Regions of Senegal, West Africa (2020)",10.3923/ppj.2021.1.10,https://doi.org/10.3923/ppj.2021.1.10,,main article tables,,Reuse terms were not stated in the materials reviewed,https://doi.org/10.3923/ppj.2021.1.10,Source permission required for accession-level sharing,Multiple sorghum diseases,Observations from individually identified production fields,Field-survey summaries provide regional disease context,Measurements unique to this source within the reviewed literature,Citation and biological context,Biological context
prom_senegal_disease_survey_2023,"A Survey of the Major Sorghum Production Regions for Foliar and Panicle Diseases during the 2022 Growing Season in Senegal, West Africa","A Survey of the Major Sorghum Production Regions for Foliar and Panicle Diseases during the 2022 Growing Season in Senegal, West Africa (2023)",10.4236/ajps.2023.148055,https://doi.org/10.4236/ajps.2023.148055,,main article tables,,Reuse terms were not stated in the materials reviewed,https://doi.org/10.4236/ajps.2023.148055,Source permission required for accession-level sharing,Multiple sorghum diseases,Observations from individually identified production fields,Field-survey summaries provide regional disease context,Measurements unique to this source within the reviewed literature,Citation and biological context,Biological context
prom_senegal_grain_mold_long_smut_2014,"Evaluation of Selected Sorghum Lines and Hybrids for Resistance to Grain Mold and Long Smut Fungi in Senegal, West Africa","Evaluation of Selected Sorghum Lines and Hybrids for Resistance to Grain Mold and Long Smut Fungi in Senegal, West Africa (2014)",10.1094/PHP-RS-13-0128,https://doi.org/10.1094/PHP-RS-13-0128,,main article tables,,Reuse terms were not stated in the materials reviewed,https://doi.org/10.1094/PHP-RS-13-0128,Source permission required for accession-level sharing,Grain mold; Long smut,Lines and hybrids,Line-level values described in the article were reviewed qualitatively,Measurements unique to this source within the reviewed literature,Citation and biological context,Citation and biological context
prom_senegal_head_smut_crops_2022,Response of Senegalese Sorghum Seedlings to Pathotype 5 of Sporisorium reilianum,Response of Senegalese Sorghum Seedlings to Pathotype 5 of Sporisorium reilianum (2022),10.3390/crops2020011,https://www.mdpi.com/2673-7655/2/2/11,,main article Table 1,,Creative Commons Attribution 4.0,https://www.mdpi.com/2673-7655/2/2/11,Derived results may be shared under the stated terms,Head smut seedling spot,36 Senegal accessions plus checks,Main Table 1 publishes accession-level spot appearance and timing values,Measurements also published elsewhere,Citation and biological context,Analysis of previously reported measurements
prom_senegal_seed_quality_2018,Population structure of the NPGS Senegalese sorghum collection and its evaluation to identify new disease resistant genes,Population structure of the NPGS Senegalese sorghum collection and its evaluation to identify new disease resistant genes (2018),10.1371/journal.pone.0191877,https://plos.figshare.com/articles/dataset/Population_structure_of_the_NPGS_Senegalese_sorghum_collection_and_its_evaluation_to_identify_new_disease_resistant_genes/5888377,https://ndownloader.figshare.com/files/10489147,S1 File.xlsx,2026-07-14,Creative Commons Zero 1.0,https://www.ebi.ac.uk/europepmc/webservices/rest/PMC5812598/fullTextXML,Derived results may be shared under the stated terms,Anthracnose; Grain mold seed quality,158 accessions reported; recovered table contains 157 unique PI labels,Public accession table available,Distinct measurements,Full quantitative data,Quantitative disease-response evidence
prom_senegal_seedling_head_smut_p5_2022,A Genome-Wide Association Study of Senegalese Sorghum Seedlings Responding to Pathotype 5 of Sporisorium reilianum,A Genome-Wide Association Study of Senegalese Sorghum Seedlings Responding to Pathotype 5 of Sporisorium reilianum (2022),10.3390/plants11212999,https://www.mdpi.com/2223-7747/11/21/2999,https://mdpi-res.com/d_attachment/plants/plants-11-02999/article_deploy/plants-11-02999-s001.zip,plants-11-02999-s001.zip::plants-1948040-supplementary.xlsx,2026-07-14,Creative Commons Attribution 4.0,https://www.mdpi.com/2223-7747/11/21/2999,Derived results may be shared under the stated terms,Head smut seedling spot,163 Senegal PI plus checks; workbook numbered items 1-167,Public plant-level workbook available,Measurements unique to this source within the reviewed literature,Descriptive results,Quantitative disease-response evidence
prom_six_line_fungal_isolation_2023,Frequency of Isolation of Four Fungal Species Colonizing Sorghum Grain Collected from Six Lines in an Anthracnose-Infected Field,Frequency of Isolation of Four Fungal Species Colonizing Sorghum Grain Collected from Six Lines in an Anthracnose-Infected Field (2023),10.32861/jac.91.137.140,https://doi.org/10.32861/jac.91.137.140,,main article tables,,Reuse terms were not stated in the materials reviewed,https://doi.org/10.32861/jac.91.137.140,Source permission required for accession-level sharing,Seed mycoflora,Six sorghum lines,Fungal-isolation study used for mycological context,Measurements unique to this source within the reviewed literature,Citation and biological context,Biological context
prom_sorghum_disease_methods_2023,"Inoculation and Screening Methods for Major Sorghum Diseases Caused by Fungal Pathogens: Claviceps africana, Colletotrichum sublineola, Sporisorium reilianum, Peronosclerospora sorghi and Macrophomina phaseolina","Inoculation and Screening Methods for Major Sorghum Diseases Caused by Fungal Pathogens: Claviceps africana, Colletotrichum sublineola, Sporisorium reilianum, Peronosclerospora sorghi and Macrophomina phaseolina (2023)",10.3390/plants12091906,https://doi.org/10.3390/plants12091906,,article,,Creative Commons Attribution 4.0,https://doi.org/10.3390/plants12091906,Derived results may be shared under the stated terms,Multiple sorghum diseases,Methods review,The review describes screening methods and cites the original studies for disease measurements.,Measurements unique to this source within the reviewed literature,Citation and biological context,Biological context
prom_sudan_anthracnose_2020,"Evaluation of genetic diversity, agronomic traits, and anthracnose resistance in the NPGS Sudan Sorghum Core collection","Evaluation of genetic diversity, agronomic traits, and anthracnose resistance in the NPGS Sudan Sorghum Core collection (2020)",10.1186/s12864-020-6489-0; 10.6084/m9.figshare.11759763,https://springernature.figshare.com/articles/dataset/Additional_file_1_of_Evaluation_of_genetic_diversity_agronomic_traits_and_anthracnose_resistance_in_the_NPGS_Sudan_Sorghum_Core_collection/11759763,https://ndownloader.figshare.com/files/21417012,12864_2020_6489_MOESM1_ESM.xlsx,2026-07-14,Creative Commons Attribution 4.0,https://springernature.figshare.com/articles/dataset/Additional_file_1_of_Evaluation_of_genetic_diversity_agronomic_traits_and_anthracnose_resistance_in_the_NPGS_Sudan_Sorghum_Core_collection/11759763,Derived results may be shared under the stated terms,Anthracnose,318 accessions,Public accession-by-environment table available,Distinct measurements,Full quantitative data,Quantitative disease-response evidence
prom_sudan_grain_mold_2024,The NPGS Sudanese sorghum core collection encloses novel grain mold resistant germplasm,The NPGS Sudanese sorghum core collection encloses novel grain mold resistant germplasm (2025),10.1007/s10722-024-02039-7,https://link.springer.com/article/10.1007/s10722-024-02039-7,https://static-content.springer.com/esm/art%3A10.1007%2Fs10722-024-02039-7/MediaObjects/10722_2024_2039_MOESM1_ESM.xlsx,10722_2024_2039_MOESM1_ESM.xlsx,2026-07-14,Creative Commons Attribution 4.0,https://link.springer.com/article/10.1007/s10722-024-02039-7,Derived results may be shared under the stated terms,Grain mold seed emergence; Seed deterioration,246 uniquely labeled PI accessions in Table S1,Public accession-level summary workbook available,Distinct measurements,Full quantitative data,Quantitative disease-response evidence
prom_sudan_grain_mold_sources_2009,New Sources of Grain Mold Resistance among Sorghum Accessions from Sudan,"Prom LK, Erpelding JE. Tropical and Subtropical Agroecosystems 10 (2009): 457-463.",URL:https://doaj.org/article/0631ad81de1a4ab1be92e1b87d8f5266,https://doaj.org/article/0631ad81de1a4ab1be92e1b87d8f5266,https://doaj.org/article/0631ad81de1a4ab1be92e1b87d8f5266,prom_sudan_grain_mold_sources_2009.pdf,2026-07-14,Reuse terms were not stated in the materials reviewed,https://doaj.org/article/0631ad81de1a4ab1be92e1b87d8f5266,Source permission required for accession-level sharing,Grain mold,Accession: 59; Resistant control: 2; Susceptible control: 2,The complete public table contains 252 reported observations for accessions or lines; missing values are retained as reported.,Distinct measurements,Full quantitative data,Quantitative disease-response evidence
prom_sudan_rust_2025,The NPGS Sudan sorghum germplasm collection reveals a novel cluster of R genes associated with rust resistant,The NPGS Sudan sorghum germplasm collection reveals a novel cluster of R genes associated with rust resistant (2025),10.1002/tpg2.70113,https://pmc.ncbi.nlm.nih.gov/articles/PMC12438027/,https://www.ebi.ac.uk/europepmc/webservices/rest/PMC12438027/supplementaryFiles,PMC12438027_SupplementaryFiles.zip::TPG2-18-e70113-s001.xlsx,2026-07-14,Creative Commons Attribution 4.0,https://pmc.ncbi.nlm.nih.gov/articles/PMC12438027/,Derived results may be shared under the stated terms,Rust,268 uniquely labeled PI accessions,Public accession-level mean/class workbook available,Distinct measurements,Full quantitative data,Quantitative disease-response evidence
prom_sweet_sorghum_biofuel_disease_2015,Tapping the US Sweet Sorghum Collection to Identify Biofuel Germplasm,"Cuevas HE, Prom LK, Erpelding JE. Sugar Tech. 2015;17:428-438.",10.1007/s12355-014-0349-7,https://www.ars.usda.gov/research/publications/publication/?seqNo115=307914,,main article and supplementary tables,,Reuse terms were not stated in the materials reviewed,https://doi.org/10.1007/s12355-014-0349-7,Source permission required for accession-level sharing,Anthracnose; rust,925 accessions in initial evaluation; official abstract reports a selected 56-accession subset plus 17 US references in a two-year replicated trial,"Official abstract reports disease responses for the study population",Measurements unique to this source within the reviewed literature,Citation and biological context,Citation and biological context
prom_texas_hybrid_weathering_fungi_2022,Comparing the effects of grain weathering and presence of fungal communities on waxy and non-waxy sorghum hybrids grown across Texas,Comparing the effects of grain weathering and presence of fungal communities on waxy and non-waxy sorghum hybrids grown across Texas (2022),10.1002/csc2.20795,https://doi.org/10.1002/csc2.20795,,main article and supporting data,,Reuse terms were not stated in the materials reviewed,https://doi.org/10.1002/csc2.20795,Source permission required for accession-level sharing,Grain weathering; Seed mycoflora,Waxy and non-waxy sorghum hybrids across Texas,Study-level weathering and fungal-community results by hybrid and environment,Measurements unique to this source within the reviewed literature,Citation and biological context,Citation and biological context
prom_three_line_anthracnose_inheritance_2018,"Inheritance of Resistance of Three Sorghum Lines to Pathotypes of Colletotrichum sublineola, Causal Agent of Anthracnose","Inheritance of Resistance of Three Sorghum Lines to Pathotypes of Colletotrichum sublineola, Causal Agent of Anthracnose (2018)",10.3923/ppj.2018.75.79,https://doi.org/10.3923/ppj.2018.75.79,,main article tables,,Reuse terms were not stated in the materials reviewed,https://doi.org/10.3923/ppj.2018.75.79,Source permission required for accession-level sharing,Anthracnose pathotype,Three sorghum lines,The reviewed materials provide summarized line-by-pathotype results,Measurements unique to this source within the reviewed literature,Citation and biological context,Citation and biological context
prom_uav_anthracnose_health_2018,Estimation of plant health in a sorghum field infected with anthracnose using a fixed-wing unmanned aerial system,Estimation of plant health in a sorghum field infected with anthracnose using a fixed-wing unmanned aerial system (2018),10.1080/15427528.2018.1535462,https://doi.org/10.1080/15427528.2018.1535462,,main article and any supporting data,,Reuse terms were not stated in the materials reviewed,https://doi.org/10.1080/15427528.2018.1535462,Source permission required for accession-level sharing,Anthracnose,Field plots and reported sorghum genotypes,Study-level disease-response and remote-sensing results by genotype or field plot,Measurements unique to this source within the reviewed literature,Citation and biological context,Citation and biological context
prom_uganda_downy_mildew_2019,New sources of sorghum resistant genotypes to downy mildew disease in Uganda,"Kumi F, Badji A, Mwila N, Odong T, Ochwo-Ssemakula M, Tusiime G, Gibson P, Biruma M, Prom KL, Cuevas HE, Agbahoungba S, Rubaihayo P. 2019. Biodiversitas 20:3391-3397. doi:10.13057/biodiv/d201136.",10.13057/biodiv/d201136,https://doi.org/10.13057/biodiv/d201136,https://smujo.id/biodiv/article/view/4429,prom_uganda_downy_mildew_2019.pdf,2026-07-14,Reuse terms were not stated in the materials reviewed,https://doi.org/10.13057/biodiv/d201136,Source permission required for accession-level sharing,Downy mildew,Introduced accession: 3; Resistant check with conflicting source identifiers: 1; Resistant check: 1; Ugandan genotype: 95,The complete public table contains 1000 reported observations for accessions or lines; missing values are retained as reported.,Distinct measurements,Full quantitative data,Quantitative disease-response evidence
prom_uganda_grain_mold_anthracnose_2011,Evaluation of the Ugandan sorghum accessions for grain mold and anthracnose resistance,Evaluation of the Ugandan sorghum accessions for grain mold and anthracnose resistance (2011),10.1016/j.cropro.2010.12.025,https://doi.org/10.1016/j.cropro.2010.12.025,,main article tables,,Reuse terms were not stated in the materials reviewed,https://doi.org/10.1016/j.cropro.2010.12.025,Source permission required for accession-level sharing,Grain mold; anthracnose,Ugandan accessions,Accession-level values described in the article were reviewed qualitatively,Measurements unique to this source within the reviewed literature,Citation and biological context,Citation and biological context
prom_us_lines_long_smut_2007,Assessing the vulnerability of selected sorghum lines from the United States of America to long smut disease,Assessing the vulnerability of selected sorghum lines from the United States of America to long smut disease (2007),10.1016/j.cropro.2007.03.011,https://doi.org/10.1016/j.cropro.2007.03.011,,main article tables,,Reuse terms were not stated in the materials reviewed,https://doi.org/10.1016/j.cropro.2007.03.011,Source permission required for accession-level sharing,Long smut,Selected US lines,Line-level values described in the article were reviewed qualitatively,Measurements unique to this source within the reviewed literature,Citation and biological context,Citation and biological context
prom_us_lines_long_smut_grain_mold_2018,Response of Sorghum Lines and Hybrids from the United States to Long Smut and Grain Mold,Prom LK et al. Journal of Agriculture and Crops 4(11) (2018): 152-156.,10.32861/jac.411.152.156,https://doi.org/10.32861/jac.411.152.156,https://doi.org/10.32861/jac.411.152.156,prom_us_lines_long_smut_grain_mold_2018.pdf,2026-07-14,Creative Commons Attribution 4.0,https://doi.org/10.32861/jac.411.152.156,Derived results may be shared under the stated terms,Grain mold; Long smut,Grain mold susceptible check: 1; Other line or hybrid: 29,The complete public table contains 60 reported observations for accessions or lines; missing values are retained as reported.,Distinct measurements,Full quantitative data,Quantitative disease-response evidence
prom_weather_anthracnose_genotypes_2015,The Impact of Weather Conditions on Response of Sorghum Genotypes to Anthracnose (Colletotrichum sublineola) Infection,Prom LK et al. American Journal of Experimental Agriculture 6(4) (2015): 242-250.,10.9734/AJEA/2015/14589,https://doi.org/10.9734/AJEA/2015/14589,https://doi.org/10.9734/AJEA/2015/14589,prom_weather_anthracnose_genotypes_2015.pdf,2026-07-14,Creative Commons Attribution 4.0,https://doi.org/10.9734/AJEA/2015/14589,Derived results may be shared under the stated terms,Anthracnose,Accession: 68; Resistant control: 1; Susceptible control: 1,The complete public table contains 140 reported observations for accessions or lines; missing values are retained as reported.,Distinct measurements,Full quantitative data,Quantitative disease-response evidence
prom_zimbabwe_anthracnose_2014,Assessments of genetic diversity and anthracnose disease response among Zimbabwe sorghum germplasm,Assessments of genetic diversity and anthracnose disease response among Zimbabwe sorghum germplasm (2014),10.1111/pbr.12133,https://doi.org/10.1111/pbr.12133,,main article tables,,Reuse terms were not stated in the materials reviewed,https://doi.org/10.1111/pbr.12133,Source permission required for accession-level sharing,Anthracnose,Zimbabwe germplasm,Accession-level values described in the article were reviewed qualitatively,Measurements unique to this source within the reviewed literature,Citation and biological context,Citation and biological context
prom_zimbabwe_rust_2012,Reaction to Rust by a Subset of Sorghum Accessions from Zimbabwe,"Cuevas HE, Prom LK, Magill C. Asian Journal of Plant Pathology 6(2) (2012): 33-40.",10.3923/ajppaj.2012.33.40,https://doi.org/10.3923/ajppaj.2012.33.40,https://doi.org/10.3923/ajppaj.2012.33.40,prom_zimbabwe_rust_2012.pdf,2026-07-14,Reuse terms were not stated in the materials reviewed,https://doi.org/10.3923/ajppaj.2012.33.40,Source permission required for accession-level sharing,Rust,Accession: 68,The complete public table contains 68 reported observations for accessions or lines; missing values are retained as reported.,Distinct measurements,Full quantitative data,Quantitative disease-response evidence
prom_zonate_leaf_spot_2021,"Incidence of Zonate Leaf Spot on Sorghum Accessions Under Disease-Conducive Growing Conditions Burleson County, Texas","Prom LK, Isakeit T. Journal of Agriculture and Crops 8(1) (2022): 35-38.",10.32861/jac.81.35.38,https://doi.org/10.32861/jac.81.35.38,https://doi.org/10.32861/jac.81.35.38,prom_zonate_leaf_spot_2021.pdf,2026-07-14,Creative Commons Attribution 4.0,https://doi.org/10.32861/jac.81.35.38,Derived results may be shared under the stated terms,Zonate leaf spot,Accession or line: 68,The complete public table contains 68 reported observations for accessions or lines; missing values are retained as reported.,Distinct measurements,Full quantitative data,Quantitative disease-response evidence
prom_zonate_rough_leaf_spot_2015,Reaction of Sorghum Lines to Zonate Leaf Spot and Rough Leaf Spot,Reaction of Sorghum Lines to Zonate Leaf Spot and Rough Leaf Spot (2015),10.1094/PHP-RS-15-0040,https://doi.org/10.1094/PHP-RS-15-0040,,main article tables,,Reuse terms were not stated in the materials reviewed,https://doi.org/10.1094/PHP-RS-15-0040,Source permission required for accession-level sharing,Zonate leaf spot; Rough leaf spot,Sorghum lines,Candidate lines identified from disease-response results,Measurements unique to this source within the reviewed literature,Citation and biological context,Citation and biological context
ref_adeyanju_stalk_rot_2015,Genome-Wide Association Study on Resistance to Stalk Rot Diseases in Grain Sorghum,Genome-Wide Association Study on Resistance to Stalk Rot Diseases in Grain Sorghum (2015),10.1534/g3.114.016394,https://pmc.ncbi.nlm.nih.gov/articles/PMC4478546/,https://www.ebi.ac.uk/europepmc/webservices/rest/PMC4478546/supplementaryFiles,PMC4478546_SupplementaryFiles.zip::supp_g3.114.016394_FileS2.csv,2026-07-14,Creative Commons Attribution 3.0,https://www.ebi.ac.uk/europepmc/webservices/rest/PMC4478546/fullTextXML,Derived results may be shared under the stated terms,Charcoal rot; Fusarium stalk rot,300 numeric source line identifiers,Public raw plot data and combined-environment least-square means recovered; numeric line identifiers remain separate from accession names,Distinct measurements,Descriptive results,Quantitative disease-response evidence
ref_aragaw_terefe_eastern_ethiopia_anthracnose_2024,Response of sorghum genotypes to anthracnose resistance under field conditions in eastern Ethiopia,Response of sorghum genotypes to anthracnose resistance under field conditions in eastern Ethiopia (2024),10.1371/journal.pone.0316016,https://journals.plos.org/plosone/article?id=10.1371/journal.pone.0316016,https://journals.plos.org/plosone/article/file?id=10.1371/journal.pone.0316016&type=manuscript,pone.0316016.xml,2026-07-14,Creative Commons Attribution 4.0,https://journals.plos.org/plosone/article?id=10.1371/journal.pone.0316016,Derived results may be shared under the stated terms,Anthracnose,49 genotypes,Complete public genotype-by-year main tables,Distinct measurements,Full quantitative data,Quantitative disease-response evidence
ref_aruna_population_breeding_grain_mold_2021,Development of Sorghum Genotypes for Improved Yield and Resistance to Grain Mold Using Population Breeding Approach,Aruna C et al. Frontiers in Plant Science. 2021;12:687332.,10.3389/fpls.2021.687332,https://doi.org/10.3389/fpls.2021.687332,https://doi.org/10.3389/fpls.2021.687332,ref_aruna_population_breeding_grain_mold_2021.pdf,2026-07-14,Creative Commons Attribution 4.0,https://doi.org/10.3389/fpls.2021.687332,Derived results may be shared under the stated terms,Grain mold,Grain mold resistant check: 1; Grain mold susceptible check: 1; Selected population breeding derivative: 33,The complete public table contains 70 reported observations for accessions or lines; missing values are retained as reported.,Distinct measurements,Full quantitative data,Quantitative disease-response evidence
ref_barbosa_brazil_downy_mildew_2004,Identification of Sources of Resistance in Sorghum to Peronosclerospora sorghi,"Barbosa FCR, Casela CR, Pfenning LH, Santos FG. Identification of sources of resistance in sorghum to Peronosclerospora sorghi. Fitopatologia Brasileira. 2005;30(5):522-524.",10.1590/S0100-41582005000500010,https://www.scielo.br/j/fb/a/twF3m7JSNJbFjFcXZVFRmBk/,https://www.scielo.br/j/fb/a/twF3m7JSNJbFjFcXZVFRmBk/,onegen_0166_identification_of_sources_of_resistance_in_sorghum_to_peronosclerospora_sorghi.pdf,2026-07-14,Reuse terms were not stated in the materials reviewed,https://www.scielo.br/j/fb/a/twF3m7JSNJbFjFcXZVFRmBk/,Source permission required for accession-level sharing,Downy mildew,Genotype with a duplicated printed label: 1; Screened genotype: 40,The complete public table contains 168 reported observations for accessions or lines; missing values are retained as reported.,Distinct measurements,Full quantitative data,Quantitative disease-response evidence
ref_beshir_sudan_leaf_blight_2015,Prevalence and severity of sorghum leaf blight in the sorghum growing areas of Central Sudan,"Beshir MM, Ahmed NE, Ali AM, Babiker IH, Rubaihayo P, Okori P. 2015. Wudpecker Journal of Agricultural Research 4(4):54-60.",URL:https://www.researchgate.net/publication/301285002_Prevalence_and_severity_of_sorghum_leaf_blight_in_the_sorghum_growing_areas_of_Central_Sudan,https://www.researchgate.net/publication/301285002_Prevalence_and_severity_of_sorghum_leaf_blight_in_the_sorghum_growing_areas_of_Central_Sudan,https://repository.ruforum.org/sites/default/files/Beshir%20et%20al_2015%20Wudpeker%20Journal.pdf,ref_beshir_sudan_leaf_blight_2015.pdf,2026-07-14,Reuse terms were not stated in the materials reviewed,https://www.researchgate.net/publication/301285002_Prevalence_and_severity_of_sorghum_leaf_blight_in_the_sorghum_growing_areas_of_Central_Sudan,Source permission required for accession-level sharing,Leaf blight,Farmer preferred variety: 11,The complete public table contains 22 reported observations for accessions or lines; missing values are retained as reported.,Distinct measurements,Full quantitative data,Quantitative disease-response evidence
ref_biruma_anthracnose_loci_2012,Two Loci in Sorghum with NB-LRR Encoding Genes Confer Resistance to Colletotrichum sublineolum,Two Loci in Sorghum with NB-LRR Encoding Genes Confer Resistance to Colletotrichum sublineolum (2012),10.1007/s00122-011-1764-8,https://link.springer.com/article/10.1007/s00122-011-1764-8,,main article and supplementary molecular data,,Reuse terms were not stated in the materials reviewed,https://link.springer.com/article/10.1007/s00122-011-1764-8,Source permission required for accession-level sharing,Anthracnose,Two contrasting sorghum genotypes followed by gene-silencing experiments,Mechanistic transcript-profiling and gene-silencing study used for biological context,Measurements unique to this source within the reviewed literature,Citation and biological context,Biological context
ref_buiate_brazil_anthracnose_2009,Avaliação da resistência de genótipos de sorgo ao agente causal da antracnose,"Buiate EAS. 2009. Avaliação da resistência de genótipos de sorgo ao agente causal da antracnose. MSc dissertation, Universidade Federal de Lavras, Lavras, Brazil. 67 p.",URL:https://repositorio.ufla.br/items/58707585-2c2b-48a8-9b1c-caaf6d0f85af,https://repositorio.ufla.br/items/58707585-2c2b-48a8-9b1c-caaf6d0f85af,https://repositorio.ufla.br/items/58707585-2c2b-48a8-9b1c-caaf6d0f85af,ref_buiate_brazil_anthracnose_2009.pdf,2026-07-14,Reuse terms were not stated in the materials reviewed,https://repositorio.ufla.br/items/58707585-2c2b-48a8-9b1c-caaf6d0f85af,Source permission required for accession-level sharing,Anthracnose,Commercial hybrid: 5; Experimental hybrid: 51; Forage hybrid: 7; Male sterile line: 26; Resistant check: 1; Restorer line: 59; Susceptible check: 1,The complete public table contains 3600 reported observations for accessions or lines; missing values are retained as reported.,Distinct measurements,Full quantitative data,Quantitative disease-response evidence
ref_costa_brazil_anthracnose_inheritance_2008,Controle genético da resistência do sorgo à antracnose foliar (Colletotrichum sublineolum),"Costa RV, Casela CR, Zambolim L, Santos FG dos, Ferreira AS. 2008. Comunicado Técnico 162. Embrapa Milho e Sorgo, Sete Lagoas. 11 p. ISSN 1679-0162.",URL:https://www.infoteca.cnptia.embrapa.br/handle/doc/491777,https://www.infoteca.cnptia.embrapa.br/handle/doc/491777,https://www.infoteca.cnptia.embrapa.br/handle/doc/491777,ref_costa_brazil_anthracnose_inheritance_2008.pdf,2026-07-14,Reuse terms were not stated in the materials reviewed,https://www.infoteca.cnptia.embrapa.br/handle/doc/491777,Source permission required for accession-level sharing,Anthracnose,Parent line in inheritance cross: 5,The complete public table contains 26 reported observations for accessions or lines; missing values are retained as reported.,Distinct measurements,Full quantitative data,Quantitative disease-response evidence
ref_diatta_senegal_hybrids_grain_mold_2019,Development of sorghum hybrids for stable yield and resistance to grain mold for the Center and South-East of Senegal,Diatta C et al. Crop Protection. 2019;119:197-207.,10.1016/j.cropro.2019.02.001,https://ugspace.ug.edu.gh/items/37f60f1e-5c91-4442-b342-e30e2bb723f2,https://ugspace.ug.edu.gh/items/37f60f1e-5c91-4442-b342-e30e2bb723f2,ref_diatta_senegal_hybrids_grain_mold_2019.pdf,2026-07-14,Reuse terms were not stated in the materials reviewed,https://ugspace.ug.edu.gh/items/37f60f1e-5c91-4442-b342-e30e2bb723f2,Source permission required for accession-level sharing,Grain mold,Parent check: 1; Test hybrid: 5,The complete public table contains 6 reported observations for accessions or lines; missing values are retained as reported.,Distinct measurements,Full quantitative data,Quantitative disease-response evidence
ref_erpelding_botswana_anthracnose_2011,Anthracnose Field Evaluation of Sorghum Germplasm from Botswana,Erpelding JE. Anthracnose field evaluation of sorghum germplasm from Botswana. Plant Protection Science. 2011;47(4):149-156.,10.17221/34/2010-PPS,https://doi.org/10.17221/34/2010-PPS,https://doi.org/10.17221/34/2010-PPS,erpelding_2011_botswana_anthracnose_10.17221_34_2010-PPS.pdf,2026-07-14,Creative Commons Attribution-NonCommercial 4.0,https://doi.org/10.17221/34/2010-PPS,Derived results may be shared for noncommercial use,Anthracnose,Accession: 154; Resistant control: 8; Susceptible control: 10,The complete public table contains 688 reported observations for accessions or lines; missing values are retained as reported.,Distinct measurements,Full quantitative data,Quantitative disease-response evidence
ref_erpelding_burundi_anthracnose_2010,Anthracnose disease response in the Burundi sorghum germplasm collection,Erpelding JE. Anthracnose disease response in the Burundi sorghum germplasm collection. Agriculture and Biology Journal of North America. 2010;1(6):1119-1125.,10.5251/abjna.2010.1.6.1119.1125,https://doi.org/10.5251/abjna.2010.1.6.1119.1125,https://doi.org/10.5251/abjna.2010.1.6.1119.1125,onegen_0022_anthracnose_disease_response_in_the_burundi_sorghum_germplasm_collection.pdf,2026-07-14,Reuse terms were not stated in the materials reviewed,https://doi.org/10.5251/abjna.2010.1.6.1119.1125,Source permission required for accession-level sharing,Anthracnose,Accession: 148; Resistant control: 5; Susceptible control: 7,The complete public table contains 640 reported observations for accessions or lines; missing values are retained as reported.,Distinct measurements,Full quantitative data,Quantitative disease-response evidence
ref_erpelding_mopti_anthracnose_2010,Field Assessment of Anthracnose Disease Response for the Sorghum Germplasm Collection from the Mopti Region,Erpelding JE. Field assessment of anthracnose disease response for the sorghum germplasm collection from the Mopti region. American Journal of Agricultural and Biological Sciences. 2010;5(3):363-369.,10.3844/ajabssp.2010.363.369,https://doi.org/10.3844/ajabssp.2010.363.369,https://doi.org/10.3844/ajabssp.2010.363.369,onegen_0119_field_assessment_of_anthracnose_disease_response_for_the_sorghum_germplasm_collection_from.pdf,2026-07-14,Reuse terms were not stated in the materials reviewed,https://doi.org/10.3844/ajabssp.2010.363.369,Source permission required for accession-level sharing,Anthracnose,Accession: 97,The complete public table contains 388 reported observations for accessions or lines; missing values are retained as reported.,Distinct measurements,Full quantitative data,Quantitative disease-response evidence
ref_erpelding_redlan_anthracnose_2007,Inheritance of Anthracnose Resistance for the Sorghum Cultivar Redlan,Erpelding JE. Inheritance of anthracnose resistance for the sorghum cultivar Redlan. Plant Pathology Journal. 2007;6(2):187-190.,10.3923/ppj.2007.187.190,https://scialert.net/fulltext/?doi=ppj.2007.187.190,https://scialert.net/fulltext/?doi=ppj.2007.187.190,onegen_0179.html,2026-07-14,Reuse terms were not stated in the materials reviewed,https://scialert.net/fulltext/?doi=ppj.2007.187.190,Source permission required for accession-level sharing,Anthracnose,Resistant parent: 1; Susceptible parent: 1,The complete public table contains 11 reported observations for accessions or lines; missing values are retained as reported.,Distinct measurements,Full quantitative data,Quantitative disease-response evidence
ref_erpelding_segou_mali_anthracnose_2012,Anthracnose resistance in sorghum germplasm from the Segou region of Mali,Erpelding JE. Journal of Crop Improvement. 2012;26:397-414.,10.1080/15427528.2011.650295,https://doi.org/10.1080/15427528.2011.650295,https://www.ingentaconnect.com/content/tandf/wcim20/2012/00000026/00000003/art00007/supp-data,supplementary accession table,,Reuse terms were not stated in the materials reviewed,https://doi.org/10.1080/15427528.2011.650295,Source permission required for accession-level sharing,Anthracnose,59 Segou-region Mali accessions,"The publisher listed an accession-level table, but the file request returned access denial on 14 July 2026",Measurements unique to this source within the reviewed literature,Citation and biological context,Citation and biological context
ref_erpelding_sikasso_mali_anthracnose_2008,Field Evaluation of Anthracnose Resistance for Sorghum Germplasm from the Sikasso Region of Mali,Erpelding JE. Field evaluation of anthracnose resistance for sorghum germplasm from the Sikasso region of Mali. The Open Agriculture Journal. 2008;2:113-120.,10.2174/1874331500802010113,https://doi.org/10.2174/1874331500802010113,https://doi.org/10.2174/1874331500802010113,erpelding_2008_sikasso_anthracnose_10.2174_1874331500802010113.pdf,2026-07-14,Creative Commons Attribution-NonCommercial 3.0,https://doi.org/10.2174/1874331500802010113,Derived results may be shared for noncommercial use,Anthracnose,Accession: 132; Non inoculated control: 1; Resistant control: 6; Susceptible control: 7,The complete public table contains 584 reported observations for accessions or lines; missing values are retained as reported.,Distinct measurements,Full quantitative data,Quantitative disease-response evidence
ref_gaffoor_pennsylvania_anthracnose_2021,Performance of novel sorghum germplasm in Pennsylvania and their response to anthracnose,"Gaffoor I, Sandoya GV, Xavier KV, Nuckles EM, Pinnamaneni SR, Vaillancourt LJ, Chopra S. Performance of novel sorghum germplasm in Pennsylvania and their response to anthracnose. Crop Science. 2021;61:2612-2627.",10.1002/csc2.20486,https://oar.icrisat.org/13037/,https://oar.icrisat.org/13037/,gaffoor_2021_pennsylvania_anthracnose_10.1002_csc2.20486.pdf,2026-07-14,Reuse terms were not stated in the materials reviewed,https://oar.icrisat.org/13037/,Source permission required for accession-level sharing,Anthracnose,Line selected for favorable disease response: 33; Resistant control: 1; Susceptible control: 1,The complete public table contains 490 reported observations for accessions or lines; missing values are retained as reported.,Distinct measurements,Full quantitative data,Quantitative disease-response evidence
ref_girma_ethiopian_head_smut_2019,A Large-Scale Genome-Wide Association Analyses of Ethiopian Sorghum Landrace Collection Reveal Loci Associated With Important Traits,A Large-Scale Genome-Wide Association Analyses of Ethiopian Sorghum Landrace Collection Reveal Loci Associated With Important Traits (2019),10.3389/fpls.2019.00691; 10.4231/PYQV-AT79,https://purr.purdue.edu/publications/3189/1,https://purr.purdue.edu/publications/3189/serve/1?render=archive,10_4231_PYQV-AT79.zip::10_4231_PYQV-AT79/bundle.zip::www/purr/app/site/publications/03189/02256/bp2bthe5jh/Girma et al_PhenotypeData.xlsx,2026-07-14,Creative Commons Attribution 3.0,https://purr.purdue.edu/publications/3189/1,Derived results may be shared under the stated terms,Head smut,1425 Ethiopian landrace accessions,Public PURR phenotype workbook recovered with accession-level 2015 and 2016 Arsi Negelle head-smut scores,Distinct measurements,Descriptive results,Quantitative disease-response evidence
ref_hess_mali_anthracnose_2002,"Pattern Analysis of Sorghum Genotype × Environment Interaction for Leaf, Panicle, and Grain Anthracnose in Mali","Hess DE, Bandyopadhyay R, Sissoko I. Pattern analysis of sorghum genotype × environment interaction for leaf, panicle, and grain anthracnose in Mali. Plant Disease. 2002;86(12):1374-1382.",10.1094/PDIS.2002.86.12.1374,https://oar.icrisat.org/5090/,https://oar.icrisat.org/5090/,onegen_0231_pattern_analysis_anthracnose_mali_icrisat.pdf,2026-07-14,Reuse terms were not stated in the materials reviewed,https://oar.icrisat.org/5090/,Source permission required for accession-level sharing,Anthracnose,Line: 19; Resistant check: 1; Susceptible check: 1,The complete public table contains 168 reported observations for accessions or lines; missing values are retained as reported.,Distinct measurements,Full quantitative data,Quantitative disease-response evidence
ref_khanal_illinois_anthracnose_2022,Genetic mapping of sorghum resistance to an Illinois isolate of Colletotrichum sublineola,Khanal R et al. The Plant Genome. 2022.,10.1002/tpg2.20243,https://doi.org/10.1002/tpg2.20243,https://acsess.onlinelibrary.wiley.com/action/downloadSupplement?doi=10.1002%2Ftpg2.20243&file=tpg220243-sup-0002-SupplementalFileS1.xlsx,,2026-07-14,Reuse terms were not stated in the materials reviewed,https://doi.org/10.1002/tpg2.20243,Source permission required for accession-level sharing,Anthracnose,579 temperate-adapted sorghum conversion lines,"Public Supplemental File S1 is described as 2019, 2020, and combined BLUPs",Distinct measurements,Citation and biological context,Citation and biological context
ref_koima_kenya_anthracnose_2023,Identification and Characterization of Colletotrichum Species Causing Sorghum Anthracnose in Kenya and Screening of Sorghum Germplasm for Resistance to Anthracnose,Identification and Characterization of Colletotrichum Species Causing Sorghum Anthracnose in Kenya and Screening of Sorghum Germplasm for Resistance to Anthracnose (2023),10.3390/jof9010100,https://www.mdpi.com/2309-608X/9/1/100,https://www.ebi.ac.uk/europepmc/webservices/rest/PMC9864066/fullTextXML,PMC9864066.xml,2026-07-14,Creative Commons Attribution 4.0,https://www.mdpi.com/2309-608X/9/1/100,Derived results may be shared under the stated terms,Anthracnose,14 genotypes,Complete public greenhouse and field main tables,Distinct measurements,Descriptive results,Quantitative disease-response evidence
ref_komolong_ergot_ovary_2003,Ovary colonization by Claviceps africana is related to ergot resistance in male-sterile sorghum lines,"Komolong B, Chakraborty S, Ryley M, Yates D. Ovary colonization by Claviceps africana is related to ergot resistance in male-sterile sorghum lines. Plant Pathology. 2003;52:620-627.",10.1046/j.1365-3059.2003.00886.x,https://era.dpi.qld.gov.au/id/eprint/10542/,https://era.dpi.qld.gov.au/id/eprint/10542/,onegen_0225_ovary_colonization_ergot_qld_repository.pdf,2026-07-14,Reuse terms were not stated in the materials reviewed,https://era.dpi.qld.gov.au/id/eprint/10542/,Source permission required for accession-level sharing,Ergot,Male sterile line previously ergot resistant: 3; Male sterile line previously most susceptible: 1,The complete public table contains 36 reported observations for accessions or lines; missing values are retained as reported.,Distinct measurements,Full quantitative data,Quantitative disease-response evidence
ref_kumar_icrisat_grain_mold_hybrids_2008,Improved sorghum hybrids with grain mold resistance,"Ashok Kumar A, Reddy BVS, Thakur RP, Ramaiah B. Journal of SAT Agricultural Research. 2008;6.",URL:https://oar.icrisat.org/2695/,https://oar.icrisat.org/2695/,https://oar.icrisat.org/2695/,ref_kumar_icrisat_grain_mold_hybrids_2008.pdf,2026-07-14,Reuse terms were not stated in the materials reviewed,https://oar.icrisat.org/2695/,Source permission required for accession-level sharing,Grain mold,B line parent: 5; Grain mold resistant landrace control: 1; Grain mold susceptible cultivar control: 1; High yielding b line control: 1; Popular hybrid control: 1; R line parent: 7; Test hybrid: 9,The complete public table contains 25 reported observations for accessions or lines; missing values are retained as reported.,Distinct measurements,Full quantitative data,Quantitative disease-response evidence
ref_mcmahan_conversion_panel_leaf_blight_2020,Conserved defense responses between maize and sorghum to Exserohilum turcicum,"Supplementary data file for Zhang et al. 2020, BMC Plant Biology 20:67. doi:10.1186/s12870-020-2275-z.",10.1186/s12870-020-2275-z,https://doi.org/10.1186/s12870-020-2275-z,https://doi.org/10.1186/s12870-020-2275-z,ref_mcmahan_conversion_panel_leaf_blight_2020_phenotypes.csv,2026-07-14,Creative Commons Zero 1.0,https://doi.org/10.1186/s12870-020-2275-z,Derived results may be shared under the stated terms,Leaf blight,Resistant check: 1; Susceptible check with conflicting source identifiers: 1; Sorghum conversion panel line: 694,The complete public table contains 2784 reported observations for accessions or lines; missing values are retained as reported.,Distinct measurements,Full quantitative data,Quantitative disease-response evidence
ref_mekonen_ethiopia_anthracnose_pathotypes_2024,Pathotype determination of sorghum anthracnose (Colletotrichum sublineola) isolates from Ethiopia using sorghum differentials,Pathotype determination of sorghum anthracnose (Colletotrichum sublineola) isolates from Ethiopia using sorghum differentials (2024),10.3389/fmicb.2024.1458450,https://www.frontiersin.org/journals/microbiology/articles/10.3389/fmicb.2024.1458450/full,https://www.frontiersin.org/journals/microbiology/articles/10.3389/fmicb.2024.1458450/xml/nlm,fmicb.2024.1458450.xml,2026-07-14,Creative Commons Attribution 4.0,https://www.frontiersin.org/journals/microbiology/articles/10.3389/fmicb.2024.1458450/full,Derived results may be shared under the stated terms,Anthracnose pathotype,25 genotypes by 25 isolates,Complete public genotype-by-isolate binary matrix and severity summaries,Distinct measurements,Descriptive results,Quantitative disease-response evidence
ref_mengistu_ethiopia_anthracnose_2021,Genome-wide association analysis of anthracnose resistance in sorghum,Genome-wide association analysis of anthracnose resistance in sorghum (2021),10.1371/journal.pone.0261461,https://journals.plos.org/plosone/article?id=10.1371/journal.pone.0261461,https://journals.plos.org/plosone/article/file?type=supplementary&id=info:doi/10.1371/journal.pone.0261461.s001,pone.0261461.s001.csv,2026-07-14,Creative Commons Attribution 4.0,https://journals.plos.org/plosone/article?id=10.1371/journal.pone.0261461,Derived results may be shared under the stated terms,Anthracnose,366 genotypes,Complete public genotype-level final severity and relative AUDPC table,Distinct measurements,Full quantitative data,Quantitative disease-response evidence
ref_moore_arkansas_anthracnose_pathotypes_2008,Pathotypes of Colletotrichum sublineolum in Arkansas,Pathotypes of Colletotrichum sublineolum in Arkansas (2008),10.1094/PDIS-92-10-1415,https://pubmed.ncbi.nlm.nih.gov/30769577/,,main article pathogenicity tables,,Reuse terms were not stated in the materials reviewed,https://pubmed.ncbi.nlm.nih.gov/30769577/,Source permission required for accession-level sharing,Anthracnose pathotype,98 isolates tested on eight differential sorghum lines; 87 isolates retained after excluding 11 with conflicting results,The article presents isolate-by-differential reactions; source permission governs reuse,Measurements unique to this source within the reviewed literature,Citation and biological context,Citation and biological context
ref_mpofu_grain_mold_fgs_2014,Ergosterol concentration and variability in genotype-by-pathogen interaction for grain mold resistance in sorghum,"Mpofu LT, McLaren NW. Planta. 2014;240:239-250.",10.1007/s00425-014-2081-7,https://doi.org/10.1007/s00425-014-2081-7,https://doi.org/10.1007/s00425-014-2081-7,ref_mpofu_grain_mold_fgs_2014.pdf,2026-07-14,Reuse terms were not stated in the materials reviewed,https://doi.org/10.1007/s00425-014-2081-7,Source permission required for accession-level sharing,Grain mold,Selected genotype for 2006 greenhouse experiment: 11,The complete public table contains 22 reported observations for accessions or lines; missing values are retained as reported.,Measurements unique to this source within the reviewed literature,Full quantitative data,Quantitative disease-response evidence
ref_nageshkumar_india_genetic_gain_grain_mold_2022,"India's rainfed sorghum improvement: Three decades of genetic gain assessment for yield, grain quality, grain mold and shoot fly resistance",Nagesh Kumar MV et al. Frontiers in Plant Science. 2022;13:1056040.,10.3389/fpls.2022.1056040,https://doi.org/10.3389/fpls.2022.1056040,https://doi.org/10.3389/fpls.2022.1056040,ref_nageshkumar_india_genetic_gain_grain_mold_2022.pdf,2026-07-14,Creative Commons Attribution 4.0,https://doi.org/10.3389/fpls.2022.1056040,Derived results may be shared under the stated terms,Grain mold,Aet i entry: 10; Aet ii entry: 6; Released national variety: 3; Released state level variety: 1; Released state variety: 4,The complete public table contains 96 reported observations for accessions or lines; missing values are retained as reported.,Distinct measurements,Full quantitative data,Quantitative disease-response evidence
ref_navi_elite_multiple_disease_2003,Evaluation of Elite Sorghum Accessions for Multiple Disease Resistance,"Navi SS, Bandyopadhyay R, Gopal Reddy V, Kameswara Rao N. 2003. International Sorghum and Millets Newsletter 44:115-118. ICRISAT-OAR:1455.",URL:https://oar.icrisat.org/1455/,https://oar.icrisat.org/1455/,https://oar.icrisat.org/1455/,ref_navi_elite_multiple_disease_2003.pdf,2026-07-14,Reuse terms were not stated in the materials reviewed,https://oar.icrisat.org/1455/,Source permission required for accession-level sharing,Multiple sorghum diseases,Elite landrace selected as disease free: 82,The complete public table contains 82 reported observations for accessions or lines; missing values are retained as reported.,Distinct measurements,Full quantitative data,Quantitative disease-response evidence
ref_prom_anthracnose_screening_method_2009,A Pictorial Technique for Mass Screening of Sorghum Germplasm for Anthracnose Resistance,A Pictorial Technique for Mass Screening of Sorghum Germplasm for Anthracnose Resistance (2009),10.2174/1874331500903010020,https://www.openagriculturejournal.com/VOLUME/3/PAGE/20/FULLTEXT/,https://www.openagriculturejournal.com/contents/volumes/V3/TOASJ-3-20/TOASJ-3-20.pdf,TOASJ-3-20.pdf,2026-07-14,Creative Commons Attribution-NonCommercial 3.0,https://www.openagriculturejournal.com/VOLUME/3/PAGE/20/FULLTEXT/,Derived results may be shared for noncommercial use,Anthracnose,320 greenhouse lines implied by the reported category counts,Aggregate resistant and susceptible counts only,Measurements unique to this source within the reviewed literature,Citation and biological context,Biological context
ref_radwan_downy_mildew_p6_2011,"Screening Exotic Sorghum Germplasm, Hybrids, and Elite Lines for Resistance to a New Virulent Pathotype P6 of Peronosclerospora sorghi","Screening Exotic Sorghum Germplasm, Hybrids, and Elite Lines for Resistance to a New Virulent Pathotype P6 of Peronosclerospora sorghi (2011)",10.1094/PHP-2011-0323-01-RS,https://apsjournals.apsnet.org/doi/10.1094/PHP-2011-0323-01-RS,,article,,Reuse terms were not stated in the materials reviewed,https://apsjournals.apsnet.org/doi/10.1094/PHP-2011-0323-01-RS,Source permission required for accession-level sharing,Downy mildew,333 total with aggregate subgroup counts,Aggregate counts and selected resistant names only,Measurements unique to this source within the reviewed literature,Citation and biological context,Biological context
ref_sabbavarapu_foliar_qtl_2010,Identification of Quantitative Trait Loci Associated with Resistance to Foliar Diseases in Sorghum [Sorghum bicolor (L.) Moench],Identification of Quantitative Trait Loci Associated with Resistance to Foliar Diseases in Sorghum [Sorghum bicolor (L.) Moench] (2010),10.1007/s10681-010-0224-x,https://link.springer.com/article/10.1007/s10681-010-0224-x,,main article and any supplementary phenotype tables,,Reuse terms were not stated in the materials reviewed,https://link.springer.com/article/10.1007/s10681-010-0224-x,Source permission required for accession-level sharing,Anthracnose; rust; Zonate leaf spot; Drechslera leaf blight; Target leaf spot,"168 F7 recombinant inbred lines from 296B × IS18551 plus parents, evaluated in two environments",The reviewed materials provide QTL results and summarized disease responses,Measurements unique to this source within the reviewed literature,Citation and biological context,Citation and biological context
ref_sharma_minicore_foliar_diseases_2012,Resistance to Foliar Diseases in a Mini-Core Collection of Sorghum Germplasm,Resistance to Foliar Diseases in a Mini-Core Collection of Sorghum Germplasm (2012),10.1094/PDIS-10-11-0875-RE,https://apsjournals.apsnet.org/doi/10.1094/PDIS-10-11-0875-RE,https://static-content.springer.com/esm/art%3A10.1007%2Fs00122-013-2081-1/MediaObjects/122_2013_2081_MOESM1_ESM.xlsx,122_2013_2081_MOESM1_ESM.xlsx,2026-07-14,Reuse terms were not stated in the materials reviewed,https://link.springer.com/article/10.1007/s00122-013-2081-1,Source permission required for accession-level sharing,Anthracnose; Leaf blight; rust,Paper reports 242 mini-core accessions; the supplementary workbook contains 243 unique IS labels; article Table 2 contains 38 accessions selected for resistance to at least one disease,Complete 2009 and 2010 anthracnose values are publicly available through the 2013 supplementary workbook; the 2012 article Table 2 reports 2009 and 2010 anthracnose and leaf-blight means plus greenhouse rust percentage for a resistance-selected 38-accession subset,Distinct measurements,Descriptive results,Quantitative disease-response evidence
ref_sharma_minicore_grain_mold_downy_mildew_2010,Resistance to Grain Mold and Downy Mildew in a Mini-Core Collection of Sorghum Germplasm,Resistance to Grain Mold and Downy Mildew in a Mini-Core Collection of Sorghum Germplasm (2010),10.1094/PDIS-94-4-0439,https://apsjournals.apsnet.org/doi/10.1094/PDIS-94-4-0439,https://oar.icrisat.org/2263/1/PlantDiseses94_4_439-444_2010.pdf,PlantDiseses94_4_439-444_2010.pdf,2026-07-14,Reuse terms were not stated in the materials reviewed,https://apsjournals.apsnet.org/doi/10.1094/PDIS-94-4-0439,Source permission required for accession-level sharing,Grain mold; Downy mildew,140 grain-mold and 242 downy-mildew accessions,The paper provides resistant accession subsets,Measurements unique to this source within the reviewed literature,Citation and biological context,Biological context
ref_taye_ethiopia_grain_mold_2022,Evaluation of sorghum genotypes for resistance to grain molds and associated mycotoxins in Ethiopia,Taye W et al. 2022. DOI 10.1163/22238980-bja10050.,10.1163/22238980-bja10050,https://doi.org/10.1163/22238980-bja10050,,author-posted article tables,,Reuse terms were not stated in the materials reviewed,https://doi.org/10.1163/22238980-bja10050,Source permission required for accession-level sharing,Grain mold; mycotoxin,20 named genotypes reported across two locations and two years,An author-posted copy contains genotype-level mold and mycotoxin values,Measurements unique to this source within the reviewed literature,Citation and biological context,Citation and biological context
ref_tesema_ethiopia_leaf_blight_2022,Response of sorghum genotypes for turcicum leaf blight and agronomic performances in southern Ethiopia,"Tesema ML, Mengesha GG, Dojamo TS, Takiso SM. Response of sorghum genotypes for turcicum leaf blight [Exserohilum turcicum (Pass.) Leonard and Suggs] and agronomic performances in southern Ethiopia. International Journal of Science and Research Archive. 2022;5(2):77-95.",10.30574/ijsra.2022.5.2.0062,https://doi.org/10.30574/ijsra.2022.5.2.0062,https://doi.org/10.30574/ijsra.2022.5.2.0062,tesema_2022_turcicum_leaf_blight_10.30574_ijsra.2022.5.2.0062.pdf,2026-07-14,Creative Commons Attribution 4.0,https://doi.org/10.30574/ijsra.2022.5.2.0062,Derived results may be shared under the stated terms,Leaf blight,Screened genotype: 14; Susceptible check: 1,The complete public table contains 252 reported observations for accessions or lines; missing values are retained as reported.,Distinct measurements,Full quantitative data,Quantitative disease-response evidence
ref_tesso_fusarium_stalk_rot_2009,An improved method for screening Fusarium stalk rot resistance in grain sorghum (Sorghum bicolor (L.) Moench.),"Tesso T, Ochanda N, Claflin L, Tuinstra M. 2009. African Journal of Plant Science 3(11):254-262. doi:10.5897/AJPS.9000014.",10.5897/AJPS.9000014,https://doi.org/10.5897/AJPS.9000014,https://doi.org/10.5897/AJPS.9000014,ref_tesso_fusarium_stalk_rot_2009.pdf,2026-07-14,Reuse terms were not stated in the materials reviewed,https://doi.org/10.5897/AJPS.9000014,Source permission required for accession-level sharing,Fusarium stalk rot,Caudatum: 9; Cultivar: 9; Dura: 5; Dura bicolor: 1; Guinea: 1; Guinea bicolor: 2; Guinea kafir: 1; Inbred line: 20; Kafir: 1; Kafir caudatum: 1; Protocol development hybrid: 10; Resistant hybrid: 1; Additional sorghum lines: 9; Susceptible hybrid: 1,The complete public table contains 358 reported observations for accessions or lines; missing values are retained as reported.,Distinct measurements,Full quantitative data,Quantitative disease-response evidence
ref_thakur_indian_anthracnose_populations_1998,"Pathogenic and Genetic Characterization of Six Indian Populations of Colletotrichum sublineolum, the Causal Agent of Sorghum Anthracnose","Pathogenic and Genetic Characterization of Six Indian Populations of Colletotrichum sublineolum, the Causal Agent of Sorghum Anthracnose (1998)",ICRISAT-OAR:1722,https://oar.icrisat.org/1722/,https://oar.icrisat.org/1722/1/Indian_Phyto51%284%29338-348_1998.pdf,Indian_Phyto51(4)338-348_1998.pdf,2026-07-14,Reuse terms were not stated in the materials reviewed,https://oar.icrisat.org/1722/,Source permission required for accession-level sharing,Anthracnose pathotype,"15 differential lines across six field locations; 16 lines, including resistant check A 2267-2, challenged with six isolates in the greenhouse","Public official-repository PDF contains complete field reaction/severity values in Table 3, greenhouse reaction/severity in Table 4, greenhouse latent period in Table 5, derived virulence index in Table 6, and six-line putative pathotype calls in Table 7",Distinct measurements,Descriptive results,Quantitative disease-response evidence
ref_tomar_kansas_grain_mold_controls_2016,In vitro and field based evaluation for grain mold resistance and its impact on quality traits in sorghum [Sorghum bicolor (L.) Moench],Tomar SS. Kansas State University thesis. 2016.,URL:https://hdl.handle.net/2097/32638,https://hdl.handle.net/2097/32638,http://hdl.handle.net/2097/32638,ref_tomar_kansas_grain_mold_controls_2016.pdf,2026-07-14,Reuse terms were not stated in the materials reviewed,https://hdl.handle.net/2097/32638,Source permission required for accession-level sharing,Grain mold,Moderately resistant or susceptible check: 3; Resistant check: 2; Susceptible check: 3,The complete public table contains 96 reported observations for accessions or lines; missing values are retained as reported.,Distinct measurements,Full quantitative data,Quantitative disease-response evidence
ref_upadhyaya_minicore_anthracnose_2013,Identification of Genetic Markers Linked to Anthracnose Resistance in Sorghum Using Association Analysis,Identification of Genetic Markers Linked to Anthracnose Resistance in Sorghum Using Association Analysis (2013),10.1007/s00122-013-2081-1,https://link.springer.com/article/10.1007/s00122-013-2081-1,https://static-content.springer.com/esm/art%3A10.1007%2Fs00122-013-2081-1/MediaObjects/122_2013_2081_MOESM1_ESM.xlsx,122_2013_2081_MOESM1_ESM.xlsx,2026-07-14,Reuse terms were not stated in the materials reviewed,https://link.springer.com/article/10.1007/s00122-013-2081-1,Source permission required for accession-level sharing,Anthracnose,Article reports 242 mini-core accessions; Supplementary Table S1 contains 243 unique IS labels,Public Supplementary Table S1 contains complete numeric 2009 and 2010 anthracnose values; quantitative use is limited to anthracnose,Measurements also published elsewhere,Citation and biological context,Analysis of previously reported measurements
senegal_head_smut_pathotype5,Genome-Wide Association Analysis Uncovers Genes Associated with Resistance to Head Smut Pathotype 5 in Senegalese Sorghum Accessions,Genome-Wide Association Analysis Uncovers Genes Associated with Resistance to Head Smut Pathotype 5 in Senegalese Sorghum Accessions (2024),10.3390/plants13070977,https://www.mdpi.com/2223-7747/13/7/977,https://mdpi-res.com/d_attachment/plants/plants-13-00977/article_deploy/plants-13-00977-s001.zip,plants-13-00977-s001.zip::Supplementary Data S1.xlsx,2026-07-14,Creative Commons Attribution 4.0,https://www.mdpi.com/2223-7747/13/7/977,Derived results may be shared under the stated terms,Head smut P5,153 Senegal accessions in the phenotype workbook plus additional lines,Public experiment-level workbook available,Distinct measurements,Descriptive results,Quantitative disease-response evidence
senegal_seedling_anthracnose,A Genome-Wide Association Study of Senegalese Sorghum Seedlings Responding to Anthracnose,A Genome-Wide Association Study of Senegalese Sorghum Seedlings Responding to Anthracnose (2022),10.1038/s41598-022-16844-6,https://www.nature.com/articles/s41598-022-16844-6,https://static-content.springer.com/esm/art%3A10.1038%2Fs41598-022-16844-6/MediaObjects/41598_2022_16844_MOESM1_ESM.xlsx,41598_2022_16844_MOESM1_ESM.xlsx,2026-07-14,Creative Commons Attribution 4.0,https://www.nature.com/articles/s41598-022-16844-6,Derived results may be shared under the stated terms,Anthracnose,163 Senegalese accessions plus reported checks,Public accession-level repeated leaf-score workbook available,Distinct measurements,Full quantitative data,Quantitative disease-response evidence
sweet_sorghum_multilocation_anthracnose,"Genetic diversity, population structure and anthracnose resistance response in a novel sweet sorghum diversity panel","Genetic diversity, population structure and anthracnose resistance response in a novel sweet sorghum diversity panel (2023)",10.3389/fpls.2023.1249555,https://frontiersin.figshare.com/articles/dataset/Table_1_Genetic_diversity_population_structure_and_anthracnose_resistance_response_in_a_novel_sweet_sorghum_diversity_panel_xlsx/24407401,https://ndownloader.figshare.com/files/42807598,"Table_1_Genetic diversity, population structure and anthracnose resistance response in a novel sweet sorghum diversity panel.xlsx",2026-07-14,Creative Commons Attribution 4.0,https://frontiersin.figshare.com/articles/dataset/Table_1_Genetic_diversity_population_structure_and_anthracnose_resistance_response_in_a_novel_sweet_sorghum_diversity_panel_xlsx/24407401,Derived results may be shared under the stated terms,Anthracnose,272 PI accessions,Public accession-by-location/year workbook available,Distinct measurements,Full quantitative data,Quantitative disease-response evidence
