Source identifier,Date located,Title,Citation,DOI or repository identifier,Publication or repository page,Source file URL,Published file name,Date accessed,Source file SHA-256,Published rights or license terms,Location of rights or license terms,Reuse permitted by published terms,Disease or diseases,Germplasm detail,Phenotype detail,Assay or field context,Relationship to measurements in other reports,Scientific use,Starting publication identifiers,Starting publication titles,Citation-tracing depth,Matching source identifiers
onegen_0001,2026-07-14,"(2022, April 25). Diagnosis and Management of Sorghum Diseases. Available online: https://ccag.tamu.edu/wp-content/uploads/sites/10/2020/12/2010_SORGHUM_DISEASES.pdf.","(2022, April 25). Diagnosis and Management of Sorghum Diseases. Available online: https://ccag.tamu.edu/wp-content/uploads/sites/10/2020/12/2010_SORGHUM_DISEASES.pdf.",,,,,2026-07-14,,,,,,,,,,Literature context,prombib_128,A Genome-Wide Association Study of Senegalese Sorghum Seedlings Responding to Pathotype 5 of Sporisorium reilianum.,1,
onegen_0002,2026-07-14,"A Genome-Wide Association Study of Nigerien and Senegalese Sorghum Germplasm of Exserohilum turcicum, the Causal Agent of Leaf Blight","A Genome-Wide Association Study of Nigerien and Senegalese Sorghum Germplasm of Exserohilum turcicum, the Causal Agent of Leaf Blight (2023)",10.3390/plants12234010; 10.15482/USDA.ADC/25843822.v1,https://agdatacommons.nal.usda.gov/articles/dataset/25843822,https://ndownloader.figshare.com/files/46382200,Prom_GWAS_Leaf_Blight_2022.csv,2026-07-14,11db868ef72afd815e1b9757ab0e9e63d0334c4b48a9a1612183b167e590af7b,Public domain,Https://agdatacommons.nal.usda.gov/articles/dataset/25843822,Reuse permitted under the published terms,Leaf blight,120 lines and associated checks,Leaf-blight response measurements for Nigerien and Senegalese sorghum germplasm,The source records missing values for some leaf-blight measurements.,Original leaf-blight experiment; the 2026 machine-learning paper reports the same measurements and is grouped with this study,Quantitative analysis of accession or line responses,prombib_158; prombib_169; prombib_174,Genome-wide association study of Nigerien and Senegalese sorghum genotypes for their response to downy mildew; Genomic analysis of resistance to Exserohilum turcicum in Nigerien and Senegalese sorghum using GWAS and machine learning; Unveiling the potential role of dhurrin in sorghum during infection by the head smut pathogen sporisorium reilianum f. sp. reilianum,1,panelB_wa_leafblight
onegen_0003,2026-07-14,A Genome-Wide Association Study of Senegalese Sorghum Seedlings Responding to Pathotype 5 of Sporisorium reilianum,A Genome-Wide Association Study of Senegalese Sorghum Seedlings Responding to Pathotype 5 of Sporisorium reilianum (2022),10.3390/plants11212999,https://www.mdpi.com/2223-7747/11/21/2999,https://mdpi-res.com/d_attachment/plants/plants-11-02999/article_deploy/plants-11-02999-s001.zip,plants-11-02999-s001.zip::plants-1948040-supplementary.xlsx,2026-07-14,c0c646ff4f95b9ea13d8cdb7279279ac80ed3c96e174ca26cfa43b93679cf190,Creative Commons Attribution 4.0,Https://www.mdpi.com/2223-7747/11/21/2999,Reuse permitted under the published terms,Head smut seedling spot,163 Senegal PI accessions and four checks,Head-smut symptom timing and response measurements for individual seedlings,,,Descriptive scientific context,prombib_128; prombib_142; prombib_145; prombib_146; prombib_157; prombib_169,"A Genome-Wide Association Study of Senegalese Sorghum Seedlings Responding to Pathotype 5 of Sporisorium reilianum.; Genome-wide association analysis uncovers genes associated with resistance to head smut pathotype 5 in senegalese sorghum accessions; Genome-wide association study of seed morphology traits in Senegalese sorghum cultivars; Inoculation and screening methods for major sorghum diseases caused by fungal pathogens: Claviceps africana, Colletotrichum sublineola, Sporisorium reilianum, Peronosclerospora sorghi and Macrophomina phaseolina; Multi-trait Genome-wide Association Studies of Sorghum bicolor regarding resistance to anthracnose, downy mildew, grain mold and head smut; Unveiling the potential role of dhurrin in sorghum during infection by the head smut pathogen sporisorium reilianum f. sp. reilianum",1,prom_senegal_seedling_head_smut_p5_2022
onegen_0004,2026-07-14,A greenhouse screening technique to assess rust resistance in sorghum∗,A greenhouse screening technique to assess rust resistance in sorghum∗,10.1080/09670879609371999,,,,2026-07-14,,,,,,,,,,Literature context,prombib_053,Reaction to Rust by a Subset of Sorghum Accessions from Zimbabwe,1,
onegen_0005,2026-07-14,A Pictorial Technique for Mass Screening of Sorghum Germplasm for Anthracnose ( Colletotrichum sublineolum ) Resistance,A Pictorial Technique for Mass Screening of Sorghum Germplasm for Anthracnose ( Colletotrichum sublineolum ) Resistance,,,,,2026-07-14,,,,,,,,,,Literature context,prombib_096,"Genome wide association analysis of sorghum mini core lines regarding anthracnose, downy mildew, and head smut",1,
onegen_0006,2026-07-14,A survey of anthracnose resistant sorghum germplasm lines to identify additional resistance genes,A survey of anthracnose resistant sorghum germplasm lines to identify additional resistance genes,,,,,2026-07-14,,,,,,,,,,Literature context,prombib_031,"Molecular mapping of Cg1, a gene for resistance to anthracnose (Colletotrichum sublineolum) in sorghum",1,
onegen_0007,2026-07-14,Accumulation of 3-deoxyanthocyanidin phytoalexins and resistance to Colletotrichum sublineolum in sorghum,Accumulation of 3-deoxyanthocyanidin phytoalexins and resistance to Colletotrichum sublineolum in sorghum,10.1006/pmpp.1999.0231,,,,2026-07-14,,,,,,,,,,Literature context,prombib_014; prombib_023; prombib_055; prombib_059; prombib_084; prombib_121,"Defense responses against the sorghum anthracnose pathogen in leaf blade and midrib tissue of johnsongrass and sorghum; Evaluation of Malian Sorghum Germplasm for Resistance Against Anthracnose; RNA-Sequencing in Resistant (QL3) and Susceptible (Theis) Sorghum Cultivars Inoculated With Johnsongrass Isolates of Colletotrichum sublineola.; Response of near isogenic sorghum lines, differing at the P locus for plant color, to grain mold and head smut fungi; Sorghum pathology and biotechnology - a fungal disease perspective: Part II. Anthracnose, stalk rot, and downy mildew; Variation for Anthracnose Resistance within the Sorghum Germplasm Collection from Mozambique, Africa",1,
onegen_0008,2026-07-14,Aggressiveness of Loose Kernel Smut Isolate from Johnson Grass on Sorghum Line BTx643,Aggressiveness of Loose Kernel Smut Isolate from Johnson Grass on Sorghum Line BTx643,,,,,2026-07-14,,,,,,,,,,Literature context,prombib_116,Diseases of Johnsongrass ( Sorghum halepense ): possible role as a reservoir of pathogens affecting other plants,1,
onegen_0009,2026-07-14,"Agrama HA, Houssin SF, Tarek MA (2002) Cloning of AFLP markers linked to resistance to Peronosclerospora sorghi in maize. Mol Genet Genomics 267:814–819. doi:10.1007/s00438-002-0713-2","Agrama HA, Houssin SF, Tarek MA (2002) Cloning of AFLP markers linked to resistance to Peronosclerospora sorghi in maize. Mol Genet Genomics 267:814–819. doi:10.1007/s00438-002-0713-2",10.1007/s00438-002-0713-2,,,,2026-07-14,,,,,,,,,,Literature context,prombib_031,"Molecular mapping of Cg1, a gene for resistance to anthracnose (Colletotrichum sublineolum) in sorghum",1,
onegen_0010,2026-07-14,"Ahn E, Fall C, Botkin J, Curtin S, Prom LK, Magill C. Inoculation and screening methods for major sorghum diseases caused by fungal pathogens: Claviceps africana, Colletotrichum sublineola, Sporisorium reilianum, Peronosclerospora sorghi and Macrophomina phaseolina. Plants. 2023;12:1906.","Inoculation and Screening Methods for Major Sorghum Diseases Caused by Fungal Pathogens: Claviceps africana, Colletotrichum sublineola, Sporisorium reilianum, Peronosclerospora sorghi and Macrophomina phaseolina (2023)",10.3390/plants12091906,https://doi.org/10.3390/plants12091906,,article,,,Creative Commons Attribution 4.0,Https://doi.org/10.3390/plants12091906,Reuse permitted under the published terms,Multiple sorghum diseases,Methods review,Disease measurements reported in the original source,,Methods review; the cited source studies report the original disease measurements,Literature context,prombib_162; prombib_167,A machine learning approach to genome-wide association mapping of disease resistance and geographic origin in sorghum; Seed quality drives grain yield in Ethiopian and Senegalese sorghum: Insights from machine learning,1,prom_sorghum_disease_methods_2023
onegen_0011,2026-07-14,"Ahn, E., Fan, F., Prom, L. K., Odvody, G. & Magill, C. The response of sorghum cultivars to mixtures of compatible and incompatible isolates and different conidia concentrations of Colletotrichum sublineola. Physiol. Mol. Plant Pathol. https://doi.org/10.1016/j.pmpp.2021.101690 (2021).",The response of sorghum cultivars to mixtures of compatible and incompatible isolates and different conidia concentrations of Colletotrichum sublineola (2021),10.1016/j.pmpp.2021.101690,https://doi.org/10.1016/j.pmpp.2021.101690,,main article tables,,,,Https://doi.org/10.1016/j.pmpp.2021.101690,,Anthracnose,Cultivar-by-isolate-mixture experiment,Disease-response values for candidate cultivars,,,Literature context,prombib_133; prombib_164,Candidate genes for anthracnose resistance in Senegalese sorghum: a machine learning-based exploration; Genome-wide association study of Senegalese sorghum seedlings responding to a Texas isolate of Colletotrichum sublineola.,1,prom_cultivar_isolate_anthracnose_2021
onegen_0012,2026-07-14,"Ahn, E., Hu, Z., Perumal, R., Prom, L. K., Odvody, G., Upadhyaya, H. D., & Magill, C. (2019). Genome wide association analysis of sorghum mini core lines regarding anthracnose, downy mildew, and head smut. PLoS One, 14, e0216671.","Ahn, E., Hu, Z., Perumal, R., Prom, L. K., Odvody, G., Upadhyaya, H. D., & Magill, C. (2019). Genome wide association analysis of sorghum mini core lines regarding anthracnose, downy mildew, and head smut. PLoS One, 14, e0216671.",,,,,2026-07-14,,,,,,,,,,Literature context,prombib_105,"Genome-wide association study of grain mold resistance in sorghum association panel as affected by inoculation with Alternaria alternata alone and Alternaria alternata, Fusarium thapsinum, and Curvularia lunata combined",1,
onegen_0013,2026-07-14,"Ahn, E., Prom, L.K., and Magill, C. (2023). Multi-trait genome-wide association studies of sorghum bicolor regarding resistance to anthracnose, downy mildew, grain mold and head smut. Pathogens, 12.","Multi-Trait Genome-Wide Association Studies of Sorghum bicolor Regarding Resistance to Anthracnose, Downy Mildew, Grain Mold and Head Smut (2023)",10.3390/pathogens12060779,https://pmc.ncbi.nlm.nih.gov/articles/PMC10302846/,https://mdpi-res.com/d_attachment/pathogens/pathogens-12-00779/article_deploy/pathogens-12-00779-s001.zip,pathogens-12-00779-s001.zip::pathogens-2386562-supplementary.xlsx,2026-07-14,db845c41186adaccf9b7d76b3dac6eb7eb89f9cb2a6f7d4d5c612f3e5abf546f,Creative Commons Attribution 4.0,Https://pmc.ncbi.nlm.nih.gov/articles/PMC10302846/,Reuse permitted under the published terms,Anthracnose; Downy mildew; Grain mold; Head smut,Combined prior panels,Public supplement reports derived PCA and combined values from the source measurements,,"Reuses Prom 2020 SAP grain mold, 2019 mini-core, Senegal anthracnose, and head-smut values",Literature context,prombib_137; prombib_158; prombib_164; prombib_165,"A genome-wide association study of Nigerien and Senegalese sorghum germplasms of Exserohilum turcicum, the causal agent of leaf blight; Candidate genes for anthracnose resistance in Senegalese sorghum: a machine learning-based exploration; Genome-wide association study of Nigerien and Senegalese sorghum genotypes for their response to downy mildew; Machine learning reveals complex genetics of fungal resistance in sorghum grain mold",1,prom_multitrait_reanalysis_2023
onegen_0014,2026-07-14,"Ahn E, Prom LK, Park S et al (2025) Machine learning reveals complex genetics of fungal resistance in sorghum grain mold. Heredity 134:485–499",Machine learning reveals complex genetics of fungal resistance in sorghum grain mold (2025),10.1038/s41437-025-00783-9,https://doi.org/10.1038/s41437-025-00783-9,,,,,,Https://doi.org/10.1038/s41437-025-00783-9,,Grain mold,306 SAP accessions,The disease measurements were first reported by the Prom 2020 study,,Reanalysis of Prom 2020 Texas SAP grain-mold experiment,Literature context,prombib_170,A haplotype-layered GWAS identifies a multi-trait grain mold resistance hub on sorghum chromosome 5,1,prom_grain_mold_ml_2025
onegen_0015,2026-07-14,An improved method for screening Fusarium stalk rot resistance in grain sorghum (Sorghum bicolor (L.) Moench.),"Tesso T, Ochanda N, Claflin L, Tuinstra M. African Journal of Plant Science. 2009;3(11):254-262.",10.5897/AJPS.9000014,https://www.academicjournals.org/article/article1380104152_Tesso%20et%20al.pdf,https://www.academicjournals.org/article/article1380104152_Tesso%20et%20al.pdf,onegen_0015.pdf,2026-07-14,9ce192d85a874fedded9667d0cfc6d8ff61f75bda9c62cf2ce94092873ca802e,Publisher copyright stated,Article PDF copyright line,Publisher permission governs redistribution,Fusarium stalk rot,59 named sorghum genotypes in the 2008 validation panel,Table 4 reports lesion length and nodes crossed for the named genotypes,"Manhattan, Kansas field screen; F. thapsinum; 1 x 10^5 conidia/ml; 35-day incubation",Distinct 2008 validation screen; the 2001-2002 protocol-development experiments are separate smaller cohorts in the same paper.,Descriptive scientific context,prombib_055,"Sorghum pathology and biotechnology - a fungal disease perspective: Part II. Anthracnose, stalk rot, and downy mildew",1,
onegen_0016,2026-07-14,Analysis of combining ability for ergot resistance in grain sorghum.,Analysis of combining ability for ergot resistance in grain sorghum.,10.2135/cropsci2002.1818,,,,2026-07-14,,,,,,,,,,Literature context,prombib_021; prombib_029,"Ergot Response for the Sorghum Genotype IS8525; Evaluation of Sorghum Germplasm from China against Claviceps africana , Causal Agent of Sorghum Ergot",1,
onegen_0017,2026-07-14,Analysis of gene expression profiles in response to Sporisorium reilianum f. sp. zeae in maize (Zea mays L.),Analysis of gene expression profiles in response to Sporisorium reilianum f. sp. zeae in maize (Zea mays L.),10.1016/j.ejbt.2014.07.006,,,,2026-07-14,,,,,,,,,,Literature context,prombib_116,Diseases of Johnsongrass ( Sorghum halepense ): possible role as a reservoir of pathogens affecting other plants,1,
onegen_0018,2026-07-14,Analysis of Resistance to Ergot in Sorghum and Potential Alternate Hosts,Analysis of Resistance to Ergot in Sorghum and Potential Alternate Hosts,10.2135/cropsci2002.1135,,,,2026-07-14,,,,,,,,,,Literature context,prombib_017; prombib_021; prombib_026; prombib_029,"Diversidad Genética de Aislamientos de Cornezuelo (Claviceps africana Frederickson, Mantle y de Milliano) de Sorgo [Sorghum bicolor (L.) Moench.] en México; Ergot Response for the Sorghum Genotype IS8525; Evaluation of Sorghum Germplasm from China against Claviceps africana , Causal Agent of Sorghum Ergot; Inoculation Techniques for Identifying Resistance in Sorghum Genotypes to Sorghum Ergot",1,
onegen_0019,2026-07-14,Analysis of Stalk Rot Resistance and Genetic Diversity among Drought Tolerant Sorghum Genotypes,Analysis of Stalk Rot Resistance and Genetic Diversity among Drought Tolerant Sorghum Genotypes,10.2135/cropsci2005.0645,,,,2026-07-14,,,,,,,,,,Literature context,prombib_055,"Sorghum pathology and biotechnology - a fungal disease perspective: Part II. Anthracnose, stalk rot, and downy mildew",1,
onegen_0020,2026-07-14,Anthracnose Disease Response for Photoperiod-Insensitive Ethiopian Germplasm from the U.S. Sorghum Collection,Anthracnose Disease Response for Photoperiod-Insensitive Ethiopian Germplasm from the U.S. Sorghum Collection,,,,,2026-07-14,,,,,,,,,,Literature context,prombib_061,Assessments of genetic diversity and anthracnose disease response among Zimbabwe sorghum germplasm.,1,
onegen_0021,2026-07-14,Anthracnose disease response for photoperiod‐insensitive Ethiopian germplasm from the US sorghum collection,Anthracnose disease response for photoperiod‐insensitive Ethiopian germplasm from the US sorghum collection,,,,,2026-07-14,,,,,,,,,,Literature context,prombib_061,Assessments of genetic diversity and anthracnose disease response among Zimbabwe sorghum germplasm.,1,
onegen_0022,2026-07-14,Anthracnose disease response in the Burundi sorghum germplasm collection,Erpelding JE. Anthracnose disease response in the Burundi sorghum germplasm collection. 2010.,10.5251/abjna.2010.1.6.1119.1125,https://doi.org/10.5251/abjna.2010.1.6.1119.1125,https://www.scihub.org/ABJNA/PDF/2010/6/ABJNA-1-6-1119-1125.pdf,onegen_0022_anthracnose_disease_response_in_the_burundi_sorghum_germplasm_collection.pdf,2026-07-14,27e04ab6a09148c7692fd29a21a38eca8a0b9948c9d49388ae3ec872d35cb437,Public full text available,Article PDF,,Anthracnose,148 named Burundi accessions plus named controls,accession-level anthracnose response table,Inoculated field evaluation,Distinct Burundi germplasm evaluation.,Descriptive scientific context,prombib_123,"Pathogenic variability of Colletotrichum sublineolum isolates on sorghum differentials under greenhouse conditions in Jimma, Ethiopia",1,
onegen_0023,2026-07-14,Anthracnose field evaluation of sorghum germplasm from Botswana,Erpelding JE. Plant Protection Science. 2011;47:149-156.,10.17221/34/2010-PPS,https://doi.org/10.17221/34/2010-PPS,https://pps.agriculturejournals.cz/pdfs/pps/2011/04/03.pdf,erpelding_2011_botswana_anthracnose_10.17221_34_2010-PPS.pdf,2026-07-14,a4524902ca469b56e3f120194f905ab894f9336d43cd5b34a0a5d3e090cec3f2,Creative Commons Attribution-NonCommercial 4.0,Https://pps.agriculturejournals.cz/artkey/pps-201104-0003_anthracnose-field-evaluation-of-sorghum-germplasm-from-botswana.php,Reuse permitted for noncommercial purposes,Anthracnose,154 named Botswana accessions plus named controls,Table 1 publishes 2007 and 2008 anthracnose ratings and severity percentages,"Inoculated Isabela, Puerto Rico field trials",The 2007 to 2008 Botswana evaluation generated its own disease-response measurements.,Descriptive scientific context,prombib_086; prombib_089; prombib_097; prombib_106; prombib_126; prombib_141,"Genetic diversity, population structure and anthracnose resistance response in a novel sweet sorghum diversity panel; Genome-wide association mapping of anthracnose (Collectotrichum sublineolun) resistance in the U.S. sorghum association panel; Genome-wide association mapping of anthracnose (Colletotrichum sublineolum) resistance in NPGS Ethiopian sorghum germplasm; Genomic dissection of anthracnose (Colletotrichum sublineolum) resistance response in sorghum differential line SC112-14; Population structure of the NPGS Senegalese sorghum collection and its evaluation to identify new disease resistant genes; The inheritance of anthracnose (Colletotrichum sublineola) resistance in sorghum differential lines QL3 and IS18760",1,
onegen_0024,2026-07-14,Anthracnose Resistance in Sorghum Breeding Lines Developed from Ethiopian Germplasm,Anthracnose Resistance in Sorghum Breeding Lines Developed from Ethiopian Germplasm,10.1094/php-2010-1123-02-rs,,,,2026-07-14,,,,,,,,,,Literature context,prombib_131,Evaluation of a subset of Ethiopia sorghum collection germplasm from the National Genetic Resources Program of the United States Department of Agriculture for anthracnose resistance,1,
onegen_0025,2026-07-14,Anthracnose Resistance in Sorghum Germplasm from the Segou Region of Mali,Anthracnose Resistance in Sorghum Germplasm from the Segou Region of Mali,10.1080/15427528.2011.650295,,,,2026-07-14,,,,,,,,,,Literature context,prombib_061; prombib_086; prombib_097; prombib_106; prombib_126,Assessments of genetic diversity and anthracnose disease response among Zimbabwe sorghum germplasm.; Genome-wide association mapping of anthracnose (Collectotrichum sublineolun) resistance in the U.S. sorghum association panel; Genome-wide association mapping of anthracnose (Colletotrichum sublineolum) resistance in NPGS Ethiopian sorghum germplasm; Genomic dissection of anthracnose (Colletotrichum sublineolum) resistance response in sorghum differential line SC112-14; The inheritance of anthracnose (Colletotrichum sublineola) resistance in sorghum differential lines QL3 and IS18760,1,
onegen_0026,2026-07-14,Antifungal proteins and grain mold resistance in sorghum with nonpigmented testa,Antifungal proteins and grain mold resistance in sorghum with nonpigmented testa,10.1021/jf9903814,,,,2026-07-14,,,,,,,,,,Literature context,prombib_011; prombib_047,"Response of eight sorghum cultivars inoculated with Fusarium thapsinum, Curvularia lunata, and a mixture of the two fungi; Sorghum pathology and biotechnology - a fungal disease perspective: Part I. Grain mold, head smut, and ergot",1,
onegen_0027,2026-07-14,"Aragaw G, Terefe H (2024) Response of sorghum genotypes to anthracnose (Colletotrichum sublineolum) resistance under field conditions in Eastern Ethiopia. PLoS One 19:e0316016",Response of sorghum genotypes to anthracnose resistance under field conditions in eastern Ethiopia (2024),10.1371/journal.pone.0316016,https://journals.plos.org/plosone/article?id=10.1371/journal.pone.0316016,https://journals.plos.org/plosone/article/file?id=10.1371/journal.pone.0316016&type=manuscript,pone.0316016.xml,2026-07-14,6b0c225c76a6a522d3650841d10f2de39507fd965923bee1faa46f9f67f876d9,Creative Commons Attribution 4.0,Https://journals.plos.org/plosone/article?id=10.1371/journal.pone.0316016,Reuse permitted under the published terms,Anthracnose,49 genotypes,Public genotype-by-year main tables,,Distinct Hirna 2017-2018 natural field experiment,Quantitative analysis of accession or line responses,prombib_164,Candidate genes for anthracnose resistance in Senegalese sorghum: a machine learning-based exploration,1,ref_aragaw_terefe_eastern_ethiopia_anthracnose_2024
onegen_0028,2026-07-14,"Aruna, C., Das, I.K., Reddy, P.S., Ghorade, R.B., Gulhane, A.R., Kalpande, V.V., Kajjidoni, S.T., Hanamaratti, N.G., Chattannavar, S.N., and Mehtre, S. (2021). Development of sorghum genotypes for improved yield and resistance to grain mold using population breeding approach. Front. Plant Sci., 12.",Aruna C et al. Frontiers in Plant Science. 2021;12:687332.,10.3389/fpls.2021.687332,https://doi.org/10.3389/fpls.2021.687332,https://www.frontiersin.org/journals/plant-science/articles/10.3389/fpls.2021.687332/pdf,aruna_2021_population_breeding_10.3389_fpls.2021.687332.pdf,2026-07-14,c67b120079d334a96db2b4f600cc32e1a3299cc1b1870e4a670306e4c303118c,Creative Commons Attribution 4.0,PDF copyright and license statement,Reuse permitted under the published terms,Grain mold,"33 breeding derivatives labeled G1 to G33, plus checks B58586 and 296B",Table 3 publishes across-location 2017 and 2018 grain mold scores for 35 study lines,Four Indian locations; the 2017 cohort was selected from 150 lines,Population-breeding experiment with study-specific G labels,Descriptive scientific context,prombib_150; prombib_170; prombib_171,"A haplotype-layered GWAS identifies a multi-trait grain mold resistance hub on sorghum chromosome 5; Agronomic traits of sorghum cultivars from the US and Senegal and their response to grain mold infection; Association and interrelationship among agronomic traits and fungal diseases of sorghum, anthracnose and grain mold",1,
onegen_0029,2026-07-14,"Ashok Kumar A, Reddy BV, Thakur R, Ramaiah B (2008) Improved sorghum hybrids with grain mold resistance. J SAT Agric Res 6:1–4","Ashok Kumar A, Reddy BV, Thakur R, Ramaiah B (2008) Improved sorghum hybrids with grain mold resistance. J SAT Agric Res 6:1–4",,,,,2026-07-14,,,,,,,,,,Literature context,prombib_165,Machine learning reveals complex genetics of fungal resistance in sorghum grain mold,1,
onegen_0030,2026-07-14,Assessing the vulnerability of selected sorghum lines from the United States of America to long smut (Sporisorium ehrenbergii Vánky) disease,Assessing the vulnerability of selected sorghum lines from the United States of America to long smut disease (2007),10.1016/j.cropro.2007.03.011,https://doi.org/10.1016/j.cropro.2007.03.011,,main article tables,,,,Https://doi.org/10.1016/j.cropro.2007.03.011,,Long smut,Selected US lines,Disease-response values for candidate lines,,,Literature context,prombib_064; prombib_090; prombib_109,"Evaluation of selected sorghum lines and hybrids for resistance to grain mold and long smut fungi in Senegal, West Africa; Response of sorghum lines and hybrids from the United States to long smut and grain mold; Response of the set of anthracnose differentials to other foliar and panicle diseases in Niger",1,prom_us_lines_long_smut_2007
onegen_0031,2026-07-14,Assessing the Vulnerability of Sorghum Converted Lines to Anthracnose and Downy Mildew Infection,Assessing the Vulnerability of Sorghum Converted Lines to Anthracnose and Downy Mildew Infection (2016),URL:https://econpapers.repec.org/article/arpjacarp/2016_3ap_3a101-106.htm,https://econpapers.repec.org/article/arpjacarp/2016_3ap_3a101-106.htm,,main article tables,,,,Https://econpapers.repec.org/article/arpjacarp/2016_3ap_3a101-106.htm,,Anthracnose; Downy mildew,Converted lines,Disease-response values for candidate lines,,Distinct measurements from this study,Literature context,prombib_086; prombib_097; prombib_126; prombib_141,"Genetic diversity, population structure and anthracnose resistance response in a novel sweet sorghum diversity panel; Genome-wide association mapping of anthracnose (Collectotrichum sublineolun) resistance in the U.S. sorghum association panel; Genome-wide association mapping of anthracnose (Colletotrichum sublineolum) resistance in NPGS Ethiopian sorghum germplasm; The inheritance of anthracnose (Colletotrichum sublineola) resistance in sorghum differential lines QL3 and IS18760",1,prom_converted_lines_anthracnose_downy_2016
onegen_0032,2026-07-14,Assessment of anthracnose resistance ( Colletotrichum graminicola ) in sorghum ( Sorghum bicolor ) germplasm under field conditions in Nigeria,Assessment of anthracnose resistance ( Colletotrichum graminicola ) in sorghum ( Sorghum bicolor ) germplasm under field conditions in Nigeria,10.1017/s002185960100185x,,,,2026-07-14,,,,,,,,,,Literature context,prombib_055; prombib_074,"Sorghum pathology and biotechnology - a fungal disease perspective: Part II. Anthracnose, stalk rot, and downy mildew; The impact of weather conditions on response of sorghum genotypes to anthracnose (Colletotrichum sublineola) infection",1,
onegen_0033,2026-07-14,"Assessment of Farmers’ Perceptions of Production Constraints, and Their Trait Preferences of Sorghum in Western ETHIOPIA: Implications for Anthracnose Resistance Breeding","Assessment of Farmers’ Perceptions of Production Constraints, and Their Trait Preferences of Sorghum in Western ETHIOPIA: Implications for Anthracnose Resistance Breeding",10.1080/09064710.2018.1541190,,,,2026-07-14,,,,,,,,,,Literature context,prombib_157,Genome-wide association analysis uncovers genes associated with resistance to head smut pathotype 5 in senegalese sorghum accessions,1,
onegen_0034,2026-07-14,Assessment of losses in sorghum due to target leaf spot (Bipolaris sorghicola) at varying disease severity levels,Assessment of losses in sorghum due to target leaf spot (Bipolaris sorghicola) at varying disease severity levels,,,,,2026-07-14,,,,,,,,,,Literature context,prombib_116,Diseases of Johnsongrass ( Sorghum halepense ): possible role as a reservoir of pathogens affecting other plants,1,
onegen_0035,2026-07-14,Assessment of sorghum genetic resources of Ethiopia for anthracnose ( Colletotrichum sublineolum Henn.) resistance and agronomic traits,Assessment of sorghum genetic resources of Ethiopia for anthracnose ( Colletotrichum sublineolum Henn.) resistance and agronomic traits,10.1111/jph.12861,,,,2026-07-14,,,,,,,,,,Literature context,prombib_131; prombib_150,"Association and interrelationship among agronomic traits and fungal diseases of sorghum, anthracnose and grain mold; Evaluation of a subset of Ethiopia sorghum collection germplasm from the National Genetic Resources Program of the United States Department of Agriculture for anthracnose resistance",1,
onegen_0036,2026-07-14,Assessment of sorghum germplasm from Burkina Faso and South Africa to identify new sources of resistance to grain mold and anthracnose,Assessment of sorghum germplasm from Burkina Faso and South Africa to identify new sources of resistance to grain mold and anthracnose (2015),10.1016/j.cropro.2015.10.007,https://doi.org/10.1016/j.cropro.2015.10.007,,main article tables,,,,Https://doi.org/10.1016/j.cropro.2015.10.007,,Anthracnose; Grain mold,Burkina Faso and South Africa germplasm,Disease-response values for candidate accessions,,Distinct measurements from this study,Literature context,prombib_081; prombib_086; prombib_088; prombib_089; prombib_097; prombib_098; prombib_105; prombib_106; prombib_112; prombib_126; prombib_147,"Genome-wide association mapping of anthracnose (Collectotrichum sublineolun) resistance in the U.S. sorghum association panel; Genome-wide association mapping of anthracnose (Colletotrichum sublineolum) resistance in NPGS Ethiopian sorghum germplasm; Genome-wide association mapping of grain mold resistance in the U.S. sorghum association panel; Genome-wide association study of grain mold resistance in sorghum association panel as affected by inoculation with Alternaria alternata alone and Alternaria alternata, Fusarium thapsinum, and Curvularia lunata combined; Genomic dissection of anthracnose (Colletotrichum sublineolum) resistance response in sorghum differential line SC112-14; Mycoflora analysis and other measured parameters of sorghum seeds collected from Puerto Rico and Mexico; Population structure of the NPGS Senegalese sorghum collection and its evaluation to identify new disease resistant genes; Reaction of sorghum differentials to grain mold infection in Puerto Rico; Screening of sorghum lines against long smut and grain mold pathogens; Survey of the prevalence and incidence of foliar and panicle diseases of sorghum across production fields in Niger; The inheritance of anthracnose (Colletotrichum sublineola) resistance in sorghum differential lines QL3 and IS18760",1,prom_burkina_south_africa_anthracnose_grain_mold_2015
onegen_0037,2026-07-14,Assessment of sorghum grain mould: disease severity and crop loss,Assessment of sorghum grain mould: disease severity and crop loss,,,,,2026-07-14,,,,,,,,,,Literature context,prombib_011; prombib_015; prombib_045,"Evaluation of the Ugandan sorghum accessions for grain mold and anthracnose resistance; Response of eight sorghum cultivars inoculated with Fusarium thapsinum, Curvularia lunata, and a mixture of the two fungi; The Effects of Fusarium thapsinum, Curvularia lunata , and Their Combination on Sorghum Germination and Seed Mycoflora",1,
onegen_0038,2026-07-14,"Association and Interrelationship Among Agronomic Traits and Fungal Diseases of Sorghum, Anthracnose and Grain Mold","Association and Interrelationship Among Agronomic Traits and Fungal Diseases of Sorghum, Anthracnose and Grain Mold (2024)",10.3390/crops4040045,https://www.mdpi.com/2673-7655/4/4/45,https://www.mdpi.com/article/10.3390/crops4040045/s1,Table S1: accession list only,,,Creative Commons Attribution 4.0,Https://www.mdpi.com/2673-7655/4/4/45,Reuse permitted under the published terms,Anthracnose; Grain mold,91 accessions/cultivars,Public Supplementary Table S1 provides an accession list; disease values are available by request,,,Literature context,prombib_171,Agronomic traits of sorghum cultivars from the US and Senegal and their response to grain mold infection,1,prom_crops_anthracnose_grain_mold_2024
onegen_0039,2026-07-14,Association of Plant Color and Pericarp Color with Colonization of Grain by Members of Fusarium and Alternaria in Near-Isogenic Sorghum Lines,Association of Plant Color and Pericarp Color with Colonization of Grain by Members of Fusarium and Alternaria in Near-Isogenic Sorghum Lines,10.1094/pd-90-0411,,,,2026-07-14,,,,,,,,,,Literature context,prombib_052; prombib_059; prombib_061; prombib_069,"Assessment of sorghum germplasm from Burkina Faso and South Africa to identify new sources of resistance to grain mold and anthracnose; Assessments of genetic diversity and anthracnose disease response among Zimbabwe sorghum germplasm.; Isolation and characterization of the grain mold fungi Cochliobolus and Alternaria spp. from sorghum using semiselective media and DNA sequence analyses.; Response of near isogenic sorghum lines, differing at the P locus for plant color, to grain mold and head smut fungi",1,
onegen_0040,2026-07-14,"Beshir, M.M., Ahmed, N.E., Mukhtar, A., Babiker, I.H., Rubaihayo, P. and Okori, P. (2015) Prevalence and Severity of Sorghum Leaf Blight in the Sorghum Growing Areas of Central Sudan. Journal of Agricultural Research, 4, 54-60. https://repository.ruforum.org/sites/default/files/Beshir%20et%20al_2015%20Wudpeker%20Journal.pdf","Beshir, M.M., Ahmed, N.E., Mukhtar, A., Babiker, I.H., Rubaihayo, P. and Okori, P. (2015) Prevalence and Severity of Sorghum Leaf Blight in the Sorghum Growing Areas of Central Sudan. Journal of Agricultural Research, 4, 54-60. https://repository.ruforum.org/sites/default/files/Beshir%20et%20al_2015%20Wudpeker%20Journal.pdf",,,,,2026-07-14,,,,,,,,,,Literature context,prombib_138,"A survey of the major sorghum production regions for foliar and panicle diseases during the 2022 growing season in Senegal, West Africa",1,
onegen_0041,2026-07-14,"Birhanu, C., Girma, G., Mekbib, F., Nida, H., Tirfessa, A., Lule, D., Bekeko, Z., Ayana, G., Bejiga, T., and Bedada, G. (2024). Exploring the genetic basis of anthracnose resistance in Ethiopian sorghum through a genome-wide association study. BMC Genom., 25.",Exploring the genetic basis of anthracnose resistance in Ethiopian sorghum through a genome-wide association study (2024),10.1186/s12864-024-10545-2,https://bmcgenomics.biomedcentral.com/articles/10.1186/s12864-024-10545-2,https://static-content.springer.com/esm/art%3A10.1186%2Fs12864-024-10545-2/MediaObjects/12864_2024_10545_MOESM1_ESM.xlsx,12864_2024_10545_MOESM1_ESM.xlsx,2026-07-14,486997e433ddbd24ef30c9c8da18bd5572350bdb558f9a44d6ca278f2612f67f,Creative Commons Attribution 4.0,Https://bmcgenomics.biomedcentral.com/articles/10.1186/s12864-024-10545-2,Reuse permitted under the published terms,Anthracnose,358 genotypes,Public accession-by-location combined dough-stage table,,Distinct Ethiopian multi-location experiment,Quantitative analysis of accession or line responses,prombib_150; prombib_162,"A machine learning approach to genome-wide association mapping of disease resistance and geographic origin in sorghum; Association and interrelationship among agronomic traits and fungal diseases of sorghum, anthracnose and grain mold",1,ethiopian_field_anthracnose_multisite
onegen_0042,2026-07-14,"Boora KS, Frederiksen RA, Magill CW (1999) A molecular marker that segregates with sorghum leaf blight resistance in one cross is maternally inherited in another. Mol Gen Genet 261:317–322. doi:10.1007/s004380050972","Boora KS, Frederiksen RA, Magill CW (1999) A molecular marker that segregates with sorghum leaf blight resistance in one cross is maternally inherited in another. Mol Gen Genet 261:317–322. doi:10.1007/s004380050972",10.1007/s004380050972,,,,2026-07-14,,,,,,,,,,Literature context,prombib_031,"Molecular mapping of Cg1, a gene for resistance to anthracnose (Colletotrichum sublineolum) in sorghum",1,
onegen_0043,2026-07-14,"Borah, N.N. (2018). Identification of Host-Specific Virulence Factors of the Smut Fungus Sporisorium reilianum by Genotype to Phenotype Mapping. [Ph.D. Thesis, RWTH Aachen University].","Borah, N.N. (2018). Identification of Host-Specific Virulence Factors of the Smut Fungus Sporisorium reilianum by Genotype to Phenotype Mapping. [Ph.D. Thesis, RWTH Aachen University].",,,,,2026-07-14,,,,,,,,,,Literature context,prombib_128,A Genome-Wide Association Study of Senegalese Sorghum Seedlings Responding to Pathotype 5 of Sporisorium reilianum.,1,
onegen_0044,2026-07-14,Breeding for disease resistance in sorghum.,Breeding for disease resistance in sorghum.,,,,,2026-07-14,,,,,,,,,,Literature context,prombib_031; prombib_045; prombib_055; prombib_066,"Evaluation of the Ugandan sorghum accessions for grain mold and anthracnose resistance; Inheritance and molecular mapping of anthracnose resistance genes present in sorghum line SC112-14; Molecular mapping of Cg1, a gene for resistance to anthracnose (Colletotrichum sublineolum) in sorghum; Sorghum pathology and biotechnology - a fungal disease perspective: Part II. Anthracnose, stalk rot, and downy mildew",1,
onegen_0045,2026-07-14,"Breeding Sorghum for Resistance to Anthracnose, Grain Mold, Downy Mildew, and Head Smuts","Breeding Sorghum for Resistance to Anthracnose, Grain Mold, Downy Mildew, and Head Smuts",10.1002/9780470384923.ch47,,,,2026-07-14,,,,,,,,,,Literature context,prombib_124; prombib_127,"Response of sorghum accessions against newly documented pathotypes 5 and 6 of head smut pathogen, Sporisorium reilianum; The response of sorghum cultivars to mixtures of compatible and incompatible isolates and different conidia concentrations of Colletotrichum sublineola",1,
onegen_0046,2026-07-14,"Cardwell KF, Duncan RR, Frederiksen RA (1987) Failure of vertical resistance of selected differential sorghum cultivars due to variations in the population of Colletotrichum graminicola and the relation of rainfall incidence over seven years. Sorghum Newsl 30:82","Cardwell KF, Duncan RR, Frederiksen RA (1987) Failure of vertical resistance of selected differential sorghum cultivars due to variations in the population of Colletotrichum graminicola and the relation of rainfall incidence over seven years. Sorghum Newsl 30:82",,,,,2026-07-14,,,,,,,,,,Literature context,prombib_031,"Molecular mapping of Cg1, a gene for resistance to anthracnose (Colletotrichum sublineolum) in sorghum",1,
onegen_0047,2026-07-14,"Castor, L.L., 1981. Grain mold histopathology, damage assessment, and resistance screening within Sorghum bicolor (L.) Moench lines. Ph.D. Dissertation Texas A. & M. University, College Station, TX. 177pp.","Castor, L.L., 1981. Grain mold histopathology, damage assessment, and resistance screening within Sorghum bicolor (L.) Moench lines. Ph.D. Dissertation Texas A. & M. University, College Station, TX. 177pp.",,,,,2026-07-14,,,,,,,,,,Literature context,prombib_011,"Response of eight sorghum cultivars inoculated with Fusarium thapsinum, Curvularia lunata, and a mixture of the two fungi",1,
onegen_0048,2026-07-14,"Castor, L.L., 1981. Grain mold histopathology, damage assessment and resistance screening within Sorghum bicolor (L.) Moench lines. PhD Thesis, Texas A&M University, College Station, TX. p. 177.","Castor, L.L., 1981. Grain mold histopathology, damage assessment and resistance screening within Sorghum bicolor (L.) Moench lines. PhD Thesis, Texas A&M University, College Station, TX. p. 177.",,,,,2026-07-14,,,,,,,,,,Literature context,prombib_045,Evaluation of the Ugandan sorghum accessions for grain mold and anthracnose resistance,1,
onegen_0049,2026-07-14,Castor L.L.(1981)Grain mold histopathology damage assessment and resistance screening withinSorghum bicolor(L.) Moench lines. PhD Dissertation Texas A&M University College Station TX. pp.177.,Castor L.L.(1981)Grain mold histopathology damage assessment and resistance screening withinSorghum bicolor(L.) Moench lines. PhD Dissertation Texas A&M University College Station TX. pp.177.,,,,,2026-07-14,,,,,,,,,,Literature context,prombib_037,Expression of pathogenesis-related protein PR-10 in sorghum floral tissues in response to inoculation with Fusarium thapsinum and Curvularia lunata.,1,
onegen_0050,2026-07-14,"Castor, L. L. Grain mold histopathology, damage assessment, and resistance screening withinSorghum bicolor(L.) Moench lines. Ph.D. Dissertation Texas A&M University, College Station, TX, 1981; 177 pp.","Castor, L. L. Grain mold histopathology, damage assessment, and resistance screening withinSorghum bicolor(L.) Moench lines. Ph.D. Dissertation Texas A&M University, College Station, TX, 1981; 177 pp.",,,,,2026-07-14,,,,,,,,,,Literature context,prombib_018,Role of chitinase and sormatin accumulation in the resistance of sorghum cultivars to grain mold.,1,
onegen_0051,2026-07-14,cDNA Cloning of a Sorghum Pathogenesis-Related Protein (PR-10) and Differential Expression of Defense-Related Genes Following Inoculation with Cochliobolus heterostrophus or Colletotrichum sublineolum,cDNA Cloning of a Sorghum Pathogenesis-Related Protein (PR-10) and Differential Expression of Defense-Related Genes Following Inoculation with Cochliobolus heterostrophus or Colletotrichum sublineolum,10.1094/mpmi.1999.12.6.479,,,,2026-07-14,,,,,,,,,,Literature context,prombib_037; prombib_116,Diseases of Johnsongrass ( Sorghum halepense ): possible role as a reservoir of pathogens affecting other plants; Expression of pathogenesis-related protein PR-10 in sorghum floral tissues in response to inoculation with Fusarium thapsinum and Curvularia lunata.,1,
onegen_0052,2026-07-14,"Chen, S., Zhao, Z., Liu, X., Li, K., Arif, M., Zhang, B., Dong, L., Wang, R., Ren, M., and Xie, X. (2024). Response and disease resistance evaluation of sorghum seedlings under anthracnose stress. Sci. Rep., 14.","Chen, S., Zhao, Z., Liu, X., Li, K., Arif, M., Zhang, B., Dong, L., Wang, R., Ren, M., and Xie, X. (2024). Response and disease resistance evaluation of sorghum seedlings under anthracnose stress. Sci. Rep., 14.",10.1038/s41598-024-70088-0,,,,2026-07-14,,,,,,,,,,Literature context,prombib_150,"Association and interrelationship among agronomic traits and fungal diseases of sorghum, anthracnose and grain mold",1,
onegen_0053,2026-07-14,Chinese sorghum germplasm evaluated for resistance to downy mildew and anthracnose,Chinese sorghum germplasm evaluated for resistance to downy mildew and anthracnose (2007),URL:http://agrobiol.sggw.pl/~cbcs/articles/CBCS_2_1_4.pdf,http://agrobiol.sggw.pl/~cbcs/articles/CBCS_2_1_4.pdf,,article PDF tables,,,,Http://agrobiol.sggw.pl/~cbcs/articles/CBCS_2_1_4.pdf,,Downy mildew; anthracnose,Chinese germplasm,Disease-response values for candidate accessions,,Distinct measurements from this study,Literature context,prombib_055; prombib_061; prombib_063; prombib_101,"Assessments of genetic diversity and anthracnose disease response among Zimbabwe sorghum germplasm.; Evaluation of Gambian and Malian sorghum germplasm against downy mildew pathogen, Peronosclerospora sorghi, in Mexico and the USA; New sources of sorghum resistant genotypes to downy mildew diseases in Uganda; Sorghum pathology and biotechnology - a fungal disease perspective: Part II. Anthracnose, stalk rot, and downy mildew",1,prom_chinese_downy_anthracnose_2007
onegen_0054,2026-07-14,Comparison of Sorghum Seedling Reactions to Sporisorium reilianum in Relation to Sorghum Head Smut Resistance Classes,Comparison of Sorghum Seedling Reactions to Sporisorium reilianum in Relation to Sorghum Head Smut Resistance Classes,10.1094/pd-76-0314,,,,2026-07-14,,,,,,,,,,Literature context,prombib_047; prombib_048; prombib_124; prombib_128; prombib_135; prombib_142; prombib_145; prombib_157,"A Genome-Wide Association Study of Senegalese Sorghum Seedlings Responding to Pathotype 5 of Sporisorium reilianum.; Genome-wide association analysis uncovers genes associated with resistance to head smut pathotype 5 in senegalese sorghum accessions; Genome-wide association study of seed morphology traits in Senegalese sorghum cultivars; Inoculation and screening methods for major sorghum diseases caused by fungal pathogens: Claviceps africana, Colletotrichum sublineola, Sporisorium reilianum, Peronosclerospora sorghi and Macrophomina phaseolina; Response of senegalese sorghum seedlings to pathotype 5 of Sporisorium reilianum; Response of sorghum accessions against newly documented pathotypes 5 and 6 of head smut pathogen, Sporisorium reilianum; Sorghum pathology and biotechnology - a fungal disease perspective: Part I. Grain mold, head smut, and ergot; Virulence and Molecular Genotyping Studies of Sporisorium reilianum Isolates in Sorghum.",1,
onegen_0055,2026-07-14,Conserved defense responses between maize and sorghum to Exserohilum turcicum,Conserved defense responses between maize and sorghum to Exserohilum turcicum. BMC Plant Biology. 2020.,10.1186/s12870-020-2275-z,https://doi.org/10.1186/s12870-020-2275-z,https://static-content.springer.com/esm/art%3A10.1186%2Fs12870-020-2275-z/MediaObjects/12870_2020_2275_MOESM5_ESM.csv,onegen_0055_phenotypes.csv,2026-07-14,0423989b0f2467ee8328f4f1abf94cea4a52eb3a7d41a5a9a58de48443a0f0f4,Creative Commons Attribution 4.0 for the article; Creative Commons Zero for repository data,Article license and data-rights statement,Reuse permitted under the published terms,Leaf blight,696 uniquely labeled plots in Additional File 5,"BLUP columns for 2016, 2017, combined 2016-2017, and 2018 incubation period",Sorghum conversion panel,Distinct leaf-blight experiment; the article and supplementary data file report the same measurements,Descriptive scientific context,prombib_116; prombib_137; prombib_174,"A genome-wide association study of Nigerien and Senegalese sorghum germplasms of Exserohilum turcicum, the causal agent of leaf blight; Diseases of Johnsongrass ( Sorghum halepense ): possible role as a reservoir of pathogens affecting other plants; Genomic analysis of resistance to Exserohilum turcicum in Nigerien and Senegalese sorghum using GWAS and machine learning",1,
onegen_0056,2026-07-14,Correlations among Agronomic Traits Obtained from Sorghum Accessions Planted in a Field Infected with Three Important Fungal Diseases,Correlations among Agronomic Traits Obtained from Sorghum Accessions Planted in a Field Infected with Three Important Fungal Diseases (2024),10.5539/jps.v13n1p11,https://doi.org/10.5539/jps.v13n1p11,,main article and USDA data record,,,,Https://doi.org/10.5539/jps.v13n1p11,,Anthracnose; Grain mold; rust,Puerto Rico sorghum accessions,"Anthracnose, grain-mold, and rust response measurements from the Puerto Rico experiment",Correlations among agronomic traits and disease responses derive from the 2017-2018 Puerto Rico experiment reported in the 2022 source,Reuses disease measurements from the 2017 to 2018 Puerto Rico experiment,Literature context,prombib_167,Seed quality drives grain yield in Ethiopian and Senegalese sorghum: Insights from machine learning,1,prom_panelA_correlation_2024
onegen_0057,2026-07-14,"Correlations Among Grain Mold Severity, Seed Weight, and Germination Rate of Sorghum Association Panel Lines Inoculated With Alternaria alternata, Fusarium thapsinum, and Curvularia lunata","Correlations Among Grain Mold Severity, Seed Weight, and Germination Rate of Sorghum Association Panel Lines Inoculated With Alternaria alternata, Fusarium thapsinum, and Curvularia lunata (2021)",10.32861/jac.81.7.11,https://doi.org/10.32861/jac.81.7.11,,main article tables,,,,Https://doi.org/10.32861/jac.81.7.11,,Grain mold,SAP lines from the Texas inoculation experiment,"Correlations among grain-mold severity, seed weight, and germination for Texas Sorghum Association Panel lines",The 2021 paper reanalyzes the line means reported for the 2020 Texas Sorghum Association Panel experiment,Reanalysis of the 2020 Texas SAP grain-mold inoculation experiment,Literature context,prombib_150; prombib_151; prombib_159,"Association and interrelationship among agronomic traits and fungal diseases of sorghum, anthracnose and grain mold; Correlations among agronomic traits obtained from sorghum accessions planted in a field infected with three important fungal diseases; Genome-wide association study of seed morphology-related traits in sorghum mini core and Senegalese lines",1,prom_sap_grain_mold_correlations_2021
onegen_0058,2026-07-14,"Costa RV, Zambolim L, Cota LV, Silva DD, Parreira DF, Lanza FE, Souza AGC (2015) Pathotypes of Colletotrichum sublineolum in response to sorghum populations with different levels of genetic diversity in Sete Lagoas-MG. J Phytopathol 163:543–553","Costa RV, Zambolim L, Cota LV, Silva DD, Parreira DF, Lanza FE, Souza AGC (2015) Pathotypes of Colletotrichum sublineolum in response to sorghum populations with different levels of genetic diversity in Sete Lagoas-MG. J Phytopathol 163:543–553",10.1111/jph.12352,,,,2026-07-14,,,,,,,,,,Literature context,prombib_099; prombib_140,GWAS analysis of sorghum association panel lines identifies SNPs associated with disease response to Texas isolates of Colletotrichum sublineola; Genetic diversity and classification of Colletotrichum sublineola pathotypes using a standard set of sorghum differentials,1,
onegen_0059,2026-07-14,Crop rotation and tillage effects on yield and the incidence of root and stalk rot in sorghum ( Sorghum bicolor ),Crop rotation and tillage effects on yield and the incidence of root and stalk rot in sorghum ( Sorghum bicolor ),10.1080/02571862.1996.10634390,,,,2026-07-14,,,,,,,,,,Literature context,prombib_055,"Sorghum pathology and biotechnology - a fungal disease perspective: Part II. Anthracnose, stalk rot, and downy mildew",1,
onegen_0060,2026-07-14,"Cruet-Burgos, C. M. et al. Genomic dissection of anthracnose (Colletotrichum sublineolum) resistance response in sorghum differential line SC112–14. G3-Genes Genomes Genet. 10(4), 1403–1412 (2020).",Genomic Dissection of Anthracnose Resistance Response in Sorghum Differential Line SC112-14 (2020),10.1534/g3.120.401121; 10.25387/g3.11794347,https://gsajournals.figshare.com/articles/journal_contribution/Supplemental_Material_for_Ahn_et_al_2020/11794347,https://ndownloader.figshare.com/files/21524739,Table S3_R1.xlsx,2026-07-14,030d29cc15f196f9680667b1b3c0f5fe44b47d39a32ff3092dc09f1c7b5bba81,Creative Commons Attribution 4.0,Https://gsajournals.figshare.com/articles/journal_contribution/Supplemental_Material_for_Ahn_et_al_2020/11794347,Reuse permitted under the published terms,Anthracnose,114 RILs in Table S3; 31 RILs in the Table 5 pathotype subset,Public line-by-location table available,,Table S5 compiles and reclassifies 574 accessions from prior SAP and Ethiopian studies; the original studies supply the phenotype measurements,Quantitative analysis of accession or line responses,prombib_126,The inheritance of anthracnose (Colletotrichum sublineola) resistance in sorghum differential lines QL3 and IS18760,1,prom_sc112_ril_anthracnose_2020
onegen_0061,2026-07-14,"Cuevas HE, Fermin-Perez RA, Prom LK, Cooper EA, Bean S, Rooney WL: Genome-Wide Association Mapping of Grain Mold Resistance in the US Sorghum Association Panel. Plant Genome-Us 2019, 12(2).",Genome-Wide Association Mapping of Grain Mold Resistance in the US Sorghum Association Panel (2019),10.3835/plantgenome2018.09.0070,https://acsess.onlinelibrary.wiley.com/doi/10.3835/plantgenome2018.09.0070,https://acsess.onlinelibrary.wiley.com/action/downloadSupplement?doi=10.3835%2Fplantgenome2018.09.0070&file=tpg2plantgenome2018090070-sup-0002.xlsx,tpg2plantgenome2018090070-sup-0002.xlsx,,,,Https://acsess.onlinelibrary.wiley.com/doi/10.3835/plantgenome2018.09.0070,,Grain mold seed deterioration; emergence,"331 SAP accessions, four tropical environments",Publisher lists an accession-level supplement,,Original Puerto Rico SAP grain-mold field experiment; distinct from Prom 2020 Texas inoculation study,Literature context,prombib_103; prombib_137; prombib_147; prombib_149; prombib_161; prombib_165,"A genome-wide association study of Nigerien and Senegalese sorghum germplasms of Exserohilum turcicum, the causal agent of leaf blight; Association analysis of grain mould resistance in a core collection of NPGS Ethiopian sorghum germplasm; Evaluation of genetic diversity, agronomic traits, and anthracnose resistance in the NPGS Sudan sorghum core collection; Machine learning reveals complex genetics of fungal resistance in sorghum grain mold; Reaction of sorghum differentials to grain mold infection in Puerto Rico; The NPGS Sudanese sorghum core collection encloses novel grain mold resistant germplasm",1,prom_sap_grain_mold_pr_2019
onegen_0062,2026-07-14,"Cuevas HE, Prom LK (2024) Association analysis of grain mould resistance in a core collection of NPGS Ethiopian sorghum germplasm. Plant Genet. Res: Characterization and Utilization. Published online 2024:1–10. https://doi.org/10.1017/S1479262124000157",Association analysis of grain mould resistance in a core collection of NPGS Ethiopian sorghum germplasm (2024),10.1017/S1479262124000157,https://www.cambridge.org/core/journals/plant-genetic-resources/article/association-analysis-of-grain-mould-resistance-in-a-core-collection-of-npgs-ethiopian-sorghum-germplasm/A26623540E4557FD66683B493B89DDA7,https://static.cambridge.org/content/id/urn%3Acambridge.org%3Aid%3Aarticle%3AS1479262124000157/resource/name/S1479262124000157sup001.xlsx,S1479262124000157sup001.xlsx,2026-07-14,3de417260de20476de432f9a95e194fc16eaebf9bd13a69189952a49b83941ce,Creative Commons Attribution 4.0,Https://www.cambridge.org/core/journals/plant-genetic-resources/article/association-analysis-of-grain-mould-resistance-in-a-core-collection-of-npgs-ethiopian-sorghum-germplasm/A26623540E4557FD66683B493B89DDA7,Reuse permitted under the published terms,Grain mold seed emergence; Seed deterioration,330 PI accessions,Seed-emergence and seed-deterioration measurements for Ethiopian sorghum accessions,,Original Ethiopian grain-mold experiment; collection overlaps Ethiopian anthracnose studies but disease evidence is distinct,Quantitative analysis of accession or line responses,prombib_161; prombib_165,Machine learning reveals complex genetics of fungal resistance in sorghum grain mold; The NPGS Sudanese sorghum core collection encloses novel grain mold resistant germplasm,1,prom_ethiopia_grain_mold_2024
onegen_0063,2026-07-14,"Cuevas HE, Prom LK, Cruet-Burgos CM. Genome-wide association mapping of anthracnose (Colletotrichum sublineolum) resistance in NPGS Ethiopian sorghum germplasm. G3-Genes Genom Genet. 2019;9(9):2879–85.",Genome-Wide Association Mapping of Anthracnose Resistance in NPGS Ethiopian Sorghum Germplasm (2019),10.1534/g3.119.400350; 10.25387/g3.8127200.v2,https://gsajournals.figshare.com/articles/dataset/Supplemental_Material_for_Cuevas_Prom_and_Cruet-Burgos_2019/8127200,https://ndownloader.figshare.com/files/15147788,Supplementary Tables 4-29-2019.xlsx,2026-07-14,11fc04de1471da36a0a6b9356087def67fe3943abd2e212c55d7c7d7977c0684,Creative Commons Attribution 4.0,Https://gsajournals.figshare.com/articles/dataset/Supplemental_Material_for_Cuevas_Prom_and_Cruet-Burgos_2019/8127200,Reuse permitted under the published terms,Anthracnose,The article reports 335 accessions; the public data table contains 334 labeled accessions,Anthracnose response measurements across environments for Ethiopian sorghum accessions,,"Original Ethiopian anthracnose measurements, reused in SC112 Table S5 and other combined analyses",Quantitative analysis of accession or line responses,prombib_103; prombib_106; prombib_121; prombib_126; prombib_136; prombib_141; prombib_146; prombib_149; prombib_168,"Association analysis of grain mould resistance in a core collection of NPGS Ethiopian sorghum germplasm; Evaluation of genetic diversity, agronomic traits, and anthracnose resistance in the NPGS Sudan sorghum core collection; Genetic diversity, population structure and anthracnose resistance response in a novel sweet sorghum diversity panel; Genomic dissection of anthracnose (Colletotrichum sublineolum) resistance response in sorghum differential line SC112-14; Multi-trait Genome-wide Association Studies of Sorghum bicolor regarding resistance to anthracnose, downy mildew, grain mold and head smut; RNA-Sequencing in Resistant (QL3) and Susceptible (Theis) Sorghum Cultivars Inoculated With Johnsongrass Isolates of Colletotrichum sublineola.; Response of sorghum accessions from three African countries to anthracnose, grain mould, and rust; The NPGS Sudan sorghum germplasm collection reveals a novel cluster of R genes associated with rust resistant.; The inheritance of anthracnose (Colletotrichum sublineola) resistance in sorghum differential lines QL3 and IS18760",1,prom_ethiopia_anthracnose_2019
onegen_0064,2026-07-14,"Cuevas HE, Prom LK, Erpelding JE, Brotons V (2014) Assessments of genetic diversity and anthracnose disease response among Zimbabwe sorghum germplasm. Plant Breeding 133(2):234–242. doi: 10.1111/pbr.12133",Assessments of genetic diversity and anthracnose disease response among Zimbabwe sorghum germplasm (2014),10.1111/pbr.12133,https://doi.org/10.1111/pbr.12133,,main article tables,,,,Https://doi.org/10.1111/pbr.12133,,Anthracnose,Zimbabwe germplasm,Disease-response values for candidate accessions,,Distinct measurements from this study,Literature context,prombib_066; prombib_069; prombib_086; prombib_089; prombib_097; prombib_106; prombib_126; prombib_131; prombib_140; prombib_141,"Assessment of sorghum germplasm from Burkina Faso and South Africa to identify new sources of resistance to grain mold and anthracnose; Evaluation of a subset of Ethiopia sorghum collection germplasm from the National Genetic Resources Program of the United States Department of Agriculture for anthracnose resistance; Genetic diversity and classification of Colletotrichum sublineola pathotypes using a standard set of sorghum differentials; Genetic diversity, population structure and anthracnose resistance response in a novel sweet sorghum diversity panel; Genome-wide association mapping of anthracnose (Collectotrichum sublineolun) resistance in the U.S. sorghum association panel; Genome-wide association mapping of anthracnose (Colletotrichum sublineolum) resistance in NPGS Ethiopian sorghum germplasm; Genomic dissection of anthracnose (Colletotrichum sublineolum) resistance response in sorghum differential line SC112-14; Inheritance and molecular mapping of anthracnose resistance genes present in sorghum line SC112-14; Population structure of the NPGS Senegalese sorghum collection and its evaluation to identify new disease resistant genes; The inheritance of anthracnose (Colletotrichum sublineola) resistance in sorghum differential lines QL3 and IS18760",1,prom_zimbabwe_anthracnose_2014
onegen_0065,2026-07-14,Cultural Practices and the Incidence of Sorghum Downy Mildew in Grain Sorghum,Cultural Practices and the Incidence of Sorghum Downy Mildew in Grain Sorghum,10.1094/phyto-70-905,,,,2026-07-14,,,,,,,,,,Literature context,prombib_101,New sources of sorghum resistant genotypes to downy mildew diseases in Uganda,1,
onegen_0066,2026-07-14,"DasIK, Rajendrakumar P. Disease resistance in sorghum. In: Das IK, Padmaja PG, editors. Biotic Stress Resistance in Millets. Academic Press; 2016:23–67. https://doi.org/10.1016/B978-0-12-804549-7.00002-0.","DasIK, Rajendrakumar P. Disease resistance in sorghum. In: Das IK, Padmaja PG, editors. Biotic Stress Resistance in Millets. Academic Press; 2016:23–67. https://doi.org/10.1016/B978-0-12-804549-7.00002-0.",10.1016/b978-0-12-804549-7.00002-0,,,,2026-07-14,,,,,,,,,,Literature context,prombib_162,A machine learning approach to genome-wide association mapping of disease resistance and geographic origin in sorghum,1,
onegen_0067,2026-07-14,Defense gene expression in Sorghum bicolor against Macrophomina phaseolina in leaves and roots of susceptible and resistant cultivars,Defense gene expression in Sorghum bicolor against Macrophomina phaseolina in leaves and roots of susceptible and resistant cultivars,10.1080/17429145.2013.832425,,,,2026-07-14,,,,,,,,,,Literature context,prombib_084,Defense responses against the sorghum anthracnose pathogen in leaf blade and midrib tissue of johnsongrass and sorghum,1,
onegen_0068,2026-07-14,Defense responses against the sorghum anthracnose pathogen in leaf blade and midrib tissue of johnsongrass and sorghum,Defense responses against the sorghum anthracnose pathogen in leaf blade and midrib tissue of Johnsongrass and sorghum (2018),10.1016/j.pmpp.2018.12.008,https://doi.org/10.1016/j.pmpp.2018.12.008,,main article tables,,,,Https://doi.org/10.1016/j.pmpp.2018.12.008,,Anthracnose,Selected sorghum and Johnsongrass plants and tissues,Mechanistic tissue-response experiment used for biological context,,,Literature context,prombib_107; prombib_108; prombib_116; prombib_127; prombib_133; prombib_134; prombib_135; prombib_145; prombib_151; prombib_164,"Candidate genes for anthracnose resistance in Senegalese sorghum: a machine learning-based exploration; Correlations among agronomic traits obtained from sorghum accessions planted in a field infected with three important fungal diseases; Diseases of Johnsongrass ( Sorghum halepense ): possible role as a reservoir of pathogens affecting other plants; Genome-wide association study of Senegalese sorghum seedlings responding to a Texas isolate of Colletotrichum sublineola.; Inoculation and screening methods for major sorghum diseases caused by fungal pathogens: Claviceps africana, Colletotrichum sublineola, Sporisorium reilianum, Peronosclerospora sorghi and Macrophomina phaseolina; Johnsongrass rhizome tissue can be infected by Colletotrichum sublineola; Late growth stages of johnsongrass can act as an alternate host of Colletotrichum sublineola; Leaf angle distribution in Johnsongrass, leaf thickness in sorghum and Johnsongrass, and association with response to Colletotrichum sublineola.; Response of senegalese sorghum seedlings to pathotype 5 of Sporisorium reilianum; The response of sorghum cultivars to mixtures of compatible and incompatible isolates and different conidia concentrations of Colletotrichum sublineola",1,prom_leaf_tissue_anthracnose_defense_2018
onegen_0069,2026-07-14,Development of Anthracnose on Grain Sorghum Hybrids Inoculated with Recently Described Pathotypes of Colletotrichum sublineolum Found in Arkansas,Development of Anthracnose on Grain Sorghum Hybrids Inoculated with Recently Described Pathotypes of Colletotrichum sublineolum Found in Arkansas,10.1094/pdis-94-5-0589,,,,2026-07-14,,,,,,,,,,Literature context,prombib_085,Estimation of plant health in a sorghum field infected with anthracnose using a fixed-wing unmanned aerial system,1,
onegen_0070,2026-07-14,Development of screening methods and identification of stable resistance to anthracnose in sorghum,Development of screening methods and identification of stable resistance to anthracnose in sorghum,10.1016/0378-4290(94)90087-6,,,,2026-07-14,,,,,,,,,,Literature context,prombib_014; prombib_023; prombib_071,"Evaluation of Malian Sorghum Germplasm for Resistance Against Anthracnose; Excised leaf method for high volume evaluation of sorghum germplasm for resistance against Colletotrichum sublineolum; Variation for Anthracnose Resistance within the Sorghum Germplasm Collection from Mozambique, Africa",1,
onegen_0071,2026-07-14,Development of sorghum hybrids for stable yield and resistance to grain mold for the Center and South-East of Senegal,Diatta C et al. Crop Protection. 2019;119:197-207.,10.1016/j.cropro.2019.02.001,https://ugspace.ug.edu.gh/items/37f60f1e-5c91-4442-b342-e30e2bb723f2,https://ugspace.ug.edu.gh/server/api/core/bitstreams/e059e786-cea0-4d39-8179-8bdd9b6b53f9/content,diatta_2019_grain_mold_10.1016_j.cropro.2019.02.001.pdf,2026-07-14,e5ac7928ce0c149b7aba0c34391246dec3cb60322b71b4afa7edb00cb8e32686,Publisher states all rights reserved; public repository copy available,Article PDF copyright line and University of Ghana repository record,,Grain mold,Five hybrids (G1-G5) and one named parent check (G6) with published pooled disease values,Table 3 publishes pooled PGMR means for G1-G6,Natural infestation across four Senegal locations and five reported years,Distinct natural-infestation hybrid trial; it cites the Prom 2014 inoculated trial and contributes separate measurements,Descriptive scientific context,prombib_167; prombib_171,Agronomic traits of sorghum cultivars from the US and Senegal and their response to grain mold infection; Seed quality drives grain yield in Ethiopian and Senegalese sorghum: Insights from machine learning,1,
onegen_0072,2026-07-14,"Diatta, C. (2016) Development of Sorghum [Sorghum bicolor (L.) Moench] for Resistance to Grain Mold in Senegal. West Africa Centre for Crop Improvement, College of Basic and Applied Sciences. Thesis, University of Ghana, Accra, 173. http://www.ceraas.org/2019/08/09/development-of-sorghum-sorghum-bicolor-l-moench-for-resistance-to-grain-mold-in-senegal","Diatta, C. (2016) Development of Sorghum [Sorghum bicolor (L.) Moench] for Resistance to Grain Mold in Senegal. West Africa Centre for Crop Improvement, College of Basic and Applied Sciences. Thesis, University of Ghana, Accra, 173. http://www.ceraas.org/2019/08/09/development-of-sorghum-sorghum-bicolor-l-moench-for-resistance-to-grain-mold-in-senegal",,,,,2026-07-14,,,,,,,,,,Literature context,prombib_138,"A survey of the major sorghum production regions for foliar and panicle diseases during the 2022 growing season in Senegal, West Africa",1,
onegen_0073,2026-07-14,"Diatta, C. (2016) Development of Sorghum [ Sorghum bicolor (L.) Moench] for Resistance to Grain Mold in Senegal. West Africa Centre for Crop Improvement, College of Basic and Applied Sciences. University of Ghana, Legon. http://www.ceraas.org/2019/08/09/development-of-sorghum-sorghum-bicolor-l-moench-for-resistance-to-grain-mold-in-senegal/","Diatta, C. (2016) Development of Sorghum [ Sorghum bicolor (L.) Moench] for Resistance to Grain Mold in Senegal. West Africa Centre for Crop Improvement, College of Basic and Applied Sciences. University of Ghana, Legon. http://www.ceraas.org/2019/08/09/development-of-sorghum-sorghum-bicolor-l-moench-for-resistance-to-grain-mold-in-senegal/",,,,,2026-07-14,,,,,,,,,,Literature context,prombib_171,Agronomic traits of sorghum cultivars from the US and Senegal and their response to grain mold infection,1,
onegen_0074,2026-07-14,"Diatta, C. (2019). Development of Sorghum [Sorghum bicolor (L.) Moench] for Resistance to Grain Mold in Senegal. [Ph.D. Thesis, University of Ghana].","Diatta, C. (2019). Development of Sorghum [Sorghum bicolor (L.) Moench] for Resistance to Grain Mold in Senegal. [Ph.D. Thesis, University of Ghana].",,,,,2026-07-14,,,,,,,,,,Literature context,prombib_137,"A genome-wide association study of Nigerien and Senegalese sorghum germplasms of Exserohilum turcicum, the causal agent of leaf blight",1,
onegen_0075,2026-07-14,Differences in Ergot Vulnerability Among Sorghum Genotypes and the Relationship Between Stigma Receptivity and Ergot Vulnerability,Differences in Ergot Vulnerability Among Sorghum Genotypes and the Relationship Between Stigma Receptivity and Ergot Vulnerability,10.1002/9780470384923.ch21,,,,2026-07-14,,,,,,,,,,Literature context,prombib_028; prombib_047,"Disease Severity and Susceptibility of Sorghum [Sorghum bicolor (L.) Moench.] to Infection by Claviceps africana Frederickson, Mantle and de Milliano in Mexico and the United States of America; Sorghum pathology and biotechnology - a fungal disease perspective: Part I. Grain mold, head smut, and ergot",1,
onegen_0076,2026-07-14,Differential regulation of maize and sorghum orthologs in response to the fungal pathogen Exserohilum turcicum,Differential regulation of maize and sorghum orthologs in response to the fungal pathogen Exserohilum turcicum,10.3389/fpls.2021.675208,,,,2026-07-14,,,,,,,,,,Literature context,prombib_137; prombib_174,"A genome-wide association study of Nigerien and Senegalese sorghum germplasms of Exserohilum turcicum, the causal agent of leaf blight; Genomic analysis of resistance to Exserohilum turcicum in Nigerien and Senegalese sorghum using GWAS and machine learning",1,
onegen_0077,2026-07-14,Differential Sporulation of Pathotypes of Peronosclerospora sorghi on Inoculated Sorghum,Differential Sporulation of Pathotypes of Peronosclerospora sorghi on Inoculated Sorghum,10.1094/pd-67-278,,,,2026-07-14,,,,,,,,,,Literature context,prombib_025; prombib_043; prombib_063; prombib_158,"Chinese sorghum germplasm evaluated for resistance to downy mildew and anthracnose; Evaluation of Gambian and Malian sorghum germplasm against downy mildew pathogen, Peronosclerospora sorghi, in Mexico and the USA; Genome-wide association study of Nigerien and Senegalese sorghum genotypes for their response to downy mildew; Response of sorghum accessions from Chad and Uganda to natural infection by the downy mildew pathogen, Peronosclerospora sorghi in Mexico and the USA",1,
onegen_0078,2026-07-14,Disease and pest resistance in grains of sorghum and millets,Disease and pest resistance in grains of sorghum and millets,10.1016/j.jcs.2006.08.010,,,,2026-07-14,,,,,,,,,,Literature context,prombib_030; prombib_037,"Expression of pathogenesis-related protein PR-10 in sorghum floral tissues in response to inoculation with Fusarium thapsinum and Curvularia lunata.; Leaf-footed Bug, Leptoglossus phyllopus (Hemiptera: Coreidae), as a Potential Vector of Sorghum Fungal Pathogens",1,
onegen_0079,2026-07-14,Disease Resistance in Sorghum,Disease Resistance in Sorghum,10.1007/978-94-011-2004-3_46,,,,2026-07-14,,,,,,,,,,Literature context,prombib_047,"Sorghum pathology and biotechnology - a fungal disease perspective: Part I. Grain mold, head smut, and ergot",1,
onegen_0080,2026-07-14,"Dittiger, L.D., Chaudhary, S., Furch, A.C.U., Mithöfer, A., and Schirawski, J. (2023). Plant Responses of Maize to Two formae speciales of Sporisorium reilianum Support Recent Fungal Host Jump. Int. J. Mol. Sci., 24.","Dittiger, L.D., Chaudhary, S., Furch, A.C.U., Mithöfer, A., and Schirawski, J. (2023). Plant Responses of Maize to Two formae speciales of Sporisorium reilianum Support Recent Fungal Host Jump. Int. J. Mol. Sci., 24.",10.3390/ijms242115604,,,,2026-07-14,,,,,,,,,,Literature context,prombib_156,Genetic and pathogenic variability among isolates of Sporisorium reilianum causing sorghum head smut,1,
onegen_0081,2026-07-14,DNA-based markers for a recessive gene conferring anthracnose resistance in sorghum.,DNA-based markers for a recessive gene conferring anthracnose resistance in sorghum.,10.2135/cropsci1998.0011183x003800060048x,,,,2026-07-14,,,,,,,,,,Literature context,prombib_014; prombib_023; prombib_031; prombib_050; prombib_055; prombib_066,"Evaluation of Malian Sorghum Germplasm for Resistance Against Anthracnose; Genetic diversity and pathotype determination of Colletotrichum sublineolum isolates causing anthracnose in sorghum; Inheritance and molecular mapping of anthracnose resistance genes present in sorghum line SC112-14; Molecular mapping of Cg1, a gene for resistance to anthracnose (Colletotrichum sublineolum) in sorghum; Sorghum pathology and biotechnology - a fungal disease perspective: Part II. Anthracnose, stalk rot, and downy mildew; Variation for Anthracnose Resistance within the Sorghum Germplasm Collection from Mozambique, Africa",1,
onegen_0082,2026-07-14,"Edmunds, L.K. (1963) Use of Sporidial Hypodermic Injection to Test Sorghum for Head Smut Resistance. Plant Disease Reporter, 47, 909-913.","Edmunds, L.K. (1963) Use of Sporidial Hypodermic Injection to Test Sorghum for Head Smut Resistance. Plant Disease Reporter, 47, 909-913.",,,,,2026-07-14,,,,,,,,,,Literature context,prombib_124,"Response of sorghum accessions against newly documented pathotypes 5 and 6 of head smut pathogen, Sporisorium reilianum",1,
onegen_0083,2026-07-14,Effect of Cold Degree Units on Incidence ofClaviceps africana in Sorghum Hybrids,Effect of Cold Degree Units on Incidence ofClaviceps africana in Sorghum Hybrids,10.1002/9780470384923.ch18,,,,2026-07-14,,,,,,,,,,Literature context,prombib_028; prombib_036,"Disease Severity and Susceptibility of Sorghum [Sorghum bicolor (L.) Moench.] to Infection by Claviceps africana Frederickson, Mantle and de Milliano in Mexico and the United States of America; Effect of temperature and relative humidity on sorghum ergot development in northern Mexico",1,
onegen_0084,2026-07-14,Effect of Host Genotypes and Weather Variables on the Severity and Temporal Dynamics of Sorghum Anthracnose in Ethiopia,Effect of Host Genotypes and Weather Variables on the Severity and Temporal Dynamics of Sorghum Anthracnose in Ethiopia (2010),10.3923/ppj.2010.39.46,https://doi.org/10.3923/ppj.2010.39.46,,main article tables,,,,Https://doi.org/10.3923/ppj.2010.39.46,,Anthracnose,Host genotypes,Disease-response values for candidate genotypes across times and environments,,Distinct measurements from this study,Literature context,prombib_054; prombib_074; prombib_113; prombib_136,"Response of Sorghum Accessions from Four African Countries against Colletotrichum sublineolum, Causal Agent of Sorghum Anthracnose; Response of sorghum accessions from three African countries to anthracnose, grain mould, and rust; The impact of weather conditions on response of sorghum genotypes to anthracnose (Colletotrichum sublineola) infection; The occurrence and distribution of sorghum diseases in major production regions of Senegal, West Africa",1,prom_ethiopia_anthracnose_weather_2010
onegen_0085,2026-07-14,Effect of Johnsongrass ( Sorghum halepense ) Control on the Severity of Virus Diseases of Corn ( Zea mays ),Effect of Johnsongrass ( Sorghum halepense ) Control on the Severity of Virus Diseases of Corn ( Zea mays ),10.1017/s0890037x00022983,,,,2026-07-14,,,,,,,,,,Literature context,prombib_116,Diseases of Johnsongrass ( Sorghum halepense ): possible role as a reservoir of pathogens affecting other plants,1,
onegen_0086,2026-07-14,"Effect of pattern and severity of moisture deficit stress on stalk rot incidence in Sorghum I. Use of line source irrigation technique, and the effect of time of inoculation","Effect of pattern and severity of moisture deficit stress on stalk rot incidence in Sorghum I. Use of line source irrigation technique, and the effect of time of inoculation",10.1016/0378-4290(87)90018-9,,,,2026-07-14,,,,,,,,,,Literature context,prombib_055,"Sorghum pathology and biotechnology - a fungal disease perspective: Part II. Anthracnose, stalk rot, and downy mildew",1,
onegen_0087,2026-07-14,Effect of sowing dates on the incidence of long smut (Tolyposporium ehrenbergii) on sorghum,Effect of sowing dates on the incidence of long smut (Tolyposporium ehrenbergii) on sorghum,,,,,2026-07-14,,,,,,,,,,Literature context,prombib_024,Assessing the vulnerability of selected sorghum lines from the United States of America to long smut (Sporisorium ehrenbergii Vánky) disease,1,
onegen_0088,2026-07-14,Effect of weather parameters on the severity of sorghum anthracnose,Effect of weather parameters on the severity of sorghum anthracnose,,,,,2026-07-14,,,,,,,,,,Literature context,prombib_150,"Association and interrelationship among agronomic traits and fungal diseases of sorghum, anthracnose and grain mold",1,
onegen_0089,2026-07-14,Effects of integrating host plant resistance with time of planting or fungicides on anthracnose and grain mould and yield of sorghum ( Sorghum bicolor ) in the Nigerian northern Guinea Savanna,Effects of integrating host plant resistance with time of planting or fungicides on anthracnose and grain mould and yield of sorghum ( Sorghum bicolor ) in the Nigerian northern Guinea Savanna,10.1017/s0021859604004277,,,,2026-07-14,,,,,,,,,,Literature context,prombib_041,Effect of Host Genotypes and Weather Variables on the Severity and Temporal Dynamics of Sorghum Anthracnose in Ethiopia,1,
onegen_0090,2026-07-14,Elicitation of defense response genes in sorghum floral tissues infected by Fusarium thapsinum and Curvularia lunata at anthesis,Elicitation of defense response genes in sorghum floral tissues infected by Fusarium thapsinum and Curvularia lunata at anthesis,10.1016/j.pmpp.2004.02.001,,,,2026-07-14,,,,,,,,,,Literature context,prombib_037; prombib_052; prombib_064; prombib_135,"Evaluation of selected sorghum lines and hybrids for resistance to grain mold and long smut fungi in Senegal, West Africa; Expression of pathogenesis-related protein PR-10 in sorghum floral tissues in response to inoculation with Fusarium thapsinum and Curvularia lunata.; Isolation and characterization of the grain mold fungi Cochliobolus and Alternaria spp. from sorghum using semiselective media and DNA sequence analyses.; Response of senegalese sorghum seedlings to pathotype 5 of Sporisorium reilianum",1,
onegen_0091,2026-07-14,"Stutts, L. R. & Vermerris, W. Elucidating anthracnose resistance mechanisms in sorghum—a review. Phytopathology 110(12), 1863–1876 (2020).","Stutts, L. R. & Vermerris, W. Elucidating anthracnose resistance mechanisms in sorghum—a review. Phytopathology 110(12), 1863–1876 (2020).",10.1094/phyto-04-20-0132-rvw,,,,2026-07-14,,,,,,,,,,Literature context,prombib_126; prombib_128; prombib_141; prombib_164; prombib_168; prombib_169,"A Genome-Wide Association Study of Senegalese Sorghum Seedlings Responding to Pathotype 5 of Sporisorium reilianum.; Candidate genes for anthracnose resistance in Senegalese sorghum: a machine learning-based exploration; Genetic diversity, population structure and anthracnose resistance response in a novel sweet sorghum diversity panel; The NPGS Sudan sorghum germplasm collection reveals a novel cluster of R genes associated with rust resistant.; The inheritance of anthracnose (Colletotrichum sublineola) resistance in sorghum differential lines QL3 and IS18760; Unveiling the potential role of dhurrin in sorghum during infection by the head smut pathogen sporisorium reilianum f. sp. reilianum",1,
onegen_0092,2026-07-14,Ergosterol concentration and variability in genotype-by-pathogen interaction for grain mold resistance in sorghum,"Mpofu LT, McLaren NW. Planta. 2014;240:239-250.",10.1007/s00425-014-2081-7,https://doi.org/10.1007/s00425-014-2081-7,https://link.springer.com/content/pdf/10.1007/s00425-014-2081-7.pdf,onegen_0092.pdf,2026-07-14,bad10718e6c2dc471dc2de3b425365dd51bd22850051caef5bdc0608c7d226c3,Creative Commons Attribution; version unspecified,Open Access statement in article PDF,Reuse permitted under the published terms,Grain mold,11 named sorghum genotypes,Table 1 reports historical field grain-mold grades and R/I/S classes for 11 genotypes,Eleven genotypes were evaluated against five fungi; a figure reports ergosterol values and Table 1 reports field grades,Field grades come from prior evaluations; the current experiment measures ergosterol separately,Descriptive scientific context,prombib_081; prombib_105; prombib_136; prombib_150,"Association and interrelationship among agronomic traits and fungal diseases of sorghum, anthracnose and grain mold; Genome-wide association study of grain mold resistance in sorghum association panel as affected by inoculation with Alternaria alternata alone and Alternaria alternata, Fusarium thapsinum, and Curvularia lunata combined; Response of sorghum accessions from three African countries to anthracnose, grain mould, and rust; Screening of sorghum lines against long smut and grain mold pathogens",1,
onegen_0093,2026-07-14,"Ergot resistance in sorghum in relation to flowering, inoculation technique and disease development","Ergot resistance in sorghum in relation to flowering, inoculation technique and disease development",10.1111/j.1365-3059.1995.tb02722.x,,,,2026-07-14,,,,,,,,,,Literature context,prombib_017; prombib_021; prombib_029; prombib_145,"Ergot Response for the Sorghum Genotype IS8525; Evaluation of Sorghum Germplasm from China against Claviceps africana , Causal Agent of Sorghum Ergot; Inoculation Techniques for Identifying Resistance in Sorghum Genotypes to Sorghum Ergot; Inoculation and screening methods for major sorghum diseases caused by fungal pathogens: Claviceps africana, Colletotrichum sublineola, Sporisorium reilianum, Peronosclerospora sorghi and Macrophomina phaseolina",1,
onegen_0094,2026-07-14,Ergot Response for the Sorghum Genotype IS8525,Ergot Response for the Sorghum Genotype IS8525 (2006),10.3923/ppj.2006.216.220,https://doi.org/10.3923/ppj.2006.216.220,,main article tables,,,,Https://doi.org/10.3923/ppj.2006.216.220,,Ergot,"One named genotype, IS8525",Ergot response of sorghum genotype IS8525,Single-genotype evaluation of ergot response in IS8525,Single-genotype ergot experiment; broader screens provide comparative germplasm responses.,Literature context,prombib_029; prombib_047,"Evaluation of Sorghum Germplasm from China against Claviceps africana , Causal Agent of Sorghum Ergot; Sorghum pathology and biotechnology - a fungal disease perspective: Part I. Grain mold, head smut, and ergot",1,prom_ergot_is8525_2006
onegen_0095,2026-07-14,"Erpelding, J., Prom, L., & Rooney, W. (2005). Variation in anthracnose resistance within the Sudanese sorghum germplasm collection. Plant Genetic Resources Newsletter, 141, 11–14.","Erpelding, J., Prom, L., & Rooney, W. (2005). Variation in anthracnose resistance within the Sudanese sorghum germplasm collection. Plant Genetic Resources Newsletter, 141, 11–14.",,,,,2026-07-14,,,,,,,,,,Literature context,prombib_050,Genetic diversity and pathotype determination of Colletotrichum sublineolum isolates causing anthracnose in sorghum,1,
onegen_0096,2026-07-14,"Erpelding JE, Prom LK (2006) Variation for anthracnose resistance within the sorghum germplasm collection from Mozambique, Africa. Plant Pathol J 5:28–34","Variation for Anthracnose Resistance within the Sorghum Germplasm Collection from Mozambique, Africa (2006)",10.3923/ppj.2006.28.34,https://doi.org/10.3923/ppj.2006.28.34,,main article tables,,,,Https://doi.org/10.3923/ppj.2006.28.34,,Anthracnose,Mozambique germplasm,Disease-response values for candidate accessions,,Distinct measurements from this study,Literature context,prombib_031; prombib_035; prombib_041; prombib_045; prombib_054; prombib_055; prombib_061; prombib_066; prombib_069; prombib_089; prombib_126; prombib_131; prombib_138,"A Pictorial Technique for Mass Screening of Sorghum Germplasm for Anthracnose (Colletotrichum sublineolum) Resistance; A survey of the major sorghum production regions for foliar and panicle diseases during the 2022 growing season in Senegal, West Africa; Assessment of sorghum germplasm from Burkina Faso and South Africa to identify new sources of resistance to grain mold and anthracnose; Assessments of genetic diversity and anthracnose disease response among Zimbabwe sorghum germplasm.; Effect of Host Genotypes and Weather Variables on the Severity and Temporal Dynamics of Sorghum Anthracnose in Ethiopia; Evaluation of a subset of Ethiopia sorghum collection germplasm from the National Genetic Resources Program of the United States Department of Agriculture for anthracnose resistance; Evaluation of the Ugandan sorghum accessions for grain mold and anthracnose resistance; Inheritance and molecular mapping of anthracnose resistance genes present in sorghum line SC112-14; Molecular mapping of Cg1, a gene for resistance to anthracnose (Colletotrichum sublineolum) in sorghum; Population structure of the NPGS Senegalese sorghum collection and its evaluation to identify new disease resistant genes; Response of Sorghum Accessions from Four African Countries against Colletotrichum sublineolum, Causal Agent of Sorghum Anthracnose; Sorghum pathology and biotechnology - a fungal disease perspective: Part II. Anthracnose, stalk rot, and downy mildew; The inheritance of anthracnose (Colletotrichum sublineola) resistance in sorghum differential lines QL3 and IS18760",1,prom_mozambique_anthracnose_2006
onegen_0097,2026-07-14,Estimation of Combining Ability for Resistance to Fusarium Stalk Rot in Grain Sorghum,Estimation of Combining Ability for Resistance to Fusarium Stalk Rot in Grain Sorghum,10.2135/cropsci2004.1195,,,,2026-07-14,,,,,,,,,,Literature context,prombib_055,"Sorghum pathology and biotechnology - a fungal disease perspective: Part II. Anthracnose, stalk rot, and downy mildew",1,
onegen_0098,2026-07-14,Evaluation of anthracnose on grain sorghum.,Evaluation of anthracnose on grain sorghum.,10.2135/cropsci1964.0011183x000400050006x,,,,2026-07-14,,,,,,,,,,Literature context,prombib_014; prombib_023; prombib_031; prombib_035; prombib_045; prombib_050; prombib_055; prombib_074; prombib_145,"A Pictorial Technique for Mass Screening of Sorghum Germplasm for Anthracnose (Colletotrichum sublineolum) Resistance; Evaluation of Malian Sorghum Germplasm for Resistance Against Anthracnose; Evaluation of the Ugandan sorghum accessions for grain mold and anthracnose resistance; Genetic diversity and pathotype determination of Colletotrichum sublineolum isolates causing anthracnose in sorghum; Inoculation and screening methods for major sorghum diseases caused by fungal pathogens: Claviceps africana, Colletotrichum sublineola, Sporisorium reilianum, Peronosclerospora sorghi and Macrophomina phaseolina; Molecular mapping of Cg1, a gene for resistance to anthracnose (Colletotrichum sublineolum) in sorghum; Sorghum pathology and biotechnology - a fungal disease perspective: Part II. Anthracnose, stalk rot, and downy mildew; The impact of weather conditions on response of sorghum genotypes to anthracnose (Colletotrichum sublineola) infection; Variation for Anthracnose Resistance within the Sorghum Germplasm Collection from Mozambique, Africa",1,
onegen_0099,2026-07-14,Evaluation of Elite Sorghum Accessions for Multiple Disease Resistance,Navi SS et al. Evaluation of Elite Sorghum Accessions for Multiple Disease Resistance.,ICRISAT-OAR:1455,https://oar.icrisat.org/1455/,https://oar.icrisat.org/1175/1/RA_00398.pdf,onegen_0099_evaluation_of_elite_sorghum_accessions_for_multiple_disease_resistance_icrisat.pdf,2026-07-14,517bfd3501f9898f59518a7912b1fdeb4813f3ed259835257025cebbcc0b3e20,Public repository copy available,ICRISAT OAR record,,Multiple sorghum diseases,82 named landraces reported disease-free across the surveyed diseases,Named subset with a combined disease-free designation,Multiple disease-screen environments described in the report,Distinct multi-disease screening report.,Descriptive scientific context,prombib_055,"Sorghum pathology and biotechnology - a fungal disease perspective: Part II. Anthracnose, stalk rot, and downy mildew",1,
onegen_0100,2026-07-14,Evaluation of Ethiopian sorghum accessions for resistance against Colletotrichum sublineolum,Evaluation of Ethiopian sorghum accessions for resistance against Colletotrichum sublineolum,10.1007/s10658-011-9861-8,,,,2026-07-14,,,,,,,,,,Literature context,prombib_131,Evaluation of a subset of Ethiopia sorghum collection germplasm from the National Genetic Resources Program of the United States Department of Agriculture for anthracnose resistance,1,
onegen_0101,2026-07-14,Evaluation of Field Screening Techniques for Resistance to Sorghum Grain Molds,Evaluation of Field Screening Techniques for Resistance to Sorghum Grain Molds,10.1094/pd-72-0500,,,,2026-07-14,,,,,,,,,,Literature context,prombib_022; prombib_059,"Response of near isogenic sorghum lines, differing at the P locus for plant color, to grain mold and head smut fungi; Seed Mycoflora for Grain Mold from Natural Infection in Sorghum Germplasm Grown at Isabela, Puerto Rico and their Association with Kernel Weight and Germination",1,
onegen_0102,2026-07-14,"Evaluation of Gambian and Malian sorghum germplasm against downy mildew pathogen, Peronosclerospora sorghi, in Mexico and the USA","Evaluation of Gambian and Malian sorghum germplasm against downy mildew pathogen, Peronosclerospora sorghi, in Mexico and the USA (2014)",10.1007/s10327-014-0557-8,https://doi.org/10.1007/s10327-014-0557-8,,main article tables,,,,Https://doi.org/10.1007/s10327-014-0557-8,,Downy mildew,Gambian and Malian germplasm,Disease-response values for candidate accessions,,Distinct measurements from this study,Literature context,prombib_101,New sources of sorghum resistant genotypes to downy mildew diseases in Uganda,1,prom_gambia_mali_downy_mildew_2014
onegen_0103,2026-07-14,"Evaluation of genetic diversity, agronomic traits, and anthracnose resistance in the NPGS Sudan Sorghum Core collection","Evaluation of genetic diversity, agronomic traits, and anthracnose resistance in the NPGS Sudan Sorghum Core collection (2020)",10.1186/s12864-020-6489-0; 10.6084/m9.figshare.11759763,https://springernature.figshare.com/articles/dataset/Additional_file_1_of_Evaluation_of_genetic_diversity_agronomic_traits_and_anthracnose_resistance_in_the_NPGS_Sudan_Sorghum_Core_collection/11759763,https://ndownloader.figshare.com/files/21417012,12864_2020_6489_MOESM1_ESM.xlsx,2026-07-14,c997ca9c144eeac77aaeebb60359ec8b9ce09880d0da5cebc03901b759bace54,Creative Commons Attribution 4.0,Https://springernature.figshare.com/articles/dataset/Additional_file_1_of_Evaluation_of_genetic_diversity_agronomic_traits_and_anthracnose_resistance_in_the_NPGS_Sudan_Sorghum_Core_collection/11759763,Reuse permitted under the published terms,Anthracnose,318 accessions,Public accession-by-environment table available,,Original Sudan anthracnose experiment; shares collection with later Sudan grain-mold and rust studies but those are distinct disease experiments,Quantitative analysis of accession or line responses,prombib_119; prombib_126; prombib_141; prombib_149; prombib_161; prombib_168,"Association analysis of grain mould resistance in a core collection of NPGS Ethiopian sorghum germplasm; Genetic diversity, population structure and anthracnose resistance response in a novel sweet sorghum diversity panel; Genome-wide association analysis for response of Senegalese sorghum accessions to Texas isolates of anthracnose; The NPGS Sudan sorghum germplasm collection reveals a novel cluster of R genes associated with rust resistant.; The NPGS Sudanese sorghum core collection encloses novel grain mold resistant germplasm; The inheritance of anthracnose (Colletotrichum sublineola) resistance in sorghum differential lines QL3 and IS18760",1,prom_sudan_anthracnose_2020
onegen_0104,2026-07-14,Evaluation of genetic mixtures of sorghum lines for anthracnose resistance management,Evaluation of genetic mixtures of sorghum lines for anthracnose resistance management,10.1590/s0100-41582005000500011,,,,2026-07-14,,,,,,,,,,Literature context,prombib_087,"Inheritance of resistance of three sorghum lines to pathotypes of Colletotrichum sublineola, causal agent of anthracnose",1,
onegen_0105,2026-07-14,Evaluation of greenhouse inoculation techniques to screen sorghum for resistance to downy mildew,Evaluation of greenhouse inoculation techniques to screen sorghum for resistance to downy mildew,10.1007/bf00035938,,,,2026-07-14,,,,,,,,,,Literature context,prombib_145,"Inoculation and screening methods for major sorghum diseases caused by fungal pathogens: Claviceps africana, Colletotrichum sublineola, Sporisorium reilianum, Peronosclerospora sorghi and Macrophomina phaseolina",1,
onegen_0106,2026-07-14,Evaluation of Malian Sorghum Germplasm for Resistance Against Anthracnose,Evaluation of Malian Sorghum Germplasm for Resistance Against Anthracnose (2004),10.3923/ppj.2004.65.71,https://doi.org/10.3923/ppj.2004.65.71,,main article tables,,,,Https://doi.org/10.3923/ppj.2004.65.71,,Anthracnose,Malian germplasm,Disease-response values for candidate accessions,,,Literature context,prombib_023; prombib_025; prombib_035; prombib_041; prombib_045; prombib_050; prombib_054; prombib_055; prombib_061; prombib_066; prombib_069; prombib_074; prombib_086; prombib_087; prombib_089; prombib_096; prombib_097; prombib_107; prombib_110; prombib_126,"A Pictorial Technique for Mass Screening of Sorghum Germplasm for Anthracnose (Colletotrichum sublineolum) Resistance; Assessment of sorghum germplasm from Burkina Faso and South Africa to identify new sources of resistance to grain mold and anthracnose; Assessments of genetic diversity and anthracnose disease response among Zimbabwe sorghum germplasm.; Chinese sorghum germplasm evaluated for resistance to downy mildew and anthracnose; Effect of Host Genotypes and Weather Variables on the Severity and Temporal Dynamics of Sorghum Anthracnose in Ethiopia; Evaluation of the Ugandan sorghum accessions for grain mold and anthracnose resistance; Genetic diversity and pathotype determination of Colletotrichum sublineolum isolates causing anthracnose in sorghum; Genome wide association analysis of sorghum mini core lines regarding anthracnose, downy mildew, and head smut; Genome-wide association mapping of anthracnose (Collectotrichum sublineolun) resistance in the U.S. sorghum association panel; Genome-wide association mapping of anthracnose (Colletotrichum sublineolum) resistance in NPGS Ethiopian sorghum germplasm; Inheritance and molecular mapping of anthracnose resistance genes present in sorghum line SC112-14; Inheritance of resistance of three sorghum lines to pathotypes of Colletotrichum sublineola, causal agent of anthracnose; Late growth stages of johnsongrass can act as an alternate host of Colletotrichum sublineola; Population structure of the NPGS Senegalese sorghum collection and its evaluation to identify new disease resistant genes; Response of Sorghum Accessions from Four African Countries against Colletotrichum sublineolum, Causal Agent of Sorghum Anthracnose; Screening sorghum accessions for resistance against anthracnose and grain mold through inoculating with pathogens; Sorghum pathology and biotechnology - a fungal disease perspective: Part II. Anthracnose, stalk rot, and downy mildew; The impact of weather conditions on response of sorghum genotypes to anthracnose (Colletotrichum sublineola) infection; The inheritance of anthracnose (Colletotrichum sublineola) resistance in sorghum differential lines QL3 and IS18760; Variation for Anthracnose Resistance within the Sorghum Germplasm Collection from Mozambique, Africa",1,prom_mali_anthracnose_2004
onegen_0107,2026-07-14,Evaluation of Relationships Between Weather Patterns and Prevalence of Sorghum Ergot in the Texas Panhandle,Evaluation of Relationships Between Weather Patterns and Prevalence of Sorghum Ergot in the Texas Panhandle,10.1094/phyto.2002.92.6.659,,,,2026-07-14,,,,,,,,,,Literature context,prombib_019; prombib_028; prombib_036,"Disease Severity and Susceptibility of Sorghum [Sorghum bicolor (L.) Moench.] to Infection by Claviceps africana Frederickson, Mantle and de Milliano in Mexico and the United States of America; Effect of temperature and relative humidity on sorghum ergot development in northern Mexico; Survival of Claviceps africana Within Sorghum Panicles at Several Texas Locations.",1,
onegen_0108,2026-07-14,Evaluation of resistance in sorghum genotypes to the causal agent of anthracnose,"Buiate EAS. MSc dissertation, Universidade Federal de Lavras. 2009.",UFLA:handle/1/4224,https://repositorio.ufla.br/items/58707585-2c2b-48a8-9b1c-caaf6d0f85af,https://repositorio.ufla.br/bitstreams/b50fe041-1d15-49a1-bbc0-4c2987e9431f/download,onegen_0108_original_thesis.pdf,2026-07-14,c8c09d537b0034d382507bc80212922ae0690329a0511520e5ae9e4b64c6cfce,Public read access through the repository,UFLA dc.rights=acesso aberto,,Anthracnose,150 study-coded genotypes: 87 lines and 63 hybrids; 12 isolates,Dissertation tables give complete severity/latent-response matrices,Brazil field/controlled evaluations,The 2010 journal article reports measurements first published in this 2009 dissertation.,Descriptive scientific context,prombib_136,"Response of sorghum accessions from three African countries to anthracnose, grain mould, and rust",1,
onegen_0109,2026-07-14,Evaluation of selected Ethiopian sorghum genotypes for resistance to anthracnose,Evaluation of selected Ethiopian sorghum genotypes for resistance to anthracnose,10.1007/s10658-021-02386-6,,,,2026-07-14,,,,,,,,,,Literature context,prombib_131,Evaluation of a subset of Ethiopia sorghum collection germplasm from the National Genetic Resources Program of the United States Department of Agriculture for anthracnose resistance,1,
onegen_0110,2026-07-14,"Evaluation of Selected Sorghum Lines and Hybrids for Resistance to Grain Mold and Long Smut Fungi in Senegal, West Africa","Evaluation of Selected Sorghum Lines and Hybrids for Resistance to Grain Mold and Long Smut Fungi in Senegal, West Africa (2014)",10.1094/PHP-RS-13-0128,https://doi.org/10.1094/PHP-RS-13-0128,,main article tables,,,,Https://doi.org/10.1094/PHP-RS-13-0128,,Grain mold; Long smut,Lines and hybrids,Disease-response values for candidate lines and hybrids,,,Literature context,prombib_077; prombib_081; prombib_088; prombib_105; prombib_171,"Agronomic traits of sorghum cultivars from the US and Senegal and their response to grain mold infection; Genome-wide association study of grain mold resistance in sorghum association panel as affected by inoculation with Alternaria alternata alone and Alternaria alternata, Fusarium thapsinum, and Curvularia lunata combined; Grain biodeterioration of sorghum converted lines inoculated with a mixture of Fusarium thapsinum and Curvularia lunata; Mycoflora analysis and other measured parameters of sorghum seeds collected from Puerto Rico and Mexico; Screening of sorghum lines against long smut and grain mold pathogens",1,prom_senegal_grain_mold_long_smut_2014
onegen_0111,2026-07-14,Evaluation of sorghum accessions from Ethiopia and Mali against Fusarium thapsinum,Evaluation of sorghum accessions from Ethiopia and Mali against Fusarium thapsinum (2013),URL:http://jtropag.kau.in/index.php/ojs2/article/download/286/286,http://jtropag.kau.in/index.php/ojs2/article/download/286/286,,article PDF tables,,,,Http://jtropag.kau.in/index.php/ojs2/article/download/286/286,,Fusarium grain or stalk disease,Ethiopian and Malian accessions,Disease-response values for candidate accessions,,Distinct measurements from this study,Literature context,prombib_090; prombib_110,Response of sorghum lines and hybrids from the United States to long smut and grain mold; Screening sorghum accessions for resistance against anthracnose and grain mold through inoculating with pathogens,1,prom_ethiopia_mali_fusarium_2013
onegen_0112,2026-07-14,Evaluation of sorghum genotypes for their reaction to major grain molds and mycotoxin-producing fungi in two climates of Ethiopia,Evaluation of sorghum genotypes for their reaction to major grain molds and mycotoxin-producing fungi in two climates of Ethiopia,10.1163/22238980-bja10050,,,,2026-07-14,,,,,,,,,,Literature context,prombib_150,"Association and interrelationship among agronomic traits and fungal diseases of sorghum, anthracnose and grain mold",1,
onegen_0113,2026-07-14,Evaluation of sorghum germplasm resistance to anthracnose by Colletotrichum sublineolum in China,Evaluation of sorghum germplasm resistance to anthracnose by Colletotrichum sublineolum in China,10.1016/j.cropro.2020.105173,,,,2026-07-14,,,,,,,,,,Literature context,prombib_150,"Association and interrelationship among agronomic traits and fungal diseases of sorghum, anthracnose and grain mold",1,
onegen_0114,2026-07-14,Evaluation of the Ugandan sorghum accessions for grain mold and anthracnose resistance,Evaluation of the Ugandan sorghum accessions for grain mold and anthracnose resistance (2011),10.1016/j.cropro.2010.12.025,https://doi.org/10.1016/j.cropro.2010.12.025,,main article tables,,,,Https://doi.org/10.1016/j.cropro.2010.12.025,,Grain mold; anthracnose,Ugandan accessions,Disease-response values for candidate accessions,,,Literature context,prombib_055; prombib_061; prombib_069; prombib_086; prombib_089; prombib_098; prombib_105; prombib_106; prombib_109; prombib_112; prombib_126; prombib_136; prombib_141,"Assessment of sorghum germplasm from Burkina Faso and South Africa to identify new sources of resistance to grain mold and anthracnose; Assessments of genetic diversity and anthracnose disease response among Zimbabwe sorghum germplasm.; Genetic diversity, population structure and anthracnose resistance response in a novel sweet sorghum diversity panel; Genome-wide association mapping of anthracnose (Collectotrichum sublineolun) resistance in the U.S. sorghum association panel; Genome-wide association mapping of grain mold resistance in the U.S. sorghum association panel; Genome-wide association study of grain mold resistance in sorghum association panel as affected by inoculation with Alternaria alternata alone and Alternaria alternata, Fusarium thapsinum, and Curvularia lunata combined; Genomic dissection of anthracnose (Colletotrichum sublineolum) resistance response in sorghum differential line SC112-14; Population structure of the NPGS Senegalese sorghum collection and its evaluation to identify new disease resistant genes; Response of sorghum accessions from three African countries to anthracnose, grain mould, and rust; Response of the set of anthracnose differentials to other foliar and panicle diseases in Niger; Sorghum pathology and biotechnology - a fungal disease perspective: Part II. Anthracnose, stalk rot, and downy mildew; Survey of the prevalence and incidence of foliar and panicle diseases of sorghum across production fields in Niger; The inheritance of anthracnose (Colletotrichum sublineola) resistance in sorghum differential lines QL3 and IS18760",1,prom_uganda_grain_mold_anthracnose_2011
onegen_0115,2026-07-14,Excised leaf method for high volume evaluation of sorghum germplasm for resistance against Colletotrichum sublineolum,Excised Leaf Method for High Volume Evaluation of Sorghum Germplasm for Resistance Against Colletotrichum sublineolum (2015),10.3923/ppj.2016.11.16,https://doi.org/10.3923/ppj.2016.11.16,,main article tables,,,,Https://doi.org/10.3923/ppj.2016.11.16,,Anthracnose,Sorghum germplasm,Disease-response values for candidates in the germplasm screen,,,Literature context,prombib_084; prombib_107; prombib_108; prombib_127; prombib_133; prombib_134; prombib_145,"Defense responses against the sorghum anthracnose pathogen in leaf blade and midrib tissue of johnsongrass and sorghum; Genome-wide association study of Senegalese sorghum seedlings responding to a Texas isolate of Colletotrichum sublineola.; Inoculation and screening methods for major sorghum diseases caused by fungal pathogens: Claviceps africana, Colletotrichum sublineola, Sporisorium reilianum, Peronosclerospora sorghi and Macrophomina phaseolina; Johnsongrass rhizome tissue can be infected by Colletotrichum sublineola; Late growth stages of johnsongrass can act as an alternate host of Colletotrichum sublineola; Leaf angle distribution in Johnsongrass, leaf thickness in sorghum and Johnsongrass, and association with response to Colletotrichum sublineola.; The response of sorghum cultivars to mixtures of compatible and incompatible isolates and different conidia concentrations of Colletotrichum sublineola",1,prom_excised_leaf_screen_2015
onegen_0116,2026-07-14,Expression of pathogenesis‐related protein PR‐10 in sorghum floral tissues in response to inoculation with Fusarium thapsinum and Curvularia lunata,Expression of pathogenesis-related protein PR-10 in sorghum floral tissues in response to inoculation with Fusarium thapsinum and Curvularia lunata (2009),10.1111/j.1364-3703.2009.00580.x,https://doi.org/10.1111/j.1364-3703.2009.00580.x,,main article tables,,,,Https://doi.org/10.1111/j.1364-3703.2009.00580.x,,Grain mold,Selected sorghum lines and floral tissues,Mechanistic protein-expression experiment used for biological context,Mechanistic context,Mechanistic experiment used for biological context,Literature context,prombib_064; prombib_077; prombib_105,"Evaluation of selected sorghum lines and hybrids for resistance to grain mold and long smut fungi in Senegal, West Africa; Genome-wide association study of grain mold resistance in sorghum association panel as affected by inoculation with Alternaria alternata alone and Alternaria alternata, Fusarium thapsinum, and Curvularia lunata combined; Grain biodeterioration of sorghum converted lines inoculated with a mixture of Fusarium thapsinum and Curvularia lunata",1,prom_pr10_grain_mold_defense_2009
onegen_0117,2026-07-14,Expression of Susceptibility to Fusarium Head Blight and Grain Mold in A 1 and A 2 Cytoplasms of Sorghum bicolor,Expression of Susceptibility to Fusarium Head Blight and Grain Mold in A 1 and A 2 Cytoplasms of Sorghum bicolor,10.1094/pdis.2003.87.2.172,,,,2026-07-14,,,,,,,,,,Literature context,prombib_052,Isolation and characterization of the grain mold fungi Cochliobolus and Alternaria spp. from sorghum using semiselective media and DNA sequence analyses.,1,
onegen_0118,2026-07-14,"Fernandes FT, Schaffert RE (1983) The reaction of several sorghum cultivars to a new race of sorghum downy mildew (Peronosclerospora sorghi) in southern Brazil in 1982–1983. Agron Abstr 27:63","Fernandes FT, Schaffert RE (1983) The reaction of several sorghum cultivars to a new race of sorghum downy mildew (Peronosclerospora sorghi) in southern Brazil in 1982–1983. Agron Abstr 27:63",,,,,2026-07-14,,,,,,,,,,Literature context,prombib_063,"Evaluation of Gambian and Malian sorghum germplasm against downy mildew pathogen, Peronosclerospora sorghi, in Mexico and the USA",1,
onegen_0119,2026-07-14,Field Assessment of Anthracnose Disease Response for the Sorghum Germplasm Collection from the Mopti Region,Erpelding JE. American Journal of Agricultural and Biological Sciences. 2010;5:363-369.,10.3844/ajabssp.2010.363.369,https://doi.org/10.3844/ajabssp.2010.363.369,https://thescipub.com/pdf/ajabssp.2010.363.369.pdf,onegen_0119_field_assessment_of_anthracnose_disease_response_for_the_sorghum_germplasm_collection_from.pdf,2026-07-14,2298b183a2e7983a73b1f091d7ac945125309bfa75cd1d46aea6981f6a74321d,Public full text available,Article PDF,,Anthracnose,97 named Mopti accessions plus controls,Anthracnose responses for 97 named Mopti accessions and controls,Inoculated field evaluation,Distinct Mopti-region germplasm evaluation.,Descriptive scientific context,prombib_123; prombib_150,"Association and interrelationship among agronomic traits and fungal diseases of sorghum, anthracnose and grain mold; Pathogenic variability of Colletotrichum sublineolum isolates on sorghum differentials under greenhouse conditions in Jimma, Ethiopia",1,
onegen_0120,2026-07-14,Field evaluation of anthracnose disease response for the sorghum germplasm collection from the Kayes region of Mali,Field evaluation of anthracnose disease response for the sorghum germplasm collection from the Kayes region of Mali,,,,,2026-07-14,,,,,,,,,,Literature context,prombib_055,"Sorghum pathology and biotechnology - a fungal disease perspective: Part II. Anthracnose, stalk rot, and downy mildew",1,
onegen_0121,2026-07-14,Field Evaluation of Anthracnose Resistance for Sorghum Germplasm from the Sikasso Region of Mali,Erpelding JE. The Open Agriculture Journal. 2008;2:113-120.,10.2174/1874331500802010113,https://openagriculturejournal.com/VOLUME/2/PAGE/113/FULLTEXT/,https://openagriculturejournal.com/VOLUME/2/PAGE/113/PDF/,erpelding_2008_sikasso_anthracnose_10.2174_1874331500802010113.pdf,2026-07-14,87d71e0031bd89a068656a7bd8301d347c7c2cbb1917dab026926939ca4781ab,Creative Commons Attribution-NonCommercial 3.0,"PDF copyright line; landing page now states CC BY 4.0, so the original PDF's more restrictive CC BY-NC 3.0 statement is used conservatively",Reuse permitted for noncommercial purposes,Anthracnose,132 named Mali landraces plus 13 named control genotypes,Table 1 publishes 2004 and 2005 1-5 ratings and susceptible-only severity percentages,"Inoculated field evaluations at Isabela, Puerto Rico in 2004 and 2005",,Descriptive scientific context,prombib_140,Genetic diversity and classification of Colletotrichum sublineola pathotypes using a standard set of sorghum differentials,1,
onegen_0122,2026-07-14,Field evaluation of foliar anthracnose disease response for sorghum germplasm from the Matabeleland North Province of Zimbabwe,Field evaluation of foliar anthracnose disease response for sorghum germplasm from the Matabeleland North Province of Zimbabwe,,,,,2026-07-14,,,,,,,,,,Literature context,prombib_055,"Sorghum pathology and biotechnology - a fungal disease perspective: Part II. Anthracnose, stalk rot, and downy mildew",1,
onegen_0123,2026-07-14,Field reaction of sorghum germplasm to foliar and seed diseases.,Field reaction of sorghum germplasm to foliar and seed diseases.,,,,,2026-07-14,,,,,,,,,,Literature context,prombib_073,Reaction of sorghum lines to zonate leaf spot and rough leaf spot,1,
onegen_0124,2026-07-14,Flavonoid Phytoalexin-Dependent Resistance to Anthracnose Leaf Blight Requires a Functional yellow seed1 in Sorghum bicolor,Flavonoid Phytoalexin-Dependent Resistance to Anthracnose Leaf Blight Requires a Functional yellow seed1 in Sorghum bicolor,10.1534/genetics.109.111831,,,,2026-07-14,,,,,,,,,,Literature context,prombib_061; prombib_149,Assessments of genetic diversity and anthracnose disease response among Zimbabwe sorghum germplasm.; Association analysis of grain mould resistance in a core collection of NPGS Ethiopian sorghum germplasm,1,
onegen_0125,2026-07-14,"Forbes, G. A. Characterization of grain mold resistance in sorghum (Sorghumbicolor(L.) Moench). Ph.D. Dissertation Texas A&M University, College Station, TX, 1986; 75 pp.","Forbes, G. A. Characterization of grain mold resistance in sorghum (Sorghumbicolor(L.) Moench). Ph.D. Dissertation Texas A&M University, College Station, TX, 1986; 75 pp.",,,,,2026-07-14,,,,,,,,,,Literature context,prombib_018,Role of chitinase and sormatin accumulation in the resistance of sorghum cultivars to grain mold.,1,
onegen_0126,2026-07-14,"Forbes GA (1986) Characterization of grain mold resistance in sorghum [Sorghum Bicolor (L.) Moench] (histology, fluorescence microscopy). Texas A&M University","Forbes GA (1986) Characterization of grain mold resistance in sorghum [Sorghum Bicolor (L.) Moench] (histology, fluorescence microscopy). Texas A&M University",,,,,2026-07-14,,,,,,,,,,Literature context,prombib_161,The NPGS Sudanese sorghum core collection encloses novel grain mold resistant germplasm,1,
onegen_0127,2026-07-14,Frequency of Isolation of Four Fungal Species Colonizing Sorghum Grain Collected from Six Lines in an Anthracnose-Infected Field,Frequency of Isolation of Four Fungal Species Colonizing Sorghum Grain Collected from Six Lines in an Anthracnose-Infected Field (2023),10.32861/jac.91.137.140,https://doi.org/10.32861/jac.91.137.140,,main article tables,,,,Https://doi.org/10.32861/jac.91.137.140,,Seed mycoflora,Six sorghum lines,Fungal-isolation study used for mycological context,Fungal-community context,Fungal isolation frequency provides mycological context for disease screening,Literature context,prombib_147,Reaction of sorghum differentials to grain mold infection in Puerto Rico,1,prom_six_line_fungal_isolation_2023
onegen_0128,2026-07-14,"Gaffoor, I. et al. Performance of novel sorghum germplasm in Pennsylvania and their response to anthracnose. Crop Sci. 61(4), 2612–2627 (2021).",Gaffoor I et al. Crop Science. 2021;61:2612-2627.,10.1002/csc2.20486,https://doi.org/10.1002/csc2.20486,https://oar.icrisat.org/13037/1/Crop%20Science_61_4_2612-2627_2021.pdf,gaffoor_2021_pennsylvania_anthracnose_10.1002_csc2.20486.pdf,2026-07-14,3babc7aa4e67f8237d8c93c2b8515fb202925f4b9bf1ef732c9384294ad62fcc,,Public PDF in the ICRISAT repository,,Anthracnose,158 experimental lines and hybrids in the field screen; Table 3 reports a 35-line subset,"Main Table 3 publishes greenhouse and field 2016 median, mean, range, minimum, and maximum 1-9 severity for 35 named lines",,The Pennsylvania field and greenhouse experiments generated their own disease-response measurements.,Descriptive scientific context,prombib_126,The inheritance of anthracnose (Colletotrichum sublineola) resistance in sorghum differential lines QL3 and IS18760,1,
onegen_0129,2026-07-14,GBS-Based SNP Map Pinpoints the QTL Associated With Sorghum Downy Mildew Resistance in Maize (Zea mays L.),GBS-Based SNP Map Pinpoints the QTL Associated With Sorghum Downy Mildew Resistance in Maize (Zea mays L.),10.3389/fgene.2022.890133,,,,2026-07-14,,,,,,,,,,Literature context,prombib_158,Genome-wide association study of Nigerien and Senegalese sorghum genotypes for their response to downy mildew,1,
onegen_0130,2026-07-14,Genetic analysis of grain mold resistance in white seed sorghum genotypes,Genetic analysis of grain mold resistance in white seed sorghum genotypes,10.1007/s10681-005-0534-6,,,,2026-07-14,,,,,,,,,,Literature context,prombib_089; prombib_150,"Association and interrelationship among agronomic traits and fungal diseases of sorghum, anthracnose and grain mold; Population structure of the NPGS Senegalese sorghum collection and its evaluation to identify new disease resistant genes",1,
onegen_0131,2026-07-14,Genetic and ontogenic analysis of anthracnose resistance in Sorghum bicolor (L.) Moench,Genetic and ontogenic analysis of anthracnose resistance in Sorghum bicolor (L.) Moench,,,,,2026-07-14,,,,,,,,,,Literature context,prombib_031; prombib_066; prombib_086,"Genome-wide association mapping of anthracnose (Collectotrichum sublineolun) resistance in the U.S. sorghum association panel; Inheritance and molecular mapping of anthracnose resistance genes present in sorghum line SC112-14; Molecular mapping of Cg1, a gene for resistance to anthracnose (Colletotrichum sublineolum) in sorghum",1,
onegen_0132,2026-07-14,Genetic basis of resistance to zonate leaf spot disease in forage sorghum,Genetic basis of resistance to zonate leaf spot disease in forage sorghum,10.1007/bf00260906,,,,2026-07-14,,,,,,,,,,Literature context,prombib_073,Reaction of sorghum lines to zonate leaf spot and rough leaf spot,1,
onegen_0133,2026-07-14,Genetic control of sorghum resistance to leaf anthracnose,Costa RV et al. Embrapa Milho e Sorgo Comunicado Tecnico 162. 2008.,Embrapa:doc/491777,https://www.infoteca.cnptia.embrapa.br/handle/doc/491777,https://www.infoteca.cnptia.embrapa.br/infoteca/bitstream/doc/491777/1/Com162.pdf,onegen_0133_original_2008.pdf,2026-07-14,e4fc452c2e4f9270f83c4e25072e024407ada68e7c4f6fcaaf7b7c3fa15dd919,Public read access through the repository,Embrapa record states openAccess,,Anthracnose,Four named parent lines evaluated across six isolates,Tables 1 and 3 report parental R/S reactions; progeny tables report aggregate generation counts,Embrapa field/greenhouse inheritance experiment,The 2011 Plant Pathology article (10.1111/j.1365-3059.2011.02469.x) is a derivative publication of the 2008 bulletin experiment.,Descriptive scientific context,prombib_087; prombib_109,"Inheritance of resistance of three sorghum lines to pathotypes of Colletotrichum sublineola, causal agent of anthracnose; Response of the set of anthracnose differentials to other foliar and panicle diseases in Niger",1,
onegen_0134,2026-07-14,Genetic Diversity Among Colletotrichum sublineolum Pathotypes Isolated From Sorghum (Sorghum bicolor),Genetic Diversity Among Colletotrichum sublineolum Pathotypes Isolated From Sorghum (Sorghum bicolor),10.18512/1980-6477/rbms.v5n2p304-318,,,,2026-07-14,,,,,,,,,,Literature context,prombib_055,"Sorghum pathology and biotechnology - a fungal disease perspective: Part II. Anthracnose, stalk rot, and downy mildew",1,
onegen_0135,2026-07-14,Genetic diversity and pathotype determination of Colletotrichum sublineolum isolates causing anthracnose in sorghum,Genetic diversity and pathotype determination of Colletotrichum sublineolum isolates causing anthracnose in sorghum (2012),10.1007/s10658-012-9946-z,https://doi.org/10.1007/s10658-012-9946-z,,main article tables,,,,Https://doi.org/10.1007/s10658-012-9946-z,,Anthracnose pathotype,Isolate-by-differential experiment,Disease-response values for candidate differential lines,,,Literature context,prombib_061; prombib_066; prombib_069; prombib_071; prombib_086; prombib_087; prombib_089; prombib_096; prombib_097; prombib_099; prombib_103; prombib_106; prombib_109; prombib_110; prombib_119; prombib_121; prombib_126; prombib_127; prombib_131; prombib_134; prombib_136; prombib_140; prombib_141; prombib_147,"Assessment of sorghum germplasm from Burkina Faso and South Africa to identify new sources of resistance to grain mold and anthracnose; Assessments of genetic diversity and anthracnose disease response among Zimbabwe sorghum germplasm.; Evaluation of a subset of Ethiopia sorghum collection germplasm from the National Genetic Resources Program of the United States Department of Agriculture for anthracnose resistance; Evaluation of genetic diversity, agronomic traits, and anthracnose resistance in the NPGS Sudan sorghum core collection; Excised leaf method for high volume evaluation of sorghum germplasm for resistance against Colletotrichum sublineolum; GWAS analysis of sorghum association panel lines identifies SNPs associated with disease response to Texas isolates of Colletotrichum sublineola; Genetic diversity and classification of Colletotrichum sublineola pathotypes using a standard set of sorghum differentials; Genetic diversity, population structure and anthracnose resistance response in a novel sweet sorghum diversity panel; Genome wide association analysis of sorghum mini core lines regarding anthracnose, downy mildew, and head smut; Genome-wide association analysis for response of Senegalese sorghum accessions to Texas isolates of anthracnose; Genome-wide association mapping of anthracnose (Collectotrichum sublineolun) resistance in the U.S. sorghum association panel; Genome-wide association mapping of anthracnose (Colletotrichum sublineolum) resistance in NPGS Ethiopian sorghum germplasm; Genomic dissection of anthracnose (Colletotrichum sublineolum) resistance response in sorghum differential line SC112-14; Inheritance and molecular mapping of anthracnose resistance genes present in sorghum line SC112-14; Inheritance of resistance of three sorghum lines to pathotypes of Colletotrichum sublineola, causal agent of anthracnose; Johnsongrass rhizome tissue can be infected by Colletotrichum sublineola; Population structure of the NPGS Senegalese sorghum collection and its evaluation to identify new disease resistant genes; RNA-Sequencing in Resistant (QL3) and Susceptible (Theis) Sorghum Cultivars Inoculated With Johnsongrass Isolates of Colletotrichum sublineola.; Reaction of sorghum differentials to grain mold infection in Puerto Rico; Response of sorghum accessions from three African countries to anthracnose, grain mould, and rust; Response of the set of anthracnose differentials to other foliar and panicle diseases in Niger; Screening sorghum accessions for resistance against anthracnose and grain mold through inoculating with pathogens; The inheritance of anthracnose (Colletotrichum sublineola) resistance in sorghum differential lines QL3 and IS18760; The response of sorghum cultivars to mixtures of compatible and incompatible isolates and different conidia concentrations of Colletotrichum sublineola",1,prom_anthracnose_pathotypes_2012
onegen_0136,2026-07-14,Genetic Diversity of Colletotrichum sublineolum Isolates from a Single Field in Southern Ethiopia and Evidence for the Existence of MAT2 Genotypes in Different Parts of the Country,Genetic Diversity of Colletotrichum sublineolum Isolates from a Single Field in Southern Ethiopia and Evidence for the Existence of MAT2 Genotypes in Different Parts of the Country,,,,,2026-07-14,,,,,,,,,,Literature context,prombib_140,Genetic diversity and classification of Colletotrichum sublineola pathotypes using a standard set of sorghum differentials,1,
onegen_0137,2026-07-14,Genetic mapping of sorghum resistance to an Illinois isolate of Colletotrichum sublineola,Khanal R et al. The Plant Genome. 2022.,10.1002/tpg2.20243,https://doi.org/10.1002/tpg2.20243,https://acsess.onlinelibrary.wiley.com/action/downloadSupplement?doi=10.1002%2Ftpg2.20243&file=tpg220243-sup-0002-SupplementalFileS1.xlsx,,2026-07-14,,Public full text or supplement available,Https://doi.org/10.1002/tpg2.20243,,Anthracnose,579 temperate-adapted sorghum conversion lines,"Public Supplemental File S1 is described as 2019, 2020, and combined BLUPs",Illinois isolate; 2019 and 2020 evaluations,Distinct Illinois-isolate experiment.,Literature context,prombib_145,"Inoculation and screening methods for major sorghum diseases caused by fungal pathogens: Claviceps africana, Colletotrichum sublineola, Sporisorium reilianum, Peronosclerospora sorghi and Macrophomina phaseolina",1,
onegen_0138,2026-07-14,Genetic resistance to foliar anthracnose in sorghum and pathogenic variability in Colletotrichum graminicola,Genetic resistance to foliar anthracnose in sorghum and pathogenic variability in Colletotrichum graminicola,,,,,2026-07-14,,,,,,,,,,Literature context,prombib_055; prombib_127,"Sorghum pathology and biotechnology - a fungal disease perspective: Part II. Anthracnose, stalk rot, and downy mildew; The response of sorghum cultivars to mixtures of compatible and incompatible isolates and different conidia concentrations of Colletotrichum sublineola",1,
onegen_0139,2026-07-14,Genetics of nonsenescence and charcoal rot resistance in sorghum,Genetics of nonsenescence and charcoal rot resistance in sorghum,10.1007/bf00220925,,,,2026-07-14,,,,,,,,,,Literature context,prombib_055,"Sorghum pathology and biotechnology - a fungal disease perspective: Part II. Anthracnose, stalk rot, and downy mildew",1,
onegen_0140,2026-07-14,Genome-wide association analysis for response of Senegalese sorghum accessions to Texas isolates of anthracnose,Genome-wide association analysis for response of Senegalese sorghum accessions to Texas isolates of anthracnose (2021),10.1002/tpg2.20097,https://acsess.onlinelibrary.wiley.com/doi/10.1002/tpg2.20097,https://acsess.onlinelibrary.wiley.com/action/downloadSupplement?doi=10.1002%2Ftpg2.20097&file=tpg220097-sup-0001.xlsx,filename candidate tpg220097-sup-0001.xlsx; unverified,,,,Https://acsess.onlinelibrary.wiley.com/doi/10.1002/tpg2.20097,,Anthracnose,163 reported accessions including checks,Publisher reports an accession-level supplement,"5061/dryad.63h8fd4, which is genotype data",Distinct greenhouse eight-isolate leaf-stage anthracnose assay; 2025 machine-learning paper reuses it,Literature context,prombib_128; prombib_133; prombib_134; prombib_135; prombib_137; prombib_142; prombib_145; prombib_146; prombib_157; prombib_159; prombib_162; prombib_164; prombib_169,"A Genome-Wide Association Study of Senegalese Sorghum Seedlings Responding to Pathotype 5 of Sporisorium reilianum.; A genome-wide association study of Nigerien and Senegalese sorghum germplasms of Exserohilum turcicum, the causal agent of leaf blight; A machine learning approach to genome-wide association mapping of disease resistance and geographic origin in sorghum; Candidate genes for anthracnose resistance in Senegalese sorghum: a machine learning-based exploration; Genome-wide association analysis uncovers genes associated with resistance to head smut pathotype 5 in senegalese sorghum accessions; Genome-wide association study of Senegalese sorghum seedlings responding to a Texas isolate of Colletotrichum sublineola.; Genome-wide association study of seed morphology traits in Senegalese sorghum cultivars; Genome-wide association study of seed morphology-related traits in sorghum mini core and Senegalese lines; Inoculation and screening methods for major sorghum diseases caused by fungal pathogens: Claviceps africana, Colletotrichum sublineola, Sporisorium reilianum, Peronosclerospora sorghi and Macrophomina phaseolina; Johnsongrass rhizome tissue can be infected by Colletotrichum sublineola; Multi-trait Genome-wide Association Studies of Sorghum bicolor regarding resistance to anthracnose, downy mildew, grain mold and head smut; Response of senegalese sorghum seedlings to pathotype 5 of Sporisorium reilianum; Unveiling the potential role of dhurrin in sorghum during infection by the head smut pathogen sporisorium reilianum f. sp. reilianum",1,prom_senegal_8leaf_anthracnose_2021
onegen_0141,2026-07-14,Genome-wide association analysis of anthracnose resistance in sorghum [Sorghum bicolor (L.) Moench],Genome-wide association analysis of anthracnose resistance in sorghum (2021),10.1371/journal.pone.0261461,https://journals.plos.org/plosone/article?id=10.1371/journal.pone.0261461,https://journals.plos.org/plosone/article/file?type=supplementary&id=info:doi/10.1371/journal.pone.0261461.s001,pone.0261461.s001.csv,2026-07-14,d00ca25ed2cca55dd3e82270f421196dc29ea2d634a127db5b4dfa2a3300807d,Creative Commons Attribution 4.0,Https://journals.plos.org/plosone/article?id=10.1371/journal.pone.0261461,Reuse permitted under the published terms,Anthracnose,366 genotypes,Public genotype-level final severity and relative AUDPC table,,Distinct Bako 2016-2018 field experiment,Quantitative analysis of accession or line responses,prombib_131; prombib_164; prombib_170,A haplotype-layered GWAS identifies a multi-trait grain mold resistance hub on sorghum chromosome 5; Candidate genes for anthracnose resistance in Senegalese sorghum: a machine learning-based exploration; Evaluation of a subset of Ethiopia sorghum collection germplasm from the National Genetic Resources Program of the United States Department of Agriculture for anthracnose resistance,1,ref_mengistu_ethiopia_anthracnose_2021
onegen_0142,2026-07-14,"Genome wide association analysis of sorghum mini core lines regarding anthracnose, downy mildew, and head smut","Genome wide association analysis of sorghum mini core lines regarding anthracnose, downy mildew, and head smut (2019)",10.1371/journal.pone.0216671; 10.1371/journal.pone.0216671.s001,https://plos.figshare.com/articles/journal_contribution/Genome_wide_association_analysis_of_sorghum_mini_core_lines_regarding_anthracnose_downy_mildew_and_head_smut/8125778,https://ndownloader.figshare.com/files/15146012,pone.0216671.s001.docx,2026-07-14,87abfe0bc2f7c9cc33f27953074d9debc82517b5213b001315faf15a2ee937fe,Creative Commons Attribution 4.0,Https://plos.figshare.com/articles/journal_contribution/Genome_wide_association_analysis_of_sorghum_mini_core_lines_regarding_anthracnose_downy_mildew_and_head_smut/8125778,Reuse permitted under the published terms,Anthracnose; Downy mildew; Head smut,"245 accessions; the article reports 245, 240, and 229 evaluated for anthracnose, downy mildew, and head smut, respectively","Anthracnose, downy-mildew, and head-smut responses for sorghum mini-core accessions",,Original phenotype source reused by 2023 multi-trait and 2026 machine-learning studies,Quantitative analysis of accession or line responses,prombib_105; prombib_116; prombib_119; prombib_121; prombib_124; prombib_128; prombib_133; prombib_145; prombib_146; prombib_151; prombib_157; prombib_158; prombib_159; prombib_162; prombib_165; prombib_174,"A Genome-Wide Association Study of Senegalese Sorghum Seedlings Responding to Pathotype 5 of Sporisorium reilianum.; A machine learning approach to genome-wide association mapping of disease resistance and geographic origin in sorghum; Correlations among agronomic traits obtained from sorghum accessions planted in a field infected with three important fungal diseases; Diseases of Johnsongrass ( Sorghum halepense ): possible role as a reservoir of pathogens affecting other plants; Genome-wide association analysis for response of Senegalese sorghum accessions to Texas isolates of anthracnose; Genome-wide association analysis uncovers genes associated with resistance to head smut pathotype 5 in senegalese sorghum accessions; Genome-wide association study of Nigerien and Senegalese sorghum genotypes for their response to downy mildew; Genome-wide association study of Senegalese sorghum seedlings responding to a Texas isolate of Colletotrichum sublineola.; Genome-wide association study of grain mold resistance in sorghum association panel as affected by inoculation with Alternaria alternata alone and Alternaria alternata, Fusarium thapsinum, and Curvularia lunata combined; Genome-wide association study of seed morphology-related traits in sorghum mini core and Senegalese lines; Genomic analysis of resistance to Exserohilum turcicum in Nigerien and Senegalese sorghum using GWAS and machine learning; Inoculation and screening methods for major sorghum diseases caused by fungal pathogens: Claviceps africana, Colletotrichum sublineola, Sporisorium reilianum, Peronosclerospora sorghi and Macrophomina phaseolina; Machine learning reveals complex genetics of fungal resistance in sorghum grain mold; Multi-trait Genome-wide Association Studies of Sorghum bicolor regarding resistance to anthracnose, downy mildew, grain mold and head smut; RNA-Sequencing in Resistant (QL3) and Susceptible (Theis) Sorghum Cultivars Inoculated With Johnsongrass Isolates of Colletotrichum sublineola.; Response of sorghum accessions against newly documented pathotypes 5 and 6 of head smut pathogen, Sporisorium reilianum",1,prom_minicore_multidisease_2019
onegen_0143,2026-07-14,Genome-Wide Association Analysis Reveals Seed Protein Loci as Determinants of Variations in Grain Mold Resistance in Sorghum,Genome-Wide Association Analysis Reveals Seed Protein Loci as Determinants of Variations in Grain Mold Resistance in Sorghum,10.1007/s00122-020-03762-2,,,,2026-07-14,,,,,,,,,,Literature context,prombib_142; prombib_170,A haplotype-layered GWAS identifies a multi-trait grain mold resistance hub on sorghum chromosome 5; Genome-wide association study of seed morphology traits in Senegalese sorghum cultivars,1,
onegen_0144,2026-07-14,Genome-wide association mapping of anthracnose (Colletotrichum sublineolum) resistance in NPGS Ethiopian sorghum germplasm,Genome-Wide Association Mapping of Anthracnose Resistance in NPGS Ethiopian Sorghum Germplasm (2019),10.1534/g3.119.400350; 10.25387/g3.8127200.v2,https://gsajournals.figshare.com/articles/dataset/Supplemental_Material_for_Cuevas_Prom_and_Cruet-Burgos_2019/8127200,https://ndownloader.figshare.com/files/15147788,Supplementary Tables 4-29-2019.xlsx,2026-07-14,11fc04de1471da36a0a6b9356087def67fe3943abd2e212c55d7c7d7977c0684,Creative Commons Attribution 4.0,Https://gsajournals.figshare.com/articles/dataset/Supplemental_Material_for_Cuevas_Prom_and_Cruet-Burgos_2019/8127200,Reuse permitted under the published terms,Anthracnose,The article reports 335 accessions; the public data table contains 334 labeled accessions,Anthracnose response measurements across environments for Ethiopian sorghum accessions,,"Original Ethiopian anthracnose measurements, reused in SC112 Table S5 and other combined analyses",Quantitative analysis of accession or line responses,prombib_121,RNA-Sequencing in Resistant (QL3) and Susceptible (Theis) Sorghum Cultivars Inoculated With Johnsongrass Isolates of Colletotrichum sublineola.,1,prom_ethiopia_anthracnose_2019
onegen_0145,2026-07-14,Genome-Wide Association Mapping of Anthracnose ( Colletotrichum sublineolum ) Resistance in the U.S. Sorghum Association Panel.,Genome-Wide Association Mapping of Anthracnose Resistance in the U.S. Sorghum Association Panel (2018),10.3835/plantgenome2017.11.0099,https://acsess.onlinelibrary.wiley.com/doi/10.3835/plantgenome2017.11.0099,https://acsess.onlinelibrary.wiley.com/action/downloadSupplement?doi=10.3835%2Fplantgenome2017.11.0099&file=tpg2plantgenome2017110099-sup-0001.xlsx,tpg2plantgenome2017110099-sup-0001.xlsx,,,,Https://acsess.onlinelibrary.wiley.com/doi/10.3835/plantgenome2017.11.0099,,Anthracnose,335 SAP accessions,Publisher lists an accession-level supplement,,Distinct SAP anthracnose experiment from the 2019 Texas study,Literature context,prombib_096; prombib_097; prombib_098; prombib_099; prombib_103; prombib_106; prombib_116; prombib_119; prombib_121; prombib_126; prombib_128; prombib_131; prombib_133; prombib_141; prombib_146; prombib_157; prombib_164,"A Genome-Wide Association Study of Senegalese Sorghum Seedlings Responding to Pathotype 5 of Sporisorium reilianum.; Candidate genes for anthracnose resistance in Senegalese sorghum: a machine learning-based exploration; Diseases of Johnsongrass ( Sorghum halepense ): possible role as a reservoir of pathogens affecting other plants; Evaluation of a subset of Ethiopia sorghum collection germplasm from the National Genetic Resources Program of the United States Department of Agriculture for anthracnose resistance; Evaluation of genetic diversity, agronomic traits, and anthracnose resistance in the NPGS Sudan sorghum core collection; GWAS analysis of sorghum association panel lines identifies SNPs associated with disease response to Texas isolates of Colletotrichum sublineola; Genetic diversity, population structure and anthracnose resistance response in a novel sweet sorghum diversity panel; Genome wide association analysis of sorghum mini core lines regarding anthracnose, downy mildew, and head smut; Genome-wide association analysis for response of Senegalese sorghum accessions to Texas isolates of anthracnose; Genome-wide association analysis uncovers genes associated with resistance to head smut pathotype 5 in senegalese sorghum accessions; Genome-wide association mapping of anthracnose (Colletotrichum sublineolum) resistance in NPGS Ethiopian sorghum germplasm; Genome-wide association mapping of grain mold resistance in the U.S. sorghum association panel; Genome-wide association study of Senegalese sorghum seedlings responding to a Texas isolate of Colletotrichum sublineola.; Genomic dissection of anthracnose (Colletotrichum sublineolum) resistance response in sorghum differential line SC112-14; Multi-trait Genome-wide Association Studies of Sorghum bicolor regarding resistance to anthracnose, downy mildew, grain mold and head smut; RNA-Sequencing in Resistant (QL3) and Susceptible (Theis) Sorghum Cultivars Inoculated With Johnsongrass Isolates of Colletotrichum sublineola.; The inheritance of anthracnose (Colletotrichum sublineola) resistance in sorghum differential lines QL3 and IS18760",1,prom_sap_anthracnose_2018
onegen_0146,2026-07-14,Genome-wide association study in Asia-adapted tropical maize reveals novel and explored genomic regions for sorghum downy mildew resistance,Genome-wide association study in Asia-adapted tropical maize reveals novel and explored genomic regions for sorghum downy mildew resistance,10.1038/s41598-017-18690-3,,,,2026-07-14,,,,,,,,,,Literature context,prombib_158,Genome-wide association study of Nigerien and Senegalese sorghum genotypes for their response to downy mildew,1,
onegen_0147,2026-07-14,"Genome-wide association study of grain mold resistance in sorghum association panel as affected by inoculation with Alternaria alternata alone and Alternaria alternata, Fusarium thapsinum, and Curvularia lunata combined",Genome-wide association study of grain mold resistance in sorghum association panel as affected by Alternaria alone and a three-fungus mixture (2020),10.1007/s10658-020-02036-3,https://link.springer.com/article/10.1007/s10658-020-02036-3,https://static-content.springer.com/esm/art%3A10.1007%2Fs00122-026-05222-9/MediaObjects/122_2026_5222_MOESM1_ESM.xlsx,122_2026_5222_MOESM1_ESM.xlsx,2026-07-14,8c17d617dac77811ff514bcc43060030702018fa3a7798a98587e317f5c842d0,,Https://link.springer.com/article/10.1007/s10658-020-02036-3,,Grain mold inoculation,377 original lines; 306 accessions in the public 2026 phenotype table,Accession-level original-study means publicly available via later supplement,The source reports grain-mold means for 306 accessions under the individual- and mixed-fungal inoculation treatments,The public values report the 2020 experiment. The Pheno_anthracnose column contains the 2019 Texas SAP measurements.,Descriptive scientific context,prombib_124; prombib_136; prombib_139; prombib_146; prombib_147; prombib_149; prombib_161; prombib_165; prombib_170,"A haplotype-layered GWAS identifies a multi-trait grain mold resistance hub on sorghum chromosome 5; Association analysis of grain mould resistance in a core collection of NPGS Ethiopian sorghum germplasm; Frequency of isolation of four fungal species colonizing sorghum grain collected from six lines in an anthracnose-infected field; Machine learning reveals complex genetics of fungal resistance in sorghum grain mold; Multi-trait Genome-wide Association Studies of Sorghum bicolor regarding resistance to anthracnose, downy mildew, grain mold and head smut; Reaction of sorghum differentials to grain mold infection in Puerto Rico; Response of sorghum accessions against newly documented pathotypes 5 and 6 of head smut pathogen, Sporisorium reilianum; Response of sorghum accessions from three African countries to anthracnose, grain mould, and rust; The NPGS Sudanese sorghum core collection encloses novel grain mold resistant germplasm",1,prom_sap_grain_mold_texas_2020
onegen_0148,2026-07-14,Genome-Wide Association Study of Senegalese Sorghum Seedlings Responding to a Texas Isolate of Colletotrichum Sublineola,A Genome-Wide Association Study of Senegalese Sorghum Seedlings Responding to Anthracnose (2022),10.1038/s41598-022-16844-6,https://www.nature.com/articles/s41598-022-16844-6,https://static-content.springer.com/esm/art%3A10.1038%2Fs41598-022-16844-6/MediaObjects/41598_2022_16844_MOESM1_ESM.xlsx,41598_2022_16844_MOESM1_ESM.xlsx,2026-07-14,001a391a78a68105047fbd0c3a9176b3a544026d9cb3a4ce9cc7f32bfb02ddc1,Creative Commons Attribution 4.0,Https://www.nature.com/articles/s41598-022-16844-6,Reuse permitted under the published terms,Anthracnose,163 Senegalese accessions plus reported checks,Public accession-level repeated leaf-score workbook available,,Distinct seedling or excised-leaf experiment representing a different assay from the 2021 eight-isolate later-stage study,Quantitative analysis of accession or line responses,prombib_142; prombib_145; prombib_146; prombib_157; prombib_159; prombib_162; prombib_164; prombib_169,"A machine learning approach to genome-wide association mapping of disease resistance and geographic origin in sorghum; Candidate genes for anthracnose resistance in Senegalese sorghum: a machine learning-based exploration; Genome-wide association analysis uncovers genes associated with resistance to head smut pathotype 5 in senegalese sorghum accessions; Genome-wide association study of seed morphology traits in Senegalese sorghum cultivars; Genome-wide association study of seed morphology-related traits in sorghum mini core and Senegalese lines; Inoculation and screening methods for major sorghum diseases caused by fungal pathogens: Claviceps africana, Colletotrichum sublineola, Sporisorium reilianum, Peronosclerospora sorghi and Macrophomina phaseolina; Multi-trait Genome-wide Association Studies of Sorghum bicolor regarding resistance to anthracnose, downy mildew, grain mold and head smut; Unveiling the potential role of dhurrin in sorghum during infection by the head smut pathogen sporisorium reilianum f. sp. reilianum",1,senegal_seedling_anthracnose
onegen_0149,2026-07-14,Genome-Wide Association Study on Resistance to Stalk Rot Diseases in Grain Sorghum,Genome-Wide Association Study on Resistance to Stalk Rot Diseases in Grain Sorghum (2015),10.1534/g3.114.016394,https://pmc.ncbi.nlm.nih.gov/articles/PMC4478546/,https://www.ebi.ac.uk/europepmc/webservices/rest/PMC4478546/supplementaryFiles,PMC4478546_SupplementaryFiles.zip::supp_g3.114.016394_FileS2.csv,2026-07-14,d9ba37dffc1043a918ceb7bdf30ee117b046e9acafb2c818e69773fac7a0a6ef,Creative Commons Attribution 3.0,Https://www.ebi.ac.uk/europepmc/webservices/rest/PMC4478546/fullTextXML,Reuse permitted under the published terms,Charcoal rot; Fusarium stalk rot,300 numeric source line identifiers,Public raw plot data and combined-environment least-square means available; the source provides numeric line identifiers rather than accession names,,,Descriptive scientific context,prombib_086; prombib_098; prombib_099; prombib_103; prombib_142; prombib_146,"Evaluation of genetic diversity, agronomic traits, and anthracnose resistance in the NPGS Sudan sorghum core collection; GWAS analysis of sorghum association panel lines identifies SNPs associated with disease response to Texas isolates of Colletotrichum sublineola; Genome-wide association mapping of anthracnose (Collectotrichum sublineolun) resistance in the U.S. sorghum association panel; Genome-wide association mapping of grain mold resistance in the U.S. sorghum association panel; Genome-wide association study of seed morphology traits in Senegalese sorghum cultivars; Multi-trait Genome-wide Association Studies of Sorghum bicolor regarding resistance to anthracnose, downy mildew, grain mold and head smut",1,ref_adeyanju_stalk_rot_2015
onegen_0150,2026-07-14,Genomic Dissection of Anthracnose Resistance Response in Sorghum [,Genomic Dissection of Anthracnose Resistance Response in Sorghum [,,,,,2026-07-14,,,,,,,,,,Literature context,prombib_121,RNA-Sequencing in Resistant (QL3) and Susceptible (Theis) Sorghum Cultivars Inoculated With Johnsongrass Isolates of Colletotrichum sublineola.,1,
onegen_0151,2026-07-14,Global mRNA and microRNA expression dynamics in response to anthracnose infection in sorghum,Global mRNA and microRNA expression dynamics in response to anthracnose infection in sorghum,10.1186/s12864-020-07138-0,,,,2026-07-14,,,,,,,,,,Literature context,prombib_121; prombib_126,RNA-Sequencing in Resistant (QL3) and Susceptible (Theis) Sorghum Cultivars Inoculated With Johnsongrass Isolates of Colletotrichum sublineola.; The inheritance of anthracnose (Colletotrichum sublineola) resistance in sorghum differential lines QL3 and IS18760,1,
onegen_0152,2026-07-14,Grain Biodeterioration of Sorghum Converted Lines Inoculated with a Mixture of Fusarium thapsinum and Curvularia lunata,Grain Biodeterioration of Sorghum Converted Lines Inoculated with a Mixture of Fusarium thapsinum and Curvularia lunata (2016),10.3923/ppj.2017.19.24,https://doi.org/10.3923/ppj.2017.19.24,,main article tables,,,,Https://doi.org/10.3923/ppj.2017.19.24,,Grain mold seed deterioration,Converted lines,Disease-response values for candidate lines,,Distinct measurements from this study,Literature context,prombib_081; prombib_105; prombib_110; prombib_116; prombib_147; prombib_171,"Agronomic traits of sorghum cultivars from the US and Senegal and their response to grain mold infection; Diseases of Johnsongrass ( Sorghum halepense ): possible role as a reservoir of pathogens affecting other plants; Genome-wide association study of grain mold resistance in sorghum association panel as affected by inoculation with Alternaria alternata alone and Alternaria alternata, Fusarium thapsinum, and Curvularia lunata combined; Reaction of sorghum differentials to grain mold infection in Puerto Rico; Screening of sorghum lines against long smut and grain mold pathogens; Screening sorghum accessions for resistance against anthracnose and grain mold through inoculating with pathogens",1,prom_converted_lines_grain_biodeterioration_2016
onegen_0153,2026-07-14,"Grain mold histopathology, damage assessment, and resistance screening within Sorghum bicolor (L.) Moench lines","Grain mold histopathology, damage assessment, and resistance screening within Sorghum bicolor (L.) Moench lines",,,,,2026-07-14,,,,,,,,,,Literature context,prombib_011; prombib_015; prombib_018; prombib_037; prombib_045; prombib_067; prombib_110,"Evaluation of the Ugandan sorghum accessions for grain mold and anthracnose resistance; Expression of pathogenesis-related protein PR-10 in sorghum floral tissues in response to inoculation with Fusarium thapsinum and Curvularia lunata.; Mycoflora analysis of hybrid sorghum grain collected from different locations in South Texas; Response of eight sorghum cultivars inoculated with Fusarium thapsinum, Curvularia lunata, and a mixture of the two fungi; Role of chitinase and sormatin accumulation in the resistance of sorghum cultivars to grain mold.; Screening sorghum accessions for resistance against anthracnose and grain mold through inoculating with pathogens; The Effects of Fusarium thapsinum, Curvularia lunata , and Their Combination on Sorghum Germination and Seed Mycoflora",1,
onegen_0154,2026-07-14,Grain mould resistance and associated characters of sorghum genotypes,Grain mould resistance and associated characters of sorghum genotypes,10.1023/a:1026410913896,,,,2026-07-14,,,,,,,,,,Literature context,prombib_064; prombib_077; prombib_081; prombib_105; prombib_147; prombib_171,"Agronomic traits of sorghum cultivars from the US and Senegal and their response to grain mold infection; Evaluation of selected sorghum lines and hybrids for resistance to grain mold and long smut fungi in Senegal, West Africa; Genome-wide association study of grain mold resistance in sorghum association panel as affected by inoculation with Alternaria alternata alone and Alternaria alternata, Fusarium thapsinum, and Curvularia lunata combined; Grain biodeterioration of sorghum converted lines inoculated with a mixture of Fusarium thapsinum and Curvularia lunata; Reaction of sorghum differentials to grain mold infection in Puerto Rico; Screening of sorghum lines against long smut and grain mold pathogens",1,
onegen_0155,2026-07-14,Head smut of sorghum and varietal reaction,Head smut of sorghum and varietal reaction,,,,,2026-07-14,,,,,,,,,,Literature context,prombib_145,"Inoculation and screening methods for major sorghum diseases caused by fungal pathogens: Claviceps africana, Colletotrichum sublineola, Sporisorium reilianum, Peronosclerospora sorghi and Macrophomina phaseolina",1,
onegen_0156,2026-07-14,Identification and characterization of RAPD and SCAR markers linked to anthracnose resistance gene in sorghum [Sorghum bicolor (L.) Moench],Identification and characterization of RAPD and SCAR markers linked to anthracnose resistance gene in sorghum [Sorghum bicolor (L.) Moench],10.1007/s10681-006-9306-1,,,,2026-07-14,,,,,,,,,,Literature context,prombib_031; prombib_055,"Molecular mapping of Cg1, a gene for resistance to anthracnose (Colletotrichum sublineolum) in sorghum; Sorghum pathology and biotechnology - a fungal disease perspective: Part II. Anthracnose, stalk rot, and downy mildew",1,
onegen_0157,2026-07-14,Identification of a New Race of Sporisorium reilianum and Characterization of the Reaction of Sorghum Lines to Four Races of the Head Smut Pathogen,Identification of a New Race of Sporisorium reilianum and Characterization of the Reaction of Sorghum Lines to Four Races of the Head Smut Pathogen,10.1111/j.1439-0434.2010.01770.x,,,,2026-07-14,,,,,,,,,,Literature context,prombib_047; prombib_100; prombib_124; prombib_156; prombib_157,"Genetic and pathogenic variability among isolates of Sporisorium reilianum causing sorghum head smut; Genome-wide association analysis uncovers genes associated with resistance to head smut pathotype 5 in senegalese sorghum accessions; Mating type a locus alleles and genomic polymorphism in Sporisorium reilianum: Comparison of sorghum isolates to those from maize; Response of sorghum accessions against newly documented pathotypes 5 and 6 of head smut pathogen, Sporisorium reilianum; Sorghum pathology and biotechnology - a fungal disease perspective: Part I. Grain mold, head smut, and ergot",1,
onegen_0158,2026-07-14,"Upadhyaya HD, Wang YH, Sharma R, Sharma S (2013) Identification of genetic markers linked to anthracnose resistance in sorghum using association analysis. Theor Appl Genet 126:1649–1657",Identification of Genetic Markers Linked to Anthracnose Resistance in Sorghum Using Association Analysis (2013),10.1007/s00122-013-2081-1,https://link.springer.com/article/10.1007/s00122-013-2081-1,https://static-content.springer.com/esm/art%3A10.1007%2Fs00122-013-2081-1/MediaObjects/122_2013_2081_MOESM1_ESM.xlsx,122_2013_2081_MOESM1_ESM.xlsx,2026-07-14,7d65f3941d36b7683913bce0b93f2d7eff5aaaf60d6dffeb9a223ac2ce0db507,,Https://link.springer.com/article/10.1007/s00122-013-2081-1,,Anthracnose,The article reports 242 mini-core accessions; Supplementary Table S1 contains 243 IS labels,Public Supplementary Table S1 contains complete numeric 2009 and 2010 anthracnose values,The 2013 association paper reuses the 2009 and 2010 anthracnose measurements reported by Sharma et al. (2012),Reanalysis of the Sharma et al. 2012 ICRISAT mini-core anthracnose experiment,Literature context,prombib_066; prombib_086; prombib_096; prombib_099; prombib_123; prombib_157; prombib_165,"GWAS analysis of sorghum association panel lines identifies SNPs associated with disease response to Texas isolates of Colletotrichum sublineola; Genome wide association analysis of sorghum mini core lines regarding anthracnose, downy mildew, and head smut; Genome-wide association analysis uncovers genes associated with resistance to head smut pathotype 5 in senegalese sorghum accessions; Genome-wide association mapping of anthracnose (Collectotrichum sublineolun) resistance in the U.S. sorghum association panel; Inheritance and molecular mapping of anthracnose resistance genes present in sorghum line SC112-14; Machine learning reveals complex genetics of fungal resistance in sorghum grain mold; Pathogenic variability of Colletotrichum sublineolum isolates on sorghum differentials under greenhouse conditions in Jimma, Ethiopia",1,ref_upadhyaya_minicore_anthracnose_2013
onegen_0159,2026-07-14,Identification of genomic regions for rust resistance in sorghum,Identification of genomic regions for rust resistance in sorghum,10.1023/a:1018332909752,,,,2026-07-14,,,,,,,,,,Literature context,prombib_053; prombib_168,Reaction to Rust by a Subset of Sorghum Accessions from Zimbabwe; The NPGS Sudan sorghum germplasm collection reveals a novel cluster of R genes associated with rust resistant.,1,
onegen_0160,2026-07-14,Identification of genomic regions that affect grain mold incidence and other traits of agronomic importance in sorghum,Identification of genomic regions that affect grain mold incidence and other traits of agronomic importance in sorghum,10.1007/s001220051647,,,,2026-07-14,,,,,,,,,,Literature context,prombib_011; prombib_015; prombib_031; prombib_066; prombib_069; prombib_089; prombib_098; prombib_106; prombib_168,"Assessment of sorghum germplasm from Burkina Faso and South Africa to identify new sources of resistance to grain mold and anthracnose; Genome-wide association mapping of grain mold resistance in the U.S. sorghum association panel; Genomic dissection of anthracnose (Colletotrichum sublineolum) resistance response in sorghum differential line SC112-14; Inheritance and molecular mapping of anthracnose resistance genes present in sorghum line SC112-14; Molecular mapping of Cg1, a gene for resistance to anthracnose (Colletotrichum sublineolum) in sorghum; Population structure of the NPGS Senegalese sorghum collection and its evaluation to identify new disease resistant genes; Response of eight sorghum cultivars inoculated with Fusarium thapsinum, Curvularia lunata, and a mixture of the two fungi; The Effects of Fusarium thapsinum, Curvularia lunata , and Their Combination on Sorghum Germination and Seed Mycoflora; The NPGS Sudan sorghum germplasm collection reveals a novel cluster of R genes associated with rust resistant.",1,
onegen_0161,2026-07-14,Identification of host-specific virulence factors of the smut fungus Sporisorium reilianum by genotype to phenotype mapping,Identification of host-specific virulence factors of the smut fungus Sporisorium reilianum by genotype to phenotype mapping,10.18154/rwth-2019-03473,,,,2026-07-14,,,,,,,,,,Literature context,prombib_128,A Genome-Wide Association Study of Senegalese Sorghum Seedlings Responding to Pathotype 5 of Sporisorium reilianum.,1,
onegen_0162,2026-07-14,"Identification of pathotypes of the sorghum rust pathogen, Puccinia purpurea, in Australia","Identification of pathotypes of the sorghum rust pathogen, Puccinia purpurea, in Australia",10.1007/s13313-014-0318-3,,,,2026-07-14,,,,,,,,,,Literature context,prombib_167,Seed quality drives grain yield in Ethiopian and Senegalese sorghum: Insights from machine learning,1,
onegen_0163,2026-07-14,"Mohan SM, Madhusudhana R, Mathur K, Chakravarthi DVN, Rathore S, Reddy RN, Satish K, Srinivas G, Mani NS, Seetharama N (2010) Identification of quantitative trait loci associated with resistance to foliar diseases in sorghum [Sorghum bicolor (L.) Moench]. Euphytica 176:199–211",Identification of Quantitative Trait Loci Associated with Resistance to Foliar Diseases in Sorghum [Sorghum bicolor (L.) Moench] (2010),10.1007/s10681-010-0224-x,https://link.springer.com/article/10.1007/s10681-010-0224-x,,main article and any supplementary phenotype tables,,,,Https://link.springer.com/article/10.1007/s10681-010-0224-x,,Anthracnose; rust; Zonate leaf spot; Drechslera leaf blight; Target leaf spot,"168 F7 recombinant inbred lines from 296B × IS18551 plus parents, evaluated in two environments",The publication describes line-level disease values used in the QTL analysis,,,Literature context,prombib_066; prombib_096; prombib_168,"Genome wide association analysis of sorghum mini core lines regarding anthracnose, downy mildew, and head smut; Inheritance and molecular mapping of anthracnose resistance genes present in sorghum line SC112-14; The NPGS Sudan sorghum germplasm collection reveals a novel cluster of R genes associated with rust resistant.",1,ref_sabbavarapu_foliar_qtl_2010
onegen_0164,2026-07-14,Identification of quantitative trait loci for sorghum leaf blight resistance,Identification of quantitative trait loci for sorghum leaf blight resistance,10.1002/csc2.20751,,,,2026-07-14,,,,,,,,,,Literature context,prombib_137; prombib_174,"A genome-wide association study of Nigerien and Senegalese sorghum germplasms of Exserohilum turcicum, the causal agent of leaf blight; Genomic analysis of resistance to Exserohilum turcicum in Nigerien and Senegalese sorghum using GWAS and machine learning",1,
onegen_0165,2026-07-14,Identification of RFLP markers linked to a gene for downy mildew resistance ( Sdm ) in sorghum,Identification of RFLP markers linked to a gene for downy mildew resistance ( Sdm ) in sorghum,10.1139/b96-038,,,,2026-07-14,,,,,,,,,,Literature context,prombib_055,"Sorghum pathology and biotechnology - a fungal disease perspective: Part II. Anthracnose, stalk rot, and downy mildew",1,
onegen_0166,2026-07-14,Identification of sources of resistance in sorghum to Peronosclerospora sorghi,Identification of sources of resistance in sorghum to Peronosclerospora sorghi. Fitopatologia Brasileira. 2005.,10.1590/S0100-41582005000500010,https://doi.org/10.1590/S0100-41582005000500010,https://www.scielo.br/j/fb/a/twF3m7JSNJbFjFcXZVFRmBk/?lang=en&format=pdf,onegen_0166_identification_of_sources_of_resistance_in_sorghum_to_peronosclerospora_sorghi.pdf,2026-07-14,caa79a851d4351d5a8f1a708a8dc986c3e91aa3af1a03d72978fd84b50530264,Public full text available through SciELO,SciELO record/PDF,,Downy mildew,42 named sorghum genotypes,genotype response table,Brazilian downy-mildew screening,Distinct downy-mildew experiment.,Descriptive scientific context,prombib_055; prombib_063; prombib_101,"Evaluation of Gambian and Malian sorghum germplasm against downy mildew pathogen, Peronosclerospora sorghi, in Mexico and the USA; New sources of sorghum resistant genotypes to downy mildew diseases in Uganda; Sorghum pathology and biotechnology - a fungal disease perspective: Part II. Anthracnose, stalk rot, and downy mildew",1,
onegen_0167,2026-07-14,Importance of plant colour and modifier genes in grain mould resistance in sorghum,Importance of plant colour and modifier genes in grain mould resistance in sorghum,10.4314/eaafj.v61i1.46789,,,,2026-07-14,,,,,,,,,,Literature context,prombib_011; prombib_015; prombib_022; prombib_044; prombib_045; prombib_064; prombib_067; prombib_088; prombib_090; prombib_105; prombib_110; prombib_147; prombib_171,"Agronomic traits of sorghum cultivars from the US and Senegal and their response to grain mold infection; Effect of chitinase and thaumatin on mycelial growth of five sorghum (Sorghum bicolor (L.) Moench) grain molding fungi under in vitro conditions; Evaluation of selected sorghum lines and hybrids for resistance to grain mold and long smut fungi in Senegal, West Africa; Evaluation of the Ugandan sorghum accessions for grain mold and anthracnose resistance; Genome-wide association study of grain mold resistance in sorghum association panel as affected by inoculation with Alternaria alternata alone and Alternaria alternata, Fusarium thapsinum, and Curvularia lunata combined; Mycoflora analysis and other measured parameters of sorghum seeds collected from Puerto Rico and Mexico; Mycoflora analysis of hybrid sorghum grain collected from different locations in South Texas; Reaction of sorghum differentials to grain mold infection in Puerto Rico; Response of eight sorghum cultivars inoculated with Fusarium thapsinum, Curvularia lunata, and a mixture of the two fungi; Response of sorghum lines and hybrids from the United States to long smut and grain mold; Screening sorghum accessions for resistance against anthracnose and grain mold through inoculating with pathogens; Seed Mycoflora for Grain Mold from Natural Infection in Sorghum Germplasm Grown at Isabela, Puerto Rico and their Association with Kernel Weight and Germination; The Effects of Fusarium thapsinum, Curvularia lunata , and Their Combination on Sorghum Germination and Seed Mycoflora",1,
onegen_0168,2026-07-14,Improved sorghum hybrids with grain mold resistance,Improved sorghum hybrids with grain mold resistance. Journal of SAT Agricultural Research. 2008.,ICRISAT-OAR:2695,https://oar.icrisat.org/2695/,https://oar.icrisat.org/2695/1/improvedsorghum6%281%29.pdf,onegen_0168_improved_sorghum_hybrids_grain_mold_icrisat.pdf,2026-07-14,151403ec1d5b3a438e68e3e570b877f452bd7b890d87d0eeadfcf2ea036cd25d,Public repository copy available,ICRISAT OAR record,,Grain mold,25 named hybrids and parents,Grain-mold responses for 25 named hybrids and parents,ICRISAT screening,Distinct improved-hybrid grain-mold experiment.,Descriptive scientific context,prombib_064; prombib_090; prombib_105; prombib_110,"Evaluation of selected sorghum lines and hybrids for resistance to grain mold and long smut fungi in Senegal, West Africa; Genome-wide association study of grain mold resistance in sorghum association panel as affected by inoculation with Alternaria alternata alone and Alternaria alternata, Fusarium thapsinum, and Curvularia lunata combined; Response of sorghum lines and hybrids from the United States to long smut and grain mold; Screening sorghum accessions for resistance against anthracnose and grain mold through inoculating with pathogens",1,
onegen_0169,2026-07-14,In vitro and field based evaluation for grain mold resistance and its impact on quality traits in sorghum [Sorghum bicolor (L.) Moench],Tomar. Kansas State University thesis. 2016.,K-State:handle/2097/32638,http://hdl.handle.net/2097/32638,http://hdl.handle.net/2097/32638,onegen_0169.pdf,2026-07-14,13f91931badfb271466ceb469a5b321828e09cd4e72f73d2a61ab615d4921302,Public thesis record available through Kansas State University,K-State repository rights statement,Publisher permission governs redistribution,Grain mold,Eight named check genotypes in Table 3.4; the broader study reports 229 SAP genotypes,Table 3.4 reports PGMR and TGMR values for eight named checks across the listed years and treatments,Kansas field evaluations,K-State grain-mold experiment; the published table reports a selected subset of controls,Descriptive scientific context,prombib_098,Genome-wide association mapping of grain mold resistance in the U.S. sorghum association panel,1,
onegen_0170,2026-07-14,INCIDENCE AND DISTRIBUTION OF DOWNY MILDEW DISEASE (PERONOSCLEROSPORA SORGHI) OF SORGHUM IN UGANDA.,INCIDENCE AND DISTRIBUTION OF DOWNY MILDEW DISEASE (PERONOSCLEROSPORA SORGHI) OF SORGHUM IN UGANDA.,10.21474/ijar01/7117,,,,2026-07-14,,,,,,,,,,Literature context,prombib_101,New sources of sorghum resistant genotypes to downy mildew diseases in Uganda,1,
onegen_0171,2026-07-14,Incidence and Severity of Sorghum Anthracnose in Ethiopia,Incidence and Severity of Sorghum Anthracnose in Ethiopia,10.3923/ppj.2010.23.30,,,,2026-07-14,,,,,,,,,,Literature context,prombib_055; prombib_112; prombib_136; prombib_150,"Association and interrelationship among agronomic traits and fungal diseases of sorghum, anthracnose and grain mold; Response of sorghum accessions from three African countries to anthracnose, grain mould, and rust; Sorghum pathology and biotechnology - a fungal disease perspective: Part II. Anthracnose, stalk rot, and downy mildew; Survey of the prevalence and incidence of foliar and panicle diseases of sorghum across production fields in Niger",1,
onegen_0172,2026-07-14,"Incidence and severity of turcicum leaf blight caused by Exserohilum turcicum (pass.) Leonard and Suggs) on sorghum populations in different regions of Tharaka Nithi County, Kenya","Incidence and severity of turcicum leaf blight caused by Exserohilum turcicum (pass.) Leonard and Suggs) on sorghum populations in different regions of Tharaka Nithi County, Kenya",,,,,2026-07-14,,,,,,,,,,Literature context,prombib_174,Genomic analysis of resistance to Exserohilum turcicum in Nigerien and Senegalese sorghum using GWAS and machine learning,1,
onegen_0173,2026-07-14,Incidence of charcoal rot of sorghum and soil populations of Macrophomina phaseolina associated with sorghum and native vegetation in Somalia,Incidence of charcoal rot of sorghum and soil populations of Macrophomina phaseolina associated with sorghum and native vegetation in Somalia,10.1007/bf00437203,,,,2026-07-14,,,,,,,,,,Literature context,prombib_055,"Sorghum pathology and biotechnology - a fungal disease perspective: Part II. Anthracnose, stalk rot, and downy mildew",1,
onegen_0174,2026-07-14,Incidence of head smut Sporisorium reilianum (Kühn) Langdon and Fullerton in sorghum [Sorghum bicolor (L.) Moench.] hybrids with A1 and A2 cytoplasms.,Incidence of head smut Sporisorium reilianum (Kühn) Langdon and Fullerton in sorghum [Sorghum bicolor (L.) Moench.] hybrids with A1 and A2 cytoplasms.,,,,,2026-07-14,,,,,,,,,,Literature context,prombib_156,Genetic and pathogenic variability among isolates of Sporisorium reilianum causing sorghum head smut,1,
onegen_0175,2026-07-14,"Incidence, severity, and prevalence of sorghum diseases in the major production regions in Niger","Incidence, Severity, and Prevalence of Sorghum Diseases in the Major Production Regions in Niger (2023)",10.5539/jps.v12n1p48,https://doi.org/10.5539/jps.v12n1p48,,main article tables,,,,Https://doi.org/10.5539/jps.v12n1p48,,Multiple sorghum diseases,Observations from individually identified production fields,Field-survey summaries provide regional disease context,"Field survey of disease incidence, severity, and prevalence in the major sorghum-producing regions of Niger.",Survey evidence provides regional disease context,Literature context,prombib_137; prombib_138; prombib_158; prombib_174,"A genome-wide association study of Nigerien and Senegalese sorghum germplasms of Exserohilum turcicum, the causal agent of leaf blight; A survey of the major sorghum production regions for foliar and panicle diseases during the 2022 growing season in Senegal, West Africa; Genome-wide association study of Nigerien and Senegalese sorghum genotypes for their response to downy mildew; Genomic analysis of resistance to Exserohilum turcicum in Nigerien and Senegalese sorghum using GWAS and machine learning",1,prom_niger_disease_incidence_2023
onegen_0176,2026-07-14,"Influence of Planting Depths on the Incidence of Sorghum Head Smut, caused by Sporisorium reilianum","Influence of Planting Depths on the Incidence of Sorghum Head Smut, Caused by Sporisorium reilianum (2014)",10.56369/tsaes.1706,https://doi.org/10.56369/tsaes.1706,,main article tables,,,,Https://doi.org/10.56369/tsaes.1706,,Head smut,Planting-depth treatment study,Management experiment used for treatment context,Disease-management context,Planting-depth management experiment; named-accession screens provide comparative germplasm responses.,Literature context,prombib_156,Genetic and pathogenic variability among isolates of Sporisorium reilianum causing sorghum head smut,1,prom_planting_depth_head_smut_2014
onegen_0177,2026-07-14,Influence of Primary Weather Variables on Sorghum Leaf Blight Severity in Southern Africa,Influence of Primary Weather Variables on Sorghum Leaf Blight Severity in Southern Africa,10.1094/phyto-80-943,,,,2026-07-14,,,,,,,,,,Literature context,prombib_074,The impact of weather conditions on response of sorghum genotypes to anthracnose (Colletotrichum sublineola) infection,1,
onegen_0178,2026-07-14,Inheritance and molecular mapping of anthracnose resistance genes present in sorghum line SC112-14,Inheritance and molecular mapping of anthracnose resistance genes present in sorghum line SC112-14 (2014),10.1007/s11032-014-0151-y,https://doi.org/10.1007/s11032-014-0151-y,,article and supplementary files,,,,Https://doi.org/10.1007/s11032-014-0151-y,,Anthracnose,SC112-14 mapping population,Disease-response values for candidate families and lines,,,Literature context,prombib_069; prombib_086; prombib_087; prombib_097; prombib_103; prombib_106,"Assessment of sorghum germplasm from Burkina Faso and South Africa to identify new sources of resistance to grain mold and anthracnose; Evaluation of genetic diversity, agronomic traits, and anthracnose resistance in the NPGS Sudan sorghum core collection; Genome-wide association mapping of anthracnose (Collectotrichum sublineolun) resistance in the U.S. sorghum association panel; Genome-wide association mapping of anthracnose (Colletotrichum sublineolum) resistance in NPGS Ethiopian sorghum germplasm; Genomic dissection of anthracnose (Colletotrichum sublineolum) resistance response in sorghum differential line SC112-14; Inheritance of resistance of three sorghum lines to pathotypes of Colletotrichum sublineola, causal agent of anthracnose",1,prom_sc112_inheritance_mapping_2014
onegen_0179,2026-07-14,Inheritance of Anthracnose Resistance for the Sorghum Cultivar Redlan,Erpelding JE. Plant Pathology Journal. 2007;6:187-190.,10.3923/ppj.2007.187.190,https://doi.org/10.3923/ppj.2007.187.190,https://scialert.net/fulltext/?doi=ppj.2007.187.190,onegen_0179.html,2026-07-14,2a9c42a93c310240c5165cc97e897af8f8fb95f7ac4688117a1a74fddd90b8b2,Publisher copyright stated,Public full-text HTML,Publisher permission governs redistribution,Anthracnose,Two named parents (Redlan and PI 609251); aggregate counts for 479 F2 plants,Named-parent qualitative and timepoint responses; F2 progeny are reported in aggregate,Greenhouse inheritance study,Distinct Redlan inheritance experiment.,Descriptive scientific context,prombib_055; prombib_066; prombib_087; prombib_103; prombib_150,"Association and interrelationship among agronomic traits and fungal diseases of sorghum, anthracnose and grain mold; Evaluation of genetic diversity, agronomic traits, and anthracnose resistance in the NPGS Sudan sorghum core collection; Inheritance and molecular mapping of anthracnose resistance genes present in sorghum line SC112-14; Inheritance of resistance of three sorghum lines to pathotypes of Colletotrichum sublineola, causal agent of anthracnose; Sorghum pathology and biotechnology - a fungal disease perspective: Part II. Anthracnose, stalk rot, and downy mildew",1,
onegen_0180,2026-07-14,Inheritance of grain mold resistance in grain sorghum without a pigmented testa,Inheritance of grain mold resistance in grain sorghum without a pigmented testa,10.2135/cropsci2000.4061573x,,,,2026-07-14,,,,,,,,,,Literature context,prombib_069; prombib_161,Assessment of sorghum germplasm from Burkina Faso and South Africa to identify new sources of resistance to grain mold and anthracnose; The NPGS Sudanese sorghum core collection encloses novel grain mold resistant germplasm,1,
onegen_0181,2026-07-14,"Inoculation and Screening Methods for Major Sorghum Diseases Caused by Fungal Pathogens: Claviceps africana, Colletotrichum sublineola, Sporisorium reilianum, Peronosclerospora sorghi and Macrophomina phaseolina","Inoculation and Screening Methods for Major Sorghum Diseases Caused by Fungal Pathogens: Claviceps africana, Colletotrichum sublineola, Sporisorium reilianum, Peronosclerospora sorghi and Macrophomina phaseolina (2023)",10.3390/plants12091906,https://doi.org/10.3390/plants12091906,,article,,,Creative Commons Attribution 4.0,Https://doi.org/10.3390/plants12091906,Reuse permitted under the published terms,Multiple sorghum diseases,Methods review,Disease measurements reported in the original source,,Methods review; the cited source studies report the original disease measurements,Literature context,prombib_167,Seed quality drives grain yield in Ethiopian and Senegalese sorghum: Insights from machine learning,1,prom_sorghum_disease_methods_2023
onegen_0182,2026-07-14,Inoculation Techniques for Identifying Resistance in Sorghum Genotypes to Sorghum Ergot,Inoculation Techniques for Identifying Resistance in Sorghum Genotypes to Sorghum Ergot (2005),10.1300/J153v07n01_02,https://doi.org/10.1300/J153v07n01_02,,main article tables,,,,Https://doi.org/10.1300/J153v07n01_02,,Ergot,Sorghum genotypes,Disease-response values for candidate genotypes,,,Literature context,prombib_021; prombib_028; prombib_047; prombib_145,"Disease Severity and Susceptibility of Sorghum [Sorghum bicolor (L.) Moench.] to Infection by Claviceps africana Frederickson, Mantle and de Milliano in Mexico and the United States of America; Ergot Response for the Sorghum Genotype IS8525; Inoculation and screening methods for major sorghum diseases caused by fungal pathogens: Claviceps africana, Colletotrichum sublineola, Sporisorium reilianum, Peronosclerospora sorghi and Macrophomina phaseolina; Sorghum pathology and biotechnology - a fungal disease perspective: Part I. Grain mold, head smut, and ergot",1,prom_ergot_inoculation_genotypes_2005
onegen_0183,2026-07-14,Integrating resistance and tolerance for improved evaluation of sorghum lines against Fusarium stalk rot and charcoal rot,Integrating resistance and tolerance for improved evaluation of sorghum lines against Fusarium stalk rot and charcoal rot,10.1007/s12600-014-0451-0,,,,2026-07-14,,,,,,,,,,Literature context,prombib_145,"Inoculation and screening methods for major sorghum diseases caused by fungal pathogens: Claviceps africana, Colletotrichum sublineola, Sporisorium reilianum, Peronosclerospora sorghi and Macrophomina phaseolina",1,
onegen_0184,2026-07-14,"Isakeit, T., Collins, S.D., Rooney, W.L. and Prom, L.K. (2008) Reaction of Sorghum Hybrids to Anthracnose, Grain Mold and Grain Weathering in Burleson County, Texas, 2007. Plant Disease Management Reports, 2, FC003.","Isakeit, T., Collins, S.D., Rooney, W.L. and Prom, L.K. (2008) Reaction of Sorghum Hybrids to Anthracnose, Grain Mold and Grain Weathering in Burleson County, Texas, 2007. Plant Disease Management Reports, 2, FC003.",,,,,2026-07-14,,,,,,,,,,Literature context,prombib_147,Reaction of sorghum differentials to grain mold infection in Puerto Rico,1,
onegen_0185,2026-07-14,"Isakeit, T., Collins, S. D., Rooney, W. L., & Prom, L. K. (2008a). Reaction of sorghum hybrids to anthracnose and grain weathering in Burleson County, Texas, 2007. Plant Disease Management Reports, 2, FC003 https://www.plantmanagementnetwork.org › pub › trial › pdmr.","Isakeit, T., Collins, S. D., Rooney, W. L., & Prom, L. K. (2008a). Reaction of sorghum hybrids to anthracnose and grain weathering in Burleson County, Texas, 2007. Plant Disease Management Reports, 2, FC003 https://www.plantmanagementnetwork.org › pub › trial › pdmr.",,,,,2026-07-14,,,,,,,,,,Literature context,prombib_105,"Genome-wide association study of grain mold resistance in sorghum association panel as affected by inoculation with Alternaria alternata alone and Alternaria alternata, Fusarium thapsinum, and Curvularia lunata combined",1,
onegen_0186,2026-07-14,"Isakeit T, Collins S, Rooney W, Prom L (2008) Reaction of sorghum hybrids to anthracnose, grain mold and grain weathering in Burleson County, Texas, 2007. Plant Disease Management Reports 2","Isakeit T, Collins S, Rooney W, Prom L (2008) Reaction of sorghum hybrids to anthracnose, grain mold and grain weathering in Burleson County, Texas, 2007. Plant Disease Management Reports 2",,,,,2026-07-14,,,,,,,,,,Literature context,prombib_165,Machine learning reveals complex genetics of fungal resistance in sorghum grain mold,1,
onegen_0187,2026-07-14,"Isakeit T, Collins SD, Rooney WL, Prom LK (2008) Reaction of sorghum hybrids to anthracnose, grain mold and grain weathering in Burleson County, Texas, 2007. Plant Dis Manag Rep 2:FC003","Isakeit T, Collins SD, Rooney WL, Prom LK (2008) Reaction of sorghum hybrids to anthracnose, grain mold and grain weathering in Burleson County, Texas, 2007. Plant Dis Manag Rep 2:FC003",,,,,2026-07-14,,,,,,,,,,Literature context,prombib_161,The NPGS Sudanese sorghum core collection encloses novel grain mold resistant germplasm,1,
onegen_0188,2026-07-14,"Isakeit, T., J. Jaster, 2005: Texas has a new pathotype of Peronosclerospora sorghi, the cause of sorghum downy mildew. Plant Dis. 89, 529.","Isakeit, T., J. Jaster, 2005: Texas has a new pathotype of Peronosclerospora sorghi, the cause of sorghum downy mildew. Plant Dis. 89, 529.",10.1094/pd-89-0529a,,,,2026-07-14,,,,,,,,,,Literature context,prombib_043; prombib_046; prombib_063; prombib_096; prombib_158,"Evaluation of Gambian and Malian sorghum germplasm against downy mildew pathogen, Peronosclerospora sorghi, in Mexico and the USA; Genome wide association analysis of sorghum mini core lines regarding anthracnose, downy mildew, and head smut; Genome-wide association study of Nigerien and Senegalese sorghum genotypes for their response to downy mildew; Response of sorghum accessions from Chad and Uganda to natural infection by the downy mildew pathogen, Peronosclerospora sorghi in Mexico and the USA; Screening Exotic Sorghum Germplasm, Hybrids, and Elite Lines for Resistance to a New Virulent Pathotype (P6) of Peronosclerospora sorghi Causing Downy Mildew",1,
onegen_0189,2026-07-14,"Isakeit T, Odvody GN (2006) Sorghum downy mildew reactions of grain sorghum hybrids, 2005. Biological and Cultural Tests 21: Report FC010, www.plantmanagementnetwork.org/pub/trial/bctests/vol21","Isakeit T, Odvody GN (2006) Sorghum downy mildew reactions of grain sorghum hybrids, 2005. Biological and Cultural Tests 21: Report FC010, www.plantmanagementnetwork.org/pub/trial/bctests/vol21",,,,,2026-07-14,,,,,,,,,,Literature context,prombib_063,"Evaluation of Gambian and Malian sorghum germplasm against downy mildew pathogen, Peronosclerospora sorghi, in Mexico and the USA",1,
onegen_0190,2026-07-14,"Jones EM (1979) The inheritance of resistance to Colletotrichum graminicola in grain sorghum, Sorghum bicolor. Ph.D. dissertation Purdue Univ., West Lafayette, IN","Jones EM (1979) The inheritance of resistance to Colletotrichum graminicola in grain sorghum, Sorghum bicolor. Ph.D. dissertation Purdue Univ., West Lafayette, IN",,,,,2026-07-14,,,,,,,,,,Literature context,prombib_031,"Molecular mapping of Cg1, a gene for resistance to anthracnose (Colletotrichum sublineolum) in sorghum",1,
onegen_0191,2026-07-14,"Koima, I.N., Kilalo, D.C., Orek, C.O., Wagacha, J.M., and Nyaboga, E.N. (2023). Identification and Characterization of Colletotrichum Species Causing Sorghum Anthracnose in Kenya and Screening of Sorghum Germplasm for Resistance to Anthracnose. J. Fungi, 9.",Identification and Characterization of Colletotrichum Species Causing Sorghum Anthracnose in Kenya and Screening of Sorghum Germplasm for Resistance to Anthracnose (2023),10.3390/jof9010100,https://www.mdpi.com/2309-608X/9/1/100,https://www.ebi.ac.uk/europepmc/webservices/rest/PMC9864066/fullTextXML,PMC9864066.xml,2026-07-14,486a6c796878c99e38025e63da34b1dea1fab2a0fb4764524ad2ebd32796149e,Creative Commons Attribution 4.0,Https://www.mdpi.com/2309-608X/9/1/100,Reuse permitted under the published terms,Anthracnose,14 genotypes,Public greenhouse and field main tables,,Distinct Kenyan greenhouse and two-site field screens within one study,Descriptive scientific context,prombib_140; prombib_146; prombib_150,"Association and interrelationship among agronomic traits and fungal diseases of sorghum, anthracnose and grain mold; Genetic diversity and classification of Colletotrichum sublineola pathotypes using a standard set of sorghum differentials; Multi-trait Genome-wide Association Studies of Sorghum bicolor regarding resistance to anthracnose, downy mildew, grain mold and head smut",1,ref_koima_kenya_anthracnose_2023
onegen_0192,2026-07-14,"Kumar, A.A., Reddy, B.V.S., Thakur, R.P. and Ramaiah, B. (2008) Improved Sorghum Hybrids with Grain Mold Resistance. Journal of SAT Agricultural Research, 6, 1-4.","Kumar, A.A., Reddy, B.V.S., Thakur, R.P. and Ramaiah, B. (2008) Improved Sorghum Hybrids with Grain Mold Resistance. Journal of SAT Agricultural Research, 6, 1-4.",,,,,2026-07-14,,,,,,,,,,Literature context,prombib_147,Reaction of sorghum differentials to grain mold infection in Puerto Rico,1,
onegen_0193,2026-07-14,"Kumar, A.A., Reddy, B.V.S., Thakur, R.P. and Ramaiah, B. (2008) Improved Sorghum Hybrids with Grain Mold Resistance. Journal SAT Agricultural Research , 6, 1-4.","Kumar, A.A., Reddy, B.V.S., Thakur, R.P. and Ramaiah, B. (2008) Improved Sorghum Hybrids with Grain Mold Resistance. Journal SAT Agricultural Research , 6, 1-4.",,,,,2026-07-14,,,,,,,,,,Literature context,prombib_171,Agronomic traits of sorghum cultivars from the US and Senegal and their response to grain mold infection,1,
onegen_0194,2026-07-14,"Kumar, A. A., Reddy, B. V. S., Thakur, R. P., & Ramaiah, B. (2008). Improved sorghum hybrids with grain mold resistance. Journal of SAT Agricultural Research, 6, 1–4 https://www.researchgate.net/publication/26630220_Improved_sorghum_hybrids_with_grain_mold_resistance.","Kumar, A. A., Reddy, B. V. S., Thakur, R. P., & Ramaiah, B. (2008). Improved sorghum hybrids with grain mold resistance. Journal of SAT Agricultural Research, 6, 1–4 https://www.researchgate.net/publication/26630220_Improved_sorghum_hybrids_with_grain_mold_resistance.",,,,,2026-07-14,,,,,,,,,,Literature context,prombib_105,"Genome-wide association study of grain mold resistance in sorghum association panel as affected by inoculation with Alternaria alternata alone and Alternaria alternata, Fusarium thapsinum, and Curvularia lunata combined",1,
onegen_0195,2026-07-14,"Leaf angle distribution in Johnsongrass, leaf thickness in sorghum and Johnsongrass, and association with response to Colletotrichum sublineola","Leaf angle distribution in Johnsongrass, leaf thickness in sorghum and Johnsongrass, and association with response to Colletotrichum sublineola (2020)",10.1038/s41598-020-79473-x,https://doi.org/10.1038/s41598-020-79473-x,,article and supplementary files,,,,Https://doi.org/10.1038/s41598-020-79473-x,,Anthracnose,Sorghum and Johnsongrass plants,"Disease-response values for candidate sorghum lines, together with structural traits",,"Mixed-species experiment reporting structural traits and disease responses for sorghum and Johnsongrass",Literature context,prombib_145; prombib_151,"Correlations among agronomic traits obtained from sorghum accessions planted in a field infected with three important fungal diseases; Inoculation and screening methods for major sorghum diseases caused by fungal pathogens: Claviceps africana, Colletotrichum sublineola, Sporisorium reilianum, Peronosclerospora sorghi and Macrophomina phaseolina",1,prom_leaf_traits_anthracnose_2020
onegen_0196,2026-07-14,Leslie J. F. and Wiley InterScience (Online service). 2002. “Sorghum and Millets Diseases.” Iowa State Press https://books.google.com/books?hl=en‎&id=njy9eDz1Cp0C&oi=fnd&pg=PR13&dq=Leslie +J.F.+(Ed.).+2008.+Sorghum+and+Millets+Diseases.+John+Wiley+%26+Sons.&ots=qpKGX_WI61&sig=KR6srJHK8Ul0Fu5VZbTsrJADHhA#v=onepage&q=Leslie%2C J.F. (Ed.). 2008. Sorghum and Millets Diseases. John Wiley %26 Sons.&f=false.,Leslie J. F. and Wiley InterScience (Online service). 2002. “Sorghum and Millets Diseases.” Iowa State Press https://books.google.com/books?hl=en‎&id=njy9eDz1Cp0C&oi=fnd&pg=PR13&dq=Leslie +J.F.+(Ed.).+2008.+Sorghum+and+Millets+Diseases.+John+Wiley+%26+Sons.&ots=qpKGX_WI61&sig=KR6srJHK8Ul0Fu5VZbTsrJADHhA#v=onepage&q=Leslie%2C J.F. (Ed.). 2008. Sorghum and Millets Diseases. John Wiley %26 Sons.&f=false.,,,,,2026-07-14,,,,,,,,,,Literature context,prombib_085,Estimation of plant health in a sorghum field infected with anthracnose using a fixed-wing unmanned aerial system,1,
onegen_0197,2026-07-14,"Little, C. R., Perumal, R., Tesso, T., Prom, L. K., & Magill, C. W. (2012). Sorghum pathology and biotechnology: A fungal disease perspective: Part I. Grain mold, head smut, and ergot. European Journal of Plant Science and Biotechnology, 6, 10–30 http://www.globalsciencebooks.info/Online/GSBOnline/images/2012/EJPSB_6(SI1)/EJPSB_6(SI1)10-30o.pdf.","Little, C. R., Perumal, R., Tesso, T., Prom, L. K., & Magill, C. W. (2012). Sorghum pathology and biotechnology: A fungal disease perspective: Part I. Grain mold, head smut, and ergot. European Journal of Plant Science and Biotechnology, 6, 10–30 http://www.globalsciencebooks.info/Online/GSBOnline/images/2012/EJPSB_6(SI1)/EJPSB_6(SI1)10-30o.pdf.",,,,,2026-07-14,,,,,,,,,,Literature context,prombib_105,"Genome-wide association study of grain mold resistance in sorghum association panel as affected by inoculation with Alternaria alternata alone and Alternaria alternata, Fusarium thapsinum, and Curvularia lunata combined",1,
onegen_0198,2026-07-14,Loose kernel smut for biocontrol of Sorghum halepense in Saccharum sp. hybrids,Loose kernel smut for biocontrol of Sorghum halepense in Saccharum sp. hybrids,10.1614/0043-1745(2000)048[0645:lksfbo]2.0.co;2,,,,2026-07-14,,,,,,,,,,Literature context,prombib_116,Diseases of Johnsongrass ( Sorghum halepense ): possible role as a reservoir of pathogens affecting other plants,1,
onegen_0199,2026-07-14,"Mahmoud, A. F., Abou-Elwafa, S. F., & Shehzad, T. (2018). Identification of charcoal rot resistance QTLs in sorghum using association and in silico analyses. Journal of Applied Genetics, 59, 243–251.","Mahmoud, A. F., Abou-Elwafa, S. F., & Shehzad, T. (2018). Identification of charcoal rot resistance QTLs in sorghum using association and in silico analyses. Journal of Applied Genetics, 59, 243–251.",10.1007/s13353-018-0446-5,,,,2026-07-14,,,,,,,,,,Literature context,prombib_105,"Genome-wide association study of grain mold resistance in sorghum association panel as affected by inoculation with Alternaria alternata alone and Alternaria alternata, Fusarium thapsinum, and Curvularia lunata combined",1,
onegen_0200,2026-07-14,"Mantle, P. G., Hassan, H. A. G., and McLaren, N. W. 1999. Putative control of ergot disease epidemics in hybrid sorghum production through the inhibition of secondary sporulation by Claviceps africana. Pages 141-146 in: Proc. Conf. Ergot Sorghum, 1-8 June 1997, Sete Lagos, Brazil. C. R. Casela and J. A. Dahlberg, eds. EMBRAPA/INTSORMIL/ICRISAT Publ. 99-91.","Mantle, P. G., Hassan, H. A. G., and McLaren, N. W. 1999. Putative control of ergot disease epidemics in hybrid sorghum production through the inhibition of secondary sporulation by Claviceps africana. Pages 141-146 in: Proc. Conf. Ergot Sorghum, 1-8 June 1997, Sete Lagos, Brazil. C. R. Casela and J. A. Dahlberg, eds. EMBRAPA/INTSORMIL/ICRISAT Publ. 99-91.",,,,,2026-07-14,,,,,,,,,,Literature context,prombib_019,Survival of Claviceps africana Within Sorghum Panicles at Several Texas Locations.,1,
onegen_0201,2026-07-14,"Mehta PJ (2002) Genetic Anthracnose resistance genes in sorghum: characterization and molecular markers. Ph.D. dissertation Texas A&M Univ., College Station, TX","Mehta PJ (2002) Genetic Anthracnose resistance genes in sorghum: characterization and molecular markers. Ph.D. dissertation Texas A&M Univ., College Station, TX",,,,,2026-07-14,,,,,,,,,,Literature context,prombib_031,"Molecular mapping of Cg1, a gene for resistance to anthracnose (Colletotrichum sublineolum) in sorghum",1,
onegen_0202,2026-07-14,"Mehta PJ, Wiltse CC, Rooney WL, Collins SD, Frederiksen RA, Hess DE et al (2005) Classification and inheritance of genetic resistance to anthracnose in sorghum. Field Crops Res 93:1–9","Mehta PJ, Wiltse CC, Rooney WL, Collins SD, Frederiksen RA, Hess DE et al (2005) Classification and inheritance of genetic resistance to anthracnose in sorghum. Field Crops Res 93:1–9",10.1016/j.fcr.2004.09.001,,,,2026-07-14,,,,,,,,,,Literature context,prombib_031; prombib_035; prombib_041; prombib_050; prombib_055; prombib_066; prombib_071; prombib_086; prombib_087; prombib_103; prombib_150,"A Pictorial Technique for Mass Screening of Sorghum Germplasm for Anthracnose (Colletotrichum sublineolum) Resistance; Association and interrelationship among agronomic traits and fungal diseases of sorghum, anthracnose and grain mold; Effect of Host Genotypes and Weather Variables on the Severity and Temporal Dynamics of Sorghum Anthracnose in Ethiopia; Evaluation of genetic diversity, agronomic traits, and anthracnose resistance in the NPGS Sudan sorghum core collection; Excised leaf method for high volume evaluation of sorghum germplasm for resistance against Colletotrichum sublineolum; Genetic diversity and pathotype determination of Colletotrichum sublineolum isolates causing anthracnose in sorghum; Genome-wide association mapping of anthracnose (Collectotrichum sublineolun) resistance in the U.S. sorghum association panel; Inheritance and molecular mapping of anthracnose resistance genes present in sorghum line SC112-14; Inheritance of resistance of three sorghum lines to pathotypes of Colletotrichum sublineola, causal agent of anthracnose; Molecular mapping of Cg1, a gene for resistance to anthracnose (Colletotrichum sublineolum) in sorghum; Sorghum pathology and biotechnology - a fungal disease perspective: Part II. Anthracnose, stalk rot, and downy mildew",1,
onegen_0203,2026-07-14,"Mekonen M, Tesfaye K, Mengiste T et al (2024) Pathotype determination of sorghum anthracnose (Colletotrichum sublineola) isolates from Ethiopia using sorghum differentials. Front Microbiol 15:1458450",Pathotype determination of sorghum anthracnose (Colletotrichum sublineola) isolates from Ethiopia using sorghum differentials (2024),10.3389/fmicb.2024.1458450,https://www.frontiersin.org/journals/microbiology/articles/10.3389/fmicb.2024.1458450/full,https://www.frontiersin.org/journals/microbiology/articles/10.3389/fmicb.2024.1458450/xml/nlm,fmicb.2024.1458450.xml,2026-07-14,78af8376ea5a5275855a842f662f5ba916e22ed2b79c7fcc9a959177493fa909,Creative Commons Attribution 4.0,Https://www.frontiersin.org/journals/microbiology/articles/10.3389/fmicb.2024.1458450/full,Reuse permitted under the published terms,Anthracnose pathotype,25 genotypes by 25 isolates,Public genotype-by-isolate binary matrix and severity summaries,The narrative field response and reported experiment describe the same study.,Distinct Ethiopian isolate-by-genotype experiment,Descriptive scientific context,prombib_164,Candidate genes for anthracnose resistance in Senegalese sorghum: a machine learning-based exploration,1,ref_mekonen_ethiopia_anthracnose_pathotypes_2024
onegen_0204,2026-07-14,"Melake-Berhan, A., Butler, L., Ejeta, G., & Menkir, A. (1996). Grain mold resistance and polyphenol accumulation in sorghum. Journal of Agricultural and Food Chemistry, 44, 2428–2434.","Melake-Berhan, A., Butler, L., Ejeta, G., & Menkir, A. (1996). Grain mold resistance and polyphenol accumulation in sorghum. Journal of Agricultural and Food Chemistry, 44, 2428–2434.",10.1021/jf950580x,,,,2026-07-14,,,,,,,,,,Literature context,prombib_105,"Genome-wide association study of grain mold resistance in sorghum association panel as affected by inoculation with Alternaria alternata alone and Alternaria alternata, Fusarium thapsinum, and Curvularia lunata combined",1,
onegen_0205,2026-07-14,"Mengistu G, Shimelis H, Laing M, Lule D. Breeding for anthracnose (Colletotrichum sublineolum’Henn.) resistance in sorghum: Challenges and opportunities. Aust J Crop Sci. 2018;12:1911–20.","Mengistu G, Shimelis H, Laing M, Lule D. Breeding for anthracnose (Colletotrichum sublineolum’Henn.) resistance in sorghum: Challenges and opportunities. Aust J Crop Sci. 2018;12:1911–20.",10.21475/ajcs.18.12.12.p1230,,,,2026-07-14,,,,,,,,,,Literature context,prombib_162; prombib_164,A machine learning approach to genome-wide association mapping of disease resistance and geographic origin in sorghum; Candidate genes for anthracnose resistance in Senegalese sorghum: a machine learning-based exploration,1,
onegen_0206,2026-07-14,"Moghal, S.M., Jagirdar, H.A., 1979. Reaction of sorghum varieties to natural infection of long smut, Tolyposporium ehrenbergii (Abstr.). In: Proceedings of the XXVI/XXVII Pakistan Science Conference, Lahore, Pakistan, p. 50-A.","Moghal, S.M., Jagirdar, H.A., 1979. Reaction of sorghum varieties to natural infection of long smut, Tolyposporium ehrenbergii (Abstr.). In: Proceedings of the XXVI/XXVII Pakistan Science Conference, Lahore, Pakistan, p. 50-A.",,,,,2026-07-14,,,,,,,,,,Literature context,prombib_024,Assessing the vulnerability of selected sorghum lines from the United States of America to long smut (Sporisorium ehrenbergii Vánky) disease,1,
onegen_0207,2026-07-14,Molecular characterization of anthracnose resistance gene in sorghum.,Molecular characterization of anthracnose resistance gene in sorghum.,,,,,2026-07-14,,,,,,,,,,Literature context,prombib_050; prombib_055,"Genetic diversity and pathotype determination of Colletotrichum sublineolum isolates causing anthracnose in sorghum; Sorghum pathology and biotechnology - a fungal disease perspective: Part II. Anthracnose, stalk rot, and downy mildew",1,
onegen_0208,2026-07-14,Molecular genetic evaluation of sorghum germplasm differing in response to fungal diseases: Rust (Puccinia purpurea) and anthracnose (Collectotrichum graminicola),Molecular genetic evaluation of sorghum germplasm differing in response to fungal diseases: Rust (Puccinia purpurea) and anthracnose (Collectotrichum graminicola),10.1007/s10681-005-9040-0,,,,2026-07-14,,,,,,,,,,Literature context,prombib_055; prombib_068; prombib_168,"Sorghum pathology and biotechnology - a fungal disease perspective: Part II. Anthracnose, stalk rot, and downy mildew; Tapping the US sweet sorghum collection to identify biofuel germplasm; The NPGS Sudan sorghum germplasm collection reveals a novel cluster of R genes associated with rust resistant.",1,
onegen_0209,2026-07-14,"Molecular mapping of Cg1, a gene for resistance to anthracnose (Colletotrichum sublineolum) in sorghum","Molecular mapping of Cg1, a gene for resistance to anthracnose (Colletotrichum sublineolum) in sorghum (2008)",10.1007/s10681-008-9791-5,https://doi.org/10.1007/s10681-008-9791-5,,article tables,,,,Https://doi.org/10.1007/s10681-008-9791-5,,Anthracnose,Mapping parents and progeny,Disease-response values for candidate mapping families,,Inheritance experiment used for genetic context,Literature context,prombib_035; prombib_050; prombib_055; prombib_066; prombib_069; prombib_086; prombib_087; prombib_097; prombib_106; prombib_126,"A Pictorial Technique for Mass Screening of Sorghum Germplasm for Anthracnose (Colletotrichum sublineolum) Resistance; Assessment of sorghum germplasm from Burkina Faso and South Africa to identify new sources of resistance to grain mold and anthracnose; Genetic diversity and pathotype determination of Colletotrichum sublineolum isolates causing anthracnose in sorghum; Genome-wide association mapping of anthracnose (Collectotrichum sublineolun) resistance in the U.S. sorghum association panel; Genome-wide association mapping of anthracnose (Colletotrichum sublineolum) resistance in NPGS Ethiopian sorghum germplasm; Genomic dissection of anthracnose (Colletotrichum sublineolum) resistance response in sorghum differential line SC112-14; Inheritance and molecular mapping of anthracnose resistance genes present in sorghum line SC112-14; Inheritance of resistance of three sorghum lines to pathotypes of Colletotrichum sublineola, causal agent of anthracnose; Sorghum pathology and biotechnology - a fungal disease perspective: Part II. Anthracnose, stalk rot, and downy mildew; The inheritance of anthracnose (Colletotrichum sublineola) resistance in sorghum differential lines QL3 and IS18760",1,prom_cg1_anthracnose_mapping_2008
onegen_0210,2026-07-14,Molecular mapping of genomic regions harboring QTLs for stalk rot resistance in sorghum,Molecular mapping of genomic regions harboring QTLs for stalk rot resistance in sorghum,10.1007/s10681-007-9472-9,,,,2026-07-14,,,,,,,,,,Literature context,prombib_055,"Sorghum pathology and biotechnology - a fungal disease perspective: Part II. Anthracnose, stalk rot, and downy mildew",1,
onegen_0211,2026-07-14,"Moore J, TeBeest D (2005) Pathotypes of Colletotrichum sublineolum in Arkansas. Phytopathology 95(6):S71","Moore J, TeBeest D (2005) Pathotypes of Colletotrichum sublineolum in Arkansas. Phytopathology 95(6):S71",,,,,2026-07-14,,,,,,,,,,Literature context,prombib_066,Inheritance and molecular mapping of anthracnose resistance genes present in sorghum line SC112-14,1,
onegen_0212,2026-07-14,"Morales-Salva A (2022) Genome-wide association analysis of anthracnose resistance in NPGS Yemen sorghum [Sorghum bicolor (L.) Moench] germplasm. University of Puerto Rico-Mayaguez Campus, Mayaguez","Morales-Salva A (2022) Genome-wide association analysis of anthracnose resistance in NPGS Yemen sorghum [Sorghum bicolor (L.) Moench] germplasm. University of Puerto Rico-Mayaguez Campus, Mayaguez",,,,,2026-07-14,,,,,,,,,,Literature context,prombib_161,The NPGS Sudanese sorghum core collection encloses novel grain mold resistant germplasm,1,
onegen_0213,2026-07-14,Mycoflora analysis of hybrid sorghum grain collected from different locations in south Texas,Mycoflora Analysis of Hybrid Sorghum Grain Collected from Different Locations in South Texas (2014),10.9734/ajea/2015/14590,https://doi.org/10.9734/ajea/2015/14590,,main article tables,,,,Https://doi.org/10.9734/ajea/2015/14590,,Seed mycoflora,Hybrid sorghum grain samples from South Texas,Fungal-isolation study used for mycological context,Seed-mycology context,Fungal-isolation study used for mycological context,Literature context,prombib_069; prombib_088; prombib_105; prombib_110; prombib_139; prombib_147; prombib_171,"Agronomic traits of sorghum cultivars from the US and Senegal and their response to grain mold infection; Assessment of sorghum germplasm from Burkina Faso and South Africa to identify new sources of resistance to grain mold and anthracnose; Frequency of isolation of four fungal species colonizing sorghum grain collected from six lines in an anthracnose-infected field; Genome-wide association study of grain mold resistance in sorghum association panel as affected by inoculation with Alternaria alternata alone and Alternaria alternata, Fusarium thapsinum, and Curvularia lunata combined; Mycoflora analysis and other measured parameters of sorghum seeds collected from Puerto Rico and Mexico; Reaction of sorghum differentials to grain mold infection in Puerto Rico; Screening sorghum accessions for resistance against anthracnose and grain mold through inoculating with pathogens",1,prom_hybrid_seed_mycoflora_texas_2014
onegen_0214,2026-07-14,"Mycological evaluation of a sorghum grain of Argentina, with emphasis on the characterization of Fusarium species","Mycological evaluation of a sorghum grain of Argentina, with emphasis on the characterization of Fusarium species",10.1006/fmic.1998.0250,,,,2026-07-14,,,,,,,,,,Literature context,prombib_015; prombib_022; prombib_067,"Mycoflora analysis of hybrid sorghum grain collected from different locations in South Texas; Seed Mycoflora for Grain Mold from Natural Infection in Sorghum Germplasm Grown at Isabela, Puerto Rico and their Association with Kernel Weight and Germination; The Effects of Fusarium thapsinum, Curvularia lunata , and Their Combination on Sorghum Germination and Seed Mycoflora",1,
onegen_0215,2026-07-14,"Nagesh Kumar MV, Ramya V, Govindaraj M, Dandapani A, Maheshwaramma S, Ganapathy KN et al. (2022) India’s rainfed sorghum improvement: Three decades of genetic gain assessment for yield, grain quality, grain mold and shoot fly resistance. Front Plant Sci 13:1056040",Nagesh Kumar MV et al. Frontiers in Plant Science. 2022;13:1056040.,10.3389/fpls.2022.1056040,https://doi.org/10.3389/fpls.2022.1056040,https://www.frontiersin.org/journals/plant-science/articles/10.3389/fpls.2022.1056040/pdf,onegen_0215_nagesh_kumar_mv_ramya_v_govindaraj_m_dandapani_a_maheshwaramma_s_ganapathy_kn_et_al_2022_i.pdf,2026-07-14,8fd35925d9a47517a4961a7c60b5841141755fd0d6a05230c32ddff5c4332081,Creative Commons Attribution 4.0,Article license,Reuse permitted under the published terms,Grain mold,24 named released varieties,Grain-mold responses for 24 named released varieties,Indian genetic-gain evaluation,Distinct genetic-gain study.,Descriptive scientific context,prombib_165; prombib_171,Agronomic traits of sorghum cultivars from the US and Senegal and their response to grain mold infection; Machine learning reveals complex genetics of fungal resistance in sorghum grain mold,1,
onegen_0216,2026-07-14,"Nair, S.K., B.M. Prasanna, R.S. Rathore, T.A.S. Setty, R. Kumar, N.N. Singh, 2004: Genetic analysis of resistance to sorghum downy mildew and Rajasthan downy mildew in maize (Zea mays L.). Field Crops Res. 89, 379–387.","Nair, S.K., B.M. Prasanna, R.S. Rathore, T.A.S. Setty, R. Kumar, N.N. Singh, 2004: Genetic analysis of resistance to sorghum downy mildew and Rajasthan downy mildew in maize (Zea mays L.). Field Crops Res. 89, 379–387.",10.1016/j.fcr.2004.02.017,,,,2026-07-14,,,,,,,,,,Literature context,prombib_043; prombib_055,"Response of sorghum accessions from Chad and Uganda to natural infection by the downy mildew pathogen, Peronosclerospora sorghi in Mexico and the USA; Sorghum pathology and biotechnology - a fungal disease perspective: Part II. Anthracnose, stalk rot, and downy mildew",1,
onegen_0217,2026-07-14,"Natarajan P, Ahn E, Reddy UK et al (2021) RNA-sequencing in resistant (QL3) and susceptible (Theis) sorghum cultivars inoculated with Johnsongrass isolates of Colletotrichum sublineola. Front Genet 12:722519",RNA-Sequencing in Resistant (QL3) and Susceptible (Theis) Sorghum Cultivars Inoculated With Johnsongrass Isolates of Colletotrichum sublineola (2021),10.3389/fgene.2021.722519,https://doi.org/10.3389/fgene.2021.722519,,article and sequence data,,,Creative Commons Attribution 4.0,Https://doi.org/10.3389/fgene.2021.722519,Reuse permitted under the published terms,Anthracnose,QL3 and Theis,Anthracnose-induced transcriptomic responses in QL3 and Theis,RNA sequencing after inoculation with Johnsongrass isolates of Colletotrichum sublineola,Mechanistic comparison of QL3 and Theis after anthracnose inoculation,Literature context,prombib_164,Candidate genes for anthracnose resistance in Senegalese sorghum: a machine learning-based exploration,1,prom_rna_seq_anthracnose_2021
onegen_0218,2026-07-14,"New sorghum leaf blight resistance sources: Identification, description and reactions of F1 hybrids","New sorghum leaf blight resistance sources: Identification, description and reactions of F1 hybrids",,,,,2026-07-14,,,,,,,,,,Literature context,prombib_137; prombib_174,"A genome-wide association study of Nigerien and Senegalese sorghum germplasms of Exserohilum turcicum, the causal agent of leaf blight; Genomic analysis of resistance to Exserohilum turcicum in Nigerien and Senegalese sorghum using GWAS and machine learning",1,
onegen_0219,2026-07-14,NEW SOURCES OF GRAIN MOLD RESISTANCE AMONG SORGHUM ACCESSIONS FROM SUDAN,New Sources of Grain Mold Resistance among Sorghum Accessions from Sudan (2009),URL:https://doaj.org/article/0631ad81de1a4ab1be92e1b87d8f5266,https://doaj.org/article/0631ad81de1a4ab1be92e1b87d8f5266,,article tables,,,,Https://doaj.org/article/0631ad81de1a4ab1be92e1b87d8f5266,,Grain mold,Sudan accessions,Disease-response values for candidate accessions,,,Literature context,prombib_047; prombib_064; prombib_069; prombib_089; prombib_090; prombib_098; prombib_105; prombib_106; prombib_110; prombib_149,"Assessment of sorghum germplasm from Burkina Faso and South Africa to identify new sources of resistance to grain mold and anthracnose; Association analysis of grain mould resistance in a core collection of NPGS Ethiopian sorghum germplasm; Evaluation of selected sorghum lines and hybrids for resistance to grain mold and long smut fungi in Senegal, West Africa; Genome-wide association mapping of grain mold resistance in the U.S. sorghum association panel; Genome-wide association study of grain mold resistance in sorghum association panel as affected by inoculation with Alternaria alternata alone and Alternaria alternata, Fusarium thapsinum, and Curvularia lunata combined; Genomic dissection of anthracnose (Colletotrichum sublineolum) resistance response in sorghum differential line SC112-14; Population structure of the NPGS Senegalese sorghum collection and its evaluation to identify new disease resistant genes; Response of sorghum lines and hybrids from the United States to long smut and grain mold; Screening sorghum accessions for resistance against anthracnose and grain mold through inoculating with pathogens; Sorghum pathology and biotechnology - a fungal disease perspective: Part I. Grain mold, head smut, and ergot",1,prom_sudan_grain_mold_sources_2009
onegen_0220,2026-07-14,New sources of sorghum resistant genotypes to downy mildew disease in Uganda,New sources of sorghum resistant genotypes to downy mildew disease in Uganda (2019),10.13057/biodiv/d201136,https://doi.org/10.13057/biodiv/d201136,,main article tables,,,,Https://doi.org/10.13057/biodiv/d201136,,Downy mildew,Ugandan genotypes,Disease-response values for candidate genotypes,,,Literature context,prombib_158,Genome-wide association study of Nigerien and Senegalese sorghum genotypes for their response to downy mildew,1,prom_uganda_downy_mildew_2019
onegen_0221,2026-07-14,"Nicholson RL, Kollipara SS, Vincent JR, Lyons PC, Cadena-Gomez G (1987) Phytoalexin synthesis by the sorghum mesocotyl in response to infection by pathogenic and nonpathogenic fungi. Proc Natl Acad Sci USA 84:5520–5524","Nicholson RL, Kollipara SS, Vincent JR, Lyons PC, Cadena-Gomez G (1987) Phytoalexin synthesis by the sorghum mesocotyl in response to infection by pathogenic and nonpathogenic fungi. Proc Natl Acad Sci USA 84:5520–5524",10.1073/pnas.84.16.5520,,,,2026-07-14,,,,,,,,,,Literature context,prombib_099,GWAS analysis of sorghum association panel lines identifies SNPs associated with disease response to Texas isolates of Colletotrichum sublineola,1,
onegen_0222,2026-07-14,"Nida, H., Girma, G., Mekonen, M., Lee, S., Seyoum, A., Dessalegn, K., Tadesse, T., Ayana, G., Senbetay, T., Tesso, T., Ejeta, G., & Mengiste, T. (2019). Identification of sorghum grain mold resistance loci through genome wide association mapping. Journal of Cereal Science, 85, 295–304.","Nida, H., Girma, G., Mekonen, M., Lee, S., Seyoum, A., Dessalegn, K., Tadesse, T., Ayana, G., Senbetay, T., Tesso, T., Ejeta, G., & Mengiste, T. (2019). Identification of sorghum grain mold resistance loci through genome wide association mapping. Journal of Cereal Science, 85, 295–304.",10.1016/j.jcs.2018.12.016,,,,2026-07-14,,,,,,,,,,Literature context,prombib_105; prombib_136; prombib_149; prombib_150; prombib_161; prombib_165; prombib_170,"A haplotype-layered GWAS identifies a multi-trait grain mold resistance hub on sorghum chromosome 5; Association analysis of grain mould resistance in a core collection of NPGS Ethiopian sorghum germplasm; Association and interrelationship among agronomic traits and fungal diseases of sorghum, anthracnose and grain mold; Genome-wide association study of grain mold resistance in sorghum association panel as affected by inoculation with Alternaria alternata alone and Alternaria alternata, Fusarium thapsinum, and Curvularia lunata combined; Machine learning reveals complex genetics of fungal resistance in sorghum grain mold; Response of sorghum accessions from three African countries to anthracnose, grain mould, and rust; The NPGS Sudanese sorghum core collection encloses novel grain mold resistant germplasm",1,
onegen_0223,2026-07-14,"Odvody, G , Isaskeit, T (1997) Sorghum ergot in the United States—public sector response. Pages 68–75 in Casela C, Dahlberg J, eds. Global Conference on Ergot of Sorghum. Sete Lagaos, Brazil: EMBRAPA and INTSORMIL","Odvody, G , Isaskeit, T (1997) Sorghum ergot in the United States—public sector response. Pages 68–75 in Casela C, Dahlberg J, eds. Global Conference on Ergot of Sorghum. Sete Lagaos, Brazil: EMBRAPA and INTSORMIL",,,,,2026-07-14,,,,,,,,,,Literature context,prombib_116,Diseases of Johnsongrass ( Sorghum halepense ): possible role as a reservoir of pathogens affecting other plants,1,
onegen_0224,2026-07-14,"Oh BJ, Frederiksen RA, Magill CW (1994) Identification of molecular markers linked to head smut resistance gene (Shs) in sorghum by RFLP and RAPD analyses. Phytopathology 84(8):830–833. doi:10.1094/Phyto-84-830","Oh BJ, Frederiksen RA, Magill CW (1994) Identification of molecular markers linked to head smut resistance gene (Shs) in sorghum by RFLP and RAPD analyses. Phytopathology 84(8):830–833. doi:10.1094/Phyto-84-830",10.1094/phyto-84-830,,,,2026-07-14,,,,,,,,,,Literature context,prombib_031,"Molecular mapping of Cg1, a gene for resistance to anthracnose (Colletotrichum sublineolum) in sorghum",1,
onegen_0225,2026-07-14,Ovary colonization by Claviceps africana is related to ergot resistance in male‐sterile sorghum lines,Komolong B et al. Plant Pathology. 2003.,10.1046/j.1365-3059.2003.00886.x,https://era.dpi.qld.gov.au/id/eprint/10542/,https://era.dpi.qld.gov.au/id/eprint/10542/1/Ovary%20colonization%20by%20Claviceps%20africana%20is%20related%20to%20ergot%20resistance%20in%20male-sterile%20sorghum%20lines.pdf,onegen_0225_ovary_colonization_ergot_qld_repository.pdf,2026-07-14,27e58147d2dbdfc37f297c9fd615aaccea5f1730660a15b9786ac11138238374,Public repository copy available,Queensland repository record,,Ergot,Three male-sterile lines x five isolates x two inoculum concentrations,line-isolate-concentration ovary-colonization values,Controlled inoculation,Distinct ergot ovary-colonization experiment.,Descriptive scientific context,prombib_028,"Disease Severity and Susceptibility of Sorghum [Sorghum bicolor (L.) Moench.] to Infection by Claviceps africana Frederickson, Mantle and de Milliano in Mexico and the United States of America",1,
onegen_0226,2026-07-14,"Pathogenic variability of Colletotrichum sublineolum isolates on sorghum differentials under greenhouse conditions in Jimma, Ethiopia","Pathogenic variability of Colletotrichum sublineolum isolates on sorghum differentials under greenhouse conditions in Jimma, Ethiopia (2021)",10.1080/03235408.2021.1988842,https://doi.org/10.1080/03235408.2021.1988842,,main article tables,,,,Https://doi.org/10.1080/03235408.2021.1988842,,Anthracnose pathotype,Differential-by-isolate experiment,Disease-response values for candidate differential lines across isolates,,,Literature context,prombib_140,Genetic diversity and classification of Colletotrichum sublineola pathotypes using a standard set of sorghum differentials,1,prom_ethiopia_anthracnose_pathotypes_2021
onegen_0227,2026-07-14,Pathogenic variabilityu in Exserohium turcicum and resistance to leaf blight in sorghum,Pathogenic variabilityu in Exserohium turcicum and resistance to leaf blight in sorghum,,,,,2026-07-14,,,,,,,,,,Literature context,prombib_116,Diseases of Johnsongrass ( Sorghum halepense ): possible role as a reservoir of pathogens affecting other plants,1,
onegen_0228,2026-07-14,Pathotypes of Colletotrichum graminicola and Seed Transmission of Sorghum Anthracnose,Pathotypes of Colletotrichum graminicola and Seed Transmission of Sorghum Anthracnose,10.1094/pd-73-0255,,,,2026-07-14,,,,,,,,,,Literature context,prombib_014; prombib_023; prombib_025; prombib_050; prombib_054; prombib_055; prombib_066; prombib_071; prombib_074; prombib_086; prombib_087; prombib_099; prombib_110; prombib_119; prombib_123; prombib_134; prombib_140,"Chinese sorghum germplasm evaluated for resistance to downy mildew and anthracnose; Evaluation of Malian Sorghum Germplasm for Resistance Against Anthracnose; Excised leaf method for high volume evaluation of sorghum germplasm for resistance against Colletotrichum sublineolum; GWAS analysis of sorghum association panel lines identifies SNPs associated with disease response to Texas isolates of Colletotrichum sublineola; Genetic diversity and classification of Colletotrichum sublineola pathotypes using a standard set of sorghum differentials; Genetic diversity and pathotype determination of Colletotrichum sublineolum isolates causing anthracnose in sorghum; Genome-wide association analysis for response of Senegalese sorghum accessions to Texas isolates of anthracnose; Genome-wide association mapping of anthracnose (Collectotrichum sublineolun) resistance in the U.S. sorghum association panel; Inheritance and molecular mapping of anthracnose resistance genes present in sorghum line SC112-14; Inheritance of resistance of three sorghum lines to pathotypes of Colletotrichum sublineola, causal agent of anthracnose; Johnsongrass rhizome tissue can be infected by Colletotrichum sublineola; Pathogenic variability of Colletotrichum sublineolum isolates on sorghum differentials under greenhouse conditions in Jimma, Ethiopia; Response of Sorghum Accessions from Four African Countries against Colletotrichum sublineolum, Causal Agent of Sorghum Anthracnose; Screening sorghum accessions for resistance against anthracnose and grain mold through inoculating with pathogens; Sorghum pathology and biotechnology - a fungal disease perspective: Part II. Anthracnose, stalk rot, and downy mildew; The impact of weather conditions on response of sorghum genotypes to anthracnose (Colletotrichum sublineola) infection; Variation for Anthracnose Resistance within the Sorghum Germplasm Collection from Mozambique, Africa",1,
onegen_0229,2026-07-14,"Moore, J. W., Ditmore, M., & TeBeest, D. O. (2008). Pathotypes of Colletotrichum sublineolum in Arkansas. Plant Disease, 92, 1415–1420.",Pathotypes of Colletotrichum sublineolum in Arkansas (2008),10.1094/PDIS-92-10-1415,https://pubmed.ncbi.nlm.nih.gov/30769577/,,main article pathogenicity tables,,,,Https://pubmed.ncbi.nlm.nih.gov/30769577/,,Anthracnose pathotype,Eight differential sorghum lines tested with 87 isolates having consistent results,,,,Literature context,prombib_050; prombib_055; prombib_066; prombib_069; prombib_086; prombib_087; prombib_096; prombib_099; prombib_119; prombib_123; prombib_131; prombib_136; prombib_140,"Assessment of sorghum germplasm from Burkina Faso and South Africa to identify new sources of resistance to grain mold and anthracnose; Evaluation of a subset of Ethiopia sorghum collection germplasm from the National Genetic Resources Program of the United States Department of Agriculture for anthracnose resistance; GWAS analysis of sorghum association panel lines identifies SNPs associated with disease response to Texas isolates of Colletotrichum sublineola; Genetic diversity and classification of Colletotrichum sublineola pathotypes using a standard set of sorghum differentials; Genetic diversity and pathotype determination of Colletotrichum sublineolum isolates causing anthracnose in sorghum; Genome wide association analysis of sorghum mini core lines regarding anthracnose, downy mildew, and head smut; Genome-wide association analysis for response of Senegalese sorghum accessions to Texas isolates of anthracnose; Genome-wide association mapping of anthracnose (Collectotrichum sublineolun) resistance in the U.S. sorghum association panel; Inheritance and molecular mapping of anthracnose resistance genes present in sorghum line SC112-14; Inheritance of resistance of three sorghum lines to pathotypes of Colletotrichum sublineola, causal agent of anthracnose; Pathogenic variability of Colletotrichum sublineolum isolates on sorghum differentials under greenhouse conditions in Jimma, Ethiopia; Response of sorghum accessions from three African countries to anthracnose, grain mould, and rust; Sorghum pathology and biotechnology - a fungal disease perspective: Part II. Anthracnose, stalk rot, and downy mildew",1,ref_moore_arkansas_anthracnose_pathotypes_2008
onegen_0230,2026-07-14,Pathotypes of Peronosclerospora sorghi,Pathotypes of Peronosclerospora sorghi,10.1094/pd-64-778,,,,2026-07-14,,,,,,,,,,Literature context,prombib_025; prombib_043; prombib_063; prombib_158,"Chinese sorghum germplasm evaluated for resistance to downy mildew and anthracnose; Evaluation of Gambian and Malian sorghum germplasm against downy mildew pathogen, Peronosclerospora sorghi, in Mexico and the USA; Genome-wide association study of Nigerien and Senegalese sorghum genotypes for their response to downy mildew; Response of sorghum accessions from Chad and Uganda to natural infection by the downy mildew pathogen, Peronosclerospora sorghi in Mexico and the USA",1,
onegen_0231,2026-07-14,"Pattern Analysis of Sorghum Genotype × Environment Interaction for Leaf, Panicle, and Grain Anthracnose in Mali",Hess DE et al. Plant Disease. 2002;86:1374-1382.,10.1094/PDIS.2002.86.12.1374,https://oar.icrisat.org/5090/,https://oar.icrisat.org/5090/1/PDIS.2002.86.12.1374.pdf,onegen_0231_pattern_analysis_anthracnose_mali_icrisat.pdf,2026-07-14,dde0e1546e7e3a3bf2ce5ed674cc6ad0920e59f0d0ef03cf7c10e44fd9d3e6fe,Public repository copy available,ICRISAT OAR record,,Anthracnose,19 named lines plus two named checks,"Table 3 gives pooled leaf, panicle, and grain anthracnose endpoints",Mali genotype-by-environment experiment,Distinct Mali GxE experiment.,Descriptive scientific context,prombib_023; prombib_041; prombib_074; prombib_085; prombib_123; prombib_126,"Effect of Host Genotypes and Weather Variables on the Severity and Temporal Dynamics of Sorghum Anthracnose in Ethiopia; Estimation of plant health in a sorghum field infected with anthracnose using a fixed-wing unmanned aerial system; Pathogenic variability of Colletotrichum sublineolum isolates on sorghum differentials under greenhouse conditions in Jimma, Ethiopia; The impact of weather conditions on response of sorghum genotypes to anthracnose (Colletotrichum sublineola) infection; The inheritance of anthracnose (Colletotrichum sublineola) resistance in sorghum differential lines QL3 and IS18760; Variation for Anthracnose Resistance within the Sorghum Germplasm Collection from Mozambique, Africa",1,
onegen_0232,2026-07-14,"Perumal, R., Frederiksen, R.A., Prom, L.K. and Magill, C.W. (2007) Head Smut. In: Screening Techniques for Sorghum Diseases. Information Bulletin No. 76, International Crops Research Institute for the Semi-Arid Tropics (ICRISAT), Pantacheru 58-63.","Perumal, R., Frederiksen, R.A., Prom, L.K. and Magill, C.W. (2007) Head Smut. In: Screening Techniques for Sorghum Diseases. Information Bulletin No. 76, International Crops Research Institute for the Semi-Arid Tropics (ICRISAT), Pantacheru 58-63.",,,,,2026-07-14,,,,,,,,,,Literature context,prombib_124,"Response of sorghum accessions against newly documented pathotypes 5 and 6 of head smut pathogen, Sporisorium reilianum",1,
onegen_0233,2026-07-14,Physical and chemical kernel properties associated with resistance to grain mold in sorghum,Physical and chemical kernel properties associated with resistance to grain mold in sorghum,10.1097/mao.0000000000003575,,,,2026-07-14,,,,,,,,,,Literature context,prombib_047; prombib_098; prombib_130; prombib_157,"Comparing the effects of grain weathering and presence of fungal communities on waxy and non-waxy sorghum hybrids grown across texas; Genome-wide association analysis uncovers genes associated with resistance to head smut pathotype 5 in senegalese sorghum accessions; Genome-wide association mapping of grain mold resistance in the U.S. sorghum association panel; Sorghum pathology and biotechnology - a fungal disease perspective: Part I. Grain mold, head smut, and ergot",1,
onegen_0234,2026-07-14,Physical Kernel Properties Associated with Grain Mold Resistance in Sorghum (Sorghum bicolor (L.) Moench),Physical Kernel Properties Associated with Grain Mold Resistance in Sorghum (Sorghum bicolor (L.) Moench),10.3923/ijpbg.2013.176.181,,,,2026-07-14,,,,,,,,,,Literature context,prombib_081; prombib_105,"Genome-wide association study of grain mold resistance in sorghum association panel as affected by inoculation with Alternaria alternata alone and Alternaria alternata, Fusarium thapsinum, and Curvularia lunata combined; Screening of sorghum lines against long smut and grain mold pathogens",1,
onegen_0235,2026-07-14,Phytoalexin assay in juvenile sorghum: An aid to breeding for anthracnose resistance.,Phytoalexin assay in juvenile sorghum: An aid to breeding for anthracnose resistance.,10.2135/cropsci1993.0011183x003300020005x,,,,2026-07-14,,,,,,,,,,Literature context,prombib_014; prombib_133,Evaluation of Malian Sorghum Germplasm for Resistance Against Anthracnose; Genome-wide association study of Senegalese sorghum seedlings responding to a Texas isolate of Colletotrichum sublineola.,1,
onegen_0236,2026-07-14,Population structure of the NPGS Senegalese sorghum collection and its evaluation to identify new disease resistant genes.,Population structure of the NPGS Senegalese sorghum collection and its evaluation to identify new disease resistant genes (2018),10.1371/journal.pone.0191877,https://plos.figshare.com/articles/dataset/Population_structure_of_the_NPGS_Senegalese_sorghum_collection_and_its_evaluation_to_identify_new_disease_resistant_genes/5888377,https://ndownloader.figshare.com/files/10489147,S1 File.xlsx,2026-07-14,13d1051ecd567c84ea5fa9e0e775e222047d80dbb07e6a8bbb95ce5ca6e109d0,Creative Commons Zero 1.0,Https://www.ebi.ac.uk/europepmc/webservices/rest/PMC5812598/fullTextXML,Reuse permitted under the published terms,Anthracnose; Grain mold seed quality,The article reports 158 accessions; the public table contains 157 PI accessions,Public accession table available,,The Figshare record contains the original accession table and published aggregate and candidate summaries,Quantitative analysis of accession or line responses,prombib_097; prombib_098; prombib_103; prombib_105; prombib_119; prombib_133; prombib_135; prombib_142; prombib_147; prombib_149; prombib_157; prombib_159; prombib_171,"Agronomic traits of sorghum cultivars from the US and Senegal and their response to grain mold infection; Association analysis of grain mould resistance in a core collection of NPGS Ethiopian sorghum germplasm; Evaluation of genetic diversity, agronomic traits, and anthracnose resistance in the NPGS Sudan sorghum core collection; Genome-wide association analysis for response of Senegalese sorghum accessions to Texas isolates of anthracnose; Genome-wide association analysis uncovers genes associated with resistance to head smut pathotype 5 in senegalese sorghum accessions; Genome-wide association mapping of anthracnose (Colletotrichum sublineolum) resistance in NPGS Ethiopian sorghum germplasm; Genome-wide association mapping of grain mold resistance in the U.S. sorghum association panel; Genome-wide association study of Senegalese sorghum seedlings responding to a Texas isolate of Colletotrichum sublineola.; Genome-wide association study of grain mold resistance in sorghum association panel as affected by inoculation with Alternaria alternata alone and Alternaria alternata, Fusarium thapsinum, and Curvularia lunata combined; Genome-wide association study of seed morphology traits in Senegalese sorghum cultivars; Genome-wide association study of seed morphology-related traits in sorghum mini core and Senegalese lines; Reaction of sorghum differentials to grain mold infection in Puerto Rico; Response of senegalese sorghum seedlings to pathotype 5 of Sporisorium reilianum",1,prom_senegal_seed_quality_2018
onegen_0237,2026-07-14,Possible Resistance to Sugary Disease in Sorghum,Possible Resistance to Sugary Disease in Sorghum,,,,,2026-07-14,,,,,,,,,,Literature context,prombib_047,"Sorghum pathology and biotechnology - a fungal disease perspective: Part I. Grain mold, head smut, and ergot",1,
onegen_0238,2026-07-14,Potential Use of Benomyl for Control of Ergot ( Claviceps africana ) in Sorghum A-lines in Zimbabwe,Potential Use of Benomyl for Control of Ergot ( Claviceps africana ) in Sorghum A-lines in Zimbabwe,10.1094/pdis.1997.81.7.761,,,,2026-07-14,,,,,,,,,,Literature context,prombib_010,"Laboratory, Greenhouse, and Field Assessment of Fourteen Fungicides for Activity Against Claviceps africana, Causal Agent of Sorghum Ergot.",1,
onegen_0239,2026-07-14,Prevalence and severity of sorghum leaf blight in the sorghum growing areas of Central Sudan,Beshir MM et al. Wudpecker Journal of Agricultural Research. 2015;4(4):54-60.,10.13140/RG.2.1.1785.1285,https://www.researchgate.net/publication/301285002_Prevalence_and_severity_of_sorghum_leaf_blight_in_the_sorghum_growing_areas_of_Central_Sudan,https://www.researchgate.net/profile/Mayada-Beshir/publication/301285002_Prevalence_and_severity_of_sorghum_leaf_blight_in_the_sorghum_growing_areas_of_Central_Sudan/links/570f4ca008aee76b9dae0aee/Prevalence-and-severity-of-sorghum-leaf-blight-in-the-sorghum-growing-areas-of-Central-Sudan.pdf,,2026-07-14,,Public full text or supplement available,Https://www.researchgate.net/publication/301285002_Prevalence_and_severity_of_sorghum_leaf_blight_in_the_sorghum_growing_areas_of_Central_Sudan,,Leaf blight,11 named farmer-preferred sorghum varieties,Table 4 in the public full text reports incidence and severity for 11 varieties,"2014 survey across 45 fields, nine areas, and four Central Sudan districts",Distinct Central Sudan variety survey.,Literature context,prombib_113; prombib_137; prombib_174,"The occurrence and distribution of sorghum diseases in major production regions of Senegal, West Africa; A genome-wide association study of Nigerien and Senegalese sorghum germplasms of Exserohilum turcicum, the causal agent of leaf blight; Genomic analysis of resistance to Exserohilum turcicum in Nigerien and Senegalese sorghum using GWAS and machine learning",1,
onegen_0240,2026-07-14,"Prevalence, Incidence, and Severity of Sorghum Diseases in Western Kenya","Prevalence, Incidence, and Severity of Sorghum Diseases in Western Kenya",10.1094/pdis.2002.86.1.65,,,,2026-07-14,,,,,,,,,,Literature context,prombib_023; prombib_047; prombib_055; prombib_061; prombib_074; prombib_087; prombib_112; prombib_113; prombib_123; prombib_124; prombib_132; prombib_136; prombib_138; prombib_150; prombib_156,"A survey of the major sorghum production regions for foliar and panicle diseases during the 2022 growing season in Senegal, West Africa; Assessments of genetic diversity and anthracnose disease response among Zimbabwe sorghum germplasm.; Association and interrelationship among agronomic traits and fungal diseases of sorghum, anthracnose and grain mold; Genetic and pathogenic variability among isolates of Sporisorium reilianum causing sorghum head smut; Genome Sequence Data of Bacillus sp. Strain LP16S, Which Is Capable of Inhibiting the Growth of Multiple Sorghum Fungal Pathogens.; Inheritance of resistance of three sorghum lines to pathotypes of Colletotrichum sublineola, causal agent of anthracnose; Pathogenic variability of Colletotrichum sublineolum isolates on sorghum differentials under greenhouse conditions in Jimma, Ethiopia; Response of sorghum accessions against newly documented pathotypes 5 and 6 of head smut pathogen, Sporisorium reilianum; Response of sorghum accessions from three African countries to anthracnose, grain mould, and rust; Sorghum pathology and biotechnology - a fungal disease perspective: Part I. Grain mold, head smut, and ergot; Sorghum pathology and biotechnology - a fungal disease perspective: Part II. Anthracnose, stalk rot, and downy mildew; Survey of the prevalence and incidence of foliar and panicle diseases of sorghum across production fields in Niger; The impact of weather conditions on response of sorghum genotypes to anthracnose (Colletotrichum sublineola) infection; The occurrence and distribution of sorghum diseases in major production regions of Senegal, West Africa; Variation for Anthracnose Resistance within the Sorghum Germplasm Collection from Mozambique, Africa",1,
onegen_0241,2026-07-14,"Prom, L.K. and Erpelding, J.E. (2009) New Sources of Grain Mold Resistance among Sorghum Accessions from Sudan. Journal Tropical Subtropical Agroecosystems , 10, 457-463.","Prom, L.K. and Erpelding, J.E. (2009) New Sources of Grain Mold Resistance among Sorghum Accessions from Sudan. Journal Tropical Subtropical Agroecosystems , 10, 457-463.",,,,,2026-07-14,,,,,,,,,,Literature context,prombib_171,Agronomic traits of sorghum cultivars from the US and Senegal and their response to grain mold infection,1,
onegen_0242,2026-07-14,"Prom, L.K. and Erpelding, J.E. (2009) New Sources of Grain Mold Resistance among Sorghum Accessions from Sudan. Tropical and Subtropical Agroecosystems, 10, 457-463.","Prom, L.K. and Erpelding, J.E. (2009) New Sources of Grain Mold Resistance among Sorghum Accessions from Sudan. Tropical and Subtropical Agroecosystems, 10, 457-463.",,,,,2026-07-14,,,,,,,,,,Literature context,prombib_147,Reaction of sorghum differentials to grain mold infection in Puerto Rico,1,
onegen_0243,2026-07-14,"Prom, L.K. and Erpelding, J.E. (2013) Evaluation of Sorghum Accessions from Ethiopia and Mali against Fusarium thapsinum . Journal Tropical Agriculture , 51, 92-97.","Prom, L.K. and Erpelding, J.E. (2013) Evaluation of Sorghum Accessions from Ethiopia and Mali against Fusarium thapsinum . Journal Tropical Agriculture , 51, 92-97.",,,,,2026-07-14,,,,,,,,,,Literature context,prombib_171,Agronomic traits of sorghum cultivars from the US and Senegal and their response to grain mold infection,1,
onegen_0244,2026-07-14,"Prom, L. K., & Erpelding, J. E. (2009). New sources of grain mold resistance among sorghum accessions from Sudan. Tropical and Subtropical Agroecosystems, 10, 457–463 https://www.redalyc.org/pdf/939/93912996013.pdf.","Prom, L. K., & Erpelding, J. E. (2009). New sources of grain mold resistance among sorghum accessions from Sudan. Tropical and Subtropical Agroecosystems, 10, 457–463 https://www.redalyc.org/pdf/939/93912996013.pdf.",,,,,2026-07-14,,,,,,,,,,Literature context,prombib_105,"Genome-wide association study of grain mold resistance in sorghum association panel as affected by inoculation with Alternaria alternata alone and Alternaria alternata, Fusarium thapsinum, and Curvularia lunata combined",1,
onegen_0245,2026-07-14,"Prom, L. K. et al. Assessing the vulnerability of sorghum converted lines to anthracnose and downy mildew infection. J. Agric. Crops 2(10), 101–106 (2016).","Prom, L. K. et al. Assessing the vulnerability of sorghum converted lines to anthracnose and downy mildew infection. J. Agric. Crops 2(10), 101–106 (2016).",,,,,2026-07-14,,,,,,,,,,Literature context,prombib_126,The inheritance of anthracnose (Colletotrichum sublineola) resistance in sorghum differential lines QL3 and IS18760,1,
onegen_0246,2026-07-14,"Prom, L.K., Montes-Garcia, N. and Odvody, G.N. (2014) Influence of Planting Depths on the Incidence of Sorghum Head Smut, Caused by Sporisorium reilianum. Tropical and Subtropical Agroecosystems, 17, 33-38.","Influence of Planting Depths on the Incidence of Sorghum Head Smut, Caused by Sporisorium reilianum (2014)",10.56369/tsaes.1706,https://doi.org/10.56369/tsaes.1706,,main article tables,,,,Https://doi.org/10.56369/tsaes.1706,,Head smut,Planting-depth treatment study,Management experiment used for treatment context,Disease-management context,Planting-depth management experiment; named-accession screens provide comparative germplasm responses.,Literature context,prombib_124; prombib_156,"Genetic and pathogenic variability among isolates of Sporisorium reilianum causing sorghum head smut; Response of sorghum accessions against newly documented pathotypes 5 and 6 of head smut pathogen, Sporisorium reilianum",1,prom_planting_depth_head_smut_2014
onegen_0247,2026-07-14,"Prom, L. K., Perumal, R., Erpelding, J. E., Isakeit, T., Montes-Garcia, N., & Magill, C. (2009). A pictorial technique for mass screening of sorghum germplasm for anthracnose (Colletotrichum sublineolum) resistance. The Open Agriculture Journal, 3, 20–25.",A Pictorial Technique for Mass Screening of Sorghum Germplasm for Anthracnose Resistance (2009),10.2174/1874331500903010020,https://www.openagriculturejournal.com/VOLUME/3/PAGE/20/FULLTEXT/,https://www.openagriculturejournal.com/contents/volumes/V3/TOASJ-3-20/TOASJ-3-20.pdf,TOASJ-3-20.pdf,2026-07-14,0d42d8378bc22d1952436c19bde58ed9c4b102055df6db43b314e73b4e36db81,Creative Commons Attribution-NonCommercial 3.0,Https://www.openagriculturejournal.com/VOLUME/3/PAGE/20/FULLTEXT/,Reuse permitted for noncommercial purposes,Anthracnose,320 greenhouse lines in the reported count,Aggregate resistant and susceptible counts,,Same September 2007 and January 2008 Texas greenhouse anthracnose experiment later represented at binary resolution in the 2019 supplement,Literature context,prombib_050; prombib_054; prombib_055; prombib_061; prombib_066; prombib_068; prombib_069; prombib_085; prombib_086; prombib_096; prombib_097; prombib_099; prombib_106; prombib_107; prombib_119; prombib_126; prombib_131; prombib_136; prombib_140; prombib_141; prombib_145; prombib_150,"Assessment of sorghum germplasm from Burkina Faso and South Africa to identify new sources of resistance to grain mold and anthracnose; Assessments of genetic diversity and anthracnose disease response among Zimbabwe sorghum germplasm.; Association and interrelationship among agronomic traits and fungal diseases of sorghum, anthracnose and grain mold; Estimation of plant health in a sorghum field infected with anthracnose using a fixed-wing unmanned aerial system; Evaluation of a subset of Ethiopia sorghum collection germplasm from the National Genetic Resources Program of the United States Department of Agriculture for anthracnose resistance; GWAS analysis of sorghum association panel lines identifies SNPs associated with disease response to Texas isolates of Colletotrichum sublineola; Genetic diversity and classification of Colletotrichum sublineola pathotypes using a standard set of sorghum differentials; Genetic diversity and pathotype determination of Colletotrichum sublineolum isolates causing anthracnose in sorghum; Genetic diversity, population structure and anthracnose resistance response in a novel sweet sorghum diversity panel; Genome wide association analysis of sorghum mini core lines regarding anthracnose, downy mildew, and head smut; Genome-wide association analysis for response of Senegalese sorghum accessions to Texas isolates of anthracnose; Genome-wide association mapping of anthracnose (Collectotrichum sublineolun) resistance in the U.S. sorghum association panel; Genome-wide association mapping of anthracnose (Colletotrichum sublineolum) resistance in NPGS Ethiopian sorghum germplasm; Genomic dissection of anthracnose (Colletotrichum sublineolum) resistance response in sorghum differential line SC112-14; Inheritance and molecular mapping of anthracnose resistance genes present in sorghum line SC112-14; Inoculation and screening methods for major sorghum diseases caused by fungal pathogens: Claviceps africana, Colletotrichum sublineola, Sporisorium reilianum, Peronosclerospora sorghi and Macrophomina phaseolina; Late growth stages of johnsongrass can act as an alternate host of Colletotrichum sublineola; Response of Sorghum Accessions from Four African Countries against Colletotrichum sublineolum, Causal Agent of Sorghum Anthracnose; Response of sorghum accessions from three African countries to anthracnose, grain mould, and rust; Sorghum pathology and biotechnology - a fungal disease perspective: Part II. Anthracnose, stalk rot, and downy mildew; Tapping the US sweet sorghum collection to identify biofuel germplasm; The inheritance of anthracnose (Colletotrichum sublineola) resistance in sorghum differential lines QL3 and IS18760",1,ref_prom_anthracnose_screening_method_2009
onegen_0248,2026-07-14,"Prom LK, Ahn E, Isakeit T, Magill C. GWAS analysis of sorghum association panel lines identifies SNPs associated with disease response to Texas isolates of Colletotrichum sublineola. Theor Appl Genet. 2019;132(5):1389–96.",GWAS analysis of sorghum association panel lines identifies SNPs associated with disease response to Texas isolates of Colletotrichum sublineola (2019),10.1007/s00122-019-03285-5,https://link.springer.com/article/10.1007/s00122-019-03285-5,https://static-content.springer.com/esm/art%3A10.1007%2Fs00122-019-03285-5/MediaObjects/122_2019_3285_MOESM1_ESM.xlsx,122_2019_3285_MOESM1_ESM.xlsx,2026-07-14,8c7e71c4ef7d848e0e749c0e2c08e4032e0973d61d6a5701efc5f415b8a18a3d,,Https://link.springer.com/article/10.1007/s00122-019-03285-5,,Anthracnose,349 PI accessions represented by 376 reported observations,Anthracnose response measurements for the Sorghum Association Panel,,The 2026 haplotype paper reproduces the original Texas SAP anthracnose measurements,Descriptive scientific context,prombib_103; prombib_105; prombib_106; prombib_116; prombib_119; prombib_121; prombib_124; prombib_126; prombib_128; prombib_133; prombib_134; prombib_136; prombib_139; prombib_146; prombib_164; prombib_170,"A Genome-Wide Association Study of Senegalese Sorghum Seedlings Responding to Pathotype 5 of Sporisorium reilianum.; A haplotype-layered GWAS identifies a multi-trait grain mold resistance hub on sorghum chromosome 5; Candidate genes for anthracnose resistance in Senegalese sorghum: a machine learning-based exploration; Diseases of Johnsongrass ( Sorghum halepense ): possible role as a reservoir of pathogens affecting other plants; Evaluation of genetic diversity, agronomic traits, and anthracnose resistance in the NPGS Sudan sorghum core collection; Frequency of isolation of four fungal species colonizing sorghum grain collected from six lines in an anthracnose-infected field; Genome-wide association analysis for response of Senegalese sorghum accessions to Texas isolates of anthracnose; Genome-wide association study of Senegalese sorghum seedlings responding to a Texas isolate of Colletotrichum sublineola.; Genome-wide association study of grain mold resistance in sorghum association panel as affected by inoculation with Alternaria alternata alone and Alternaria alternata, Fusarium thapsinum, and Curvularia lunata combined; Genomic dissection of anthracnose (Colletotrichum sublineolum) resistance response in sorghum differential line SC112-14; Johnsongrass rhizome tissue can be infected by Colletotrichum sublineola; Multi-trait Genome-wide Association Studies of Sorghum bicolor regarding resistance to anthracnose, downy mildew, grain mold and head smut; RNA-Sequencing in Resistant (QL3) and Susceptible (Theis) Sorghum Cultivars Inoculated With Johnsongrass Isolates of Colletotrichum sublineola.; Response of sorghum accessions against newly documented pathotypes 5 and 6 of head smut pathogen, Sporisorium reilianum; Response of sorghum accessions from three African countries to anthracnose, grain mould, and rust; The inheritance of anthracnose (Colletotrichum sublineola) resistance in sorghum differential lines QL3 and IS18760",1,prom_sap_texas_anthracnose_2019
onegen_0249,2026-07-14,"Prom LK, Cuevas HE, Ahn E, Isakeit T, Magill C. Response of sorghum accessions from three African countries to anthracnose, grain mould and rust. 2022.","Prom LK, Cuevas HE, Ahn E, Isakeit T, Magill C. Response of sorghum accessions from three African countries to anthracnose, grain mould and rust. 2022.",,,,,2026-07-14,,,,,,,,,,Literature context,prombib_167,Seed quality drives grain yield in Ethiopian and Senegalese sorghum: Insights from machine learning,1,
onegen_0250,2026-07-14,"Prom LK, Cuevas HE, Perumal R, Isakeit T, Magill C. Inheritance of resistance of three sorghum lines to pathotypes of Colletotrichum sublineola, causal agent of anthracnose. Plant Pathol J. 2018;17(2):75–9.","Inheritance of Resistance of Three Sorghum Lines to Pathotypes of Colletotrichum sublineola, Causal Agent of Anthracnose (2018)",10.3923/ppj.2018.75.79,https://doi.org/10.3923/ppj.2018.75.79,,main article tables,,,,Https://doi.org/10.3923/ppj.2018.75.79,,Anthracnose pathotype,Three sorghum lines,The publication describes line-by-pathotype values,,,Literature context,prombib_103; prombib_109,"Evaluation of genetic diversity, agronomic traits, and anthracnose resistance in the NPGS Sudan sorghum core collection; Response of the set of anthracnose differentials to other foliar and panicle diseases in Niger",1,prom_three_line_anthracnose_inheritance_2018
onegen_0251,2026-07-14,"Prom LK, Erpelding J (2009) New sources of grain mold resistance among sorghum accessions from Sudan. J Trop Subtrop Agroecosyst 10:457–463","Prom LK, Erpelding J (2009) New sources of grain mold resistance among sorghum accessions from Sudan. J Trop Subtrop Agroecosyst 10:457–463",,,,,2026-07-14,,,,,,,,,,Literature context,prombib_161,The NPGS Sudanese sorghum core collection encloses novel grain mold resistant germplasm,1,
onegen_0252,2026-07-14,"Prom LK, Erpelding JE, Montes-Garcia N (2007) Chinese sorghum germplasm evaluated for resistance to downy mildew and anthracnose. Commun Biometry Crop Sci 2:26–31","Prom LK, Erpelding JE, Montes-Garcia N (2007) Chinese sorghum germplasm evaluated for resistance to downy mildew and anthracnose. Commun Biometry Crop Sci 2:26–31",,,,,2026-07-14,,,,,,,,,,Literature context,prombib_063,"Evaluation of Gambian and Malian sorghum germplasm against downy mildew pathogen, Peronosclerospora sorghi, in Mexico and the USA",1,
onegen_0253,2026-07-14,Proteins in developing sorghum endosperm that may be involved in resistance to grain moulds,Proteins in developing sorghum endosperm that may be involved in resistance to grain moulds,10.1002/jsfa.2740600302,,,,2026-07-14,,,,,,,,,,Literature context,prombib_047,"Sorghum pathology and biotechnology - a fungal disease perspective: Part I. Grain mold, head smut, and ergot",1,
onegen_0254,2026-07-14,QTL analysis of ergot resistance in sorghum,QTL analysis of ergot resistance in sorghum,10.1007/s00122-008-0781-8,,,,2026-07-14,,,,,,,,,,Literature context,prombib_047,"Sorghum pathology and biotechnology - a fungal disease perspective: Part I. Grain mold, head smut, and ergot",1,
onegen_0255,2026-07-14,Quantifying Resistance of Sorghum Genotypes to the Sugary Disease Pathogen ( Claviceps africana ),Quantifying Resistance of Sorghum Genotypes to the Sugary Disease Pathogen ( Claviceps africana ),10.1094/pd-76-0986,,,,2026-07-14,,,,,,,,,,Literature context,prombib_017; prombib_021; prombib_028; prombib_029; prombib_047,"Disease Severity and Susceptibility of Sorghum [Sorghum bicolor (L.) Moench.] to Infection by Claviceps africana Frederickson, Mantle and de Milliano in Mexico and the United States of America; Ergot Response for the Sorghum Genotype IS8525; Evaluation of Sorghum Germplasm from China against Claviceps africana , Causal Agent of Sorghum Ergot; Inoculation Techniques for Identifying Resistance in Sorghum Genotypes to Sorghum Ergot; Sorghum pathology and biotechnology - a fungal disease perspective: Part I. Grain mold, head smut, and ergot",1,
onegen_0256,2026-07-14,Quantitative Trait Loci Associated with Anthracnose Resistance in Sorghum,Quantitative Trait Loci Associated with Anthracnose Resistance in Sorghum,10.2135/cropsci2016.09.0793,,,,2026-07-14,,,,,,,,,,Literature context,prombib_086; prombib_097; prombib_103; prombib_106; prombib_126; prombib_141; prombib_157,"Evaluation of genetic diversity, agronomic traits, and anthracnose resistance in the NPGS Sudan sorghum core collection; Genetic diversity, population structure and anthracnose resistance response in a novel sweet sorghum diversity panel; Genome-wide association analysis uncovers genes associated with resistance to head smut pathotype 5 in senegalese sorghum accessions; Genome-wide association mapping of anthracnose (Collectotrichum sublineolun) resistance in the U.S. sorghum association panel; Genome-wide association mapping of anthracnose (Colletotrichum sublineolum) resistance in NPGS Ethiopian sorghum germplasm; Genomic dissection of anthracnose (Colletotrichum sublineolum) resistance response in sorghum differential line SC112-14; The inheritance of anthracnose (Colletotrichum sublineola) resistance in sorghum differential lines QL3 and IS18760",1,
onegen_0257,2026-07-14,"Ramasamy, P., Frederiksen, R. A., Prom, L. K., and Magill, C. W. 2007. Head Smut. Pages 58-63 in: Screening Techniques for Sorghum Diseases. R. Thakur, B. Reddy, and K., Mathur, eds. International Crops Research Institute for the Semi-Arid Tropics (ICRISAT), Patancheru, India.","Ramasamy, P., Frederiksen, R. A., Prom, L. K., and Magill, C. W. 2007. Head Smut. Pages 58-63 in: Screening Techniques for Sorghum Diseases. R. Thakur, B. Reddy, and K., Mathur, eds. International Crops Research Institute for the Semi-Arid Tropics (ICRISAT), Patancheru, India.",,,,,2026-07-14,,,,,,,,,,Literature context,prombib_048,Virulence and Molecular Genotyping Studies of Sporisorium reilianum Isolates in Sorghum.,1,
onegen_0258,2026-07-14,RAPD based DNA markers linked to anthracnose disease resistance in Sorghum bicolor ( L.) Moench.,RAPD based DNA markers linked to anthracnose disease resistance in Sorghum bicolor ( L.) Moench.,,,,,2026-07-14,,,,,,,,,,Literature context,prombib_055,"Sorghum pathology and biotechnology - a fungal disease perspective: Part II. Anthracnose, stalk rot, and downy mildew",1,
onegen_0259,2026-07-14,"Reaction of maize, sorghum and Johnson grass to Peronosclerospora sorghi","Reaction of maize, sorghum and Johnson grass to Peronosclerospora sorghi",10.1080/096708700227525,,,,2026-07-14,,,,,,,,,,Literature context,prombib_101; prombib_116,Diseases of Johnsongrass ( Sorghum halepense ): possible role as a reservoir of pathogens affecting other plants; New sources of sorghum resistant genotypes to downy mildew diseases in Uganda,1,
onegen_0260,2026-07-14,REACTION OF SOME GRAIN SORGHUM CULTIVARS TO DOWNY MILDEW DISEASE INFECTION CAUSED BY Peronosclerospora sorghi .,REACTION OF SOME GRAIN SORGHUM CULTIVARS TO DOWNY MILDEW DISEASE INFECTION CAUSED BY Peronosclerospora sorghi .,10.21608/jppp.2010.86962,,,,2026-07-14,,,,,,,,,,Literature context,prombib_158,Genome-wide association study of Nigerien and Senegalese sorghum genotypes for their response to downy mildew,1,
onegen_0261,2026-07-14,Reaction of some Sorghum varieties to long smut disease in Iraq.,Reaction of some Sorghum varieties to long smut disease in Iraq.,,,,,2026-07-14,,,,,,,,,,Literature context,prombib_024; prombib_064; prombib_090,"Assessing the vulnerability of selected sorghum lines from the United States of America to long smut (Sporisorium ehrenbergii Vánky) disease; Evaluation of selected sorghum lines and hybrids for resistance to grain mold and long smut fungi in Senegal, West Africa; Response of sorghum lines and hybrids from the United States to long smut and grain mold",1,
onegen_0262,2026-07-14,Reaction of sorghum genotypes to the anthracnose fungus Colletotrichum graminicola,Reaction of sorghum genotypes to the anthracnose fungus Colletotrichum graminicola,10.1590/s0100-41582001000200014,,,,2026-07-14,,,,,,,,,,Literature context,prombib_041,Effect of Host Genotypes and Weather Variables on the Severity and Temporal Dynamics of Sorghum Anthracnose in Ethiopia,1,
onegen_0263,2026-07-14,"Reaction of sorghum hybrids to anthracnose, grain mold and grain weathering in Burleson County, Texas, 2007","Reaction of sorghum hybrids to anthracnose, grain mold and grain weathering in Burleson County, Texas, 2007",,,,,2026-07-14,,,,,,,,,,Literature context,prombib_037; prombib_045; prombib_069; prombib_089; prombib_098; prombib_149,Assessment of sorghum germplasm from Burkina Faso and South Africa to identify new sources of resistance to grain mold and anthracnose; Association analysis of grain mould resistance in a core collection of NPGS Ethiopian sorghum germplasm; Evaluation of the Ugandan sorghum accessions for grain mold and anthracnose resistance; Expression of pathogenesis-related protein PR-10 in sorghum floral tissues in response to inoculation with Fusarium thapsinum and Curvularia lunata.; Genome-wide association mapping of grain mold resistance in the U.S. sorghum association panel; Population structure of the NPGS Senegalese sorghum collection and its evaluation to identify new disease resistant genes,1,
onegen_0264,2026-07-14,Reaction to Rust by a Subset of Sorghum Accessions from Zimbabwe,Reaction to Rust by a Subset of Sorghum Accessions from Zimbabwe (2012),10.3923/ajppaj.2012.33.40,https://doi.org/10.3923/ajppaj.2012.33.40,,main article tables,,,,Https://doi.org/10.3923/ajppaj.2012.33.40,,Rust,Zimbabwe accessions,Disease-response values for candidate accessions,,Distinct measurements from this study,Literature context,prombib_061; prombib_136,"Assessments of genetic diversity and anthracnose disease response among Zimbabwe sorghum germplasm.; Response of sorghum accessions from three African countries to anthracnose, grain mould, and rust",1,prom_zimbabwe_rust_2012
onegen_0265,2026-07-14,Red sorghum variety: A dual solution for functional food and grain mold resistance,Red sorghum variety: A dual solution for functional food and grain mold resistance,10.1016/j.jcs.2025.104150,,,,2026-07-14,,,,,,,,,,Literature context,prombib_171,Agronomic traits of sorghum cultivars from the US and Senegal and their response to grain mold infection,1,
onegen_0266,2026-07-14,Relationship Between Climatic Variables andClaviceps africana Incidence on Sorghum Hybrids in Northern Mexico,Relationship Between Climatic Variables andClaviceps africana Incidence on Sorghum Hybrids in Northern Mexico,10.1002/9780470384923.ch20,,,,2026-07-14,,,,,,,,,,Literature context,prombib_028; prombib_036,"Disease Severity and Susceptibility of Sorghum [Sorghum bicolor (L.) Moench.] to Infection by Claviceps africana Frederickson, Mantle and de Milliano in Mexico and the United States of America; Effect of temperature and relative humidity on sorghum ergot development in northern Mexico",1,
onegen_0267,2026-07-14,Relationship between Climatic Variables during Early Flowering of Sorghum and the Incidence of Sugary Disease caused by Sphacelia sorghi,Relationship between Climatic Variables during Early Flowering of Sorghum and the Incidence of Sugary Disease caused by Sphacelia sorghi,10.1111/j.1439-0434.1990.tb01155.x,,,,2026-07-14,,,,,,,,,,Literature context,prombib_036,Effect of temperature and relative humidity on sorghum ergot development in northern Mexico,1,
onegen_0268,2026-07-14,Resistance gene analogues in sugarcane and sorghum and their association with quantitative trait loci for rust resistance,Resistance gene analogues in sugarcane and sorghum and their association with quantitative trait loci for rust resistance,10.1139/g05-006,,,,2026-07-14,,,,,,,,,,Literature context,prombib_168,The NPGS Sudan sorghum germplasm collection reveals a novel cluster of R genes associated with rust resistant.,1,
onegen_0269,2026-07-14,Resistance of Sorghum to Colletotrichum graminicola,Resistance of Sorghum to Colletotrichum graminicola,10.1094/pd-66-773,,,,2026-07-14,,,,,,,,,,Literature context,prombib_055,"Sorghum pathology and biotechnology - a fungal disease perspective: Part II. Anthracnose, stalk rot, and downy mildew",1,
onegen_0270,2026-07-14,Resistance to anthracnose and turcicum leaf blight in sorghumunder dual infection,Resistance to anthracnose and turcicum leaf blight in sorghumunder dual infection,10.1111/pbr.12370,,,,2026-07-14,,,,,,,,,,Literature context,prombib_174,Genomic analysis of resistance to Exserohilum turcicum in Nigerien and Senegalese sorghum using GWAS and machine learning,1,
onegen_0271,2026-07-14,Resistance to Foliar Diseases in a Mini-Core Collection of Sorghum Germplasm,Resistance to Foliar Diseases in a Mini-Core Collection of Sorghum Germplasm (2012),10.1094/PDIS-10-11-0875-RE,https://apsjournals.apsnet.org/doi/10.1094/PDIS-10-11-0875-RE,https://static-content.springer.com/esm/art%3A10.1007%2Fs00122-013-2081-1/MediaObjects/122_2013_2081_MOESM1_ESM.xlsx,122_2013_2081_MOESM1_ESM.xlsx,2026-07-14,7d65f3941d36b7683913bce0b93f2d7eff5aaaf60d6dffeb9a223ac2ce0db507,,Https://link.springer.com/article/10.1007/s00122-013-2081-1,,Anthracnose; Leaf blight; rust,The article reports 242 mini-core accessions; the supplementary workbook contains 243 IS labels; Table 2 reports 38 accessions selected for resistance,2009 and 2010 anthracnose values are publicly recoverable through the 2013 supplementary workbook,,The 2013 publication and supplementary workbook reproduce the 2009 and 2010 anthracnose measurements reported here,Descriptive scientific context,prombib_110; prombib_136; prombib_162; prombib_165,"A machine learning approach to genome-wide association mapping of disease resistance and geographic origin in sorghum; Machine learning reveals complex genetics of fungal resistance in sorghum grain mold; Response of sorghum accessions from three African countries to anthracnose, grain mould, and rust; Screening sorghum accessions for resistance against anthracnose and grain mold through inoculating with pathogens",1,ref_sharma_minicore_foliar_diseases_2012
onegen_0272,2026-07-14,Resistance to Grain Mold and Downy Mildew in a Mini-Core Collection of Sorghum Germplasm,Resistance to Grain Mold and Downy Mildew in a Mini-Core Collection of Sorghum Germplasm (2010),10.1094/PDIS-94-4-0439,https://apsjournals.apsnet.org/doi/10.1094/PDIS-94-4-0439,https://oar.icrisat.org/2263/1/PlantDiseses94_4_439-444_2010.pdf,PlantDiseses94_4_439-444_2010.pdf,2026-07-14,55dd54b6cc5621d2200f5747621bd4dd018e9b6ccc7628f08e3dadd60b542656,,Https://apsjournals.apsnet.org/doi/10.1094/PDIS-94-4-0439,,Grain mold; Downy mildew,140 grain-mold and 242 downy-mildew accessions,The paper provides resistant subsets,,The 2019 Texas P6 publication remains the source of the downy-mildew values,Literature context,prombib_052; prombib_055; prombib_063; prombib_088; prombib_146; prombib_149; prombib_150; prombib_161; prombib_165,"Association analysis of grain mould resistance in a core collection of NPGS Ethiopian sorghum germplasm; Association and interrelationship among agronomic traits and fungal diseases of sorghum, anthracnose and grain mold; Evaluation of Gambian and Malian sorghum germplasm against downy mildew pathogen, Peronosclerospora sorghi, in Mexico and the USA; Isolation and characterization of the grain mold fungi Cochliobolus and Alternaria spp. from sorghum using semiselective media and DNA sequence analyses.; Machine learning reveals complex genetics of fungal resistance in sorghum grain mold; Multi-trait Genome-wide Association Studies of Sorghum bicolor regarding resistance to anthracnose, downy mildew, grain mold and head smut; Mycoflora analysis and other measured parameters of sorghum seeds collected from Puerto Rico and Mexico; Sorghum pathology and biotechnology - a fungal disease perspective: Part II. Anthracnose, stalk rot, and downy mildew; The NPGS Sudanese sorghum core collection encloses novel grain mold resistant germplasm",1,ref_sharma_minicore_grain_mold_downy_mildew_2010
onegen_0273,2026-07-14,"Response of eight sorghum cultivars inoculated with Fusarium thapsinum, Curvularia lunata, and a mixture of the two fungi","Response of eight sorghum cultivars inoculated with Fusarium thapsinum, Curvularia lunata, and a mixture of the two fungi (2003)",10.1016/S0261-2194(02)00246-6,https://doi.org/10.1016/S0261-2194(02)00246-6,,main article tables,,,,Https://doi.org/10.1016/S0261-2194(02)00246-6,,Grain mold seed deterioration,Eight sorghum cultivars,Disease-response values for candidate cultivars,,,Literature context,prombib_015; prombib_022; prombib_037; prombib_045; prombib_052; prombib_064; prombib_077; prombib_088; prombib_105; prombib_136; prombib_171,"Agronomic traits of sorghum cultivars from the US and Senegal and their response to grain mold infection; Evaluation of selected sorghum lines and hybrids for resistance to grain mold and long smut fungi in Senegal, West Africa; Evaluation of the Ugandan sorghum accessions for grain mold and anthracnose resistance; Expression of pathogenesis-related protein PR-10 in sorghum floral tissues in response to inoculation with Fusarium thapsinum and Curvularia lunata.; Genome-wide association study of grain mold resistance in sorghum association panel as affected by inoculation with Alternaria alternata alone and Alternaria alternata, Fusarium thapsinum, and Curvularia lunata combined; Grain biodeterioration of sorghum converted lines inoculated with a mixture of Fusarium thapsinum and Curvularia lunata; Isolation and characterization of the grain mold fungi Cochliobolus and Alternaria spp. from sorghum using semiselective media and DNA sequence analyses.; Mycoflora analysis and other measured parameters of sorghum seeds collected from Puerto Rico and Mexico; Response of sorghum accessions from three African countries to anthracnose, grain mould, and rust; Seed Mycoflora for Grain Mold from Natural Infection in Sorghum Germplasm Grown at Isabela, Puerto Rico and their Association with Kernel Weight and Germination; The Effects of Fusarium thapsinum, Curvularia lunata , and Their Combination on Sorghum Germination and Seed Mycoflora",1,prom_eight_cultivars_fungal_inoculation_2003
onegen_0274,2026-07-14,"Response of near‐isogenic sorghum lines, differing at the P locus for plant colour, to grain mould and head smut fungi","Response of near-isogenic sorghum lines, differing at the P locus for plant colour, to grain mould and head smut fungi (2013)",10.1111/aab.12037,https://doi.org/10.1111/aab.12037,,main article tables,,,,Https://doi.org/10.1111/aab.12037,,Grain mold; Head smut,Near-isogenic sorghum lines,Disease-response values for candidate near-isogenic lines,,Distinct small-line experiment,Literature context,prombib_077; prombib_081; prombib_088; prombib_105; prombib_110,"Genome-wide association study of grain mold resistance in sorghum association panel as affected by inoculation with Alternaria alternata alone and Alternaria alternata, Fusarium thapsinum, and Curvularia lunata combined; Grain biodeterioration of sorghum converted lines inoculated with a mixture of Fusarium thapsinum and Curvularia lunata; Mycoflora analysis and other measured parameters of sorghum seeds collected from Puerto Rico and Mexico; Screening of sorghum lines against long smut and grain mold pathogens; Screening sorghum accessions for resistance against anthracnose and grain mold through inoculating with pathogens",1,prom_near_isogenic_grain_mold_head_smut_2013
onegen_0275,2026-07-14,Response of Senegalese sorghum seedlings to pathotype 5 of Sporisorium reilianum,Response of Senegalese Sorghum Seedlings to Pathotype 5 of Sporisorium reilianum (2022),10.3390/crops2020011,https://www.mdpi.com/2673-7655/2/2/11,,main article Table 1,,,Creative Commons Attribution 4.0,Https://www.mdpi.com/2673-7655/2/2/11,Reuse permitted under the published terms,Head smut seedling spot,36 Senegal accessions plus checks,Main Table 1 publishes accession-level spot appearance and timing values,This publication first reported the 36-accession subset. The 2013 association paper reuses the 2009 and 2010 anthracnose measurements reported by Sharma et al. (2012).,Table 1 reports a subset of the measurements available in the Plants 2022 public workbook,Literature context,prombib_128; prombib_142; prombib_145; prombib_146; prombib_157; prombib_159,"A Genome-Wide Association Study of Senegalese Sorghum Seedlings Responding to Pathotype 5 of Sporisorium reilianum.; Genome-wide association analysis uncovers genes associated with resistance to head smut pathotype 5 in senegalese sorghum accessions; Genome-wide association study of seed morphology traits in Senegalese sorghum cultivars; Genome-wide association study of seed morphology-related traits in sorghum mini core and Senegalese lines; Inoculation and screening methods for major sorghum diseases caused by fungal pathogens: Claviceps africana, Colletotrichum sublineola, Sporisorium reilianum, Peronosclerospora sorghi and Macrophomina phaseolina; Multi-trait Genome-wide Association Studies of Sorghum bicolor regarding resistance to anthracnose, downy mildew, grain mold and head smut",1,prom_senegal_head_smut_crops_2022
onegen_0276,2026-07-14,"Response of sorghum accessions against newly documented pathotypes 5 and 6 of head smut pathogen, Sporisorium reilianum",Response of Sorghum Accessions against Newly Documented Pathotypes 5 and 6 of Head Smut Pathogen Sporisorium reilianum (2021),10.4236/ajps.2021.123028,https://www.scirp.org/journal/paperinformation?paperid=108141,https://www.scirp.org/pdf/ajps_2021033014214825.pdf,ajps_2021033014214825.pdf,2026-07-14,070e400c63df6f221c08f8036f8802feeeb532bc56e13357c00076af90c36b03,Creative Commons Attribution 4.0,Https://www.scirp.org/journal/paperinformation?paperid=108141,Reuse permitted under the published terms,Head smut P5; Head smut P6,"29 SAP accessions in 2017 plus 38 in 2018; 67 unique, with recurring checks",Accession-level values public in main Tables 2-3,,Original two-year P5/P6 SAP screen,Quantitative analysis of accession or line responses,prombib_135; prombib_145; prombib_156; prombib_157,"Genetic and pathogenic variability among isolates of Sporisorium reilianum causing sorghum head smut; Genome-wide association analysis uncovers genes associated with resistance to head smut pathotype 5 in senegalese sorghum accessions; Inoculation and screening methods for major sorghum diseases caused by fungal pathogens: Claviceps africana, Colletotrichum sublineola, Sporisorium reilianum, Peronosclerospora sorghi and Macrophomina phaseolina; Response of senegalese sorghum seedlings to pathotype 5 of Sporisorium reilianum",1,prom_sap_head_smut_p5_p6_2021
onegen_0277,2026-07-14,"Response of sorghum accessions from Chad and Uganda to natural infection by the downy mildew pathogen, Peronosclerospora sorghi in Mexico and the USA","Response of sorghum accessions from Chad and Uganda to natural infection by the downy mildew pathogen, Peronosclerospora sorghi in Mexico and the USA (2010)",10.1007/BF03356326,https://doi.org/10.1007/BF03356326,,main article tables,,,,Https://doi.org/10.1007/BF03356326,,Downy mildew,Chad and Uganda accessions,Disease-response values for candidate accessions across locations,,Distinct measurements from this study,Literature context,prombib_046; prombib_055; prombib_063; prombib_096; prombib_101; prombib_145; prombib_158,"Evaluation of Gambian and Malian sorghum germplasm against downy mildew pathogen, Peronosclerospora sorghi, in Mexico and the USA; Genome wide association analysis of sorghum mini core lines regarding anthracnose, downy mildew, and head smut; Genome-wide association study of Nigerien and Senegalese sorghum genotypes for their response to downy mildew; Inoculation and screening methods for major sorghum diseases caused by fungal pathogens: Claviceps africana, Colletotrichum sublineola, Sporisorium reilianum, Peronosclerospora sorghi and Macrophomina phaseolina; New sources of sorghum resistant genotypes to downy mildew diseases in Uganda; Screening Exotic Sorghum Germplasm, Hybrids, and Elite Lines for Resistance to a New Virulent Pathotype (P6) of Peronosclerospora sorghi Causing Downy Mildew; Sorghum pathology and biotechnology - a fungal disease perspective: Part II. Anthracnose, stalk rot, and downy mildew",1,prom_chad_uganda_downy_mildew_2010
onegen_0278,2026-07-14,"Response of Sorghum Accessions from Four African Countries against Colletotrichum sublineolum, Causal Agent of Sorghum Anthracnose","Response of Sorghum Accessions from Four African Countries against Colletotrichum sublineolum, Causal Agent of Sorghum Anthracnose (2012)",10.4236/ajps.2012.31014,https://doi.org/10.4236/ajps.2012.31014,,main article tables,,,,Https://doi.org/10.4236/ajps.2012.31014,,Anthracnose,Accessions from four African countries,Disease-response values for candidate accessions,,,Literature context,prombib_061; prombib_066; prombib_069; prombib_071; prombib_086; prombib_087; prombib_089; prombib_110; prombib_123; prombib_126; prombib_131; prombib_136,"Assessment of sorghum germplasm from Burkina Faso and South Africa to identify new sources of resistance to grain mold and anthracnose; Assessments of genetic diversity and anthracnose disease response among Zimbabwe sorghum germplasm.; Evaluation of a subset of Ethiopia sorghum collection germplasm from the National Genetic Resources Program of the United States Department of Agriculture for anthracnose resistance; Excised leaf method for high volume evaluation of sorghum germplasm for resistance against Colletotrichum sublineolum; Genome-wide association mapping of anthracnose (Collectotrichum sublineolun) resistance in the U.S. sorghum association panel; Inheritance and molecular mapping of anthracnose resistance genes present in sorghum line SC112-14; Inheritance of resistance of three sorghum lines to pathotypes of Colletotrichum sublineola, causal agent of anthracnose; Pathogenic variability of Colletotrichum sublineolum isolates on sorghum differentials under greenhouse conditions in Jimma, Ethiopia; Population structure of the NPGS Senegalese sorghum collection and its evaluation to identify new disease resistant genes; Response of sorghum accessions from three African countries to anthracnose, grain mould, and rust; Screening sorghum accessions for resistance against anthracnose and grain mold through inoculating with pathogens; The inheritance of anthracnose (Colletotrichum sublineola) resistance in sorghum differential lines QL3 and IS18760",1,prom_four_country_anthracnose_2012
onegen_0279,2026-07-14,"Response of Sorghum Accessions from Three African Countries to Anthracnose, Grain Mould and Rust","Response of Sorghum Accessions from Three African Countries to Anthracnose, Grain Mould and Rust (2022)",10.3923/ppj.2022.12.23; 10.15482/USDA.ADC/25707396.v1,https://agdatacommons.nal.usda.gov/articles/dataset/25707396,https://ndownloader.figshare.com/files/45921822,Prom_LK_Data_2017_2018_Diseaase_traits.csv,2026-07-14,b5829c926e182b709df6096cfaf6a1581106e463ac4106241f2484148d0e64d0,Public domain,Https://agdatacommons.nal.usda.gov/articles/dataset/25707396,Reuse permitted under the published terms,Anthracnose; Grain mold; rust,179 accessions with repeated observations and named checks in the public data file,"Anthracnose, grain-mold, and rust responses reported for the 2017 and 2018 field evaluations",Puerto Rico field evaluations in 2017 and 2018,Original 2017-2018 Puerto Rico phenotype experiment; 2024 correlation paper reuses these disease values,Quantitative analysis of accession or line responses,prombib_131; prombib_150; prombib_151,"Association and interrelationship among agronomic traits and fungal diseases of sorghum, anthracnose and grain mold; Correlations among agronomic traits obtained from sorghum accessions planted in a field infected with three important fungal diseases; Evaluation of a subset of Ethiopia sorghum collection germplasm from the National Genetic Resources Program of the United States Department of Agriculture for anthracnose resistance",1,panelA_pr_multidisease
onegen_0280,2026-07-14,Response of sorghum genotypes for turcicum leaf blight [Exserohilum turcicum (Pass.) Leonard & Suggs] and agronomic performances in Southern Ethiopia,Tesema ML et al. International Journal of Science and Research Archive. 2022;5(2):77-95.,10.30574/ijsra.2022.5.2.0062,https://doi.org/10.30574/ijsra.2022.5.2.0062,https://ijsra.net/sites/default/files/fulltext_pdf/IJSRA-2022-0062.pdf,tesema_2022_turcicum_leaf_blight_10.30574_ijsra.2022.5.2.0062.pdf,2026-07-14,11b450a49ee42b4d3029cf830e6962a49993631638f0c3857a1bff216559cad4,Creative Commons Attribution 4.0,PDF first-page copyright and license statement,Reuse permitted under the published terms,Leaf blight,14 named sorghum genotypes,"Table 4 publishes location-specific incidence, final severity, AUDPC, mean severity, and reaction class","2018 open-field trials at Arba Minch and Derashe, southern Ethiopia",This Ethiopian field trial generated its own disease-response measurements.,Descriptive scientific context,prombib_137; prombib_174,"A genome-wide association study of Nigerien and Senegalese sorghum germplasms of Exserohilum turcicum, the causal agent of leaf blight; Genomic analysis of resistance to Exserohilum turcicum in Nigerien and Senegalese sorghum using GWAS and machine learning",1,
onegen_0281,2026-07-14,Response to Anthracnose Infection for a Random Selection of Sorghum Germplasm,Response to Anthracnose Infection for a Random Selection of Sorghum Germplasm,10.3923/ppj.2007.127.133,,,,2026-07-14,,,,,,,,,,Literature context,prombib_041,Effect of Host Genotypes and Weather Variables on the Severity and Temporal Dynamics of Sorghum Anthracnose in Ethiopia,1,
onegen_0282,2026-07-14,Responses of Johnsongrass Against Sorghum Anthracnose Isolates,Responses of Johnsongrass Against Sorghum Anthracnose Isolates,10.4172/2157-7471.1000442,,,,2026-07-14,,,,,,,,,,Literature context,prombib_084; prombib_108; prombib_116; prombib_135,"Defense responses against the sorghum anthracnose pathogen in leaf blade and midrib tissue of johnsongrass and sorghum; Diseases of Johnsongrass ( Sorghum halepense ): possible role as a reservoir of pathogens affecting other plants; Leaf angle distribution in Johnsongrass, leaf thickness in sorghum and Johnsongrass, and association with response to Colletotrichum sublineola.; Response of senegalese sorghum seedlings to pathotype 5 of Sporisorium reilianum",1,
onegen_0283,2026-07-14,Responses of sorghum genotypes to leaf anthracnose (Colletotrichum graminicola) under field conditions in Burkina Faso,Responses of sorghum genotypes to leaf anthracnose (Colletotrichum graminicola) under field conditions in Burkina Faso,10.1016/s0261-2194(98)80012-4,,,,2026-07-14,,,,,,,,,,Literature context,prombib_014; prombib_023; prombib_041; prombib_074; prombib_085,"Effect of Host Genotypes and Weather Variables on the Severity and Temporal Dynamics of Sorghum Anthracnose in Ethiopia; Estimation of plant health in a sorghum field infected with anthracnose using a fixed-wing unmanned aerial system; Evaluation of Malian Sorghum Germplasm for Resistance Against Anthracnose; The impact of weather conditions on response of sorghum genotypes to anthracnose (Colletotrichum sublineola) infection; Variation for Anthracnose Resistance within the Sorghum Germplasm Collection from Mozambique, Africa",1,
onegen_0284,2026-07-14,Review on sorghum grain mold and its sustainable management methods through host resistance,Review on sorghum grain mold and its sustainable management methods through host resistance,,,,,2026-07-14,,,,,,,,,,Literature context,prombib_150,"Association and interrelationship among agronomic traits and fungal diseases of sorghum, anthracnose and grain mold",1,
onegen_0285,2026-07-14,"Reyes L, Frederiksen RA, Thakur HJ (1969) Anthracnose incidence on grain sorghum in the South Texas Costal Bend area in 1968. In: Proceedings of the Sixth Biennial Grain Sorghum Research and Utilization Conference, Amarillo, TX. 5–7 Mar 1969. Grain Sorghum Producers Association. Lubbock, TX, pp 8–9","Reyes L, Frederiksen RA, Thakur HJ (1969) Anthracnose incidence on grain sorghum in the South Texas Costal Bend area in 1968. In: Proceedings of the Sixth Biennial Grain Sorghum Research and Utilization Conference, Amarillo, TX. 5–7 Mar 1969. Grain Sorghum Producers Association. Lubbock, TX, pp 8–9",,,,,2026-07-14,,,,,,,,,,Literature context,prombib_031,"Molecular mapping of Cg1, a gene for resistance to anthracnose (Colletotrichum sublineolum) in sorghum",1,
onegen_0286,2026-07-14,"Rodriguez-Herrera, R., 1999. Grain mold resistance in sorghum (Sorghum bicolor (L) Moench): Genetic, physical and biochemical analysis. Ph.D. Dissertation. Texas A. & M. University, College Station, TX. 143pp.","Rodriguez-Herrera, R., 1999. Grain mold resistance in sorghum (Sorghum bicolor (L) Moench): Genetic, physical and biochemical analysis. Ph.D. Dissertation. Texas A. & M. University, College Station, TX. 143pp.",,,,,2026-07-14,,,,,,,,,,Literature context,prombib_011,"Response of eight sorghum cultivars inoculated with Fusarium thapsinum, Curvularia lunata, and a mixture of the two fungi",1,
onegen_0287,2026-07-14,"Rodriguez-Herrera, R. Grain mold resistance in sorghum (Sorghum bicolor(L) Moench): Genetic, physical and biochemical analysis. Ph.D. Dissertation, Texas A&M, University, College Station, TX, 1999; 143 pp.","Rodriguez-Herrera, R. Grain mold resistance in sorghum (Sorghum bicolor(L) Moench): Genetic, physical and biochemical analysis. Ph.D. Dissertation, Texas A&M, University, College Station, TX, 1999; 143 pp.",,,,,2026-07-14,,,,,,,,,,Literature context,prombib_018,Role of chitinase and sormatin accumulation in the resistance of sorghum cultivars to grain mold.,1,
onegen_0288,2026-07-14,"Rosenow DT, Fredericksen RA (1982) Breeding for disease resistance in sorghum. In House LR et al (eds) Sorghum in the eighties, proceedings of the international symposium on sorghum. Pantancheru, AP, India, International Crops Research Institute for the Semi-Arid Tropics, Patancheru, India, pp 447–455","Rosenow DT, Fredericksen RA (1982) Breeding for disease resistance in sorghum. In House LR et al (eds) Sorghum in the eighties, proceedings of the international symposium on sorghum. Pantancheru, AP, India, International Crops Research Institute for the Semi-Arid Tropics, Patancheru, India, pp 447–455",,,,,2026-07-14,,,,,,,,,,Literature context,prombib_066,Inheritance and molecular mapping of anthracnose resistance genes present in sorghum line SC112-14,1,
onegen_0289,2026-07-14,"Rosenow DT, Frederiksen RA (1982) Breeding for disease resistance in sorghum. In: House LR, Mughogho LK, Peacock JM (eds) Sorghum in the Eighties. Proc of the International Symposium on Sorghum, Pantancheru, AP, India. 2–7 Nov 1981. ICRISAT, Patancheru, AP, India, pp 447–455","Rosenow DT, Frederiksen RA (1982) Breeding for disease resistance in sorghum. In: House LR, Mughogho LK, Peacock JM (eds) Sorghum in the Eighties. Proc of the International Symposium on Sorghum, Pantancheru, AP, India. 2–7 Nov 1981. ICRISAT, Patancheru, AP, India, pp 447–455",,,,,2026-07-14,,,,,,,,,,Literature context,prombib_031,"Molecular mapping of Cg1, a gene for resistance to anthracnose (Colletotrichum sublineolum) in sorghum",1,
onegen_0290,2026-07-14,"Schuh, W., M.J. Jeger, R.A. Frederiksen, 1987: The influence of soil temperature, soil moisture, soil texture, and inoculum density on the incidence of sorghum downy mildew. Phytopathology 77, 125–128.","Schuh, W., M.J. Jeger, R.A. Frederiksen, 1987: The influence of soil temperature, soil moisture, soil texture, and inoculum density on the incidence of sorghum downy mildew. Phytopathology 77, 125–128.",10.1094/phyto-77-125,,,,2026-07-14,,,,,,,,,,Literature context,prombib_043; prombib_046; prombib_055; prombib_063,"Evaluation of Gambian and Malian sorghum germplasm against downy mildew pathogen, Peronosclerospora sorghi, in Mexico and the USA; Response of sorghum accessions from Chad and Uganda to natural infection by the downy mildew pathogen, Peronosclerospora sorghi in Mexico and the USA; Screening Exotic Sorghum Germplasm, Hybrids, and Elite Lines for Resistance to a New Virulent Pathotype (P6) of Peronosclerospora sorghi Causing Downy Mildew; Sorghum pathology and biotechnology - a fungal disease perspective: Part II. Anthracnose, stalk rot, and downy mildew",1,
onegen_0291,2026-07-14,"Screening Exotic Sorghum Germplasm, Hybrids, and Elite Lines for Resistance to a New Virulent Pathotype (P6) of Peronosclerospora sorghi Causing Downy Mildew","Screening Exotic Sorghum Germplasm, Hybrids, and Elite Lines for Resistance to a New Virulent Pathotype P6 of Peronosclerospora sorghi (2011)",10.1094/PHP-2011-0323-01-RS,https://apsjournals.apsnet.org/doi/10.1094/PHP-2011-0323-01-RS,,article,,,,Https://apsjournals.apsnet.org/doi/10.1094/PHP-2011-0323-01-RS,,Downy mildew,333 total with aggregate subgroup counts,Aggregate counts and selected resistant names,,Original Texas P6 downy-mildew experiment underlying the 2019 mini-core R/S classification,Literature context,prombib_055; prombib_063; prombib_096; prombib_101; prombib_162,"A machine learning approach to genome-wide association mapping of disease resistance and geographic origin in sorghum; Evaluation of Gambian and Malian sorghum germplasm against downy mildew pathogen, Peronosclerospora sorghi, in Mexico and the USA; Genome wide association analysis of sorghum mini core lines regarding anthracnose, downy mildew, and head smut; New sources of sorghum resistant genotypes to downy mildew diseases in Uganda; Sorghum pathology and biotechnology - a fungal disease perspective: Part II. Anthracnose, stalk rot, and downy mildew",1,ref_radwan_downy_mildew_p6_2011
onegen_0292,2026-07-14,"Screening exotic sorghum germplasm, hybrids and elite lines for resistance to a new virulent pathotype (P6) of Peronoslcerospora sorghi causing downy mildew","Screening exotic sorghum germplasm, hybrids and elite lines for resistance to a new virulent pathotype (P6) of Peronoslcerospora sorghi causing downy mildew",,,,,2026-07-14,,,,,,,,,,Literature context,prombib_096,"Genome wide association analysis of sorghum mini core lines regarding anthracnose, downy mildew, and head smut",1,
onegen_0293,2026-07-14,Screening for Ergot Resistance in Sorghum,Screening for Ergot Resistance in Sorghum,10.1094/pd-78-0873,,,,2026-07-14,,,,,,,,,,Literature context,prombib_017; prombib_021; prombib_029; prombib_047,"Ergot Response for the Sorghum Genotype IS8525; Evaluation of Sorghum Germplasm from China against Claviceps africana , Causal Agent of Sorghum Ergot; Inoculation Techniques for Identifying Resistance in Sorghum Genotypes to Sorghum Ergot; Sorghum pathology and biotechnology - a fungal disease perspective: Part I. Grain mold, head smut, and ergot",1,
onegen_0294,2026-07-14,"Screening of sorghum cultivars for reaction to charcoal rot, under rainfed conditions","Screening of sorghum cultivars for reaction to charcoal rot, under rainfed conditions",,,,,2026-07-14,,,,,,,,,,Literature context,prombib_055,"Sorghum pathology and biotechnology - a fungal disease perspective: Part II. Anthracnose, stalk rot, and downy mildew",1,
onegen_0295,2026-07-14,Screening of Sorghum Lines Against Long Smut and Grain Mold Pathogens,Screening of Sorghum Lines Against Long Smut and Grain Mold Pathogens (2017),10.3923/ijpp.2017.23.27,https://doi.org/10.3923/ijpp.2017.23.27,,main article tables,,,,Https://doi.org/10.3923/ijpp.2017.23.27,,Long smut; Grain mold,Sorghum lines,Disease-response values for candidate lines,,,Literature context,prombib_090,Response of sorghum lines and hybrids from the United States to long smut and grain mold,1,prom_lines_long_smut_grain_mold_2017
onegen_0296,2026-07-14,Screening Sorghum Accessions for Resistance against Anthracnose and Grain Mold through Inoculating with Pathogens,Screening Sorghum Accessions for Resistance against Anthracnose and Grain Mold through Inoculating with Pathogens (2020),10.9734/jeai/2020/v42i130453,https://doi.org/10.9734/jeai/2020/v42i130453,,main article tables,,,,Https://doi.org/10.9734/jeai/2020/v42i130453,,Anthracnose; Grain mold,Sorghum accessions,Disease-response values for candidate accessions,,,Literature context,prombib_136; prombib_139; prombib_140,"Frequency of isolation of four fungal species colonizing sorghum grain collected from six lines in an anthracnose-infected field; Genetic diversity and classification of Colletotrichum sublineola pathotypes using a standard set of sorghum differentials; Response of sorghum accessions from three African countries to anthracnose, grain mould, and rust",1,prom_accession_anthracnose_grain_mold_2020
onegen_0297,2026-07-14,Screening sorghums for resistance to long smut.,Screening sorghums for resistance to long smut.,,,,,2026-07-14,,,,,,,,,,Literature context,prombib_024; prombib_064; prombib_090,"Assessing the vulnerability of selected sorghum lines from the United States of America to long smut (Sporisorium ehrenbergii Vánky) disease; Evaluation of selected sorghum lines and hybrids for resistance to grain mold and long smut fungi in Senegal, West Africa; Response of sorghum lines and hybrids from the United States to long smut and grain mold",1,
onegen_0298,2026-07-14,Screening Techniques for Sorghum Diseases.,Screening Techniques for Sorghum Diseases.,,,,,2026-07-14,,,,,,,,,,Literature context,prombib_096; prombib_098; prombib_105; prombib_123; prombib_132; prombib_149,"Association analysis of grain mould resistance in a core collection of NPGS Ethiopian sorghum germplasm; Genome Sequence Data of Bacillus sp. Strain LP16S, Which Is Capable of Inhibiting the Growth of Multiple Sorghum Fungal Pathogens.; Genome wide association analysis of sorghum mini core lines regarding anthracnose, downy mildew, and head smut; Genome-wide association mapping of grain mold resistance in the U.S. sorghum association panel; Genome-wide association study of grain mold resistance in sorghum association panel as affected by inoculation with Alternaria alternata alone and Alternaria alternata, Fusarium thapsinum, and Curvularia lunata combined; Pathogenic variability of Colletotrichum sublineolum isolates on sorghum differentials under greenhouse conditions in Jimma, Ethiopia",1,
onegen_0299,2026-07-14,Screening techniques for sorghum diseases. Bulletun # 76,Screening techniques for sorghum diseases. Bulletun # 76,,,,,2026-07-14,,,,,,,,,,Literature context,prombib_089,Population structure of the NPGS Senegalese sorghum collection and its evaluation to identify new disease resistant genes,1,
onegen_0300,2026-07-14,"Screening Techniques for Sorghum Diseases, Information Bulletin # 76","Screening Techniques for Sorghum Diseases, Information Bulletin # 76",,,,,2026-07-14,,,,,,,,,,Literature context,prombib_096,"Genome wide association analysis of sorghum mini core lines regarding anthracnose, downy mildew, and head smut",1,
onegen_0301,2026-07-14,"Seed Mycoflora for Grain Mold from Natural Infection in Sorghum Germplasm Grown at Isabela, Puerto Rico and their Association with Kernel Weight and Germination","Seed Mycoflora for Grain Mold from Natural Infection in Sorghum Germplasm Grown at Isabela, Puerto Rico and their Association with Kernel Weight and Germination (2006)",10.3923/ppj.2006.106.112,https://doi.org/10.3923/ppj.2006.106.112,,main article tables,,,,Https://doi.org/10.3923/ppj.2006.106.112,,Grain mold seed mycoflora,Sorghum germplasm,"Disease-response values for candidate accessions, including mycoflora, kernel weight, and germination",,,Literature context,prombib_037; prombib_047; prombib_067; prombib_069; prombib_077; prombib_088; prombib_089; prombib_098; prombib_110; prombib_136; prombib_149,"Assessment of sorghum germplasm from Burkina Faso and South Africa to identify new sources of resistance to grain mold and anthracnose; Association analysis of grain mould resistance in a core collection of NPGS Ethiopian sorghum germplasm; Expression of pathogenesis-related protein PR-10 in sorghum floral tissues in response to inoculation with Fusarium thapsinum and Curvularia lunata.; Genome-wide association mapping of grain mold resistance in the U.S. sorghum association panel; Grain biodeterioration of sorghum converted lines inoculated with a mixture of Fusarium thapsinum and Curvularia lunata; Mycoflora analysis and other measured parameters of sorghum seeds collected from Puerto Rico and Mexico; Mycoflora analysis of hybrid sorghum grain collected from different locations in South Texas; Population structure of the NPGS Senegalese sorghum collection and its evaluation to identify new disease resistant genes; Response of sorghum accessions from three African countries to anthracnose, grain mould, and rust; Screening sorghum accessions for resistance against anthracnose and grain mold through inoculating with pathogens; Sorghum pathology and biotechnology - a fungal disease perspective: Part I. Grain mold, head smut, and ergot",1,prom_seed_mycoflora_pr_2006
onegen_0302,2026-07-14,Selection for Resistance to Macrophomina phaseolina and Fusarium moniliforme in Sorghum,Selection for Resistance to Macrophomina phaseolina and Fusarium moniliforme in Sorghum,10.2135/cropsci1989.0011183x002900060029x,,,,2026-07-14,,,,,,,,,,Literature context,prombib_055,"Sorghum pathology and biotechnology - a fungal disease perspective: Part II. Anthracnose, stalk rot, and downy mildew",1,
onegen_0303,2026-07-14,Sequencing of an Anthracnose‐Resistant Sorghum Genotype and Mapping of a Major QTL Reveal Strong Candidate Genes for Anthracnose Resistance,Sequencing of an Anthracnose‐Resistant Sorghum Genotype and Mapping of a Major QTL Reveal Strong Candidate Genes for Anthracnose Resistance,10.2135/cropsci2014.06.0430,,,,2026-07-14,,,,,,,,,,Literature context,prombib_086; prombib_097; prombib_103; prombib_106; prombib_126,"Evaluation of genetic diversity, agronomic traits, and anthracnose resistance in the NPGS Sudan sorghum core collection; Genome-wide association mapping of anthracnose (Collectotrichum sublineolun) resistance in the U.S. sorghum association panel; Genome-wide association mapping of anthracnose (Colletotrichum sublineolum) resistance in NPGS Ethiopian sorghum germplasm; Genomic dissection of anthracnose (Colletotrichum sublineolum) resistance response in sorghum differential line SC112-14; The inheritance of anthracnose (Colletotrichum sublineola) resistance in sorghum differential lines QL3 and IS18760",1,
onegen_0304,2026-07-14,"Sifuentes J, Frederiksen RA (1988) Inheritance of resistance to pathotypes 1, 2, and 3 of Peronosclerospora sorghi in sorghum. Plant Dis 72:332–333","Sifuentes J, Frederiksen RA (1988) Inheritance of resistance to pathotypes 1, 2, and 3 of Peronosclerospora sorghi in sorghum. Plant Dis 72:332–333",10.1094/pd-72-0332,,,,2026-07-14,,,,,,,,,,Literature context,prombib_063,"Evaluation of Gambian and Malian sorghum germplasm against downy mildew pathogen, Peronosclerospora sorghi, in Mexico and the USA",1,
onegen_0305,2026-07-14,Silicon and fungicide effects on anthracnose in moderately resistant and susceptible sorghum lines.,Silicon and fungicide effects on anthracnose in moderately resistant and susceptible sorghum lines.,10.1111/jph.12020,,,,2026-07-14,,,,,,,,,,Literature context,prombib_106; prombib_126,Genomic dissection of anthracnose (Colletotrichum sublineolum) resistance response in sorghum differential line SC112-14; The inheritance of anthracnose (Colletotrichum sublineola) resistance in sorghum differential lines QL3 and IS18760,1,
onegen_0306,2026-07-14,"Singh M, Chaudhary K, Singal HR, Magill CW, Boora KS (2006) Identification and characterization of RAPD and SCAR markers linked to anthracnose resistance gene in sorghum [Sorghum bicolor (L.) Moench]. Euphytica 149:179–187. doi:10.1007/s10681-005-9065-4","Singh M, Chaudhary K, Singal HR, Magill CW, Boora KS (2006) Identification and characterization of RAPD and SCAR markers linked to anthracnose resistance gene in sorghum [Sorghum bicolor (L.) Moench]. Euphytica 149:179–187. doi:10.1007/s10681-005-9065-4",10.1007/s10681-005-9065-4,,,,2026-07-14,,,,,,,,,,Literature context,prombib_031,"Molecular mapping of Cg1, a gene for resistance to anthracnose (Colletotrichum sublineolum) in sorghum",1,
onegen_0307,2026-07-14,SNP markers linked to leaf rust and grain mold resistance in sorghum,SNP markers linked to leaf rust and grain mold resistance in sorghum,10.1007/s11032-013-9883-3,,,,2026-07-14,,,,,,,,,,Literature context,prombib_168,The NPGS Sudan sorghum germplasm collection reveals a novel cluster of R genes associated with rust resistant.,1,
onegen_0308,2026-07-14,Sorghum head-bugs and grain molds in West and Central Africa: I. Host plant resistance and bug–mold interactions on sorghum grains,Sorghum head-bugs and grain molds in West and Central Africa: I. Host plant resistance and bug–mold interactions on sorghum grains,10.1016/s0261-2194(03)00066-8,,,,2026-07-14,,,,,,,,,,Literature context,prombib_030; prombib_067; prombib_069; prombib_089; prombib_098,"Assessment of sorghum germplasm from Burkina Faso and South Africa to identify new sources of resistance to grain mold and anthracnose; Genome-wide association mapping of grain mold resistance in the U.S. sorghum association panel; Leaf-footed Bug, Leptoglossus phyllopus (Hemiptera: Coreidae), as a Potential Vector of Sorghum Fungal Pathogens; Mycoflora analysis of hybrid sorghum grain collected from different locations in South Texas; Population structure of the NPGS Senegalese sorghum collection and its evaluation to identify new disease resistant genes",1,
onegen_0309,2026-07-14,"Sorghum Seed Fungal Community and Their Association with Grain Mold Severity, Seed Weight, and Germination Rate","Sorghum Seed Fungal Community and Their Association with Grain Mold Severity, Seed Weight, and Germination Rate (2020)",10.32861/jac.71.14.19,https://doi.org/10.32861/jac.71.14.19,,main article tables,,,,Https://doi.org/10.32861/jac.71.14.19,,Grain mold seed mycoflora,Sorghum Association Panel lines,,,,Literature context,prombib_130; prombib_147,Comparing the effects of grain weathering and presence of fungal communities on waxy and non-waxy sorghum hybrids grown across texas; Reaction of sorghum differentials to grain mold infection in Puerto Rico,1,prom_sap_seed_fungal_community_2020
onegen_0310,2026-07-14,Sources of Resistance to Downy Mildew in Wild and Weedy Sorghums,Sources of Resistance to Downy Mildew in Wild and Weedy Sorghums,10.2135/cropsci2002.1357,,,,2026-07-14,,,,,,,,,,Literature context,prombib_101; prombib_158,Genome-wide association study of Nigerien and Senegalese sorghum genotypes for their response to downy mildew; New sources of sorghum resistant genotypes to downy mildew diseases in Uganda,1,
onegen_0311,2026-07-14,Sources of Resistance to Sorghum Grain Molds,Sources of Resistance to Sorghum Grain Molds,10.1094/pd-72-0504,,,,2026-07-14,,,,,,,,,,Literature context,prombib_022; prombib_047,"Seed Mycoflora for Grain Mold from Natural Infection in Sorghum Germplasm Grown at Isabela, Puerto Rico and their Association with Kernel Weight and Germination; Sorghum pathology and biotechnology - a fungal disease perspective: Part I. Grain mold, head smut, and ergot",1,
onegen_0312,2026-07-14,Stalk strength and reaction to infection by Macrophomina phaseolina of brown midrib maize (Zea mays) and sorghum (Sorghum bicolor),Stalk strength and reaction to infection by Macrophomina phaseolina of brown midrib maize (Zea mays) and sorghum (Sorghum bicolor),10.1016/j.fcr.2010.10.015,,,,2026-07-14,,,,,,,,,,Literature context,prombib_055,"Sorghum pathology and biotechnology - a fungal disease perspective: Part II. Anthracnose, stalk rot, and downy mildew",1,
onegen_0313,2026-07-14,Study on inheritance and molecular markers of sorghum resistance to head smut physiological race 3.,Study on inheritance and molecular markers of sorghum resistance to head smut physiological race 3.,,,,,2026-07-14,,,,,,,,,,Literature context,prombib_047,"Sorghum pathology and biotechnology - a fungal disease perspective: Part I. Grain mold, head smut, and ergot",1,
onegen_0314,2026-07-14,Survey of the Prevalence and Incidence of Foliar and Panicle Diseases of Sorghum Across Production Fields in Niger,Survey of the Prevalence and Incidence of Foliar and Panicle Diseases of Sorghum Across Production Fields in Niger (2020),10.3923/ppj.2020.106.113,https://doi.org/10.3923/ppj.2020.106.113,,main article tables,,,,Https://doi.org/10.3923/ppj.2020.106.113,,Multiple sorghum diseases,Observations from individually identified production fields,Field-survey summaries provide regional disease context,Epidemiological context,Survey evidence provides regional disease context,Literature context,prombib_113; prombib_137; prombib_138; prombib_151; prombib_174,"A genome-wide association study of Nigerien and Senegalese sorghum germplasms of Exserohilum turcicum, the causal agent of leaf blight; A survey of the major sorghum production regions for foliar and panicle diseases during the 2022 growing season in Senegal, West Africa; Correlations among agronomic traits obtained from sorghum accessions planted in a field infected with three important fungal diseases; Genomic analysis of resistance to Exserohilum turcicum in Nigerien and Senegalese sorghum using GWAS and machine learning; The occurrence and distribution of sorghum diseases in major production regions of Senegal, West Africa",1,prom_niger_disease_survey_2020
onegen_0315,2026-07-14,Susceptibility to ergot in Zimbabwe of sorghums that remained uninfected in their native climates in Ethiopia and Rwanda,Susceptibility to ergot in Zimbabwe of sorghums that remained uninfected in their native climates in Ethiopia and Rwanda,10.1111/j.1365-3059.1994.tb00549.x,,,,2026-07-14,,,,,,,,,,Literature context,prombib_029; prombib_047,"Evaluation of Sorghum Germplasm from China against Claviceps africana , Causal Agent of Sorghum Ergot; Sorghum pathology and biotechnology - a fungal disease perspective: Part I. Grain mold, head smut, and ergot",1,
onegen_0316,2026-07-14,"Tenkouano A (1993) Genetic and ontogenic analysis of anthracnose resistance in Sorghum bicolor (L.) Moench. Ph.D. Dissertation, Texas A&M University, College Station, TX","Tenkouano A (1993) Genetic and ontogenic analysis of anthracnose resistance in Sorghum bicolor (L.) Moench. Ph.D. Dissertation, Texas A&M University, College Station, TX",,,,,2026-07-14,,,,,,,,,,Literature context,prombib_031; prombib_066,"Inheritance and molecular mapping of anthracnose resistance genes present in sorghum line SC112-14; Molecular mapping of Cg1, a gene for resistance to anthracnose (Colletotrichum sublineolum) in sorghum",1,
onegen_0317,2026-07-14,Tenkouano A.1993.Genetic and ontogenic analysis of anthracnose resistance inSorghum bicolor(L.) Moench. Ph.D. diss. Texas A&M Univ. College Station TX.,Tenkouano A.1993.Genetic and ontogenic analysis of anthracnose resistance inSorghum bicolor(L.) Moench. Ph.D. diss. Texas A&M Univ. College Station TX.,,,,,2026-07-14,,,,,,,,,,Literature context,prombib_086,Genome-wide association mapping of anthracnose (Collectotrichum sublineolun) resistance in the U.S. sorghum association panel,1,
onegen_0318,2026-07-14,Testing of sorghum varieties for reaction to charcoal rot.,Testing of sorghum varieties for reaction to charcoal rot.,,,,,2026-07-14,,,,,,,,,,Literature context,prombib_055,"Sorghum pathology and biotechnology - a fungal disease perspective: Part II. Anthracnose, stalk rot, and downy mildew",1,
onegen_0319,2026-07-14,"Thakur, R.P., Rao, V.P., Reddy, B.V.S. and Reddy, S.P. (2007) Grain Mold. In: Thakur, R.P., Reddy, B.V.S. and Mathur, K., Eds., Screening Techniques for Sorghum Diseases, ICRISAT, Patancheru, 5-14.","Thakur, R.P., Rao, V.P., Reddy, B.V.S. and Reddy, S.P. (2007) Grain Mold. In: Thakur, R.P., Reddy, B.V.S. and Mathur, K., Eds., Screening Techniques for Sorghum Diseases, ICRISAT, Patancheru, 5-14.",,,,,2026-07-14,,,,,,,,,,Literature context,prombib_147,Reaction of sorghum differentials to grain mold infection in Puerto Rico,1,
onegen_0320,2026-07-14,"Thakur, R.P., Rao, V.P., Reddy, B.V.S. and Reddy S.P. (2007) Grain Mold. In: Thakur, R.P., Reddy, B.V.S., Mathur, K., Screening Techniques for Sorghum Diseases , ICRISAT, 5-14.","Thakur, R.P., Rao, V.P., Reddy, B.V.S. and Reddy S.P. (2007) Grain Mold. In: Thakur, R.P., Reddy, B.V.S., Mathur, K., Screening Techniques for Sorghum Diseases , ICRISAT, 5-14.",,,,,2026-07-14,,,,,,,,,,Literature context,prombib_171,Agronomic traits of sorghum cultivars from the US and Senegal and their response to grain mold infection,1,
onegen_0321,2026-07-14,"Thakur, R.P., Reddy, B.V.S., and Mathur, K. (2007). Grain mold. Screening Techniques for Sorghum Diseases, Bull. 76; ICRISAT.","Thakur, R.P., Reddy, B.V.S., and Mathur, K. (2007). Grain mold. Screening Techniques for Sorghum Diseases, Bull. 76; ICRISAT.",,,,,2026-07-14,,,,,,,,,,Literature context,prombib_150,"Association and interrelationship among agronomic traits and fungal diseases of sorghum, anthracnose and grain mold",1,
onegen_0322,2026-07-14,"Thakur, R.P., Reddy, B.V.S., and Mathur, K. (2007). Head Smut in 2007. Screening Techniques for Sorghum Diseases. Information Bulletin No. 76, International Crops Research Institute for the Semi-Arid Tropics. Patancheru 502 324.","Thakur, R.P., Reddy, B.V.S., and Mathur, K. (2007). Head Smut in 2007. Screening Techniques for Sorghum Diseases. Information Bulletin No. 76, International Crops Research Institute for the Semi-Arid Tropics. Patancheru 502 324.",,,,,2026-07-14,,,,,,,,,,Literature context,prombib_169,Unveiling the potential role of dhurrin in sorghum during infection by the head smut pathogen sporisorium reilianum f. sp. reilianum,1,
onegen_0323,2026-07-14,"Thakur, R.P., Reddy, B.V.S., and Mathur, K. (2007). Screening Techniques for Sorghum Diseases, International Crops Research Institute for the Semi-Arid Tropics. [1st ed.]. Information Bulletin No. 76.","Thakur, R.P., Reddy, B.V.S., and Mathur, K. (2007). Screening Techniques for Sorghum Diseases, International Crops Research Institute for the Semi-Arid Tropics. [1st ed.]. Information Bulletin No. 76.",,,,,2026-07-14,,,,,,,,,,Literature context,prombib_137; prombib_145,"A genome-wide association study of Nigerien and Senegalese sorghum germplasms of Exserohilum turcicum, the causal agent of leaf blight; Inoculation and screening methods for major sorghum diseases caused by fungal pathogens: Claviceps africana, Colletotrichum sublineola, Sporisorium reilianum, Peronosclerospora sorghi and Macrophomina phaseolina",1,
onegen_0324,2026-07-14,"Thakur RP, Rao VP, Reddy BVS, Sanjana Reddy P (2007) Grain mold. In: Thakur RP, Reddy BVS, Mathur K (eds) Screening techniques for sorghum diseases, vol Bulletun # 76. International crops research institute for the semi-arid tropics, Patancheru, India","Thakur RP, Rao VP, Reddy BVS, Sanjana Reddy P (2007) Grain mold. In: Thakur RP, Reddy BVS, Mathur K (eds) Screening techniques for sorghum diseases, vol Bulletun # 76. International crops research institute for the semi-arid tropics, Patancheru, India",,,,,2026-07-14,,,,,,,,,,Literature context,prombib_161,The NPGS Sudanese sorghum core collection encloses novel grain mold resistant germplasm,1,
onegen_0325,2026-07-14,"Thakur RP, Rao VP, Sanjana RP (2007) Downy mildew In: Thakur RP, Reddy BVS, Mathur K (eds) Screening techniques for sorghum diseases. Information Bulletin No. 76. International Crops Research Institute for the Semi-Arid Tropics (ICRISAT), Patancheru 502324, Andhra Pradesh, pp 31–39","Thakur RP, Rao VP, Sanjana RP (2007) Downy mildew In: Thakur RP, Reddy BVS, Mathur K (eds) Screening techniques for sorghum diseases. Information Bulletin No. 76. International Crops Research Institute for the Semi-Arid Tropics (ICRISAT), Patancheru 502324, Andhra Pradesh, pp 31–39",,,,,2026-07-14,,,,,,,,,,Literature context,prombib_063,"Evaluation of Gambian and Malian sorghum germplasm against downy mildew pathogen, Peronosclerospora sorghi, in Mexico and the USA",1,
onegen_0326,2026-07-14,"Thakur RP, Reddy BV, Mathur K. editors. 2007. Screening techniques for sorghum diseases. Information Bulletin No. 76. Andhra Pradesh (India): International Crops Research Institute for the Semi-Arid Tropics; pp. 92.","Thakur RP, Reddy BV, Mathur K. editors. 2007. Screening techniques for sorghum diseases. Information Bulletin No. 76. Andhra Pradesh (India): International Crops Research Institute for the Semi-Arid Tropics; pp. 92.",,,,,2026-07-14,,,,,,,,,,Literature context,prombib_123,"Pathogenic variability of Colletotrichum sublineolum isolates on sorghum differentials under greenhouse conditions in Jimma, Ethiopia",1,
onegen_0327,2026-07-14,The Association of Genes Controlling Caryopsis Traits with Grain Mold Resistance in Sorghum,The Association of Genes Controlling Caryopsis Traits with Grain Mold Resistance in Sorghum,10.1094/phyto-83-490,,,,2026-07-14,,,,,,,,,,Literature context,prombib_022; prombib_037; prombib_045; prombib_059; prombib_130,"Comparing the effects of grain weathering and presence of fungal communities on waxy and non-waxy sorghum hybrids grown across texas; Evaluation of the Ugandan sorghum accessions for grain mold and anthracnose resistance; Expression of pathogenesis-related protein PR-10 in sorghum floral tissues in response to inoculation with Fusarium thapsinum and Curvularia lunata.; Response of near isogenic sorghum lines, differing at the P locus for plant color, to grain mold and head smut fungi; Seed Mycoflora for Grain Mold from Natural Infection in Sorghum Germplasm Grown at Isabela, Puerto Rico and their Association with Kernel Weight and Germination",1,
onegen_0328,2026-07-14,The Effect of Johnsongrass (Sorghum halepense) Control Method on the Incidence and Severity of Virus Diseases in Glyphosate-Tolerant Corn (Zea mays) 1,The Effect of Johnsongrass (Sorghum halepense) Control Method on the Incidence and Severity of Virus Diseases in Glyphosate-Tolerant Corn (Zea mays) 1,10.1614/0890-037x(2003)017[0503:teojsh]2.0.co;2,,,,2026-07-14,,,,,,,,,,Literature context,prombib_116,Diseases of Johnsongrass ( Sorghum halepense ): possible role as a reservoir of pathogens affecting other plants,1,
onegen_0329,2026-07-14,The effects of cropping history on grain sorghum yields and anthracnose severity in Arkansas,The effects of cropping history on grain sorghum yields and anthracnose severity in Arkansas,10.1016/j.cropro.2009.04.008,,,,2026-07-14,,,,,,,,,,Literature context,prombib_061; prombib_066,Assessments of genetic diversity and anthracnose disease response among Zimbabwe sorghum germplasm.; Inheritance and molecular mapping of anthracnose resistance genes present in sorghum line SC112-14,1,
onegen_0330,2026-07-14,The efficacy of marker-assisted-selection for grain mold resistance in sorghum,The efficacy of marker-assisted-selection for grain mold resistance in sorghum,,,,,2026-07-14,,,,,,,,,,Literature context,prombib_047,"Sorghum pathology and biotechnology - a fungal disease perspective: Part I. Grain mold, head smut, and ergot",1,
onegen_0331,2026-07-14,The Impact of Weather Conditions on Response of Sorghum Genotypes to Anthracnose (Colletotrichum sublineola) Infection,The Impact of Weather Conditions on Response of Sorghum Genotypes to Anthracnose (Colletotrichum sublineola) Infection (2015),10.9734/AJEA/2015/14589,https://doi.org/10.9734/AJEA/2015/14589,,main article tables,,,,Https://doi.org/10.9734/AJEA/2015/14589,,Anthracnose,Sorghum genotypes,Disease-response values for candidate genotypes across environments,,,Literature context,prombib_110; prombib_113; prombib_121; prombib_138; prombib_139,"A survey of the major sorghum production regions for foliar and panicle diseases during the 2022 growing season in Senegal, West Africa; Frequency of isolation of four fungal species colonizing sorghum grain collected from six lines in an anthracnose-infected field; RNA-Sequencing in Resistant (QL3) and Susceptible (Theis) Sorghum Cultivars Inoculated With Johnsongrass Isolates of Colletotrichum sublineola.; Screening sorghum accessions for resistance against anthracnose and grain mold through inoculating with pathogens; The occurrence and distribution of sorghum diseases in major production regions of Senegal, West Africa",1,prom_weather_anthracnose_genotypes_2015
onegen_0332,2026-07-14,The inheritance of anthracnose (Colletotrichum sublineola) resistance in sorghum differential lines QL3 and IS18760,The inheritance of anthracnose (Colletotrichum sublineola) resistance in sorghum differential lines QL3 and IS18760 (2021),10.1038/s41598-021-99994-3,https://doi.org/10.1038/s41598-021-99994-3,,article and supplementary files,,,,Https://doi.org/10.1038/s41598-021-99994-3,,Anthracnose,"QL3, IS18760 and segregating progeny",Disease-response values for candidate lines and segregating progeny,,Distinct inheritance experiment used for genetic context,Literature context,prombib_140; prombib_145,"Genetic diversity and classification of Colletotrichum sublineola pathotypes using a standard set of sorghum differentials; Inoculation and screening methods for major sorghum diseases caused by fungal pathogens: Claviceps africana, Colletotrichum sublineola, Sporisorium reilianum, Peronosclerospora sorghi and Macrophomina phaseolina",1,prom_ql3_is18760_anthracnose_inheritance_2021
onegen_0333,2026-07-14,The inheritance of resistance in sorghum to leaf anthracnose.,The inheritance of resistance in sorghum to leaf anthracnose.,10.2134/agronj1950.00021962004200010006x,,,,2026-07-14,,,,,,,,,,Literature context,prombib_014; prombib_023,"Evaluation of Malian Sorghum Germplasm for Resistance Against Anthracnose; Variation for Anthracnose Resistance within the Sorghum Germplasm Collection from Mozambique, Africa",1,
onegen_0334,2026-07-14,"The inheritance of resistance to Colletotrichum graminicola in grain sorghum, Sorghum bicolor","The inheritance of resistance to Colletotrichum graminicola in grain sorghum, Sorghum bicolor",,,,,2026-07-14,,,,,,,,,,Literature context,prombib_031; prombib_055,"Molecular mapping of Cg1, a gene for resistance to anthracnose (Colletotrichum sublineolum) in sorghum; Sorghum pathology and biotechnology - a fungal disease perspective: Part II. Anthracnose, stalk rot, and downy mildew",1,
onegen_0335,2026-07-14,The Inheritance of Resistance to Rust in Sorgo 1,The Inheritance of Resistance to Rust in Sorgo 1,10.2135/cropsci1961.0011183x000100020019x,,,,2026-07-14,,,,,,,,,,Literature context,prombib_168,The NPGS Sudan sorghum germplasm collection reveals a novel cluster of R genes associated with rust resistant.,1,
onegen_0336,2026-07-14,The NPGS Sudanese sorghum core collection encloses novel grain mold resistant germplasm,The NPGS Sudanese sorghum core collection encloses novel grain mold resistant germplasm (2024),10.1007/s10722-024-02039-7,https://link.springer.com/article/10.1007/s10722-024-02039-7,https://static-content.springer.com/esm/art%3A10.1007%2Fs10722-024-02039-7/MediaObjects/10722_2024_2039_MOESM1_ESM.xlsx,10722_2024_2039_MOESM1_ESM.xlsx,2026-07-14,1e78bff48627c6031950eca6d8a455adb0e4a270c6e440050bae8b363416e755,Creative Commons Attribution 4.0,Https://link.springer.com/article/10.1007/s10722-024-02039-7,Reuse permitted under the published terms,Grain mold seed emergence; Seed deterioration,246 PI accessions in Table S1,Public accession-level summary workbook available,The main tables and the later selected subset represent phases of the same study.,Original Sudan grain-mold evidence; same germplasm collection as Sudan anthracnose/rust but distinct disease experiment,Quantitative analysis of accession or line responses,prombib_168; prombib_171,Agronomic traits of sorghum cultivars from the US and Senegal and their response to grain mold infection; The NPGS Sudan sorghum germplasm collection reveals a novel cluster of R genes associated with rust resistant.,1,prom_sudan_grain_mold_2024
onegen_0337,2026-07-14,The reaction of several sorghum cultivars to a new race of sorghum downy mildew (Peronosclerospora sorghi) in southern Brazil in 1982-1983.,The reaction of several sorghum cultivars to a new race of sorghum downy mildew (Peronosclerospora sorghi) in southern Brazil in 1982-1983.,,,,,2026-07-14,,,,,,,,,,Literature context,prombib_063,"Evaluation of Gambian and Malian sorghum germplasm against downy mildew pathogen, Peronosclerospora sorghi, in Mexico and the USA",1,
onegen_0338,2026-07-14,"The Sorghum Grain Mold Disease Complex: Pathogens, Host Responses, and the Bioactive Metabolites at Play","The Sorghum Grain Mold Disease Complex: Pathogens, Host Responses, and the Bioactive Metabolites at Play",10.3389/fpls.2021.660171,,,,2026-07-14,,,,,,,,,,Literature context,prombib_147; prombib_149; prombib_150; prombib_161; prombib_165; prombib_170; prombib_171,"A haplotype-layered GWAS identifies a multi-trait grain mold resistance hub on sorghum chromosome 5; Agronomic traits of sorghum cultivars from the US and Senegal and their response to grain mold infection; Association analysis of grain mould resistance in a core collection of NPGS Ethiopian sorghum germplasm; Association and interrelationship among agronomic traits and fungal diseases of sorghum, anthracnose and grain mold; Machine learning reveals complex genetics of fungal resistance in sorghum grain mold; Reaction of sorghum differentials to grain mold infection in Puerto Rico; The NPGS Sudanese sorghum core collection encloses novel grain mold resistant germplasm",1,
onegen_0339,2026-07-14,Tomar S.S.2016.In vitro and field based evaluation for grain mold resistance and its impact on quality traits in sorghum [Sorghum bicolor(L.) Moench]. M.S. thesis. Department of Agronomy Kansas State University Manhattan KS.,Tomar S.S.2016.In vitro and field based evaluation for grain mold resistance and its impact on quality traits in sorghum [Sorghum bicolor(L.) Moench]. M.S. thesis. Department of Agronomy Kansas State University Manhattan KS.,,,,,2026-07-14,,,,,,,,,,Literature context,prombib_098,Genome-wide association mapping of grain mold resistance in the U.S. sorghum association panel,1,
onegen_0340,2026-07-14,Two distinct classes of QTL determine rust resistance in sorghum,Two distinct classes of QTL determine rust resistance in sorghum,10.1186/s12870-014-0366-4,,,,2026-07-14,,,,,,,,,,Literature context,prombib_168,The NPGS Sudan sorghum germplasm collection reveals a novel cluster of R genes associated with rust resistant.,1,
onegen_0341,2026-07-14,"Biruma M, Martin T, Fridborg I, Okori P, Dixelius C (2012) Two loci in sorghum with NB-LRR encoding genes confer resistance to Colletotrichum sublineolum. Theor Appl Genet 124:1005–1015",Two Loci in Sorghum with NB-LRR Encoding Genes Confer Resistance to Colletotrichum sublineolum (2012),10.1007/s00122-011-1764-8,https://link.springer.com/article/10.1007/s00122-011-1764-8,,main article and supplementary molecular data,,,,Https://link.springer.com/article/10.1007/s00122-011-1764-8,,Anthracnose,Two contrasting sorghum genotypes followed by gene-silencing experiments,Mechanistic transcript-profiling and gene-silencing study used for biological context,Mechanistic context for anthracnose resistance genes,Mechanistic two-genotype study used for biological context,Literature context,prombib_066; prombib_069; prombib_086; prombib_096; prombib_106; prombib_126,"Assessment of sorghum germplasm from Burkina Faso and South Africa to identify new sources of resistance to grain mold and anthracnose; Genome wide association analysis of sorghum mini core lines regarding anthracnose, downy mildew, and head smut; Genome-wide association mapping of anthracnose (Collectotrichum sublineolun) resistance in the U.S. sorghum association panel; Genomic dissection of anthracnose (Colletotrichum sublineolum) resistance response in sorghum differential line SC112-14; Inheritance and molecular mapping of anthracnose resistance genes present in sorghum line SC112-14; The inheritance of anthracnose (Colletotrichum sublineola) resistance in sorghum differential lines QL3 and IS18760",1,ref_biruma_anthracnose_loci_2012
onegen_0342,2026-07-14,Understanding the Sorghum–Colletotrichum sublineola Interactions for Enhanced Host Resistance,Understanding the Sorghum–Colletotrichum sublineola Interactions for Enhanced Host Resistance,10.3389/fpls.2021.641969,,,,2026-07-14,,,,,,,,,,Literature context,prombib_131; prombib_140; prombib_145; prombib_150; prombib_169,"Association and interrelationship among agronomic traits and fungal diseases of sorghum, anthracnose and grain mold; Evaluation of a subset of Ethiopia sorghum collection germplasm from the National Genetic Resources Program of the United States Department of Agriculture for anthracnose resistance; Genetic diversity and classification of Colletotrichum sublineola pathotypes using a standard set of sorghum differentials; Inoculation and screening methods for major sorghum diseases caused by fungal pathogens: Claviceps africana, Colletotrichum sublineola, Sporisorium reilianum, Peronosclerospora sorghi and Macrophomina phaseolina; Unveiling the potential role of dhurrin in sorghum during infection by the head smut pathogen sporisorium reilianum f. sp. reilianum",1,
onegen_0343,2026-07-14,Use of sporidial hypodermic injection to test sorghum for head smut resistance,Use of sporidial hypodermic injection to test sorghum for head smut resistance,,,,,2026-07-14,,,,,,,,,,Literature context,prombib_145,"Inoculation and screening methods for major sorghum diseases caused by fungal pathogens: Claviceps africana, Colletotrichum sublineola, Sporisorium reilianum, Peronosclerospora sorghi and Macrophomina phaseolina",1,
onegen_0344,2026-07-14,Using Genotyping by Sequencing to Map Two Novel Anthracnose Resistance Loci in Sorghum bicolor,Using Genotyping by Sequencing to Map Two Novel Anthracnose Resistance Loci in Sorghum bicolor,10.1534/g3.116.030510,,,,2026-07-14,,,,,,,,,,Literature context,prombib_086; prombib_097; prombib_103; prombib_106; prombib_126; prombib_167,"Evaluation of genetic diversity, agronomic traits, and anthracnose resistance in the NPGS Sudan sorghum core collection; Genome-wide association mapping of anthracnose (Collectotrichum sublineolun) resistance in the U.S. sorghum association panel; Genome-wide association mapping of anthracnose (Colletotrichum sublineolum) resistance in NPGS Ethiopian sorghum germplasm; Genomic dissection of anthracnose (Colletotrichum sublineolum) resistance response in sorghum differential line SC112-14; Seed quality drives grain yield in Ethiopian and Senegalese sorghum: Insights from machine learning; The inheritance of anthracnose (Colletotrichum sublineola) resistance in sorghum differential lines QL3 and IS18760",1,
onegen_0345,2026-07-14,Variation in anthracnose resistance within the Sudanese sorghum germplasm collection,Variation in anthracnose resistance within the Sudanese sorghum germplasm collection,,,,,2026-07-14,,,,,,,,,,Literature context,prombib_061,Assessments of genetic diversity and anthracnose disease response among Zimbabwe sorghum germplasm.,1,
onegen_0346,2026-07-14,"Williams R, Dange S, Mughogho L, Rao K: Identification of QL-3 sorghum: A source of resistance to Peronosclerospora sorghi. Plant Disease. 1982, 66: 807-809.","Williams R, Dange S, Mughogho L, Rao K: Identification of QL-3 sorghum: A source of resistance to Peronosclerospora sorghi. Plant Disease. 1982, 66: 807-809.",10.1094/pd-66-807,,,,2026-07-14,,,,,,,,,,Literature context,prombib_034; prombib_046,"Screening Exotic Sorghum Germplasm, Hybrids, and Elite Lines for Resistance to a New Virulent Pathotype (P6) of Peronosclerospora sorghi Causing Downy Mildew; Simple sequence repeat markers useful for sorghum downy mildew (Peronosclerospora sorghi) and related species.",1,
onegen_0347,2026-07-14,"Wiltse CC (1998) A survey of anthracnose resistant sorghum germplasm lines to identify additional resistance genes. M.S. Dissertation, Texas A&M University, College Station, TX","Wiltse CC (1998) A survey of anthracnose resistant sorghum germplasm lines to identify additional resistance genes. M.S. Dissertation, Texas A&M University, College Station, TX",,,,,2026-07-14,,,,,,,,,,Literature context,prombib_031,"Molecular mapping of Cg1, a gene for resistance to anthracnose (Colletotrichum sublineolum) in sorghum",1,
onegen_0348,2026-07-14,Windborne spread of ergot disease ( Claviceps africana ) in sorghum A‐lines in Zimbabwe,Windborne spread of ergot disease ( Claviceps africana ) in sorghum A‐lines in Zimbabwe,10.1111/j.1365-3059.1993.tb01514.x,,,,2026-07-14,,,,,,,,,,Literature context,prombib_019; prombib_028; prombib_030,"Disease Severity and Susceptibility of Sorghum [Sorghum bicolor (L.) Moench.] to Infection by Claviceps africana Frederickson, Mantle and de Milliano in Mexico and the United States of America; Leaf-footed Bug, Leptoglossus phyllopus (Hemiptera: Coreidae), as a Potential Vector of Sorghum Fungal Pathogens; Survival of Claviceps africana Within Sorghum Panicles at Several Texas Locations.",1,
