Normalized accession or line ID,Reported label(s),Repeated identification pattern,Number of qualifying independent screens,Diseases represented,Disease repeated in more than one screen,Source citations,Source links
ETSL 100016,ETSL 100016; ETSL_100016,Different diseases only,2,anthracnose; head smut,No disease repeated,Birhanu et al. (2024). Exploring the genetic basis of anthracnose resistance in Ethiopian sorghum through a genome-wide association study. BMC Genomics 25:677. https://doi.org/10.1186/s12864-024-10545-2; Girma et al. (2019). A Large-Scale Genome-Wide Association Analyses of Ethiopian Sorghum Landrace Collection Reveal Loci Associated With Important Traits. Frontiers in Plant Science 10:691. https://doi.org/10.3389/fpls.2019.00691,https://doi.org/10.1186/s12864-024-10545-2; https://doi.org/10.3389/fpls.2019.00691
ETSL 100063,ETSL 100063; ETSL_100063,Different diseases only,2,anthracnose; head smut,No disease repeated,Birhanu et al. (2024). Exploring the genetic basis of anthracnose resistance in Ethiopian sorghum through a genome-wide association study. BMC Genomics 25:677. https://doi.org/10.1186/s12864-024-10545-2; Girma et al. (2019). A Large-Scale Genome-Wide Association Analyses of Ethiopian Sorghum Landrace Collection Reveal Loci Associated With Important Traits. Frontiers in Plant Science 10:691. https://doi.org/10.3389/fpls.2019.00691,https://doi.org/10.1186/s12864-024-10545-2; https://doi.org/10.3389/fpls.2019.00691
ETSL 100064,ETSL 100064; ETSL_100064,Different diseases only,2,anthracnose; head smut,No disease repeated,Birhanu et al. (2024). Exploring the genetic basis of anthracnose resistance in Ethiopian sorghum through a genome-wide association study. BMC Genomics 25:677. https://doi.org/10.1186/s12864-024-10545-2; Girma et al. (2019). A Large-Scale Genome-Wide Association Analyses of Ethiopian Sorghum Landrace Collection Reveal Loci Associated With Important Traits. Frontiers in Plant Science 10:691. https://doi.org/10.3389/fpls.2019.00691,https://doi.org/10.1186/s12864-024-10545-2; https://doi.org/10.3389/fpls.2019.00691
ETSL 100169,ETSL 100169; ETSL_100169,Different diseases only,2,anthracnose; head smut,No disease repeated,Birhanu et al. (2024). Exploring the genetic basis of anthracnose resistance in Ethiopian sorghum through a genome-wide association study. BMC Genomics 25:677. https://doi.org/10.1186/s12864-024-10545-2; Girma et al. (2019). A Large-Scale Genome-Wide Association Analyses of Ethiopian Sorghum Landrace Collection Reveal Loci Associated With Important Traits. Frontiers in Plant Science 10:691. https://doi.org/10.3389/fpls.2019.00691,https://doi.org/10.1186/s12864-024-10545-2; https://doi.org/10.3389/fpls.2019.00691
ETSL 100246,ETSL 100246; ETSL_100246,Different diseases only,2,anthracnose; head smut,No disease repeated,Birhanu et al. (2024). Exploring the genetic basis of anthracnose resistance in Ethiopian sorghum through a genome-wide association study. BMC Genomics 25:677. https://doi.org/10.1186/s12864-024-10545-2; Girma et al. (2019). A Large-Scale Genome-Wide Association Analyses of Ethiopian Sorghum Landrace Collection Reveal Loci Associated With Important Traits. Frontiers in Plant Science 10:691. https://doi.org/10.3389/fpls.2019.00691,https://doi.org/10.1186/s12864-024-10545-2; https://doi.org/10.3389/fpls.2019.00691
ETSL 100249,ETSL 100249; ETSL_100249,Different diseases only,2,anthracnose; head smut,No disease repeated,Birhanu et al. (2024). Exploring the genetic basis of anthracnose resistance in Ethiopian sorghum through a genome-wide association study. BMC Genomics 25:677. https://doi.org/10.1186/s12864-024-10545-2; Girma et al. (2019). A Large-Scale Genome-Wide Association Analyses of Ethiopian Sorghum Landrace Collection Reveal Loci Associated With Important Traits. Frontiers in Plant Science 10:691. https://doi.org/10.3389/fpls.2019.00691,https://doi.org/10.1186/s12864-024-10545-2; https://doi.org/10.3389/fpls.2019.00691
ETSL 100252,ETSL 100252,Different diseases only,2,anthracnose; head smut,No disease repeated,Aragaw and Terefe (2024). Response of sorghum genotypes to anthracnose (Colletotrichum sublineolum) resistance under field conditions in eastern Ethiopia. PLOS ONE 19:e0316016. https://doi.org/10.1371/journal.pone.0316016; Girma et al. (2019). A Large-Scale Genome-Wide Association Analyses of Ethiopian Sorghum Landrace Collection Reveal Loci Associated With Important Traits. Frontiers in Plant Science 10:691. https://doi.org/10.3389/fpls.2019.00691,https://doi.org/10.1371/journal.pone.0316016; https://doi.org/10.3389/fpls.2019.00691
ETSL 100267,ETSL 100267; ETSL_100267,Different diseases only,2,anthracnose; head smut,No disease repeated,Birhanu et al. (2024). Exploring the genetic basis of anthracnose resistance in Ethiopian sorghum through a genome-wide association study. BMC Genomics 25:677. https://doi.org/10.1186/s12864-024-10545-2; Girma et al. (2019). A Large-Scale Genome-Wide Association Analyses of Ethiopian Sorghum Landrace Collection Reveal Loci Associated With Important Traits. Frontiers in Plant Science 10:691. https://doi.org/10.3389/fpls.2019.00691,https://doi.org/10.1186/s12864-024-10545-2; https://doi.org/10.3389/fpls.2019.00691
ETSL 100309,ETSL 100309,Different diseases only,2,anthracnose; head smut,No disease repeated,Aragaw and Terefe (2024). Response of sorghum genotypes to anthracnose (Colletotrichum sublineolum) resistance under field conditions in eastern Ethiopia. PLOS ONE 19:e0316016. https://doi.org/10.1371/journal.pone.0316016; Girma et al. (2019). A Large-Scale Genome-Wide Association Analyses of Ethiopian Sorghum Landrace Collection Reveal Loci Associated With Important Traits. Frontiers in Plant Science 10:691. https://doi.org/10.3389/fpls.2019.00691,https://doi.org/10.1371/journal.pone.0316016; https://doi.org/10.3389/fpls.2019.00691
ETSL 100438,ETSL 100438; ETSL_100438,Different diseases only,2,anthracnose; head smut,No disease repeated,Birhanu et al. (2024). Exploring the genetic basis of anthracnose resistance in Ethiopian sorghum through a genome-wide association study. BMC Genomics 25:677. https://doi.org/10.1186/s12864-024-10545-2; Girma et al. (2019). A Large-Scale Genome-Wide Association Analyses of Ethiopian Sorghum Landrace Collection Reveal Loci Associated With Important Traits. Frontiers in Plant Science 10:691. https://doi.org/10.3389/fpls.2019.00691,https://doi.org/10.1186/s12864-024-10545-2; https://doi.org/10.3389/fpls.2019.00691
ETSL 100450,ETSL 100450; ETSL_100450,Different diseases only,2,anthracnose; head smut,No disease repeated,Birhanu et al. (2024). Exploring the genetic basis of anthracnose resistance in Ethiopian sorghum through a genome-wide association study. BMC Genomics 25:677. https://doi.org/10.1186/s12864-024-10545-2; Girma et al. (2019). A Large-Scale Genome-Wide Association Analyses of Ethiopian Sorghum Landrace Collection Reveal Loci Associated With Important Traits. Frontiers in Plant Science 10:691. https://doi.org/10.3389/fpls.2019.00691,https://doi.org/10.1186/s12864-024-10545-2; https://doi.org/10.3389/fpls.2019.00691
ETSL 100498,ETSL 100498,Different diseases only,2,anthracnose; head smut,No disease repeated,Aragaw and Terefe (2024). Response of sorghum genotypes to anthracnose (Colletotrichum sublineolum) resistance under field conditions in eastern Ethiopia. PLOS ONE 19:e0316016. https://doi.org/10.1371/journal.pone.0316016; Girma et al. (2019). A Large-Scale Genome-Wide Association Analyses of Ethiopian Sorghum Landrace Collection Reveal Loci Associated With Important Traits. Frontiers in Plant Science 10:691. https://doi.org/10.3389/fpls.2019.00691,https://doi.org/10.1371/journal.pone.0316016; https://doi.org/10.3389/fpls.2019.00691
ETSL 100502,ETSL 100502; ETSL_100502,Different diseases only,2,anthracnose; head smut,No disease repeated,Birhanu et al. (2024). Exploring the genetic basis of anthracnose resistance in Ethiopian sorghum through a genome-wide association study. BMC Genomics 25:677. https://doi.org/10.1186/s12864-024-10545-2; Girma et al. (2019). A Large-Scale Genome-Wide Association Analyses of Ethiopian Sorghum Landrace Collection Reveal Loci Associated With Important Traits. Frontiers in Plant Science 10:691. https://doi.org/10.3389/fpls.2019.00691,https://doi.org/10.1186/s12864-024-10545-2; https://doi.org/10.3389/fpls.2019.00691
ETSL 100523,ETSL 100523,Different diseases only,2,anthracnose; head smut,No disease repeated,Aragaw and Terefe (2024). Response of sorghum genotypes to anthracnose (Colletotrichum sublineolum) resistance under field conditions in eastern Ethiopia. PLOS ONE 19:e0316016. https://doi.org/10.1371/journal.pone.0316016; Girma et al. (2019). A Large-Scale Genome-Wide Association Analyses of Ethiopian Sorghum Landrace Collection Reveal Loci Associated With Important Traits. Frontiers in Plant Science 10:691. https://doi.org/10.3389/fpls.2019.00691,https://doi.org/10.1371/journal.pone.0316016; https://doi.org/10.3389/fpls.2019.00691
ETSL 100565,ETSL 100565; ETSL_100565,Different diseases only,2,anthracnose; head smut,No disease repeated,Birhanu et al. (2024). Exploring the genetic basis of anthracnose resistance in Ethiopian sorghum through a genome-wide association study. BMC Genomics 25:677. https://doi.org/10.1186/s12864-024-10545-2; Girma et al. (2019). A Large-Scale Genome-Wide Association Analyses of Ethiopian Sorghum Landrace Collection Reveal Loci Associated With Important Traits. Frontiers in Plant Science 10:691. https://doi.org/10.3389/fpls.2019.00691,https://doi.org/10.1186/s12864-024-10545-2; https://doi.org/10.3389/fpls.2019.00691
ETSL 100579,ETSL 100579,Different diseases only,2,anthracnose; head smut,No disease repeated,Aragaw and Terefe (2024). Response of sorghum genotypes to anthracnose (Colletotrichum sublineolum) resistance under field conditions in eastern Ethiopia. PLOS ONE 19:e0316016. https://doi.org/10.1371/journal.pone.0316016; Girma et al. (2019). A Large-Scale Genome-Wide Association Analyses of Ethiopian Sorghum Landrace Collection Reveal Loci Associated With Important Traits. Frontiers in Plant Science 10:691. https://doi.org/10.3389/fpls.2019.00691,https://doi.org/10.1371/journal.pone.0316016; https://doi.org/10.3389/fpls.2019.00691
ETSL 100584,ETSL 100584; ETSL_100584,Different diseases only,2,anthracnose; head smut,No disease repeated,Birhanu et al. (2024). Exploring the genetic basis of anthracnose resistance in Ethiopian sorghum through a genome-wide association study. BMC Genomics 25:677. https://doi.org/10.1186/s12864-024-10545-2; Girma et al. (2019). A Large-Scale Genome-Wide Association Analyses of Ethiopian Sorghum Landrace Collection Reveal Loci Associated With Important Traits. Frontiers in Plant Science 10:691. https://doi.org/10.3389/fpls.2019.00691,https://doi.org/10.1186/s12864-024-10545-2; https://doi.org/10.3389/fpls.2019.00691
ETSL 100597,ETSL 100597,Different diseases only,2,anthracnose; head smut,No disease repeated,Aragaw and Terefe (2024). Response of sorghum genotypes to anthracnose (Colletotrichum sublineolum) resistance under field conditions in eastern Ethiopia. PLOS ONE 19:e0316016. https://doi.org/10.1371/journal.pone.0316016; Girma et al. (2019). A Large-Scale Genome-Wide Association Analyses of Ethiopian Sorghum Landrace Collection Reveal Loci Associated With Important Traits. Frontiers in Plant Science 10:691. https://doi.org/10.3389/fpls.2019.00691,https://doi.org/10.1371/journal.pone.0316016; https://doi.org/10.3389/fpls.2019.00691
ETSL 100619,ETSL 100619; ETSL_100619,Different diseases only,2,anthracnose; head smut,No disease repeated,Birhanu et al. (2024). Exploring the genetic basis of anthracnose resistance in Ethiopian sorghum through a genome-wide association study. BMC Genomics 25:677. https://doi.org/10.1186/s12864-024-10545-2; Girma et al. (2019). A Large-Scale Genome-Wide Association Analyses of Ethiopian Sorghum Landrace Collection Reveal Loci Associated With Important Traits. Frontiers in Plant Science 10:691. https://doi.org/10.3389/fpls.2019.00691,https://doi.org/10.1186/s12864-024-10545-2; https://doi.org/10.3389/fpls.2019.00691
ETSL 100702,ETSL 100702; ETSL_100702,Different diseases only,2,anthracnose; head smut,No disease repeated,Birhanu et al. (2024). Exploring the genetic basis of anthracnose resistance in Ethiopian sorghum through a genome-wide association study. BMC Genomics 25:677. https://doi.org/10.1186/s12864-024-10545-2; Girma et al. (2019). A Large-Scale Genome-Wide Association Analyses of Ethiopian Sorghum Landrace Collection Reveal Loci Associated With Important Traits. Frontiers in Plant Science 10:691. https://doi.org/10.3389/fpls.2019.00691,https://doi.org/10.1186/s12864-024-10545-2; https://doi.org/10.3389/fpls.2019.00691
ETSL 100709,ETSL 100709,Different diseases only,2,anthracnose; head smut,No disease repeated,Aragaw and Terefe (2024). Response of sorghum genotypes to anthracnose (Colletotrichum sublineolum) resistance under field conditions in eastern Ethiopia. PLOS ONE 19:e0316016. https://doi.org/10.1371/journal.pone.0316016; Girma et al. (2019). A Large-Scale Genome-Wide Association Analyses of Ethiopian Sorghum Landrace Collection Reveal Loci Associated With Important Traits. Frontiers in Plant Science 10:691. https://doi.org/10.3389/fpls.2019.00691,https://doi.org/10.1371/journal.pone.0316016; https://doi.org/10.3389/fpls.2019.00691
ETSL 100763,ETSL 100763; ETSL_100763,Different diseases only,2,anthracnose; head smut,No disease repeated,Birhanu et al. (2024). Exploring the genetic basis of anthracnose resistance in Ethiopian sorghum through a genome-wide association study. BMC Genomics 25:677. https://doi.org/10.1186/s12864-024-10545-2; Girma et al. (2019). A Large-Scale Genome-Wide Association Analyses of Ethiopian Sorghum Landrace Collection Reveal Loci Associated With Important Traits. Frontiers in Plant Science 10:691. https://doi.org/10.3389/fpls.2019.00691,https://doi.org/10.1186/s12864-024-10545-2; https://doi.org/10.3389/fpls.2019.00691
ETSL 100797,ETSL 100797; ETSL_100797,Different diseases only,2,anthracnose; head smut,No disease repeated,Birhanu et al. (2024). Exploring the genetic basis of anthracnose resistance in Ethiopian sorghum through a genome-wide association study. BMC Genomics 25:677. https://doi.org/10.1186/s12864-024-10545-2; Girma et al. (2019). A Large-Scale Genome-Wide Association Analyses of Ethiopian Sorghum Landrace Collection Reveal Loci Associated With Important Traits. Frontiers in Plant Science 10:691. https://doi.org/10.3389/fpls.2019.00691,https://doi.org/10.1186/s12864-024-10545-2; https://doi.org/10.3389/fpls.2019.00691
ETSL 100798,ETSL 100798; ETSL_100798,Different diseases only,2,anthracnose; head smut,No disease repeated,Birhanu et al. (2024). Exploring the genetic basis of anthracnose resistance in Ethiopian sorghum through a genome-wide association study. BMC Genomics 25:677. https://doi.org/10.1186/s12864-024-10545-2; Girma et al. (2019). A Large-Scale Genome-Wide Association Analyses of Ethiopian Sorghum Landrace Collection Reveal Loci Associated With Important Traits. Frontiers in Plant Science 10:691. https://doi.org/10.3389/fpls.2019.00691,https://doi.org/10.1186/s12864-024-10545-2; https://doi.org/10.3389/fpls.2019.00691
ETSL 100876,ETSL 100876; ETSL_100876,Different diseases only,2,anthracnose; head smut,No disease repeated,Birhanu et al. (2024). Exploring the genetic basis of anthracnose resistance in Ethiopian sorghum through a genome-wide association study. BMC Genomics 25:677. https://doi.org/10.1186/s12864-024-10545-2; Girma et al. (2019). A Large-Scale Genome-Wide Association Analyses of Ethiopian Sorghum Landrace Collection Reveal Loci Associated With Important Traits. Frontiers in Plant Science 10:691. https://doi.org/10.3389/fpls.2019.00691,https://doi.org/10.1186/s12864-024-10545-2; https://doi.org/10.3389/fpls.2019.00691
ETSL 100928,ETSL 100928; ETSL_100928,Different diseases only,2,anthracnose; head smut,No disease repeated,Birhanu et al. (2024). Exploring the genetic basis of anthracnose resistance in Ethiopian sorghum through a genome-wide association study. BMC Genomics 25:677. https://doi.org/10.1186/s12864-024-10545-2; Girma et al. (2019). A Large-Scale Genome-Wide Association Analyses of Ethiopian Sorghum Landrace Collection Reveal Loci Associated With Important Traits. Frontiers in Plant Science 10:691. https://doi.org/10.3389/fpls.2019.00691,https://doi.org/10.1186/s12864-024-10545-2; https://doi.org/10.3389/fpls.2019.00691
ETSL 100978,ETSL 100978; ETSL_100978,Different diseases only,2,anthracnose; head smut,No disease repeated,Birhanu et al. (2024). Exploring the genetic basis of anthracnose resistance in Ethiopian sorghum through a genome-wide association study. BMC Genomics 25:677. https://doi.org/10.1186/s12864-024-10545-2; Girma et al. (2019). A Large-Scale Genome-Wide Association Analyses of Ethiopian Sorghum Landrace Collection Reveal Loci Associated With Important Traits. Frontiers in Plant Science 10:691. https://doi.org/10.3389/fpls.2019.00691,https://doi.org/10.1186/s12864-024-10545-2; https://doi.org/10.3389/fpls.2019.00691
ETSL 100989,ETSL 100989,Different diseases only,2,anthracnose; head smut,No disease repeated,Aragaw and Terefe (2024). Response of sorghum genotypes to anthracnose (Colletotrichum sublineolum) resistance under field conditions in eastern Ethiopia. PLOS ONE 19:e0316016. https://doi.org/10.1371/journal.pone.0316016; Girma et al. (2019). A Large-Scale Genome-Wide Association Analyses of Ethiopian Sorghum Landrace Collection Reveal Loci Associated With Important Traits. Frontiers in Plant Science 10:691. https://doi.org/10.3389/fpls.2019.00691,https://doi.org/10.1371/journal.pone.0316016; https://doi.org/10.3389/fpls.2019.00691
ETSL 101000,ETSL 101000,Different diseases only,2,anthracnose; head smut,No disease repeated,Aragaw and Terefe (2024). Response of sorghum genotypes to anthracnose (Colletotrichum sublineolum) resistance under field conditions in eastern Ethiopia. PLOS ONE 19:e0316016. https://doi.org/10.1371/journal.pone.0316016; Girma et al. (2019). A Large-Scale Genome-Wide Association Analyses of Ethiopian Sorghum Landrace Collection Reveal Loci Associated With Important Traits. Frontiers in Plant Science 10:691. https://doi.org/10.3389/fpls.2019.00691,https://doi.org/10.1371/journal.pone.0316016; https://doi.org/10.3389/fpls.2019.00691
ETSL 101008,ETSL 101008,Different diseases only,2,anthracnose; head smut,No disease repeated,Aragaw and Terefe (2024). Response of sorghum genotypes to anthracnose (Colletotrichum sublineolum) resistance under field conditions in eastern Ethiopia. PLOS ONE 19:e0316016. https://doi.org/10.1371/journal.pone.0316016; Girma et al. (2019). A Large-Scale Genome-Wide Association Analyses of Ethiopian Sorghum Landrace Collection Reveal Loci Associated With Important Traits. Frontiers in Plant Science 10:691. https://doi.org/10.3389/fpls.2019.00691,https://doi.org/10.1371/journal.pone.0316016; https://doi.org/10.3389/fpls.2019.00691
ETSL 101029,ETSL 101029; ETSL_101029,Different diseases only,2,anthracnose; head smut,No disease repeated,Birhanu et al. (2024). Exploring the genetic basis of anthracnose resistance in Ethiopian sorghum through a genome-wide association study. BMC Genomics 25:677. https://doi.org/10.1186/s12864-024-10545-2; Girma et al. (2019). A Large-Scale Genome-Wide Association Analyses of Ethiopian Sorghum Landrace Collection Reveal Loci Associated With Important Traits. Frontiers in Plant Science 10:691. https://doi.org/10.3389/fpls.2019.00691,https://doi.org/10.1186/s12864-024-10545-2; https://doi.org/10.3389/fpls.2019.00691
ETSL 101038,ETSL 101038,Different diseases only,2,anthracnose; head smut,No disease repeated,Aragaw and Terefe (2024). Response of sorghum genotypes to anthracnose (Colletotrichum sublineolum) resistance under field conditions in eastern Ethiopia. PLOS ONE 19:e0316016. https://doi.org/10.1371/journal.pone.0316016; Girma et al. (2019). A Large-Scale Genome-Wide Association Analyses of Ethiopian Sorghum Landrace Collection Reveal Loci Associated With Important Traits. Frontiers in Plant Science 10:691. https://doi.org/10.3389/fpls.2019.00691,https://doi.org/10.1371/journal.pone.0316016; https://doi.org/10.3389/fpls.2019.00691
ETSL 101142,ETSL 101142; ETSL_101142,Different diseases only,2,anthracnose; head smut,No disease repeated,Birhanu et al. (2024). Exploring the genetic basis of anthracnose resistance in Ethiopian sorghum through a genome-wide association study. BMC Genomics 25:677. https://doi.org/10.1186/s12864-024-10545-2; Girma et al. (2019). A Large-Scale Genome-Wide Association Analyses of Ethiopian Sorghum Landrace Collection Reveal Loci Associated With Important Traits. Frontiers in Plant Science 10:691. https://doi.org/10.3389/fpls.2019.00691,https://doi.org/10.1186/s12864-024-10545-2; https://doi.org/10.3389/fpls.2019.00691
ETSL 101160,ETSL 101160; ETSL_101160,Different diseases only,2,anthracnose; head smut,No disease repeated,Birhanu et al. (2024). Exploring the genetic basis of anthracnose resistance in Ethiopian sorghum through a genome-wide association study. BMC Genomics 25:677. https://doi.org/10.1186/s12864-024-10545-2; Girma et al. (2019). A Large-Scale Genome-Wide Association Analyses of Ethiopian Sorghum Landrace Collection Reveal Loci Associated With Important Traits. Frontiers in Plant Science 10:691. https://doi.org/10.3389/fpls.2019.00691,https://doi.org/10.1186/s12864-024-10545-2; https://doi.org/10.3389/fpls.2019.00691
ETSL 101163,ETSL 101163; ETSL_101163,Different diseases only,2,anthracnose; head smut,No disease repeated,Birhanu et al. (2024). Exploring the genetic basis of anthracnose resistance in Ethiopian sorghum through a genome-wide association study. BMC Genomics 25:677. https://doi.org/10.1186/s12864-024-10545-2; Girma et al. (2019). A Large-Scale Genome-Wide Association Analyses of Ethiopian Sorghum Landrace Collection Reveal Loci Associated With Important Traits. Frontiers in Plant Science 10:691. https://doi.org/10.3389/fpls.2019.00691,https://doi.org/10.1186/s12864-024-10545-2; https://doi.org/10.3389/fpls.2019.00691
ETSL 101224,ETSL 101224; ETSL_101224,Different diseases only,2,anthracnose; head smut,No disease repeated,Birhanu et al. (2024). Exploring the genetic basis of anthracnose resistance in Ethiopian sorghum through a genome-wide association study. BMC Genomics 25:677. https://doi.org/10.1186/s12864-024-10545-2; Girma et al. (2019). A Large-Scale Genome-Wide Association Analyses of Ethiopian Sorghum Landrace Collection Reveal Loci Associated With Important Traits. Frontiers in Plant Science 10:691. https://doi.org/10.3389/fpls.2019.00691,https://doi.org/10.1186/s12864-024-10545-2; https://doi.org/10.3389/fpls.2019.00691
ETSL 101246,ETSL 101246; ETSL_101246,Different diseases only,2,anthracnose; head smut,No disease repeated,Birhanu et al. (2024). Exploring the genetic basis of anthracnose resistance in Ethiopian sorghum through a genome-wide association study. BMC Genomics 25:677. https://doi.org/10.1186/s12864-024-10545-2; Girma et al. (2019). A Large-Scale Genome-Wide Association Analyses of Ethiopian Sorghum Landrace Collection Reveal Loci Associated With Important Traits. Frontiers in Plant Science 10:691. https://doi.org/10.3389/fpls.2019.00691,https://doi.org/10.1186/s12864-024-10545-2; https://doi.org/10.3389/fpls.2019.00691
ETSL 101389,ETSL 101389; ETSL_101389,Different diseases only,2,anthracnose; head smut,No disease repeated,Birhanu et al. (2024). Exploring the genetic basis of anthracnose resistance in Ethiopian sorghum through a genome-wide association study. BMC Genomics 25:677. https://doi.org/10.1186/s12864-024-10545-2; Girma et al. (2019). A Large-Scale Genome-Wide Association Analyses of Ethiopian Sorghum Landrace Collection Reveal Loci Associated With Important Traits. Frontiers in Plant Science 10:691. https://doi.org/10.3389/fpls.2019.00691,https://doi.org/10.1186/s12864-024-10545-2; https://doi.org/10.3389/fpls.2019.00691
ETSL 101408,ETSL 101408; ETSL_101408,Different diseases only,2,anthracnose; head smut,No disease repeated,Birhanu et al. (2024). Exploring the genetic basis of anthracnose resistance in Ethiopian sorghum through a genome-wide association study. BMC Genomics 25:677. https://doi.org/10.1186/s12864-024-10545-2; Girma et al. (2019). A Large-Scale Genome-Wide Association Analyses of Ethiopian Sorghum Landrace Collection Reveal Loci Associated With Important Traits. Frontiers in Plant Science 10:691. https://doi.org/10.3389/fpls.2019.00691,https://doi.org/10.1186/s12864-024-10545-2; https://doi.org/10.3389/fpls.2019.00691
ETSL 101470,ETSL 101470,Different diseases only,2,anthracnose; head smut,No disease repeated,Aragaw and Terefe (2024). Response of sorghum genotypes to anthracnose (Colletotrichum sublineolum) resistance under field conditions in eastern Ethiopia. PLOS ONE 19:e0316016. https://doi.org/10.1371/journal.pone.0316016; Girma et al. (2019). A Large-Scale Genome-Wide Association Analyses of Ethiopian Sorghum Landrace Collection Reveal Loci Associated With Important Traits. Frontiers in Plant Science 10:691. https://doi.org/10.3389/fpls.2019.00691,https://doi.org/10.1371/journal.pone.0316016; https://doi.org/10.3389/fpls.2019.00691
ETSL 101474,ETSL 101474,Different diseases only,2,anthracnose; head smut,No disease repeated,Aragaw and Terefe (2024). Response of sorghum genotypes to anthracnose (Colletotrichum sublineolum) resistance under field conditions in eastern Ethiopia. PLOS ONE 19:e0316016. https://doi.org/10.1371/journal.pone.0316016; Girma et al. (2019). A Large-Scale Genome-Wide Association Analyses of Ethiopian Sorghum Landrace Collection Reveal Loci Associated With Important Traits. Frontiers in Plant Science 10:691. https://doi.org/10.3389/fpls.2019.00691,https://doi.org/10.1371/journal.pone.0316016; https://doi.org/10.3389/fpls.2019.00691
ETSL 101523,ETSL 101523,Different diseases only,2,anthracnose; head smut,No disease repeated,Aragaw and Terefe (2024). Response of sorghum genotypes to anthracnose (Colletotrichum sublineolum) resistance under field conditions in eastern Ethiopia. PLOS ONE 19:e0316016. https://doi.org/10.1371/journal.pone.0316016; Girma et al. (2019). A Large-Scale Genome-Wide Association Analyses of Ethiopian Sorghum Landrace Collection Reveal Loci Associated With Important Traits. Frontiers in Plant Science 10:691. https://doi.org/10.3389/fpls.2019.00691,https://doi.org/10.1371/journal.pone.0316016; https://doi.org/10.3389/fpls.2019.00691
IS 38306,IS 38306; IS_38306,Different diseases only,2,anthracnose; head smut,No disease repeated,Birhanu et al. (2024). Exploring the genetic basis of anthracnose resistance in Ethiopian sorghum through a genome-wide association study. BMC Genomics 25:677. https://doi.org/10.1186/s12864-024-10545-2; Girma et al. (2019). A Large-Scale Genome-Wide Association Analyses of Ethiopian Sorghum Landrace Collection Reveal Loci Associated With Important Traits. Frontiers in Plant Science 10:691. https://doi.org/10.3389/fpls.2019.00691,https://doi.org/10.1186/s12864-024-10545-2; https://doi.org/10.3389/fpls.2019.00691
PI 148101,PI148101,Different diseases only,2,rust; zonate leaf spot,No disease repeated,"Prom et al. (2022). Response of Sorghum Accessions from Three African Countries to Anthracnose, Grain Mould and Rust. Plant Pathology Journal 21:12-23. https://doi.org/10.3923/ppj.2022.12.23; Prom and Isakeit (2022). Incidence of Zonate Leaf Spot on Sorghum Accessions Under Disease-Conducive Growing Conditions Burleson County, Texas. Journal of Agriculture and Crops 8:35-38. https://doi.org/10.32861/jac.81.35.38",https://doi.org/10.3923/ppj.2022.12.23; https://doi.org/10.32861/jac.81.35.38
PI 330255,PI330255,Different diseases only,2,anthracnose; zonate leaf spot,No disease repeated,"Prom et al. (2022). Response of Sorghum Accessions from Three African Countries to Anthracnose, Grain Mould and Rust. Plant Pathology Journal 21:12-23. https://doi.org/10.3923/ppj.2022.12.23; Prom and Isakeit (2022). Incidence of Zonate Leaf Spot on Sorghum Accessions Under Disease-Conducive Growing Conditions Burleson County, Texas. Journal of Agriculture and Crops 8:35-38. https://doi.org/10.32861/jac.81.35.38",https://doi.org/10.3923/ppj.2022.12.23; https://doi.org/10.32861/jac.81.35.38
PI 514338,PI514338; PI_514338,Different diseases only,2,anthracnose; grain mold,No disease repeated,Cuevas et al. (2018). Population structure of the NPGS Senegalese sorghum collection and its evaluation to identify new disease resistant genes. PLOS ONE 13:e0191877. https://doi.org/10.1371/journal.pone.0191877; Ahn et al. (2022). Genome-wide association study of Senegalese sorghum seedlings responding to a Texas isolate of Colletotrichum sublineola. Scientific Reports 12:13025. https://doi.org/10.1038/s41598-022-16844-6,https://doi.org/10.1371/journal.pone.0191877; https://doi.org/10.1038/s41598-022-16844-6
PI 514367,PI514367,Different diseases only,2,anthracnose; head smut seedling spot,No disease repeated,Ahn et al. (2022). A Genome-Wide Association Study of Senegalese Sorghum Seedlings Responding to Pathotype 5 of Sporisorium reilianum. Plants 11:2999. https://doi.org/10.3390/plants11212999; Ahn et al. (2022). Genome-wide association study of Senegalese sorghum seedlings responding to a Texas isolate of Colletotrichum sublineola. Scientific Reports 12:13025. https://doi.org/10.1038/s41598-022-16844-6,https://doi.org/10.3390/plants11212999; https://doi.org/10.1038/s41598-022-16844-6
PI 514380,PI514380; PI_514380,Different diseases only,2,anthracnose; grain mold,No disease repeated,Cuevas et al. (2018). Population structure of the NPGS Senegalese sorghum collection and its evaluation to identify new disease resistant genes. PLOS ONE 13:e0191877. https://doi.org/10.1371/journal.pone.0191877; Ahn et al. (2022). Genome-wide association study of Senegalese sorghum seedlings responding to a Texas isolate of Colletotrichum sublineola. Scientific Reports 12:13025. https://doi.org/10.1038/s41598-022-16844-6,https://doi.org/10.1371/journal.pone.0191877; https://doi.org/10.1038/s41598-022-16844-6
PI 514390,PI514390,Different diseases only,2,anthracnose; head smut seedling spot,No disease repeated,Ahn et al. (2022). A Genome-Wide Association Study of Senegalese Sorghum Seedlings Responding to Pathotype 5 of Sporisorium reilianum. Plants 11:2999. https://doi.org/10.3390/plants11212999; Ahn et al. (2022). Genome-wide association study of Senegalese sorghum seedlings responding to a Texas isolate of Colletotrichum sublineola. Scientific Reports 12:13025. https://doi.org/10.1038/s41598-022-16844-6,https://doi.org/10.3390/plants11212999; https://doi.org/10.1038/s41598-022-16844-6
PI 514391,PI514391; PI_514391,Different diseases only,2,anthracnose; grain mold,No disease repeated,Cuevas et al. (2018). Population structure of the NPGS Senegalese sorghum collection and its evaluation to identify new disease resistant genes. PLOS ONE 13:e0191877. https://doi.org/10.1371/journal.pone.0191877; Ahn et al. (2022). Genome-wide association study of Senegalese sorghum seedlings responding to a Texas isolate of Colletotrichum sublineola. Scientific Reports 12:13025. https://doi.org/10.1038/s41598-022-16844-6,https://doi.org/10.1371/journal.pone.0191877; https://doi.org/10.1038/s41598-022-16844-6
PI 514417,PI514417,Different diseases only,2,anthracnose; head smut seedling spot,No disease repeated,Ahn et al. (2022). A Genome-Wide Association Study of Senegalese Sorghum Seedlings Responding to Pathotype 5 of Sporisorium reilianum. Plants 11:2999. https://doi.org/10.3390/plants11212999; Ahn et al. (2022). Genome-wide association study of Senegalese sorghum seedlings responding to a Texas isolate of Colletotrichum sublineola. Scientific Reports 12:13025. https://doi.org/10.1038/s41598-022-16844-6,https://doi.org/10.3390/plants11212999; https://doi.org/10.1038/s41598-022-16844-6
PI 514420,PI514420; PI_514420,Different diseases only,2,anthracnose; grain mold,No disease repeated,Cuevas et al. (2018). Population structure of the NPGS Senegalese sorghum collection and its evaluation to identify new disease resistant genes. PLOS ONE 13:e0191877. https://doi.org/10.1371/journal.pone.0191877; Ahn et al. (2022). Genome-wide association study of Senegalese sorghum seedlings responding to a Texas isolate of Colletotrichum sublineola. Scientific Reports 12:13025. https://doi.org/10.1038/s41598-022-16844-6,https://doi.org/10.1371/journal.pone.0191877; https://doi.org/10.1038/s41598-022-16844-6
PI 514430,PI514430,Different diseases only,2,anthracnose; head smut seedling spot,No disease repeated,Ahn et al. (2022). A Genome-Wide Association Study of Senegalese Sorghum Seedlings Responding to Pathotype 5 of Sporisorium reilianum. Plants 11:2999. https://doi.org/10.3390/plants11212999; Ahn et al. (2022). Genome-wide association study of Senegalese sorghum seedlings responding to a Texas isolate of Colletotrichum sublineola. Scientific Reports 12:13025. https://doi.org/10.1038/s41598-022-16844-6,https://doi.org/10.3390/plants11212999; https://doi.org/10.1038/s41598-022-16844-6
PI 514456,PI514456; PI_514456,Different diseases only,2,anthracnose; grain mold,No disease repeated,Cuevas et al. (2018). Population structure of the NPGS Senegalese sorghum collection and its evaluation to identify new disease resistant genes. PLOS ONE 13:e0191877. https://doi.org/10.1371/journal.pone.0191877; Ahn et al. (2022). Genome-wide association study of Senegalese sorghum seedlings responding to a Texas isolate of Colletotrichum sublineola. Scientific Reports 12:13025. https://doi.org/10.1038/s41598-022-16844-6,https://doi.org/10.1371/journal.pone.0191877; https://doi.org/10.1038/s41598-022-16844-6
PI 514460,PI514460,Different diseases only,2,anthracnose; head smut seedling spot,No disease repeated,Ahn et al. (2022). A Genome-Wide Association Study of Senegalese Sorghum Seedlings Responding to Pathotype 5 of Sporisorium reilianum. Plants 11:2999. https://doi.org/10.3390/plants11212999; Ahn et al. (2022). Genome-wide association study of Senegalese sorghum seedlings responding to a Texas isolate of Colletotrichum sublineola. Scientific Reports 12:13025. https://doi.org/10.1038/s41598-022-16844-6,https://doi.org/10.3390/plants11212999; https://doi.org/10.1038/s41598-022-16844-6
PI 514462,PI514462,Different diseases only,2,anthracnose; head smut seedling spot,No disease repeated,Ahn et al. (2022). A Genome-Wide Association Study of Senegalese Sorghum Seedlings Responding to Pathotype 5 of Sporisorium reilianum. Plants 11:2999. https://doi.org/10.3390/plants11212999; Ahn et al. (2022). Genome-wide association study of Senegalese sorghum seedlings responding to a Texas isolate of Colletotrichum sublineola. Scientific Reports 12:13025. https://doi.org/10.1038/s41598-022-16844-6,https://doi.org/10.3390/plants11212999; https://doi.org/10.1038/s41598-022-16844-6
PI 514463,PI514463,Different diseases only,2,anthracnose; head smut seedling spot,No disease repeated,Ahn et al. (2022). A Genome-Wide Association Study of Senegalese Sorghum Seedlings Responding to Pathotype 5 of Sporisorium reilianum. Plants 11:2999. https://doi.org/10.3390/plants11212999; Ahn et al. (2022). Genome-wide association study of Senegalese sorghum seedlings responding to a Texas isolate of Colletotrichum sublineola. Scientific Reports 12:13025. https://doi.org/10.1038/s41598-022-16844-6,https://doi.org/10.3390/plants11212999; https://doi.org/10.1038/s41598-022-16844-6
PI 514464,PI514464,Different diseases only,2,anthracnose; head smut seedling spot,No disease repeated,Ahn et al. (2022). A Genome-Wide Association Study of Senegalese Sorghum Seedlings Responding to Pathotype 5 of Sporisorium reilianum. Plants 11:2999. https://doi.org/10.3390/plants11212999; Ahn et al. (2022). Genome-wide association study of Senegalese sorghum seedlings responding to a Texas isolate of Colletotrichum sublineola. Scientific Reports 12:13025. https://doi.org/10.1038/s41598-022-16844-6,https://doi.org/10.3390/plants11212999; https://doi.org/10.1038/s41598-022-16844-6
PI 514468,PI514468,Different diseases only,2,anthracnose; head smut seedling spot,No disease repeated,Ahn et al. (2022). A Genome-Wide Association Study of Senegalese Sorghum Seedlings Responding to Pathotype 5 of Sporisorium reilianum. Plants 11:2999. https://doi.org/10.3390/plants11212999; Ahn et al. (2022). Genome-wide association study of Senegalese sorghum seedlings responding to a Texas isolate of Colletotrichum sublineola. Scientific Reports 12:13025. https://doi.org/10.1038/s41598-022-16844-6,https://doi.org/10.3390/plants11212999; https://doi.org/10.1038/s41598-022-16844-6
PI 514469,PI514469,Different diseases only,2,anthracnose; head smut seedling spot,No disease repeated,Ahn et al. (2022). A Genome-Wide Association Study of Senegalese Sorghum Seedlings Responding to Pathotype 5 of Sporisorium reilianum. Plants 11:2999. https://doi.org/10.3390/plants11212999; Ahn et al. (2022). Genome-wide association study of Senegalese sorghum seedlings responding to a Texas isolate of Colletotrichum sublineola. Scientific Reports 12:13025. https://doi.org/10.1038/s41598-022-16844-6,https://doi.org/10.3390/plants11212999; https://doi.org/10.1038/s41598-022-16844-6
PI 514471,PI514471,Different diseases only,2,anthracnose; head smut seedling spot,No disease repeated,Ahn et al. (2022). A Genome-Wide Association Study of Senegalese Sorghum Seedlings Responding to Pathotype 5 of Sporisorium reilianum. Plants 11:2999. https://doi.org/10.3390/plants11212999; Ahn et al. (2022). Genome-wide association study of Senegalese sorghum seedlings responding to a Texas isolate of Colletotrichum sublineola. Scientific Reports 12:13025. https://doi.org/10.1038/s41598-022-16844-6,https://doi.org/10.3390/plants11212999; https://doi.org/10.1038/s41598-022-16844-6
PI 514475,PI514475,Different diseases only,2,anthracnose; head smut seedling spot,No disease repeated,Ahn et al. (2022). A Genome-Wide Association Study of Senegalese Sorghum Seedlings Responding to Pathotype 5 of Sporisorium reilianum. Plants 11:2999. https://doi.org/10.3390/plants11212999; Ahn et al. (2022). Genome-wide association study of Senegalese sorghum seedlings responding to a Texas isolate of Colletotrichum sublineola. Scientific Reports 12:13025. https://doi.org/10.1038/s41598-022-16844-6,https://doi.org/10.3390/plants11212999; https://doi.org/10.1038/s41598-022-16844-6
PI 533792,PI533792,Different diseases only,2,head smut p5; zonate leaf spot,No disease repeated,"Prom et al. (2021). Response of Sorghum Accessions against Newly Documented Pathotypes 5 and 6 of Head Smut Pathogen, Sporisorium reilianum. American Journal of Plant Sciences 12:432-443. https://doi.org/10.4236/ajps.2021.123028; Prom and Isakeit (2022). Incidence of Zonate Leaf Spot on Sorghum Accessions Under Disease-Conducive Growing Conditions Burleson County, Texas. Journal of Agriculture and Crops 8:35-38. https://doi.org/10.32861/jac.81.35.38",https://doi.org/10.4236/ajps.2021.123028; https://doi.org/10.32861/jac.81.35.38
PI 533821,PI 533821; PI533821,Different diseases only,2,anthracnose; head smut p5; head smut p6,No disease repeated,"Prom et al. (2021). Response of Sorghum Accessions against Newly Documented Pathotypes 5 and 6 of Head Smut Pathogen, Sporisorium reilianum. American Journal of Plant Sciences 12:432-443. https://doi.org/10.4236/ajps.2021.123028; Prom et al. (2019). GWAS analysis of sorghum association panel lines identifies SNPs associated with disease response to Texas isolates of Colletotrichum sublineola. Theoretical and Applied Genetics 132:1389-1396. https://doi.org/10.1007/s00122-019-03285-5",https://doi.org/10.4236/ajps.2021.123028; https://doi.org/10.1007/s00122-019-03285-5
PI 533869,PI 533869; PI533869,Different diseases only,2,anthracnose; head smut p5,No disease repeated,"Prom et al. (2021). Response of Sorghum Accessions against Newly Documented Pathotypes 5 and 6 of Head Smut Pathogen, Sporisorium reilianum. American Journal of Plant Sciences 12:432-443. https://doi.org/10.4236/ajps.2021.123028; Prom et al. (2019). GWAS analysis of sorghum association panel lines identifies SNPs associated with disease response to Texas isolates of Colletotrichum sublineola. Theoretical and Applied Genetics 132:1389-1396. https://doi.org/10.1007/s00122-019-03285-5",https://doi.org/10.4236/ajps.2021.123028; https://doi.org/10.1007/s00122-019-03285-5
PI 533871,PI 533871; PI533871,Different diseases only,2,anthracnose; grain mold,No disease repeated,"Prom et al. (2020). Genome-wide association study of grain mold resistance in sorghum association panel as affected by inoculation with Alternaria alternata alone and Alternaria alternata, Fusarium thapsinum, and Curvularia lunata combined. European Journal of Plant Pathology 157:783-798. https://doi.org/10.1007/s10658-020-02036-3; Prom et al. (2019). GWAS analysis of sorghum association panel lines identifies SNPs associated with disease response to Texas isolates of Colletotrichum sublineola. Theoretical and Applied Genetics 132:1389-1396. https://doi.org/10.1007/s00122-019-03285-5",https://doi.org/10.1007/s10658-020-02036-3; https://doi.org/10.1007/s00122-019-03285-5
PI 533919,PI 533919; PI533919,Different diseases only,2,anthracnose; head smut p5; head smut p6,No disease repeated,"Prom et al. (2021). Response of Sorghum Accessions against Newly Documented Pathotypes 5 and 6 of Head Smut Pathogen, Sporisorium reilianum. American Journal of Plant Sciences 12:432-443. https://doi.org/10.4236/ajps.2021.123028; Prom et al. (2019). GWAS analysis of sorghum association panel lines identifies SNPs associated with disease response to Texas isolates of Colletotrichum sublineola. Theoretical and Applied Genetics 132:1389-1396. https://doi.org/10.1007/s00122-019-03285-5",https://doi.org/10.4236/ajps.2021.123028; https://doi.org/10.1007/s00122-019-03285-5
PI 533927,PI 533927; PI533927,Different diseases only,2,anthracnose; head smut p5; head smut p6,No disease repeated,"Prom et al. (2021). Response of Sorghum Accessions against Newly Documented Pathotypes 5 and 6 of Head Smut Pathogen, Sporisorium reilianum. American Journal of Plant Sciences 12:432-443. https://doi.org/10.4236/ajps.2021.123028; Prom et al. (2019). GWAS analysis of sorghum association panel lines identifies SNPs associated with disease response to Texas isolates of Colletotrichum sublineola. Theoretical and Applied Genetics 132:1389-1396. https://doi.org/10.1007/s00122-019-03285-5",https://doi.org/10.4236/ajps.2021.123028; https://doi.org/10.1007/s00122-019-03285-5
PI 533965,PI 533965; PI533965,Different diseases only,2,anthracnose; head smut p6,No disease repeated,"Prom et al. (2021). Response of Sorghum Accessions against Newly Documented Pathotypes 5 and 6 of Head Smut Pathogen, Sporisorium reilianum. American Journal of Plant Sciences 12:432-443. https://doi.org/10.4236/ajps.2021.123028; Prom et al. (2019). GWAS analysis of sorghum association panel lines identifies SNPs associated with disease response to Texas isolates of Colletotrichum sublineola. Theoretical and Applied Genetics 132:1389-1396. https://doi.org/10.1007/s00122-019-03285-5",https://doi.org/10.4236/ajps.2021.123028; https://doi.org/10.1007/s00122-019-03285-5
PI 534145,PI 534145; PI534145; SC 91,Different diseases only,3,anthracnose; grain mold; head smut p5; head smut p6,No disease repeated,"Prom et al. (2017). Grain Biodeterioration of Sorghum Converted Lines Inoculated with a Mixture of Fusarium thapsinum and Curvularia lunata. Plant Pathology Journal 16:19-24. https://doi.org/10.3923/ppj.2017.19.24; Prom et al. (2021). Response of Sorghum Accessions against Newly Documented Pathotypes 5 and 6 of Head Smut Pathogen, Sporisorium reilianum. American Journal of Plant Sciences 12:432-443. https://doi.org/10.4236/ajps.2021.123028; Prom et al. (2019). GWAS analysis of sorghum association panel lines identifies SNPs associated with disease response to Texas isolates of Colletotrichum sublineola. Theoretical and Applied Genetics 132:1389-1396. https://doi.org/10.1007/s00122-019-03285-5",https://doi.org/10.3923/ppj.2017.19.24; https://doi.org/10.4236/ajps.2021.123028; https://doi.org/10.1007/s00122-019-03285-5
PI 534157,PI534157,Different diseases only,2,rust; zonate leaf spot,No disease repeated,"Prom et al. (2022). Response of Sorghum Accessions from Three African Countries to Anthracnose, Grain Mould and Rust. Plant Pathology Journal 21:12-23. https://doi.org/10.3923/ppj.2022.12.23; Prom and Isakeit (2022). Incidence of Zonate Leaf Spot on Sorghum Accessions Under Disease-Conducive Growing Conditions Burleson County, Texas. Journal of Agriculture and Crops 8:35-38. https://doi.org/10.32861/jac.81.35.38",https://doi.org/10.3923/ppj.2022.12.23; https://doi.org/10.32861/jac.81.35.38
PI 562941,PI562941,Different diseases only,2,anthracnose; rust,No disease repeated,"Cuevas and Prom (2020). Evaluation of genetic diversity, agronomic traits, and anthracnose resistance in the NPGS Sudan Sorghum Core collection. BMC Genomics 21:88. https://doi.org/10.1186/s12864-020-6489-0; Cuevas and Prom (2025). The NPGS Sudan sorghum germplasm collection reveals a novel cluster of R genes associated with rust resistant. The Plant Genome 18:e70113. https://doi.org/10.1002/tpg2.70113",https://doi.org/10.1186/s12864-020-6489-0; https://doi.org/10.1002/tpg2.70113
PI 568398,PI568398,Different diseases only,2,anthracnose; rust,No disease repeated,"Cuevas and Prom (2020). Evaluation of genetic diversity, agronomic traits, and anthracnose resistance in the NPGS Sudan Sorghum Core collection. BMC Genomics 21:88. https://doi.org/10.1186/s12864-020-6489-0; Cuevas and Prom (2025). The NPGS Sudan sorghum germplasm collection reveals a novel cluster of R genes associated with rust resistant. The Plant Genome 18:e70113. https://doi.org/10.1002/tpg2.70113",https://doi.org/10.1186/s12864-020-6489-0; https://doi.org/10.1002/tpg2.70113
PI 568557,PI568557,Different diseases only,2,anthracnose; rust,No disease repeated,"Cuevas and Prom (2020). Evaluation of genetic diversity, agronomic traits, and anthracnose resistance in the NPGS Sudan Sorghum Core collection. BMC Genomics 21:88. https://doi.org/10.1186/s12864-020-6489-0; Cuevas and Prom (2025). The NPGS Sudan sorghum germplasm collection reveals a novel cluster of R genes associated with rust resistant. The Plant Genome 18:e70113. https://doi.org/10.1002/tpg2.70113",https://doi.org/10.1186/s12864-020-6489-0; https://doi.org/10.1002/tpg2.70113
PI 568621,PI568621,Different diseases only,2,anthracnose; rust,No disease repeated,"Cuevas and Prom (2020). Evaluation of genetic diversity, agronomic traits, and anthracnose resistance in the NPGS Sudan Sorghum Core collection. BMC Genomics 21:88. https://doi.org/10.1186/s12864-020-6489-0; Cuevas and Prom (2025). The NPGS Sudan sorghum germplasm collection reveals a novel cluster of R genes associated with rust resistant. The Plant Genome 18:e70113. https://doi.org/10.1002/tpg2.70113",https://doi.org/10.1186/s12864-020-6489-0; https://doi.org/10.1002/tpg2.70113
PI 569993,PI569993,Different diseases only,2,anthracnose; rust,No disease repeated,"Cuevas and Prom (2020). Evaluation of genetic diversity, agronomic traits, and anthracnose resistance in the NPGS Sudan Sorghum Core collection. BMC Genomics 21:88. https://doi.org/10.1186/s12864-020-6489-0; Cuevas and Prom (2025). The NPGS Sudan sorghum germplasm collection reveals a novel cluster of R genes associated with rust resistant. The Plant Genome 18:e70113. https://doi.org/10.1002/tpg2.70113",https://doi.org/10.1186/s12864-020-6489-0; https://doi.org/10.1002/tpg2.70113
PI 570213,PI570213,Different diseases only,2,anthracnose; rust,No disease repeated,"Cuevas and Prom (2020). Evaluation of genetic diversity, agronomic traits, and anthracnose resistance in the NPGS Sudan Sorghum Core collection. BMC Genomics 21:88. https://doi.org/10.1186/s12864-020-6489-0; Cuevas and Prom (2025). The NPGS Sudan sorghum germplasm collection reveals a novel cluster of R genes associated with rust resistant. The Plant Genome 18:e70113. https://doi.org/10.1002/tpg2.70113",https://doi.org/10.1186/s12864-020-6489-0; https://doi.org/10.1002/tpg2.70113
PI 570548,PI570548,Different diseases only,2,anthracnose; rust,No disease repeated,"Cuevas and Prom (2020). Evaluation of genetic diversity, agronomic traits, and anthracnose resistance in the NPGS Sudan Sorghum Core collection. BMC Genomics 21:88. https://doi.org/10.1186/s12864-020-6489-0; Cuevas and Prom (2025). The NPGS Sudan sorghum germplasm collection reveals a novel cluster of R genes associated with rust resistant. The Plant Genome 18:e70113. https://doi.org/10.1002/tpg2.70113",https://doi.org/10.1186/s12864-020-6489-0; https://doi.org/10.1002/tpg2.70113
PI 570705,PI570705,Different diseases only,2,anthracnose; rust,No disease repeated,"Cuevas and Prom (2020). Evaluation of genetic diversity, agronomic traits, and anthracnose resistance in the NPGS Sudan Sorghum Core collection. BMC Genomics 21:88. https://doi.org/10.1186/s12864-020-6489-0; Cuevas and Prom (2025). The NPGS Sudan sorghum germplasm collection reveals a novel cluster of R genes associated with rust resistant. The Plant Genome 18:e70113. https://doi.org/10.1002/tpg2.70113",https://doi.org/10.1186/s12864-020-6489-0; https://doi.org/10.1002/tpg2.70113
PI 570708,PI570708,Different diseases only,2,anthracnose; rust,No disease repeated,"Cuevas and Prom (2020). Evaluation of genetic diversity, agronomic traits, and anthracnose resistance in the NPGS Sudan Sorghum Core collection. BMC Genomics 21:88. https://doi.org/10.1186/s12864-020-6489-0; Cuevas and Prom (2025). The NPGS Sudan sorghum germplasm collection reveals a novel cluster of R genes associated with rust resistant. The Plant Genome 18:e70113. https://doi.org/10.1002/tpg2.70113",https://doi.org/10.1186/s12864-020-6489-0; https://doi.org/10.1002/tpg2.70113
PI 570726,PI570726,Different diseases only,2,downy mildew; zonate leaf spot,No disease repeated,"Prom et al. (2016). Assessing the Vulnerability of Sorghum Converted Lines to Anthracnose and Downy Mildew Infection. Journal of Agriculture and Crops 2:101-106. https://econpapers.repec.org/article/arpjacarp/2016_3ap_3a101-106.htm; Prom and Isakeit (2022). Incidence of Zonate Leaf Spot on Sorghum Accessions Under Disease-Conducive Growing Conditions Burleson County, Texas. Journal of Agriculture and Crops 8:35-38. https://doi.org/10.32861/jac.81.35.38",https://econpapers.repec.org/article/arpjacarp/2016_3ap_3a101-106.htm; https://doi.org/10.32861/jac.81.35.38
PI 570841,PI570841,Different diseases only,2,grain mold; zonate leaf spot,No disease repeated,"Prom et al. (2026). Agronomic Traits of Sorghum Cultivars from the US and Senegal and Their Response to Grain Mold Infection. American Journal of Plant Sciences 17:302-319. https://doi.org/10.4236/ajps.2026.173020; Prom and Isakeit (2022). Incidence of Zonate Leaf Spot on Sorghum Accessions Under Disease-Conducive Growing Conditions Burleson County, Texas. Journal of Agriculture and Crops 8:35-38. https://doi.org/10.32861/jac.81.35.38",https://doi.org/10.4236/ajps.2026.173020; https://doi.org/10.32861/jac.81.35.38
PI 585814,PI 585814; PI585814,Different diseases only,2,anthracnose; grain mold,No disease repeated,Prom and Erpelding (2013). Evaluation of sorghum accessions from Ethiopia and Mali against Fusarium thapsinum. Journal of Tropical Agriculture 51:92-97. https://jtropag.kau.in/index.php/ojs2/article/view/286; Erpelding (2008). Field Evaluation of Anthracnose Resistance for Sorghum Germplasm from the Sikasso Region of Mali. The Open Agriculture Journal 2:113-120. https://doi.org/10.2174/1874331500802010113,https://jtropag.kau.in/index.php/ojs2/article/view/286; https://doi.org/10.2174/1874331500802010113
PI 609251,PI609251,Different diseases only,2,rust; zonate leaf spot,No disease repeated,"Prom et al. (2022). Response of Sorghum Accessions from Three African Countries to Anthracnose, Grain Mould and Rust. Plant Pathology Journal 21:12-23. https://doi.org/10.3923/ppj.2022.12.23; Prom and Isakeit (2022). Incidence of Zonate Leaf Spot on Sorghum Accessions Under Disease-Conducive Growing Conditions Burleson County, Texas. Journal of Agriculture and Crops 8:35-38. https://doi.org/10.32861/jac.81.35.38",https://doi.org/10.3923/ppj.2022.12.23; https://doi.org/10.32861/jac.81.35.38
PI 655990,PI 655990,Different diseases only,2,anthracnose; downy mildew,No disease repeated,Prom et al. (2019). GWAS analysis of sorghum association panel lines identifies SNPs associated with disease response to Texas isolates of Colletotrichum sublineola. Theoretical and Applied Genetics 132:1389-1396. https://doi.org/10.1007/s00122-019-03285-5; Kumi et al. (2019). New sources of sorghum resistant genotypes to downy mildew disease in Uganda. Biodiversitas 20:3391-3397. https://doi.org/10.13057/biodiv/d201136,https://doi.org/10.1007/s00122-019-03285-5; https://doi.org/10.13057/biodiv/d201136
PI 656010,PI656010; RTx2536 (PI656010),Different diseases only,2,anthracnose; head smut p5; head smut p6,No disease repeated,"Prom et al. (2022). Response of Sorghum Accessions from Three African Countries to Anthracnose, Grain Mould and Rust. Plant Pathology Journal 21:12-23. https://doi.org/10.3923/ppj.2022.12.23; Prom et al. (2021). Response of Sorghum Accessions against Newly Documented Pathotypes 5 and 6 of Head Smut Pathogen, Sporisorium reilianum. American Journal of Plant Sciences 12:432-443. https://doi.org/10.4236/ajps.2021.123028",https://doi.org/10.3923/ppj.2022.12.23; https://doi.org/10.4236/ajps.2021.123028
PI 656018,PI 656018; PI656018,Different diseases only,2,anthracnose; head smut p5,No disease repeated,"Prom et al. (2021). Response of Sorghum Accessions against Newly Documented Pathotypes 5 and 6 of Head Smut Pathogen, Sporisorium reilianum. American Journal of Plant Sciences 12:432-443. https://doi.org/10.4236/ajps.2021.123028; Prom et al. (2019). GWAS analysis of sorghum association panel lines identifies SNPs associated with disease response to Texas isolates of Colletotrichum sublineola. Theoretical and Applied Genetics 132:1389-1396. https://doi.org/10.1007/s00122-019-03285-5",https://doi.org/10.4236/ajps.2021.123028; https://doi.org/10.1007/s00122-019-03285-5
PI 656033,PI 656033; PI656033,Different diseases only,2,anthracnose; head smut p5,No disease repeated,"Prom et al. (2021). Response of Sorghum Accessions against Newly Documented Pathotypes 5 and 6 of Head Smut Pathogen, Sporisorium reilianum. American Journal of Plant Sciences 12:432-443. https://doi.org/10.4236/ajps.2021.123028; Prom et al. (2019). GWAS analysis of sorghum association panel lines identifies SNPs associated with disease response to Texas isolates of Colletotrichum sublineola. Theoretical and Applied Genetics 132:1389-1396. https://doi.org/10.1007/s00122-019-03285-5",https://doi.org/10.4236/ajps.2021.123028; https://doi.org/10.1007/s00122-019-03285-5
PI 656071,PI 656071; PI656071,Different diseases only,2,anthracnose; head smut p5; head smut p6,No disease repeated,"Prom et al. (2021). Response of Sorghum Accessions against Newly Documented Pathotypes 5 and 6 of Head Smut Pathogen, Sporisorium reilianum. American Journal of Plant Sciences 12:432-443. https://doi.org/10.4236/ajps.2021.123028; Prom et al. (2019). GWAS analysis of sorghum association panel lines identifies SNPs associated with disease response to Texas isolates of Colletotrichum sublineola. Theoretical and Applied Genetics 132:1389-1396. https://doi.org/10.1007/s00122-019-03285-5",https://doi.org/10.4236/ajps.2021.123028; https://doi.org/10.1007/s00122-019-03285-5
PI 656082,PI 656082; PI656082,Different diseases only,2,anthracnose; head smut p5; head smut p6,No disease repeated,"Prom et al. (2021). Response of Sorghum Accessions against Newly Documented Pathotypes 5 and 6 of Head Smut Pathogen, Sporisorium reilianum. American Journal of Plant Sciences 12:432-443. https://doi.org/10.4236/ajps.2021.123028; Prom et al. (2019). GWAS analysis of sorghum association panel lines identifies SNPs associated with disease response to Texas isolates of Colletotrichum sublineola. Theoretical and Applied Genetics 132:1389-1396. https://doi.org/10.1007/s00122-019-03285-5",https://doi.org/10.4236/ajps.2021.123028; https://doi.org/10.1007/s00122-019-03285-5
PI 656090,PI 656090; PI656090,Different diseases only,2,anthracnose; head smut p6,No disease repeated,"Prom et al. (2021). Response of Sorghum Accessions against Newly Documented Pathotypes 5 and 6 of Head Smut Pathogen, Sporisorium reilianum. American Journal of Plant Sciences 12:432-443. https://doi.org/10.4236/ajps.2021.123028; Prom et al. (2019). GWAS analysis of sorghum association panel lines identifies SNPs associated with disease response to Texas isolates of Colletotrichum sublineola. Theoretical and Applied Genetics 132:1389-1396. https://doi.org/10.1007/s00122-019-03285-5",https://doi.org/10.4236/ajps.2021.123028; https://doi.org/10.1007/s00122-019-03285-5
PI 665166,PI665166,Different diseases only,2,anthracnose; zonate leaf spot,No disease repeated,"Prom et al. (2022). Response of Sorghum Accessions from Three African Countries to Anthracnose, Grain Mould and Rust. Plant Pathology Journal 21:12-23. https://doi.org/10.3923/ppj.2022.12.23; Prom and Isakeit (2022). Incidence of Zonate Leaf Spot on Sorghum Accessions Under Disease-Conducive Growing Conditions Burleson County, Texas. Journal of Agriculture and Crops 8:35-38. https://doi.org/10.32861/jac.81.35.38",https://doi.org/10.3923/ppj.2022.12.23; https://doi.org/10.32861/jac.81.35.38
PI 665168,PI665168,Different diseases only,2,rust; zonate leaf spot,No disease repeated,"Prom et al. (2022). Response of Sorghum Accessions from Three African Countries to Anthracnose, Grain Mould and Rust. Plant Pathology Journal 21:12-23. https://doi.org/10.3923/ppj.2022.12.23; Prom and Isakeit (2022). Incidence of Zonate Leaf Spot on Sorghum Accessions Under Disease-Conducive Growing Conditions Burleson County, Texas. Journal of Agriculture and Crops 8:35-38. https://doi.org/10.32861/jac.81.35.38",https://doi.org/10.3923/ppj.2022.12.23; https://doi.org/10.32861/jac.81.35.38
PI 154966,PI154966,Same disease,2,anthracnose,anthracnose,"Prom et al. (2012). Response of Sorghum Accessions from Four African Countries against Colletotrichum sublineolum, Causal Agent of Sorghum Anthracnose. American Journal of Plant Sciences 3:125-129. https://doi.org/10.4236/ajps.2012.31014; Prom et al. (2015). The Impact of Weather Conditions on Response of Sorghum Genotypes to Anthracnose (Colletotrichum sublineola) Infection. American Journal of Experimental Agriculture 6:242-250. https://doi.org/10.9734/AJEA/2015/14589",https://doi.org/10.4236/ajps.2012.31014; https://doi.org/10.9734/AJEA/2015/14589
PI 194355,PI194355,Same disease,2,anthracnose,anthracnose,"Prom et al. (2022). Response of Sorghum Accessions from Three African Countries to Anthracnose, Grain Mould and Rust. Plant Pathology Journal 21:12-23. https://doi.org/10.3923/ppj.2022.12.23; Prom et al. (2022). Evaluation of a Subset of Ethiopia Sorghum Collection Germplasm from the National Genetic Resources Program of the United States Department of Agriculture for Anthracnose Resistance. American Journal of Plant Sciences 13:1403-1411. https://doi.org/10.4236/ajps.2022.1312095",https://doi.org/10.3923/ppj.2022.12.23; https://doi.org/10.4236/ajps.2022.1312095
PI 217674,PI217674,Same disease,2,anthracnose,anthracnose,"Prom et al. (2012). Response of Sorghum Accessions from Four African Countries against Colletotrichum sublineolum, Causal Agent of Sorghum Anthracnose. American Journal of Plant Sciences 3:125-129. https://doi.org/10.4236/ajps.2012.31014; Prom et al. (2015). The Impact of Weather Conditions on Response of Sorghum Genotypes to Anthracnose (Colletotrichum sublineola) Infection. American Journal of Experimental Agriculture 6:242-250. https://doi.org/10.9734/AJEA/2015/14589",https://doi.org/10.4236/ajps.2012.31014; https://doi.org/10.9734/AJEA/2015/14589
PI 251637,PI251637,Same disease,2,anthracnose,anthracnose,"Prom et al. (2022). Response of Sorghum Accessions from Three African Countries to Anthracnose, Grain Mould and Rust. Plant Pathology Journal 21:12-23. https://doi.org/10.3923/ppj.2022.12.23; Prom et al. (2022). Evaluation of a Subset of Ethiopia Sorghum Collection Germplasm from the National Genetic Resources Program of the United States Department of Agriculture for Anthracnose Resistance. American Journal of Plant Sciences 13:1403-1411. https://doi.org/10.4236/ajps.2022.1312095",https://doi.org/10.3923/ppj.2022.12.23; https://doi.org/10.4236/ajps.2022.1312095
PI 267565,PI267565,Same disease,2,anthracnose; rust,anthracnose,"Prom et al. (2022). Response of Sorghum Accessions from Three African Countries to Anthracnose, Grain Mould and Rust. Plant Pathology Journal 21:12-23. https://doi.org/10.3923/ppj.2022.12.23; Prom et al. (2022). Evaluation of a Subset of Ethiopia Sorghum Collection Germplasm from the National Genetic Resources Program of the United States Department of Agriculture for Anthracnose Resistance. American Journal of Plant Sciences 13:1403-1411. https://doi.org/10.4236/ajps.2022.1312095",https://doi.org/10.3923/ppj.2022.12.23; https://doi.org/10.4236/ajps.2022.1312095
PI 267606,PI267606,Same disease,2,anthracnose,anthracnose,"Prom et al. (2022). Response of Sorghum Accessions from Three African Countries to Anthracnose, Grain Mould and Rust. Plant Pathology Journal 21:12-23. https://doi.org/10.3923/ppj.2022.12.23; Prom et al. (2022). Evaluation of a Subset of Ethiopia Sorghum Collection Germplasm from the National Genetic Resources Program of the United States Department of Agriculture for Anthracnose Resistance. American Journal of Plant Sciences 13:1403-1411. https://doi.org/10.4236/ajps.2022.1312095",https://doi.org/10.3923/ppj.2022.12.23; https://doi.org/10.4236/ajps.2022.1312095
PI 267624,PI267624,Same disease,2,anthracnose; grain mold; rust,anthracnose,"Prom et al. (2022). Response of Sorghum Accessions from Three African Countries to Anthracnose, Grain Mould and Rust. Plant Pathology Journal 21:12-23. https://doi.org/10.3923/ppj.2022.12.23; Prom et al. (2022). Evaluation of a Subset of Ethiopia Sorghum Collection Germplasm from the National Genetic Resources Program of the United States Department of Agriculture for Anthracnose Resistance. American Journal of Plant Sciences 13:1403-1411. https://doi.org/10.4236/ajps.2022.1312095",https://doi.org/10.3923/ppj.2022.12.23; https://doi.org/10.4236/ajps.2022.1312095
PI 297093,PI297093,Same disease,2,anthracnose,anthracnose,"Prom et al. (2012). Response of Sorghum Accessions from Four African Countries against Colletotrichum sublineolum, Causal Agent of Sorghum Anthracnose. American Journal of Plant Sciences 3:125-129. https://doi.org/10.4236/ajps.2012.31014; Prom et al. (2015). The Impact of Weather Conditions on Response of Sorghum Genotypes to Anthracnose (Colletotrichum sublineola) Infection. American Journal of Experimental Agriculture 6:242-250. https://doi.org/10.9734/AJEA/2015/14589",https://doi.org/10.4236/ajps.2012.31014; https://doi.org/10.9734/AJEA/2015/14589
PI 330983,PI330983,Same disease,2,anthracnose,anthracnose,"Prom et al. (2012). Response of Sorghum Accessions from Four African Countries against Colletotrichum sublineolum, Causal Agent of Sorghum Anthracnose. American Journal of Plant Sciences 3:125-129. https://doi.org/10.4236/ajps.2012.31014; Prom et al. (2015). The Impact of Weather Conditions on Response of Sorghum Genotypes to Anthracnose (Colletotrichum sublineola) Infection. American Journal of Experimental Agriculture 6:242-250. https://doi.org/10.9734/AJEA/2015/14589",https://doi.org/10.4236/ajps.2012.31014; https://doi.org/10.9734/AJEA/2015/14589
PI 514280,PI514280,Same disease,2,anthracnose,anthracnose,"Prom et al. (2022). Response of Sorghum Accessions from Three African Countries to Anthracnose, Grain Mould and Rust. Plant Pathology Journal 21:12-23. https://doi.org/10.3923/ppj.2022.12.23; Ahn et al. (2022). Genome-wide association study of Senegalese sorghum seedlings responding to a Texas isolate of Colletotrichum sublineola. Scientific Reports 12:13025. https://doi.org/10.1038/s41598-022-16844-6",https://doi.org/10.3923/ppj.2022.12.23; https://doi.org/10.1038/s41598-022-16844-6
PI 514286,PI514286,Same disease,2,anthracnose,anthracnose,"Prom et al. (2022). Response of Sorghum Accessions from Three African Countries to Anthracnose, Grain Mould and Rust. Plant Pathology Journal 21:12-23. https://doi.org/10.3923/ppj.2022.12.23; Ahn et al. (2022). Genome-wide association study of Senegalese sorghum seedlings responding to a Texas isolate of Colletotrichum sublineola. Scientific Reports 12:13025. https://doi.org/10.1038/s41598-022-16844-6",https://doi.org/10.3923/ppj.2022.12.23; https://doi.org/10.1038/s41598-022-16844-6
PI 514287,PI514287,Same disease,2,anthracnose,anthracnose,"Prom et al. (2022). Response of Sorghum Accessions from Three African Countries to Anthracnose, Grain Mould and Rust. Plant Pathology Journal 21:12-23. https://doi.org/10.3923/ppj.2022.12.23; Ahn et al. (2022). Genome-wide association study of Senegalese sorghum seedlings responding to a Texas isolate of Colletotrichum sublineola. Scientific Reports 12:13025. https://doi.org/10.1038/s41598-022-16844-6",https://doi.org/10.3923/ppj.2022.12.23; https://doi.org/10.1038/s41598-022-16844-6
PI 514302,PI514302; PI_514302,Same disease,2,anthracnose; grain mold,anthracnose,Cuevas et al. (2018). Population structure of the NPGS Senegalese sorghum collection and its evaluation to identify new disease resistant genes. PLOS ONE 13:e0191877. https://doi.org/10.1371/journal.pone.0191877; Ahn et al. (2022). Genome-wide association study of Senegalese sorghum seedlings responding to a Texas isolate of Colletotrichum sublineola. Scientific Reports 12:13025. https://doi.org/10.1038/s41598-022-16844-6,https://doi.org/10.1371/journal.pone.0191877; https://doi.org/10.1038/s41598-022-16844-6
PI 514310,PI514310,Same disease,2,anthracnose,anthracnose,"Prom et al. (2022). Response of Sorghum Accessions from Three African Countries to Anthracnose, Grain Mould and Rust. Plant Pathology Journal 21:12-23. https://doi.org/10.3923/ppj.2022.12.23; Ahn et al. (2022). Genome-wide association study of Senegalese sorghum seedlings responding to a Texas isolate of Colletotrichum sublineola. Scientific Reports 12:13025. https://doi.org/10.1038/s41598-022-16844-6",https://doi.org/10.3923/ppj.2022.12.23; https://doi.org/10.1038/s41598-022-16844-6
PI 514347,PI514347,Same disease,2,anthracnose,anthracnose,"Prom et al. (2022). Response of Sorghum Accessions from Three African Countries to Anthracnose, Grain Mould and Rust. Plant Pathology Journal 21:12-23. https://doi.org/10.3923/ppj.2022.12.23; Ahn et al. (2022). Genome-wide association study of Senegalese sorghum seedlings responding to a Texas isolate of Colletotrichum sublineola. Scientific Reports 12:13025. https://doi.org/10.1038/s41598-022-16844-6",https://doi.org/10.3923/ppj.2022.12.23; https://doi.org/10.1038/s41598-022-16844-6
PI 514349,PI514349; PI_514349,Same disease,2,anthracnose; grain mold,anthracnose,Cuevas et al. (2018). Population structure of the NPGS Senegalese sorghum collection and its evaluation to identify new disease resistant genes. PLOS ONE 13:e0191877. https://doi.org/10.1371/journal.pone.0191877; Ahn et al. (2022). Genome-wide association study of Senegalese sorghum seedlings responding to a Texas isolate of Colletotrichum sublineola. Scientific Reports 12:13025. https://doi.org/10.1038/s41598-022-16844-6,https://doi.org/10.1371/journal.pone.0191877; https://doi.org/10.1038/s41598-022-16844-6
PI 514374,PI514374; PI_514374,Same disease,2,anthracnose; grain mold,anthracnose,Cuevas et al. (2018). Population structure of the NPGS Senegalese sorghum collection and its evaluation to identify new disease resistant genes. PLOS ONE 13:e0191877. https://doi.org/10.1371/journal.pone.0191877; Ahn et al. (2022). Genome-wide association study of Senegalese sorghum seedlings responding to a Texas isolate of Colletotrichum sublineola. Scientific Reports 12:13025. https://doi.org/10.1038/s41598-022-16844-6,https://doi.org/10.1371/journal.pone.0191877; https://doi.org/10.1038/s41598-022-16844-6
PI 514392,PI514392,Same disease,2,anthracnose; rust,anthracnose,"Prom et al. (2022). Response of Sorghum Accessions from Three African Countries to Anthracnose, Grain Mould and Rust. Plant Pathology Journal 21:12-23. https://doi.org/10.3923/ppj.2022.12.23; Ahn et al. (2022). Genome-wide association study of Senegalese sorghum seedlings responding to a Texas isolate of Colletotrichum sublineola. Scientific Reports 12:13025. https://doi.org/10.1038/s41598-022-16844-6",https://doi.org/10.3923/ppj.2022.12.23; https://doi.org/10.1038/s41598-022-16844-6
PI 514393,PI514393,Same disease,2,anthracnose; grain mold; rust,anthracnose,"Prom et al. (2022). Response of Sorghum Accessions from Three African Countries to Anthracnose, Grain Mould and Rust. Plant Pathology Journal 21:12-23. https://doi.org/10.3923/ppj.2022.12.23; Ahn et al. (2022). Genome-wide association study of Senegalese sorghum seedlings responding to a Texas isolate of Colletotrichum sublineola. Scientific Reports 12:13025. https://doi.org/10.1038/s41598-022-16844-6",https://doi.org/10.3923/ppj.2022.12.23; https://doi.org/10.1038/s41598-022-16844-6
PI 514394,PI514394,Same disease,2,anthracnose,anthracnose,"Prom et al. (2022). Response of Sorghum Accessions from Three African Countries to Anthracnose, Grain Mould and Rust. Plant Pathology Journal 21:12-23. https://doi.org/10.3923/ppj.2022.12.23; Ahn et al. (2022). Genome-wide association study of Senegalese sorghum seedlings responding to a Texas isolate of Colletotrichum sublineola. Scientific Reports 12:13025. https://doi.org/10.1038/s41598-022-16844-6",https://doi.org/10.3923/ppj.2022.12.23; https://doi.org/10.1038/s41598-022-16844-6
PI 514398,PI514398,Same disease,3,anthracnose; grain mold; head smut seedling spot; rust,anthracnose,"Prom et al. (2022). Response of Sorghum Accessions from Three African Countries to Anthracnose, Grain Mould and Rust. Plant Pathology Journal 21:12-23. https://doi.org/10.3923/ppj.2022.12.23; Ahn et al. (2022). A Genome-Wide Association Study of Senegalese Sorghum Seedlings Responding to Pathotype 5 of Sporisorium reilianum. Plants 11:2999. https://doi.org/10.3390/plants11212999; Ahn et al. (2022). Genome-wide association study of Senegalese sorghum seedlings responding to a Texas isolate of Colletotrichum sublineola. Scientific Reports 12:13025. https://doi.org/10.1038/s41598-022-16844-6",https://doi.org/10.3923/ppj.2022.12.23; https://doi.org/10.3390/plants11212999; https://doi.org/10.1038/s41598-022-16844-6
PI 514409,PI514409,Same disease,3,anthracnose; head smut seedling spot,anthracnose,"Prom et al. (2022). Response of Sorghum Accessions from Three African Countries to Anthracnose, Grain Mould and Rust. Plant Pathology Journal 21:12-23. https://doi.org/10.3923/ppj.2022.12.23; Ahn et al. (2022). A Genome-Wide Association Study of Senegalese Sorghum Seedlings Responding to Pathotype 5 of Sporisorium reilianum. Plants 11:2999. https://doi.org/10.3390/plants11212999; Ahn et al. (2022). Genome-wide association study of Senegalese sorghum seedlings responding to a Texas isolate of Colletotrichum sublineola. Scientific Reports 12:13025. https://doi.org/10.1038/s41598-022-16844-6",https://doi.org/10.3923/ppj.2022.12.23; https://doi.org/10.3390/plants11212999; https://doi.org/10.1038/s41598-022-16844-6
PI 514414,PI514414,Same disease,2,anthracnose,anthracnose,"Prom et al. (2022). Response of Sorghum Accessions from Three African Countries to Anthracnose, Grain Mould and Rust. Plant Pathology Journal 21:12-23. https://doi.org/10.3923/ppj.2022.12.23; Ahn et al. (2022). Genome-wide association study of Senegalese sorghum seedlings responding to a Texas isolate of Colletotrichum sublineola. Scientific Reports 12:13025. https://doi.org/10.1038/s41598-022-16844-6",https://doi.org/10.3923/ppj.2022.12.23; https://doi.org/10.1038/s41598-022-16844-6
PI 514431,PI514431,Same disease,2,anthracnose,anthracnose,"Prom et al. (2022). Response of Sorghum Accessions from Three African Countries to Anthracnose, Grain Mould and Rust. Plant Pathology Journal 21:12-23. https://doi.org/10.3923/ppj.2022.12.23; Ahn et al. (2022). Genome-wide association study of Senegalese sorghum seedlings responding to a Texas isolate of Colletotrichum sublineola. Scientific Reports 12:13025. https://doi.org/10.1038/s41598-022-16844-6",https://doi.org/10.3923/ppj.2022.12.23; https://doi.org/10.1038/s41598-022-16844-6
PI 514437,PI514437,Same disease,2,anthracnose,anthracnose,"Prom et al. (2022). Response of Sorghum Accessions from Three African Countries to Anthracnose, Grain Mould and Rust. Plant Pathology Journal 21:12-23. https://doi.org/10.3923/ppj.2022.12.23; Ahn et al. (2022). Genome-wide association study of Senegalese sorghum seedlings responding to a Texas isolate of Colletotrichum sublineola. Scientific Reports 12:13025. https://doi.org/10.1038/s41598-022-16844-6",https://doi.org/10.3923/ppj.2022.12.23; https://doi.org/10.1038/s41598-022-16844-6
PI 514440,PI514440,Same disease,2,anthracnose,anthracnose,"Prom et al. (2022). Response of Sorghum Accessions from Three African Countries to Anthracnose, Grain Mould and Rust. Plant Pathology Journal 21:12-23. https://doi.org/10.3923/ppj.2022.12.23; Ahn et al. (2022). Genome-wide association study of Senegalese sorghum seedlings responding to a Texas isolate of Colletotrichum sublineola. Scientific Reports 12:13025. https://doi.org/10.1038/s41598-022-16844-6",https://doi.org/10.3923/ppj.2022.12.23; https://doi.org/10.1038/s41598-022-16844-6
PI 514453,PI514453; PI_514453,Same disease,2,anthracnose; grain mold,anthracnose,Cuevas et al. (2018). Population structure of the NPGS Senegalese sorghum collection and its evaluation to identify new disease resistant genes. PLOS ONE 13:e0191877. https://doi.org/10.1371/journal.pone.0191877; Ahn et al. (2022). Genome-wide association study of Senegalese sorghum seedlings responding to a Texas isolate of Colletotrichum sublineola. Scientific Reports 12:13025. https://doi.org/10.1038/s41598-022-16844-6,https://doi.org/10.1371/journal.pone.0191877; https://doi.org/10.1038/s41598-022-16844-6
PI 514466,PI514466; PI_514466,Same disease,2,anthracnose; grain mold,anthracnose,Cuevas et al. (2018). Population structure of the NPGS Senegalese sorghum collection and its evaluation to identify new disease resistant genes. PLOS ONE 13:e0191877. https://doi.org/10.1371/journal.pone.0191877; Ahn et al. (2022). Genome-wide association study of Senegalese sorghum seedlings responding to a Texas isolate of Colletotrichum sublineola. Scientific Reports 12:13025. https://doi.org/10.1038/s41598-022-16844-6,https://doi.org/10.1371/journal.pone.0191877; https://doi.org/10.1038/s41598-022-16844-6
PI 514472,PI514472; PI_514472,Same disease,2,anthracnose; grain mold,anthracnose,Cuevas et al. (2018). Population structure of the NPGS Senegalese sorghum collection and its evaluation to identify new disease resistant genes. PLOS ONE 13:e0191877. https://doi.org/10.1371/journal.pone.0191877; Ahn et al. (2022). Genome-wide association study of Senegalese sorghum seedlings responding to a Texas isolate of Colletotrichum sublineola. Scientific Reports 12:13025. https://doi.org/10.1038/s41598-022-16844-6,https://doi.org/10.1371/journal.pone.0191877; https://doi.org/10.1038/s41598-022-16844-6
PI 533759,PI 533759; PI533759,Same disease,2,anthracnose,anthracnose,Prom et al. (2016). Assessing the Vulnerability of Sorghum Converted Lines to Anthracnose and Downy Mildew Infection. Journal of Agriculture and Crops 2:101-106. https://econpapers.repec.org/article/arpjacarp/2016_3ap_3a101-106.htm; Prom et al. (2019). GWAS analysis of sorghum association panel lines identifies SNPs associated with disease response to Texas isolates of Colletotrichum sublineola. Theoretical and Applied Genetics 132:1389-1396. https://doi.org/10.1007/s00122-019-03285-5,https://econpapers.repec.org/article/arpjacarp/2016_3ap_3a101-106.htm; https://doi.org/10.1007/s00122-019-03285-5
PI 533799,PI533799,Same disease,3,anthracnose; rust,anthracnose,"Prom et al. (2022). Response of Sorghum Accessions from Three African Countries to Anthracnose, Grain Mould and Rust. Plant Pathology Journal 21:12-23. https://doi.org/10.3923/ppj.2022.12.23; Prom et al. (2020). Screening Sorghum Accessions for Resistance against Anthracnose and Grain Mold through Inoculating with Pathogens. Journal of Experimental Agriculture International 42:73-83. https://doi.org/10.9734/JEAI/2020/v42i130453; Prom et al. (2022). Evaluation of a Subset of Ethiopia Sorghum Collection Germplasm from the National Genetic Resources Program of the United States Department of Agriculture for Anthracnose Resistance. American Journal of Plant Sciences 13:1403-1411. https://doi.org/10.4236/ajps.2022.1312095",https://doi.org/10.3923/ppj.2022.12.23; https://doi.org/10.9734/JEAI/2020/v42i130453; https://doi.org/10.4236/ajps.2022.1312095
PI 533903,PI533903,Same disease,2,anthracnose; rust,anthracnose,"Prom et al. (2022). Response of Sorghum Accessions from Three African Countries to Anthracnose, Grain Mould and Rust. Plant Pathology Journal 21:12-23. https://doi.org/10.3923/ppj.2022.12.23; Prom et al. (2022). Evaluation of a Subset of Ethiopia Sorghum Collection Germplasm from the National Genetic Resources Program of the United States Department of Agriculture for Anthracnose Resistance. American Journal of Plant Sciences 13:1403-1411. https://doi.org/10.4236/ajps.2022.1312095",https://doi.org/10.3923/ppj.2022.12.23; https://doi.org/10.4236/ajps.2022.1312095
PI 533911,PI 533911; PI533911,Same disease,2,anthracnose,anthracnose,Prom et al. (2016). Assessing the Vulnerability of Sorghum Converted Lines to Anthracnose and Downy Mildew Infection. Journal of Agriculture and Crops 2:101-106. https://econpapers.repec.org/article/arpjacarp/2016_3ap_3a101-106.htm; Prom et al. (2019). GWAS analysis of sorghum association panel lines identifies SNPs associated with disease response to Texas isolates of Colletotrichum sublineola. Theoretical and Applied Genetics 132:1389-1396. https://doi.org/10.1007/s00122-019-03285-5,https://econpapers.repec.org/article/arpjacarp/2016_3ap_3a101-106.htm; https://doi.org/10.1007/s00122-019-03285-5
PI 533918,PI533918,Same disease,2,anthracnose,anthracnose,"Prom et al. (2022). Response of Sorghum Accessions from Three African Countries to Anthracnose, Grain Mould and Rust. Plant Pathology Journal 21:12-23. https://doi.org/10.3923/ppj.2022.12.23; Prom et al. (2022). Evaluation of a Subset of Ethiopia Sorghum Collection Germplasm from the National Genetic Resources Program of the United States Department of Agriculture for Anthracnose Resistance. American Journal of Plant Sciences 13:1403-1411. https://doi.org/10.4236/ajps.2022.1312095",https://doi.org/10.3923/ppj.2022.12.23; https://doi.org/10.4236/ajps.2022.1312095
PI 533923,PI533923,Same disease,2,anthracnose,anthracnose,"Prom et al. (2022). Response of Sorghum Accessions from Three African Countries to Anthracnose, Grain Mould and Rust. Plant Pathology Journal 21:12-23. https://doi.org/10.3923/ppj.2022.12.23; Prom et al. (2022). Evaluation of a Subset of Ethiopia Sorghum Collection Germplasm from the National Genetic Resources Program of the United States Department of Agriculture for Anthracnose Resistance. American Journal of Plant Sciences 13:1403-1411. https://doi.org/10.4236/ajps.2022.1312095",https://doi.org/10.3923/ppj.2022.12.23; https://doi.org/10.4236/ajps.2022.1312095
PI 534101,PI 534101; PI534101; SC 725,Same disease,2,anthracnose; grain mold,anthracnose,Prom et al. (2016). Assessing the Vulnerability of Sorghum Converted Lines to Anthracnose and Downy Mildew Infection. Journal of Agriculture and Crops 2:101-106. https://econpapers.repec.org/article/arpjacarp/2016_3ap_3a101-106.htm; Prom et al. (2017). Grain Biodeterioration of Sorghum Converted Lines Inoculated with a Mixture of Fusarium thapsinum and Curvularia lunata. Plant Pathology Journal 16:19-24. https://doi.org/10.3923/ppj.2017.19.24; Prom et al. (2019). GWAS analysis of sorghum association panel lines identifies SNPs associated with disease response to Texas isolates of Colletotrichum sublineola. Theoretical and Applied Genetics 132:1389-1396. https://doi.org/10.1007/s00122-019-03285-5,https://econpapers.repec.org/article/arpjacarp/2016_3ap_3a101-106.htm; https://doi.org/10.3923/ppj.2017.19.24; https://doi.org/10.1007/s00122-019-03285-5
PI 534116,PI534116,Same disease,2,anthracnose; rust,anthracnose,"Prom et al. (2022). Response of Sorghum Accessions from Three African Countries to Anthracnose, Grain Mould and Rust. Plant Pathology Journal 21:12-23. https://doi.org/10.3923/ppj.2022.12.23; Prom et al. (2022). Evaluation of a Subset of Ethiopia Sorghum Collection Germplasm from the National Genetic Resources Program of the United States Department of Agriculture for Anthracnose Resistance. American Journal of Plant Sciences 13:1403-1411. https://doi.org/10.4236/ajps.2022.1312095",https://doi.org/10.3923/ppj.2022.12.23; https://doi.org/10.4236/ajps.2022.1312095
PI 534131,PI534131,Same disease,2,anthracnose; rust,anthracnose,"Prom et al. (2022). Response of Sorghum Accessions from Three African Countries to Anthracnose, Grain Mould and Rust. Plant Pathology Journal 21:12-23. https://doi.org/10.3923/ppj.2022.12.23; Prom et al. (2022). Evaluation of a Subset of Ethiopia Sorghum Collection Germplasm from the National Genetic Resources Program of the United States Department of Agriculture for Anthracnose Resistance. American Journal of Plant Sciences 13:1403-1411. https://doi.org/10.4236/ajps.2022.1312095",https://doi.org/10.3923/ppj.2022.12.23; https://doi.org/10.4236/ajps.2022.1312095
PI 534151,PI534151,Same disease,2,anthracnose,anthracnose,"Prom et al. (2022). Response of Sorghum Accessions from Three African Countries to Anthracnose, Grain Mould and Rust. Plant Pathology Journal 21:12-23. https://doi.org/10.3923/ppj.2022.12.23; Prom et al. (2022). Evaluation of a Subset of Ethiopia Sorghum Collection Germplasm from the National Genetic Resources Program of the United States Department of Agriculture for Anthracnose Resistance. American Journal of Plant Sciences 13:1403-1411. https://doi.org/10.4236/ajps.2022.1312095",https://doi.org/10.3923/ppj.2022.12.23; https://doi.org/10.4236/ajps.2022.1312095
PI 534155,PI 534155; PI534155,Same disease,2,anthracnose; downy mildew,anthracnose,Prom et al. (2016). Assessing the Vulnerability of Sorghum Converted Lines to Anthracnose and Downy Mildew Infection. Journal of Agriculture and Crops 2:101-106. https://econpapers.repec.org/article/arpjacarp/2016_3ap_3a101-106.htm; Prom et al. (2019). GWAS analysis of sorghum association panel lines identifies SNPs associated with disease response to Texas isolates of Colletotrichum sublineola. Theoretical and Applied Genetics 132:1389-1396. https://doi.org/10.1007/s00122-019-03285-5,https://econpapers.repec.org/article/arpjacarp/2016_3ap_3a101-106.htm; https://doi.org/10.1007/s00122-019-03285-5
PI 564776,PI564776,Same disease,2,anthracnose; rust,anthracnose,"Prom et al. (2022). Response of Sorghum Accessions from Three African Countries to Anthracnose, Grain Mould and Rust. Plant Pathology Journal 21:12-23. https://doi.org/10.3923/ppj.2022.12.23; Prom et al. (2022). Evaluation of a Subset of Ethiopia Sorghum Collection Germplasm from the National Genetic Resources Program of the United States Department of Agriculture for Anthracnose Resistance. American Journal of Plant Sciences 13:1403-1411. https://doi.org/10.4236/ajps.2022.1312095",https://doi.org/10.3923/ppj.2022.12.23; https://doi.org/10.4236/ajps.2022.1312095
PI 564779,PI564779,Same disease,2,anthracnose,anthracnose,"Prom et al. (2022). Response of Sorghum Accessions from Three African Countries to Anthracnose, Grain Mould and Rust. Plant Pathology Journal 21:12-23. https://doi.org/10.3923/ppj.2022.12.23; Prom et al. (2022). Evaluation of a Subset of Ethiopia Sorghum Collection Germplasm from the National Genetic Resources Program of the United States Department of Agriculture for Anthracnose Resistance. American Journal of Plant Sciences 13:1403-1411. https://doi.org/10.4236/ajps.2022.1312095",https://doi.org/10.3923/ppj.2022.12.23; https://doi.org/10.4236/ajps.2022.1312095
PI 568373,PI568373,Same disease,2,anthracnose,anthracnose,"Prom et al. (2012). Response of Sorghum Accessions from Four African Countries against Colletotrichum sublineolum, Causal Agent of Sorghum Anthracnose. American Journal of Plant Sciences 3:125-129. https://doi.org/10.4236/ajps.2012.31014; Prom et al. (2015). The Impact of Weather Conditions on Response of Sorghum Genotypes to Anthracnose (Colletotrichum sublineola) Infection. American Journal of Experimental Agriculture 6:242-250. https://doi.org/10.9734/AJEA/2015/14589",https://doi.org/10.4236/ajps.2012.31014; https://doi.org/10.9734/AJEA/2015/14589
PI 570743,PI570743,Same disease,2,anthracnose,anthracnose,"Prom et al. (2012). Response of Sorghum Accessions from Four African Countries against Colletotrichum sublineolum, Causal Agent of Sorghum Anthracnose. American Journal of Plant Sciences 3:125-129. https://doi.org/10.4236/ajps.2012.31014; Prom et al. (2015). The Impact of Weather Conditions on Response of Sorghum Genotypes to Anthracnose (Colletotrichum sublineola) Infection. American Journal of Experimental Agriculture 6:242-250. https://doi.org/10.9734/AJEA/2015/14589",https://doi.org/10.4236/ajps.2012.31014; https://doi.org/10.9734/AJEA/2015/14589
PI 570873,PI570873,Same disease,2,anthracnose,anthracnose,"Prom et al. (2012). Response of Sorghum Accessions from Four African Countries against Colletotrichum sublineolum, Causal Agent of Sorghum Anthracnose. American Journal of Plant Sciences 3:125-129. https://doi.org/10.4236/ajps.2012.31014; Prom et al. (2015). The Impact of Weather Conditions on Response of Sorghum Genotypes to Anthracnose (Colletotrichum sublineola) Infection. American Journal of Experimental Agriculture 6:242-250. https://doi.org/10.9734/AJEA/2015/14589",https://doi.org/10.4236/ajps.2012.31014; https://doi.org/10.9734/AJEA/2015/14589
PI 576344,PI576344,Same disease,2,anthracnose; rust,anthracnose,"Prom et al. (2022). Response of Sorghum Accessions from Three African Countries to Anthracnose, Grain Mould and Rust. Plant Pathology Journal 21:12-23. https://doi.org/10.3923/ppj.2022.12.23; Prom et al. (2022). Evaluation of a Subset of Ethiopia Sorghum Collection Germplasm from the National Genetic Resources Program of the United States Department of Agriculture for Anthracnose Resistance. American Journal of Plant Sciences 13:1403-1411. https://doi.org/10.4236/ajps.2022.1312095",https://doi.org/10.3923/ppj.2022.12.23; https://doi.org/10.4236/ajps.2022.1312095
PI 576376,PI 576376; PI576376,Same disease,3,anthracnose,anthracnose,"Prom et al. (2022). Response of Sorghum Accessions from Three African Countries to Anthracnose, Grain Mould and Rust. Plant Pathology Journal 21:12-23. https://doi.org/10.3923/ppj.2022.12.23; Prom et al. (2022). Evaluation of a Subset of Ethiopia Sorghum Collection Germplasm from the National Genetic Resources Program of the United States Department of Agriculture for Anthracnose Resistance. American Journal of Plant Sciences 13:1403-1411. https://doi.org/10.4236/ajps.2022.1312095; Prom et al. (2019). GWAS analysis of sorghum association panel lines identifies SNPs associated with disease response to Texas isolates of Colletotrichum sublineola. Theoretical and Applied Genetics 132:1389-1396. https://doi.org/10.1007/s00122-019-03285-5",https://doi.org/10.3923/ppj.2022.12.23; https://doi.org/10.4236/ajps.2022.1312095; https://doi.org/10.1007/s00122-019-03285-5
PI 576379,PI576379,Same disease,2,anthracnose; rust,anthracnose,"Prom et al. (2022). Response of Sorghum Accessions from Three African Countries to Anthracnose, Grain Mould and Rust. Plant Pathology Journal 21:12-23. https://doi.org/10.3923/ppj.2022.12.23; Prom et al. (2022). Evaluation of a Subset of Ethiopia Sorghum Collection Germplasm from the National Genetic Resources Program of the United States Department of Agriculture for Anthracnose Resistance. American Journal of Plant Sciences 13:1403-1411. https://doi.org/10.4236/ajps.2022.1312095",https://doi.org/10.3923/ppj.2022.12.23; https://doi.org/10.4236/ajps.2022.1312095
PI 576381,PI 576381; PI576381,Same disease,3,anthracnose; rust,anthracnose,"Prom et al. (2022). Response of Sorghum Accessions from Three African Countries to Anthracnose, Grain Mould and Rust. Plant Pathology Journal 21:12-23. https://doi.org/10.3923/ppj.2022.12.23; Prom et al. (2022). Evaluation of a Subset of Ethiopia Sorghum Collection Germplasm from the National Genetic Resources Program of the United States Department of Agriculture for Anthracnose Resistance. American Journal of Plant Sciences 13:1403-1411. https://doi.org/10.4236/ajps.2022.1312095; Prom et al. (2019). GWAS analysis of sorghum association panel lines identifies SNPs associated with disease response to Texas isolates of Colletotrichum sublineola. Theoretical and Applied Genetics 132:1389-1396. https://doi.org/10.1007/s00122-019-03285-5",https://doi.org/10.3923/ppj.2022.12.23; https://doi.org/10.4236/ajps.2022.1312095; https://doi.org/10.1007/s00122-019-03285-5
PI 576431,PI576431,Same disease,2,anthracnose,anthracnose,"Prom et al. (2022). Response of Sorghum Accessions from Three African Countries to Anthracnose, Grain Mould and Rust. Plant Pathology Journal 21:12-23. https://doi.org/10.3923/ppj.2022.12.23; Prom et al. (2022). Evaluation of a Subset of Ethiopia Sorghum Collection Germplasm from the National Genetic Resources Program of the United States Department of Agriculture for Anthracnose Resistance. American Journal of Plant Sciences 13:1403-1411. https://doi.org/10.4236/ajps.2022.1312095",https://doi.org/10.3923/ppj.2022.12.23; https://doi.org/10.4236/ajps.2022.1312095
PI 585773,PI 585773; PI585773,Same disease,2,anthracnose,anthracnose,Erpelding and Prom (2004). Evaluation of Malian Sorghum Germplasm for Resistance Against Anthracnose. Plant Pathology Journal 3:65-71. https://doi.org/10.3923/ppj.2004.65.71; Erpelding (2008). Field Evaluation of Anthracnose Resistance for Sorghum Germplasm from the Sikasso Region of Mali. The Open Agriculture Journal 2:113-120. https://doi.org/10.2174/1874331500802010113,https://doi.org/10.3923/ppj.2004.65.71; https://doi.org/10.2174/1874331500802010113
PI 585791,PI 585791; PI585791,Same disease,2,anthracnose,anthracnose,Erpelding and Prom (2004). Evaluation of Malian Sorghum Germplasm for Resistance Against Anthracnose. Plant Pathology Journal 3:65-71. https://doi.org/10.3923/ppj.2004.65.71; Erpelding (2008). Field Evaluation of Anthracnose Resistance for Sorghum Germplasm from the Sikasso Region of Mali. The Open Agriculture Journal 2:113-120. https://doi.org/10.2174/1874331500802010113,https://doi.org/10.3923/ppj.2004.65.71; https://doi.org/10.2174/1874331500802010113
PI 585795,PI 585795; PI585795,Same disease,2,anthracnose,anthracnose,Erpelding and Prom (2004). Evaluation of Malian Sorghum Germplasm for Resistance Against Anthracnose. Plant Pathology Journal 3:65-71. https://doi.org/10.3923/ppj.2004.65.71; Erpelding (2008). Field Evaluation of Anthracnose Resistance for Sorghum Germplasm from the Sikasso Region of Mali. The Open Agriculture Journal 2:113-120. https://doi.org/10.2174/1874331500802010113,https://doi.org/10.3923/ppj.2004.65.71; https://doi.org/10.2174/1874331500802010113
PI 585816,PI 585816; PI585816,Same disease,2,anthracnose,anthracnose,Erpelding and Prom (2004). Evaluation of Malian Sorghum Germplasm for Resistance Against Anthracnose. Plant Pathology Journal 3:65-71. https://doi.org/10.3923/ppj.2004.65.71; Erpelding (2008). Field Evaluation of Anthracnose Resistance for Sorghum Germplasm from the Sikasso Region of Mali. The Open Agriculture Journal 2:113-120. https://doi.org/10.2174/1874331500802010113,https://doi.org/10.3923/ppj.2004.65.71; https://doi.org/10.2174/1874331500802010113
PI 585830,PI 585830; PI585830,Same disease,2,anthracnose,anthracnose,Erpelding and Prom (2004). Evaluation of Malian Sorghum Germplasm for Resistance Against Anthracnose. Plant Pathology Journal 3:65-71. https://doi.org/10.3923/ppj.2004.65.71; Erpelding (2008). Field Evaluation of Anthracnose Resistance for Sorghum Germplasm from the Sikasso Region of Mali. The Open Agriculture Journal 2:113-120. https://doi.org/10.2174/1874331500802010113,https://doi.org/10.3923/ppj.2004.65.71; https://doi.org/10.2174/1874331500802010113
PI 585846,PI 585846; PI585846,Same disease,2,anthracnose,anthracnose,Erpelding and Prom (2004). Evaluation of Malian Sorghum Germplasm for Resistance Against Anthracnose. Plant Pathology Journal 3:65-71. https://doi.org/10.3923/ppj.2004.65.71; Erpelding (2010). Field Assessment of Anthracnose Disease Response for the Sorghum Germplasm Collection from the Mopti Region. American Journal of Agricultural and Biological Sciences 5:363-369. https://doi.org/10.3844/ajabssp.2010.363.369,https://doi.org/10.3923/ppj.2004.65.71; https://doi.org/10.3844/ajabssp.2010.363.369
PI 608974,PI608974,Same disease,2,anthracnose,anthracnose,"Prom et al. (2012). Response of Sorghum Accessions from Four African Countries against Colletotrichum sublineolum, Causal Agent of Sorghum Anthracnose. American Journal of Plant Sciences 3:125-129. https://doi.org/10.4236/ajps.2012.31014; Prom et al. (2015). The Impact of Weather Conditions on Response of Sorghum Genotypes to Anthracnose (Colletotrichum sublineola) Infection. American Journal of Experimental Agriculture 6:242-250. https://doi.org/10.9734/AJEA/2015/14589",https://doi.org/10.4236/ajps.2012.31014; https://doi.org/10.9734/AJEA/2015/14589
PI 608986,PI608986,Same disease,2,anthracnose,anthracnose,"Prom et al. (2012). Response of Sorghum Accessions from Four African Countries against Colletotrichum sublineolum, Causal Agent of Sorghum Anthracnose. American Journal of Plant Sciences 3:125-129. https://doi.org/10.4236/ajps.2012.31014; Prom et al. (2015). The Impact of Weather Conditions on Response of Sorghum Genotypes to Anthracnose (Colletotrichum sublineola) Infection. American Journal of Experimental Agriculture 6:242-250. https://doi.org/10.9734/AJEA/2015/14589",https://doi.org/10.4236/ajps.2012.31014; https://doi.org/10.9734/AJEA/2015/14589
PI 609009,PI609009,Same disease,2,anthracnose,anthracnose,"Prom et al. (2012). Response of Sorghum Accessions from Four African Countries against Colletotrichum sublineolum, Causal Agent of Sorghum Anthracnose. American Journal of Plant Sciences 3:125-129. https://doi.org/10.4236/ajps.2012.31014; Prom et al. (2015). The Impact of Weather Conditions on Response of Sorghum Genotypes to Anthracnose (Colletotrichum sublineola) Infection. American Journal of Experimental Agriculture 6:242-250. https://doi.org/10.9734/AJEA/2015/14589",https://doi.org/10.4236/ajps.2012.31014; https://doi.org/10.9734/AJEA/2015/14589
PI 609015,PI609015,Same disease,2,anthracnose,anthracnose,"Prom et al. (2012). Response of Sorghum Accessions from Four African Countries against Colletotrichum sublineolum, Causal Agent of Sorghum Anthracnose. American Journal of Plant Sciences 3:125-129. https://doi.org/10.4236/ajps.2012.31014; Erpelding and Prom (2004). Evaluation of Malian Sorghum Germplasm for Resistance Against Anthracnose. Plant Pathology Journal 3:65-71. https://doi.org/10.3923/ppj.2004.65.71",https://doi.org/10.4236/ajps.2012.31014; https://doi.org/10.3923/ppj.2004.65.71
PI 609110,PI 609110; PI609110,Same disease,2,anthracnose,anthracnose,Erpelding and Prom (2004). Evaluation of Malian Sorghum Germplasm for Resistance Against Anthracnose. Plant Pathology Journal 3:65-71. https://doi.org/10.3923/ppj.2004.65.71; Erpelding (2008). Field Evaluation of Anthracnose Resistance for Sorghum Germplasm from the Sikasso Region of Mali. The Open Agriculture Journal 2:113-120. https://doi.org/10.2174/1874331500802010113,https://doi.org/10.3923/ppj.2004.65.71; https://doi.org/10.2174/1874331500802010113
PI 609125,PI 609125; PI609125,Same disease,2,anthracnose,anthracnose,Erpelding and Prom (2004). Evaluation of Malian Sorghum Germplasm for Resistance Against Anthracnose. Plant Pathology Journal 3:65-71. https://doi.org/10.3923/ppj.2004.65.71; Erpelding (2008). Field Evaluation of Anthracnose Resistance for Sorghum Germplasm from the Sikasso Region of Mali. The Open Agriculture Journal 2:113-120. https://doi.org/10.2174/1874331500802010113,https://doi.org/10.3923/ppj.2004.65.71; https://doi.org/10.2174/1874331500802010113
PI 609159,PI 609159; PI609159,Same disease,2,anthracnose,anthracnose,Erpelding and Prom (2004). Evaluation of Malian Sorghum Germplasm for Resistance Against Anthracnose. Plant Pathology Journal 3:65-71. https://doi.org/10.3923/ppj.2004.65.71; Erpelding (2010). Field Assessment of Anthracnose Disease Response for the Sorghum Germplasm Collection from the Mopti Region. American Journal of Agricultural and Biological Sciences 5:363-369. https://doi.org/10.3844/ajabssp.2010.363.369,https://doi.org/10.3923/ppj.2004.65.71; https://doi.org/10.3844/ajabssp.2010.363.369
PI 609167,PI 609167; PI609167,Same disease,2,anthracnose,anthracnose,Erpelding and Prom (2004). Evaluation of Malian Sorghum Germplasm for Resistance Against Anthracnose. Plant Pathology Journal 3:65-71. https://doi.org/10.3923/ppj.2004.65.71; Erpelding (2010). Field Assessment of Anthracnose Disease Response for the Sorghum Germplasm Collection from the Mopti Region. American Journal of Agricultural and Biological Sciences 5:363-369. https://doi.org/10.3844/ajabssp.2010.363.369,https://doi.org/10.3923/ppj.2004.65.71; https://doi.org/10.3844/ajabssp.2010.363.369
PI 609173,PI 609173; PI609173,Same disease,2,anthracnose,anthracnose,Erpelding and Prom (2004). Evaluation of Malian Sorghum Germplasm for Resistance Against Anthracnose. Plant Pathology Journal 3:65-71. https://doi.org/10.3923/ppj.2004.65.71; Erpelding (2010). Field Assessment of Anthracnose Disease Response for the Sorghum Germplasm Collection from the Mopti Region. American Journal of Agricultural and Biological Sciences 5:363-369. https://doi.org/10.3844/ajabssp.2010.363.369,https://doi.org/10.3923/ppj.2004.65.71; https://doi.org/10.3844/ajabssp.2010.363.369
PI 609776,PI 609776; PI609776,Same disease,2,anthracnose,anthracnose,Erpelding and Prom (2004). Evaluation of Malian Sorghum Germplasm for Resistance Against Anthracnose. Plant Pathology Journal 3:65-71. https://doi.org/10.3923/ppj.2004.65.71; Erpelding (2010). Field Assessment of Anthracnose Disease Response for the Sorghum Germplasm Collection from the Mopti Region. American Journal of Agricultural and Biological Sciences 5:363-369. https://doi.org/10.3844/ajabssp.2010.363.369,https://doi.org/10.3923/ppj.2004.65.71; https://doi.org/10.3844/ajabssp.2010.363.369
PI 609778,PI 609778; PI609778,Same disease,2,anthracnose,anthracnose,Erpelding and Prom (2004). Evaluation of Malian Sorghum Germplasm for Resistance Against Anthracnose. Plant Pathology Journal 3:65-71. https://doi.org/10.3923/ppj.2004.65.71; Erpelding (2010). Field Assessment of Anthracnose Disease Response for the Sorghum Germplasm Collection from the Mopti Region. American Journal of Agricultural and Biological Sciences 5:363-369. https://doi.org/10.3844/ajabssp.2010.363.369,https://doi.org/10.3923/ppj.2004.65.71; https://doi.org/10.3844/ajabssp.2010.363.369
PI 609780,PI 609780; PI609780,Same disease,2,anthracnose,anthracnose,Erpelding and Prom (2004). Evaluation of Malian Sorghum Germplasm for Resistance Against Anthracnose. Plant Pathology Journal 3:65-71. https://doi.org/10.3923/ppj.2004.65.71; Erpelding (2010). Field Assessment of Anthracnose Disease Response for the Sorghum Germplasm Collection from the Mopti Region. American Journal of Agricultural and Biological Sciences 5:363-369. https://doi.org/10.3844/ajabssp.2010.363.369,https://doi.org/10.3923/ppj.2004.65.71; https://doi.org/10.3844/ajabssp.2010.363.369
PI 609947,PI609947,Same disease,2,anthracnose,anthracnose,"Prom et al. (2012). Response of Sorghum Accessions from Four African Countries against Colletotrichum sublineolum, Causal Agent of Sorghum Anthracnose. American Journal of Plant Sciences 3:125-129. https://doi.org/10.4236/ajps.2012.31014; Prom et al. (2015). The Impact of Weather Conditions on Response of Sorghum Genotypes to Anthracnose (Colletotrichum sublineola) Infection. American Journal of Experimental Agriculture 6:242-250. https://doi.org/10.9734/AJEA/2015/14589",https://doi.org/10.4236/ajps.2012.31014; https://doi.org/10.9734/AJEA/2015/14589
PI 609991,PI609991,Same disease,3,anthracnose,anthracnose,"Prom et al. (2012). Response of Sorghum Accessions from Four African Countries against Colletotrichum sublineolum, Causal Agent of Sorghum Anthracnose. American Journal of Plant Sciences 3:125-129. https://doi.org/10.4236/ajps.2012.31014; Erpelding and Prom (2004). Evaluation of Malian Sorghum Germplasm for Resistance Against Anthracnose. Plant Pathology Journal 3:65-71. https://doi.org/10.3923/ppj.2004.65.71; Prom et al. (2015). The Impact of Weather Conditions on Response of Sorghum Genotypes to Anthracnose (Colletotrichum sublineola) Infection. American Journal of Experimental Agriculture 6:242-250. https://doi.org/10.9734/AJEA/2015/14589",https://doi.org/10.4236/ajps.2012.31014; https://doi.org/10.3923/ppj.2004.65.71; https://doi.org/10.9734/AJEA/2015/14589
PI 610077,PI 610077; PI610077,Same disease,2,anthracnose,anthracnose,Erpelding and Prom (2004). Evaluation of Malian Sorghum Germplasm for Resistance Against Anthracnose. Plant Pathology Journal 3:65-71. https://doi.org/10.3923/ppj.2004.65.71; Erpelding (2008). Field Evaluation of Anthracnose Resistance for Sorghum Germplasm from the Sikasso Region of Mali. The Open Agriculture Journal 2:113-120. https://doi.org/10.2174/1874331500802010113,https://doi.org/10.3923/ppj.2004.65.71; https://doi.org/10.2174/1874331500802010113
PI 610080,PI 610080; PI610080,Same disease,2,anthracnose,anthracnose,Erpelding and Prom (2004). Evaluation of Malian Sorghum Germplasm for Resistance Against Anthracnose. Plant Pathology Journal 3:65-71. https://doi.org/10.3923/ppj.2004.65.71; Erpelding (2008). Field Evaluation of Anthracnose Resistance for Sorghum Germplasm from the Sikasso Region of Mali. The Open Agriculture Journal 2:113-120. https://doi.org/10.2174/1874331500802010113,https://doi.org/10.3923/ppj.2004.65.71; https://doi.org/10.2174/1874331500802010113
PI 610089,PI 610089; PI610089,Same disease,2,anthracnose,anthracnose,Erpelding and Prom (2004). Evaluation of Malian Sorghum Germplasm for Resistance Against Anthracnose. Plant Pathology Journal 3:65-71. https://doi.org/10.3923/ppj.2004.65.71; Erpelding (2008). Field Evaluation of Anthracnose Resistance for Sorghum Germplasm from the Sikasso Region of Mali. The Open Agriculture Journal 2:113-120. https://doi.org/10.2174/1874331500802010113,https://doi.org/10.3923/ppj.2004.65.71; https://doi.org/10.2174/1874331500802010113
PI 610115,PI 610115; PI610115,Same disease,2,anthracnose,anthracnose,Erpelding and Prom (2004). Evaluation of Malian Sorghum Germplasm for Resistance Against Anthracnose. Plant Pathology Journal 3:65-71. https://doi.org/10.3923/ppj.2004.65.71; Erpelding (2008). Field Evaluation of Anthracnose Resistance for Sorghum Germplasm from the Sikasso Region of Mali. The Open Agriculture Journal 2:113-120. https://doi.org/10.2174/1874331500802010113,https://doi.org/10.3923/ppj.2004.65.71; https://doi.org/10.2174/1874331500802010113
PI 660638,PI660638,Same disease,2,anthracnose; grain mold; rust,anthracnose,"Prom et al. (2022). Response of Sorghum Accessions from Three African Countries to Anthracnose, Grain Mould and Rust. Plant Pathology Journal 21:12-23. https://doi.org/10.3923/ppj.2022.12.23; Prom et al. (2022). Evaluation of a Subset of Ethiopia Sorghum Collection Germplasm from the National Genetic Resources Program of the United States Department of Agriculture for Anthracnose Resistance. American Journal of Plant Sciences 13:1403-1411. https://doi.org/10.4236/ajps.2022.1312095",https://doi.org/10.3923/ppj.2022.12.23; https://doi.org/10.4236/ajps.2022.1312095
PI 665167,PI665167,Same disease,2,anthracnose,anthracnose,"Prom et al. (2022). Response of Sorghum Accessions from Three African Countries to Anthracnose, Grain Mould and Rust. Plant Pathology Journal 21:12-23. https://doi.org/10.3923/ppj.2022.12.23; Prom et al. (2022). Evaluation of a Subset of Ethiopia Sorghum Collection Germplasm from the National Genetic Resources Program of the United States Department of Agriculture for Anthracnose Resistance. American Journal of Plant Sciences 13:1403-1411. https://doi.org/10.4236/ajps.2022.1312095",https://doi.org/10.3923/ppj.2022.12.23; https://doi.org/10.4236/ajps.2022.1312095
PI 665169,PI665169,Same disease,2,anthracnose; grain mold; rust,anthracnose,"Prom et al. (2022). Response of Sorghum Accessions from Three African Countries to Anthracnose, Grain Mould and Rust. Plant Pathology Journal 21:12-23. https://doi.org/10.3923/ppj.2022.12.23; Prom et al. (2022). Evaluation of a Subset of Ethiopia Sorghum Collection Germplasm from the National Genetic Resources Program of the United States Department of Agriculture for Anthracnose Resistance. American Journal of Plant Sciences 13:1403-1411. https://doi.org/10.4236/ajps.2022.1312095",https://doi.org/10.3923/ppj.2022.12.23; https://doi.org/10.4236/ajps.2022.1312095
PI 668717,PI668717,Same disease,2,anthracnose; rust,anthracnose,"Prom et al. (2022). Response of Sorghum Accessions from Three African Countries to Anthracnose, Grain Mould and Rust. Plant Pathology Journal 21:12-23. https://doi.org/10.3923/ppj.2022.12.23; Prom et al. (2022). Evaluation of a Subset of Ethiopia Sorghum Collection Germplasm from the National Genetic Resources Program of the United States Department of Agriculture for Anthracnose Resistance. American Journal of Plant Sciences 13:1403-1411. https://doi.org/10.4236/ajps.2022.1312095",https://doi.org/10.3923/ppj.2022.12.23; https://doi.org/10.4236/ajps.2022.1312095
