Dataset identifier,Study identifier,Disease identifier,Endpoint identifier,Environment identifier,Measurement-scale identifier,Response direction,Study role,Data source,Reported observations (n),Observations in quantitative summaries (n),Descriptive or supporting observations (n),Observations with categorical responses (n),Observations with numerical responses (n),Observations assessed using the candidate criterion (n)
ethiopian_field_anthracnose_multisite,ethiopian_field_anthracnose_multisite,anthracnose,reported_score,asosa_2020_2021_combined,anthracnose_score_1_5_at_dough_stage,Lower values indicate a more favorable response,Genotype,Publicly available study source,357,357,0,357,357,0
ethiopian_field_anthracnose_multisite,ethiopian_field_anthracnose_multisite,anthracnose,reported_score,asosa_2020_2021_combined,anthracnose_score_1_5_at_dough_stage,Lower values indicate a more favorable response,Susceptible check,Publicly available study source,1,1,0,1,1,0
ethiopian_field_anthracnose_multisite,ethiopian_field_anthracnose_multisite,anthracnose,reported_score,bako_2020_2021_combined,anthracnose_score_1_5_at_dough_stage,Lower values indicate a more favorable response,Genotype,Publicly available study source,357,357,0,357,357,0
ethiopian_field_anthracnose_multisite,ethiopian_field_anthracnose_multisite,anthracnose,reported_score,bako_2020_2021_combined,anthracnose_score_1_5_at_dough_stage,Lower values indicate a more favorable response,Susceptible check,Publicly available study source,1,1,0,1,1,0
ethiopian_field_anthracnose_multisite,ethiopian_field_anthracnose_multisite,anthracnose,reported_score,haramaya_2021_2022_combined,anthracnose_score_1_5_at_dough_stage,Lower values indicate a more favorable response,Genotype,Publicly available study source,357,357,0,357,357,0
ethiopian_field_anthracnose_multisite,ethiopian_field_anthracnose_multisite,anthracnose,reported_score,haramaya_2021_2022_combined,anthracnose_score_1_5_at_dough_stage,Lower values indicate a more favorable response,Susceptible check,Publicly available study source,1,1,0,1,1,0
ethiopian_field_anthracnose_multisite,ethiopian_field_anthracnose_multisite,anthracnose,reported_score,jimma_2020_2021_combined,anthracnose_score_1_5_at_dough_stage,Lower values indicate a more favorable response,Genotype,Publicly available study source,357,357,0,357,357,0
ethiopian_field_anthracnose_multisite,ethiopian_field_anthracnose_multisite,anthracnose,reported_score,jimma_2020_2021_combined,anthracnose_score_1_5_at_dough_stage,Lower values indicate a more favorable response,Susceptible check,Publicly available study source,1,1,0,1,1,0
panelA_pr_multidisease,panelA_pr_2017_2018,anthracnose,field_anthracnose_ordinal_score,isabela_pr_2017_2018_source_rows_unresolved,ordinal_1_5,Lower values indicate a more favorable response,Reference check,Cited publication and associated public data file,12,0,12,0,0,0
panelA_pr_multidisease,panelA_pr_2017_2018,anthracnose,field_anthracnose_ordinal_score,isabela_pr_2017_2018_source_rows_unresolved,ordinal_1_5,Lower values indicate a more favorable response,Accession or line,Cited publication and associated public data file,36,0,36,0,0,0
panelA_pr_multidisease,panelA_pr_2017_2018,anthracnose,field_anthracnose_ordinal_score,isabela_pr_2017_2018_source_rows_unresolved,ordinal_1_5,Lower values indicate a more favorable response,Test accession,Cited publication and associated public data file,1013,1013,0,1013,1013,613
panelA_pr_multidisease,panelA_pr_2017_2018,grain_mold,field_grain_mold_ordinal_score,isabela_pr_2017_2018_source_rows_unresolved,ordinal_1_5,Lower values indicate a more favorable response,Reference check,Cited publication and associated public data file,11,0,11,0,0,0
panelA_pr_multidisease,panelA_pr_2017_2018,grain_mold,field_grain_mold_ordinal_score,isabela_pr_2017_2018_source_rows_unresolved,ordinal_1_5,Lower values indicate a more favorable response,Accession or line,Cited publication and associated public data file,34,0,34,0,0,0
panelA_pr_multidisease,panelA_pr_2017_2018,grain_mold,field_grain_mold_ordinal_score,isabela_pr_2017_2018_source_rows_unresolved,ordinal_1_5,Lower values indicate a more favorable response,Test accession,Cited publication and associated public data file,576,576,0,576,576,516
panelA_pr_multidisease,panelA_pr_2017_2018,rust,field_rust_ordinal_score,isabela_pr_2017_2018_source_rows_unresolved,ordinal_1_6,Lower values indicate a more favorable response,Reference check,Cited publication and associated public data file,12,0,12,0,0,0
panelA_pr_multidisease,panelA_pr_2017_2018,rust,field_rust_ordinal_score,isabela_pr_2017_2018_source_rows_unresolved,ordinal_1_6,Lower values indicate a more favorable response,Accession or line,Cited publication and associated public data file,36,0,36,0,0,0
panelA_pr_multidisease,panelA_pr_2017_2018,rust,field_rust_ordinal_score,isabela_pr_2017_2018_source_rows_unresolved,ordinal_1_6,Lower values indicate a more favorable response,Test accession,Cited publication and associated public data file,1013,1013,0,1013,1013,613
panelB_wa_leafblight,panelB_senegal_2022,leaf_blight,leaf_blight_incidence_percent,senegal_2022_field_environments_unresolved,percent_0_100,Lower values indicate a more favorable response,Reference check,Cited publication and associated public data file,24,0,24,0,0,0
panelB_wa_leafblight,panelB_senegal_2022,leaf_blight,leaf_blight_incidence_percent,senegal_2022_field_environments_unresolved,percent_0_100,Lower values indicate a more favorable response,Accession or line,Cited publication and associated public data file,2,0,2,0,0,0
panelB_wa_leafblight,panelB_senegal_2022,leaf_blight,leaf_blight_incidence_percent,senegal_2022_field_environments_unresolved,percent_0_100,Lower values indicate a more favorable response,Test accession,Cited publication and associated public data file,1313,1313,0,1313,1313,1311
panelB_wa_leafblight,panelB_senegal_2022,leaf_blight,leaf_blight_severity_percent,senegal_2022_field_environments_unresolved,percent_0_100_midpoint,Lower values indicate a more favorable response,Reference check,Cited publication and associated public data file,24,0,24,0,0,0
panelB_wa_leafblight,panelB_senegal_2022,leaf_blight,leaf_blight_severity_percent,senegal_2022_field_environments_unresolved,percent_0_100_midpoint,Lower values indicate a more favorable response,Accession or line,Cited publication and associated public data file,2,0,2,0,0,0
panelB_wa_leafblight,panelB_senegal_2022,leaf_blight,leaf_blight_severity_percent,senegal_2022_field_environments_unresolved,percent_0_100_midpoint,Lower values indicate a more favorable response,Test accession,Cited publication and associated public data file,1313,1313,0,1313,1313,1311
prom_accession_anthracnose_grain_mold_2020,prom_accession_anthracnose_grain_mold_2020,anthracnose,anthracnose_rating_across_reported_seasons,burleson_county_texas_2010_2014_2015_at_least_two_seasons_per_accession,anthracnose_score_1_5_with_variation_markers,Lower values indicate a more favorable response,Accession,Publicly available study source,47,47,0,34,34,47
prom_accession_anthracnose_grain_mold_2020,prom_accession_anthracnose_grain_mold_2020,anthracnose,anthracnose_rating_across_reported_seasons,burleson_county_texas_2010_2014_2015_at_least_two_seasons_per_accession,anthracnose_score_1_5_with_variation_markers,Lower values indicate a more favorable response,Resistant control,Publicly available study source,1,1,0,1,1,0
prom_accession_anthracnose_grain_mold_2020,prom_accession_anthracnose_grain_mold_2020,anthracnose,anthracnose_rating_across_reported_seasons,burleson_county_texas_2010_2014_2015_at_least_two_seasons_per_accession,anthracnose_score_1_5_with_variation_markers,Lower values indicate a more favorable response,Susceptible control,Publicly available study source,1,1,0,1,1,0
prom_accession_anthracnose_grain_mold_2020,prom_accession_anthracnose_grain_mold_2020,grain_mold,germination_percent_combined_across_treatments,burleson_county_texas_2014_2015_grain_mold_combined_treatments,germination_percent_0_100_with_tukey_group,Higher values indicate a more favorable response,Accession,Publicly available study source,47,47,0,45,45,47
prom_accession_anthracnose_grain_mold_2020,prom_accession_anthracnose_grain_mold_2020,grain_mold,germination_percent_combined_across_treatments,burleson_county_texas_2014_2015_grain_mold_combined_treatments,germination_percent_0_100_with_tukey_group,Higher values indicate a more favorable response,Resistant control,Publicly available study source,1,1,0,0,0,0
prom_accession_anthracnose_grain_mold_2020,prom_accession_anthracnose_grain_mold_2020,grain_mold,germination_percent_combined_across_treatments,burleson_county_texas_2014_2015_grain_mold_combined_treatments,germination_percent_0_100_with_tukey_group,Higher values indicate a more favorable response,Susceptible control,Publicly available study source,1,1,0,0,0,0
prom_accession_anthracnose_grain_mold_2020,prom_accession_anthracnose_grain_mold_2020,grain_mold,germination_percent_treatment_mean,burleson_county_texas_2014_2015_grain_mold_alternaria_alternata,germination_percent_0_100,Higher values indicate a more favorable response,Two-accession treatment subset selected by outcome,Publicly available study source,2,2,0,2,2,0
prom_accession_anthracnose_grain_mold_2020,prom_accession_anthracnose_grain_mold_2020,grain_mold,germination_percent_treatment_mean,burleson_county_texas_2014_2015_grain_mold_fungal_mixture,germination_percent_0_100,Higher values indicate a more favorable response,Two-accession treatment subset selected by outcome,Publicly available study source,2,2,0,2,2,0
prom_accession_anthracnose_grain_mold_2020,prom_accession_anthracnose_grain_mold_2020,grain_mold,germination_percent_treatment_mean,burleson_county_texas_2014_2015_grain_mold_untreated_natural_infection_control,germination_percent_0_100,Higher values indicate a more favorable response,Two-accession treatment subset selected by outcome,Publicly available study source,2,2,0,2,2,0
prom_accession_anthracnose_grain_mold_2020,prom_accession_anthracnose_grain_mold_2020,grain_mold,grain_mold_severity_combined_across_treatments,burleson_county_texas_2014_2015_grain_mold_combined_treatments,grain_mold_score_1_5_with_tukey_group,Lower values indicate a more favorable response,Accession,Publicly available study source,47,47,0,46,46,47
prom_accession_anthracnose_grain_mold_2020,prom_accession_anthracnose_grain_mold_2020,grain_mold,grain_mold_severity_combined_across_treatments,burleson_county_texas_2014_2015_grain_mold_combined_treatments,grain_mold_score_1_5_with_tukey_group,Lower values indicate a more favorable response,Resistant control,Publicly available study source,1,1,0,0,0,0
prom_accession_anthracnose_grain_mold_2020,prom_accession_anthracnose_grain_mold_2020,grain_mold,grain_mold_severity_combined_across_treatments,burleson_county_texas_2014_2015_grain_mold_combined_treatments,grain_mold_score_1_5_with_tukey_group,Lower values indicate a more favorable response,Susceptible control,Publicly available study source,1,1,0,0,0,0
prom_accession_anthracnose_grain_mold_2020,prom_accession_anthracnose_grain_mold_2020,grain_mold,grain_mold_severity_treatment_mean,burleson_county_texas_2014_2015_grain_mold_alternaria_alternata,grain_mold_score_1_5,Lower values indicate a more favorable response,Two-accession treatment subset selected by outcome,Publicly available study source,2,2,0,2,2,0
prom_accession_anthracnose_grain_mold_2020,prom_accession_anthracnose_grain_mold_2020,grain_mold,grain_mold_severity_treatment_mean,burleson_county_texas_2014_2015_grain_mold_fungal_mixture,grain_mold_score_1_5,Lower values indicate a more favorable response,Two-accession treatment subset selected by outcome,Publicly available study source,2,2,0,2,2,0
prom_accession_anthracnose_grain_mold_2020,prom_accession_anthracnose_grain_mold_2020,grain_mold,grain_mold_severity_treatment_mean,burleson_county_texas_2014_2015_grain_mold_untreated_natural_infection_control,grain_mold_score_1_5,Lower values indicate a more favorable response,Two-accession treatment subset selected by outcome,Publicly available study source,2,2,0,2,2,0
prom_accession_anthracnose_grain_mold_2020,prom_accession_anthracnose_grain_mold_2020,grain_mold,hundred_seed_weight_g_combined_across_treatments,burleson_county_texas_2014_2015_grain_mold_combined_treatments,hundred_seed_weight_g_with_tukey_group,Descriptive endpoint,Accession,Publicly available study source,47,47,0,45,45,47
prom_accession_anthracnose_grain_mold_2020,prom_accession_anthracnose_grain_mold_2020,grain_mold,hundred_seed_weight_g_combined_across_treatments,burleson_county_texas_2014_2015_grain_mold_combined_treatments,hundred_seed_weight_g_with_tukey_group,Descriptive endpoint,Resistant control,Publicly available study source,1,1,0,0,0,0
prom_accession_anthracnose_grain_mold_2020,prom_accession_anthracnose_grain_mold_2020,grain_mold,hundred_seed_weight_g_combined_across_treatments,burleson_county_texas_2014_2015_grain_mold_combined_treatments,hundred_seed_weight_g_with_tukey_group,Descriptive endpoint,Susceptible control,Publicly available study source,1,1,0,0,0,0
prom_accession_anthracnose_grain_mold_2020,prom_accession_anthracnose_grain_mold_2020,grain_mold,hundred_seed_weight_g_treatment_mean,burleson_county_texas_2014_2015_grain_mold_alternaria_alternata,hundred_seed_weight_g,Descriptive endpoint,Two-accession treatment subset selected by outcome,Publicly available study source,2,2,0,2,2,0
prom_accession_anthracnose_grain_mold_2020,prom_accession_anthracnose_grain_mold_2020,grain_mold,hundred_seed_weight_g_treatment_mean,burleson_county_texas_2014_2015_grain_mold_fungal_mixture,hundred_seed_weight_g,Descriptive endpoint,Two-accession treatment subset selected by outcome,Publicly available study source,2,2,0,2,2,0
prom_accession_anthracnose_grain_mold_2020,prom_accession_anthracnose_grain_mold_2020,grain_mold,hundred_seed_weight_g_treatment_mean,burleson_county_texas_2014_2015_grain_mold_untreated_natural_infection_control,hundred_seed_weight_g,Descriptive endpoint,Two-accession treatment subset selected by outcome,Publicly available study source,2,2,0,2,2,0
prom_agronomic_grain_mold_senegal_2026,prom_agronomic_grain_mold_senegal_2026,grain_mold,intact_panicle_grain_mold_rating_mean,thysse_kaymor_and_sefa_senegal_2022_combined_cultivar_mean,intact_panicle_grain_mold_rating_1_to_5_1_clean_5_more_than_50_percent_moldy,Lower values indicate less disease,Cultivar or line,Publicly available study source,24,24,0,24,24,24
prom_agronomic_grain_mold_senegal_2026,prom_agronomic_grain_mold_senegal_2026,grain_mold,threshed_grain_mold_rating_mean,thysse_kaymor_and_sefa_senegal_2022_combined_cultivar_mean,threshed_grain_mold_rating_1_to_5_1_clean_5_more_than_50_percent_moldy,Lower values indicate less disease,Cultivar or line,Publicly available study source,24,24,0,24,24,24
prom_anthracnose_pathotype_differentials_2023,prom_anthracnose_pathotype_differentials_2023,anthracnose,isolate_reaction,isolate_182,binary_reaction_R_S,Resistant classification is favorable,Differential line,Publicly available study source,18,18,0,18,0,0
prom_anthracnose_pathotype_differentials_2023,prom_anthracnose_pathotype_differentials_2023,anthracnose,isolate_reaction,isolate_198,binary_reaction_R_S,Resistant classification is favorable,Differential line,Publicly available study source,18,18,0,18,0,0
prom_anthracnose_pathotype_differentials_2023,prom_anthracnose_pathotype_differentials_2023,anthracnose,isolate_reaction,isolate_199,binary_reaction_R_S,Resistant classification is favorable,Differential line,Publicly available study source,18,18,0,18,0,0
prom_anthracnose_pathotype_differentials_2023,prom_anthracnose_pathotype_differentials_2023,anthracnose,isolate_reaction,isolate_200,binary_reaction_R_S,Resistant classification is favorable,Differential line,Publicly available study source,18,18,0,18,0,0
prom_anthracnose_pathotype_differentials_2023,prom_anthracnose_pathotype_differentials_2023,anthracnose,isolate_reaction,isolate_201,binary_reaction_R_S,Resistant classification is favorable,Differential line,Publicly available study source,18,18,0,18,0,0
prom_anthracnose_pathotype_differentials_2023,prom_anthracnose_pathotype_differentials_2023,anthracnose,isolate_reaction,isolate_208,binary_reaction_R_S,Resistant classification is favorable,Differential line,Publicly available study source,18,18,0,18,0,0
prom_anthracnose_pathotype_differentials_2023,prom_anthracnose_pathotype_differentials_2023,anthracnose,isolate_reaction,isolate_213,binary_reaction_R_S,Resistant classification is favorable,Differential line,Publicly available study source,18,18,0,18,0,0
prom_anthracnose_pathotype_differentials_2023,prom_anthracnose_pathotype_differentials_2023,anthracnose,isolate_reaction,isolate_237,binary_reaction_R_S,Resistant classification is favorable,Differential line,Publicly available study source,18,18,0,18,0,0
prom_anthracnose_pathotype_differentials_2023,prom_anthracnose_pathotype_differentials_2023,anthracnose,isolate_reaction,isolate_244,binary_reaction_R_S,Resistant classification is favorable,Differential line,Publicly available study source,18,18,0,18,0,0
prom_anthracnose_pathotype_differentials_2023,prom_anthracnose_pathotype_differentials_2023,anthracnose,isolate_reaction,isolate_245,binary_reaction_R_S,Resistant classification is favorable,Differential line,Publicly available study source,18,18,0,18,0,0
prom_anthracnose_pathotype_differentials_2023,prom_anthracnose_pathotype_differentials_2023,anthracnose,isolate_reaction,isolate_248,binary_reaction_R_S,Resistant classification is favorable,Differential line,Publicly available study source,18,18,0,18,0,0
prom_anthracnose_pathotype_differentials_2023,prom_anthracnose_pathotype_differentials_2023,anthracnose,isolate_reaction,isolate_250,binary_reaction_R_S,Resistant classification is favorable,Differential line,Publicly available study source,18,18,0,18,0,0
prom_anthracnose_pathotype_differentials_2023,prom_anthracnose_pathotype_differentials_2023,anthracnose,isolate_reaction,isolate_252,binary_reaction_R_S,Resistant classification is favorable,Differential line,Publicly available study source,18,18,0,18,0,0
prom_anthracnose_pathotype_differentials_2023,prom_anthracnose_pathotype_differentials_2023,anthracnose,isolate_reaction,isolate_265,binary_reaction_R_S,Resistant classification is favorable,Differential line,Publicly available study source,18,18,0,18,0,0
prom_anthracnose_pathotype_differentials_2023,prom_anthracnose_pathotype_differentials_2023,anthracnose,isolate_reaction,isolate_267,binary_reaction_R_S,Resistant classification is favorable,Differential line,Publicly available study source,18,18,0,18,0,0
prom_anthracnose_pathotype_differentials_2023,prom_anthracnose_pathotype_differentials_2023,anthracnose,isolate_reaction,isolate_276,binary_reaction_R_S,Resistant classification is favorable,Differential line,Publicly available study source,18,18,0,18,0,0
prom_anthracnose_pathotype_differentials_2023,prom_anthracnose_pathotype_differentials_2023,anthracnose,isolate_reaction,isolate_277,binary_reaction_R_S,Resistant classification is favorable,Differential line,Publicly available study source,18,18,0,18,0,0
prom_anthracnose_pathotype_differentials_2023,prom_anthracnose_pathotype_differentials_2023,anthracnose,isolate_reaction,isolate_278,binary_reaction_R_S,Resistant classification is favorable,Differential line,Publicly available study source,18,18,0,18,0,0
prom_anthracnose_pathotype_differentials_2023,prom_anthracnose_pathotype_differentials_2023,anthracnose,isolate_reaction,isolate_279,binary_reaction_R_S,Resistant classification is favorable,Differential line,Publicly available study source,18,18,0,18,0,0
prom_anthracnose_pathotype_differentials_2023,prom_anthracnose_pathotype_differentials_2023,anthracnose,isolate_reaction,isolate_280,binary_reaction_R_S,Resistant classification is favorable,Differential line,Publicly available study source,18,18,0,18,0,0
prom_anthracnose_pathotype_differentials_2023,prom_anthracnose_pathotype_differentials_2023,anthracnose,isolate_reaction,isolate_281,binary_reaction_R_S,Resistant classification is favorable,Differential line,Publicly available study source,18,18,0,18,0,0
prom_anthracnose_pathotype_differentials_2023,prom_anthracnose_pathotype_differentials_2023,anthracnose,isolate_reaction,isolate_284,binary_reaction_R_S,Resistant classification is favorable,Differential line,Publicly available study source,18,18,0,18,0,0
prom_anthracnose_pathotype_differentials_2023,prom_anthracnose_pathotype_differentials_2023,anthracnose,isolate_reaction,isolate_289,binary_reaction_R_S,Resistant classification is favorable,Differential line,Publicly available study source,18,18,0,18,0,0
prom_anthracnose_pathotype_differentials_2023,prom_anthracnose_pathotype_differentials_2023,anthracnose,isolate_reaction,isolate_299,binary_reaction_R_S,Resistant classification is favorable,Differential line,Publicly available study source,18,18,0,18,0,0
prom_anthracnose_pathotype_differentials_2023,prom_anthracnose_pathotype_differentials_2023,anthracnose,isolate_reaction,isolate_36,binary_reaction_R_S,Resistant classification is favorable,Differential line,Publicly available study source,18,18,0,18,0,0
prom_anthracnose_pathotype_differentials_2023,prom_anthracnose_pathotype_differentials_2023,anthracnose,isolate_reaction,isolate_53,binary_reaction_R_S,Resistant classification is favorable,Differential line,Publicly available study source,18,18,0,18,0,0
prom_anthracnose_pathotype_differentials_2023,prom_anthracnose_pathotype_differentials_2023,anthracnose,isolate_reaction,isolate_70,binary_reaction_R_S,Resistant classification is favorable,Differential line,Publicly available study source,18,18,0,18,0,0
prom_anthracnose_pathotype_differentials_2023,prom_anthracnose_pathotype_differentials_2023,anthracnose,isolate_reaction,isolate_71,binary_reaction_R_S,Resistant classification is favorable,Differential line,Publicly available study source,18,18,0,18,0,0
prom_anthracnose_pathotype_differentials_2023,prom_anthracnose_pathotype_differentials_2023,anthracnose,isolate_reaction,isolate_76,binary_reaction_R_S,Resistant classification is favorable,Differential line,Publicly available study source,18,18,0,18,0,0
prom_anthracnose_pathotype_differentials_2023,prom_anthracnose_pathotype_differentials_2023,anthracnose,isolate_reaction,isolate_92,binary_reaction_R_S,Resistant classification is favorable,Differential line,Publicly available study source,18,18,0,18,0,0
prom_china_ergot_2008,prom_china_ergot_2008,ergot,ergot_infection_percent,college_station_texas_2005_10_dai_inoculated,infected_florets_percent_0_100,Lower values indicate a more favorable response,Chinese accession,Publicly available study source,40,40,0,40,40,40
prom_china_ergot_2008,prom_china_ergot_2008,ergot,ergot_infection_percent,college_station_texas_2005_10_dai_inoculated,infected_florets_percent_0_100,Lower values indicate a more favorable response,Resistant control,Publicly available study source,3,3,0,3,3,0
prom_china_ergot_2008,prom_china_ergot_2008,ergot,ergot_infection_percent,college_station_texas_2005_10_dai_inoculated,infected_florets_percent_0_100,Lower values indicate a more favorable response,Susceptible control,Publicly available study source,1,1,0,1,1,0
prom_china_ergot_2008,prom_china_ergot_2008,ergot,ergot_infection_percent,college_station_texas_2005_10_dai_water_sprayed_control,infected_florets_percent_0_100,Lower values indicate a more favorable response,Chinese accession,Publicly available study source,40,40,0,40,40,40
prom_china_ergot_2008,prom_china_ergot_2008,ergot,ergot_infection_percent,college_station_texas_2005_10_dai_water_sprayed_control,infected_florets_percent_0_100,Lower values indicate a more favorable response,Resistant control,Publicly available study source,3,3,0,3,3,0
prom_china_ergot_2008,prom_china_ergot_2008,ergot,ergot_infection_percent,college_station_texas_2005_10_dai_water_sprayed_control,infected_florets_percent_0_100,Lower values indicate a more favorable response,Susceptible control,Publicly available study source,1,1,0,1,1,0
prom_china_ergot_2008,prom_china_ergot_2008,ergot,ergot_infection_percent,college_station_texas_2005_15_dai_inoculated,infected_florets_percent_0_100,Lower values indicate a more favorable response,Chinese accession,Publicly available study source,40,40,0,40,40,40
prom_china_ergot_2008,prom_china_ergot_2008,ergot,ergot_infection_percent,college_station_texas_2005_15_dai_inoculated,infected_florets_percent_0_100,Lower values indicate a more favorable response,Resistant control,Publicly available study source,3,3,0,2,2,0
prom_china_ergot_2008,prom_china_ergot_2008,ergot,ergot_infection_percent,college_station_texas_2005_15_dai_inoculated,infected_florets_percent_0_100,Lower values indicate a more favorable response,Susceptible control,Publicly available study source,1,1,0,1,1,0
prom_china_ergot_2008,prom_china_ergot_2008,ergot,ergot_infection_percent,college_station_texas_2005_15_dai_water_sprayed_control,infected_florets_percent_0_100,Lower values indicate a more favorable response,Chinese accession,Publicly available study source,40,40,0,40,40,40
prom_china_ergot_2008,prom_china_ergot_2008,ergot,ergot_infection_percent,college_station_texas_2005_15_dai_water_sprayed_control,infected_florets_percent_0_100,Lower values indicate a more favorable response,Resistant control,Publicly available study source,3,3,0,2,2,0
prom_china_ergot_2008,prom_china_ergot_2008,ergot,ergot_infection_percent,college_station_texas_2005_15_dai_water_sprayed_control,infected_florets_percent_0_100,Lower values indicate a more favorable response,Susceptible control,Publicly available study source,1,1,0,1,1,0
prom_china_ergot_2008,prom_china_ergot_2008,ergot,ergot_infection_percent,college_station_texas_2006_10_dai_inoculated,infected_florets_percent_0_100,Lower values indicate a more favorable response,Chinese accession,Publicly available study source,40,40,0,40,40,40
prom_china_ergot_2008,prom_china_ergot_2008,ergot,ergot_infection_percent,college_station_texas_2006_10_dai_inoculated,infected_florets_percent_0_100,Lower values indicate a more favorable response,Resistant control,Publicly available study source,3,3,0,3,3,0
prom_china_ergot_2008,prom_china_ergot_2008,ergot,ergot_infection_percent,college_station_texas_2006_10_dai_inoculated,infected_florets_percent_0_100,Lower values indicate a more favorable response,Susceptible control,Publicly available study source,1,1,0,1,1,0
prom_china_ergot_2008,prom_china_ergot_2008,ergot,ergot_infection_percent,college_station_texas_2006_10_dai_water_sprayed_control,infected_florets_percent_0_100,Lower values indicate a more favorable response,Chinese accession,Publicly available study source,40,40,0,40,40,40
prom_china_ergot_2008,prom_china_ergot_2008,ergot,ergot_infection_percent,college_station_texas_2006_10_dai_water_sprayed_control,infected_florets_percent_0_100,Lower values indicate a more favorable response,Resistant control,Publicly available study source,3,3,0,3,3,0
prom_china_ergot_2008,prom_china_ergot_2008,ergot,ergot_infection_percent,college_station_texas_2006_10_dai_water_sprayed_control,infected_florets_percent_0_100,Lower values indicate a more favorable response,Susceptible control,Publicly available study source,1,1,0,1,1,0
prom_china_ergot_2008,prom_china_ergot_2008,ergot,ergot_infection_percent,college_station_texas_2006_15_dai_inoculated,infected_florets_percent_0_100,Lower values indicate a more favorable response,Chinese accession,Publicly available study source,40,40,0,40,40,40
prom_china_ergot_2008,prom_china_ergot_2008,ergot,ergot_infection_percent,college_station_texas_2006_15_dai_inoculated,infected_florets_percent_0_100,Lower values indicate a more favorable response,Resistant control,Publicly available study source,3,3,0,3,3,0
prom_china_ergot_2008,prom_china_ergot_2008,ergot,ergot_infection_percent,college_station_texas_2006_15_dai_inoculated,infected_florets_percent_0_100,Lower values indicate a more favorable response,Susceptible control,Publicly available study source,1,1,0,1,1,0
prom_china_ergot_2008,prom_china_ergot_2008,ergot,ergot_infection_percent,college_station_texas_2006_15_dai_water_sprayed_control,infected_florets_percent_0_100,Lower values indicate a more favorable response,Chinese accession,Publicly available study source,40,40,0,40,40,40
prom_china_ergot_2008,prom_china_ergot_2008,ergot,ergot_infection_percent,college_station_texas_2006_15_dai_water_sprayed_control,infected_florets_percent_0_100,Lower values indicate a more favorable response,Resistant control,Publicly available study source,3,3,0,3,3,0
prom_china_ergot_2008,prom_china_ergot_2008,ergot,ergot_infection_percent,college_station_texas_2006_15_dai_water_sprayed_control,infected_florets_percent_0_100,Lower values indicate a more favorable response,Susceptible control,Publicly available study source,1,1,0,1,1,0
prom_chinese_downy_anthracnose_2007,prom_chinese_downy_anthracnose_2007,anthracnose,anthracnose_reported_reaction_class,college_station_texas_2005,reported_resistant_1_2_susceptible_3_5_from_score_1_5,Resistant classification is favorable,Accession,Publicly available study source,40,40,0,40,0,40
prom_chinese_downy_anthracnose_2007,prom_chinese_downy_anthracnose_2007,downy_mildew,downy_mildew_incidence_proportion_lsmean,college_station_texas_2005,incidence_proportion_beta_model_lsmean_0_1,Lower values indicate a more favorable response,Accession,Publicly available study source,40,40,0,40,40,40
prom_converted_lines_anthracnose_downy_2016,prom_converted_lines_anthracnose_downy_2016,anthracnose,anthracnose_reported_reaction_class,college_station_texas_2008,reported_R_S_V_class_from_anthracnose_score_1_5,Resistant classification is favorable,Check,Publicly available study source,6,6,0,6,0,0
prom_converted_lines_anthracnose_downy_2016,prom_converted_lines_anthracnose_downy_2016,anthracnose,anthracnose_reported_reaction_class,college_station_texas_2008,reported_R_S_V_class_from_anthracnose_score_1_5,Resistant classification is favorable,Converted line,Publicly available study source,59,59,0,59,0,59
prom_converted_lines_anthracnose_downy_2016,prom_converted_lines_anthracnose_downy_2016,anthracnose,anthracnose_reported_reaction_class,college_station_texas_2009,reported_R_S_V_class_from_anthracnose_score_1_5,Resistant classification is favorable,Check,Publicly available study source,6,6,0,6,0,0
prom_converted_lines_anthracnose_downy_2016,prom_converted_lines_anthracnose_downy_2016,anthracnose,anthracnose_reported_reaction_class,college_station_texas_2009,reported_R_S_V_class_from_anthracnose_score_1_5,Resistant classification is favorable,Converted line,Publicly available study source,59,59,0,48,0,59
prom_converted_lines_anthracnose_downy_2016,prom_converted_lines_anthracnose_downy_2016,downy_mildew,downy_mildew_incidence_percent_combined_lsmean,college_station_texas_2008_2009_combined,downy_mildew_incidence_percent_0_100_combined_2008_2009,Lower values indicate a more favorable response,Check,Publicly available study source,6,6,0,6,6,0
prom_converted_lines_anthracnose_downy_2016,prom_converted_lines_anthracnose_downy_2016,downy_mildew,downy_mildew_incidence_percent_combined_lsmean,college_station_texas_2008_2009_combined,downy_mildew_incidence_percent_0_100_combined_2008_2009,Lower values indicate a more favorable response,Converted line,Publicly available study source,59,59,0,59,59,59
prom_converted_lines_anthracnose_downy_2016,prom_converted_lines_anthracnose_downy_2016,downy_mildew,downy_mildew_reported_reaction_class,college_station_texas_2008_2009_combined,reported_R_MR_MS_S_from_downy_mildew_incidence,Resistant classification is favorable,Check,Publicly available study source,6,6,0,6,0,0
prom_converted_lines_anthracnose_downy_2016,prom_converted_lines_anthracnose_downy_2016,downy_mildew,downy_mildew_reported_reaction_class,college_station_texas_2008_2009_combined,reported_R_MR_MS_S_from_downy_mildew_incidence,Resistant classification is favorable,Converted line,Publicly available study source,59,59,0,59,0,59
prom_converted_lines_grain_biodeterioration_2016,prom_converted_lines_grain_biodeterioration_2016,grain_mold,field_panicle_grain_mold_severity_combined_lsmean,agrilife_research_farm_burleson_county_texas_2008_2009_combined_f_thapsinum_c_lunata_inoculation,inoculated_field_grain_mold_score_1_5_f_thapsinum_c_lunata,Lower values indicate a more favorable response,Resistant check,Publicly available study source,3,3,0,3,3,0
prom_converted_lines_grain_biodeterioration_2016,prom_converted_lines_grain_biodeterioration_2016,grain_mold,field_panicle_grain_mold_severity_combined_lsmean,agrilife_research_farm_burleson_county_texas_2008_2009_combined_f_thapsinum_c_lunata_inoculation,inoculated_field_grain_mold_score_1_5_f_thapsinum_c_lunata,Lower values indicate a more favorable response,Sorghum converted line,Publicly available study source,60,60,0,60,60,60
prom_converted_lines_grain_biodeterioration_2016,prom_converted_lines_grain_biodeterioration_2016,grain_mold,field_panicle_grain_mold_severity_combined_lsmean,agrilife_research_farm_burleson_county_texas_2008_2009_combined_f_thapsinum_c_lunata_inoculation,inoculated_field_grain_mold_score_1_5_f_thapsinum_c_lunata,Lower values indicate a more favorable response,Susceptible check,Publicly available study source,2,2,0,2,2,0
prom_converted_lines_grain_biodeterioration_2016,prom_converted_lines_grain_biodeterioration_2016,grain_mold,germination_percent_combined_lsmean,agrilife_research_farm_burleson_county_texas_2008_2009_combined_f_thapsinum_c_lunata_inoculation,germination_percent_0_100,Higher values indicate a more favorable response,Resistant check,Publicly available study source,3,3,0,3,3,0
prom_converted_lines_grain_biodeterioration_2016,prom_converted_lines_grain_biodeterioration_2016,grain_mold,germination_percent_combined_lsmean,agrilife_research_farm_burleson_county_texas_2008_2009_combined_f_thapsinum_c_lunata_inoculation,germination_percent_0_100,Higher values indicate a more favorable response,Sorghum converted line,Publicly available study source,60,60,0,59,59,60
prom_converted_lines_grain_biodeterioration_2016,prom_converted_lines_grain_biodeterioration_2016,grain_mold,germination_percent_combined_lsmean,agrilife_research_farm_burleson_county_texas_2008_2009_combined_f_thapsinum_c_lunata_inoculation,germination_percent_0_100,Higher values indicate a more favorable response,Susceptible check,Publicly available study source,2,2,0,2,2,0
prom_converted_lines_grain_biodeterioration_2016,prom_converted_lines_grain_biodeterioration_2016,grain_mold,hundred_seed_weight_g_combined_lsmean,agrilife_research_farm_burleson_county_texas_2008_2009_combined_f_thapsinum_c_lunata_inoculation,hundred_seed_weight_g,Descriptive endpoint,Resistant check,Publicly available study source,3,3,0,3,3,0
prom_converted_lines_grain_biodeterioration_2016,prom_converted_lines_grain_biodeterioration_2016,grain_mold,hundred_seed_weight_g_combined_lsmean,agrilife_research_farm_burleson_county_texas_2008_2009_combined_f_thapsinum_c_lunata_inoculation,hundred_seed_weight_g,Descriptive endpoint,Sorghum converted line,Publicly available study source,60,60,0,56,56,60
prom_converted_lines_grain_biodeterioration_2016,prom_converted_lines_grain_biodeterioration_2016,grain_mold,hundred_seed_weight_g_combined_lsmean,agrilife_research_farm_burleson_county_texas_2008_2009_combined_f_thapsinum_c_lunata_inoculation,hundred_seed_weight_g,Descriptive endpoint,Susceptible check,Publicly available study source,2,2,0,1,1,0
prom_differentials_other_diseases_niger_2020,prom_differentials_other_diseases_niger_2020,anthracnose,reported_incidence_percent,maradi_niger_natural_infection,incidence_percent_0_100,Lower values indicate a more favorable response,Anthracnose differential line,Publicly available study source,7,7,0,7,7,0
prom_differentials_other_diseases_niger_2020,prom_differentials_other_diseases_niger_2020,anthracnose,reported_incidence_percent,maradi_niger_natural_infection,incidence_percent_0_100,Lower values indicate a more favorable response,Anthracnose susceptible check,Publicly available study source,3,3,0,3,3,0
prom_differentials_other_diseases_niger_2020,prom_differentials_other_diseases_niger_2020,anthracnose,reported_incidence_percent,maradi_niger_natural_infection,incidence_percent_0_100_or_reported_absence_dash,Lower values indicate a more favorable response,Anthracnose differential line,Publicly available study source,8,8,0,8,0,0
prom_differentials_other_diseases_niger_2020,prom_differentials_other_diseases_niger_2020,anthracnose,reported_incidence_percent,maradi_niger_natural_infection,incidence_percent_0_100_or_reported_absence_dash,Lower values indicate a more favorable response,Anthracnose resistant check differential,Publicly available study source,1,1,0,1,0,0
prom_differentials_other_diseases_niger_2020,prom_differentials_other_diseases_niger_2020,anthracnose,reported_incidence_percent,tillaberi_niger_natural_infection,incidence_percent_0_100,Lower values indicate a more favorable response,Anthracnose differential line,Publicly available study source,4,4,0,4,4,0
prom_differentials_other_diseases_niger_2020,prom_differentials_other_diseases_niger_2020,anthracnose,reported_incidence_percent,tillaberi_niger_natural_infection,incidence_percent_0_100,Lower values indicate a more favorable response,Anthracnose susceptible check,Publicly available study source,3,3,0,3,3,0
prom_differentials_other_diseases_niger_2020,prom_differentials_other_diseases_niger_2020,anthracnose,reported_incidence_percent,tillaberi_niger_natural_infection,incidence_percent_0_100_or_reported_absence_dash,Lower values indicate a more favorable response,Anthracnose differential line,Publicly available study source,11,11,0,11,0,0
prom_differentials_other_diseases_niger_2020,prom_differentials_other_diseases_niger_2020,anthracnose,reported_incidence_percent,tillaberi_niger_natural_infection,incidence_percent_0_100_or_reported_absence_dash,Lower values indicate a more favorable response,Anthracnose resistant check differential,Publicly available study source,1,1,0,1,0,0
prom_differentials_other_diseases_niger_2020,prom_differentials_other_diseases_niger_2020,bacterial_leaf_streak_or_stripe_unresolved,reported_incidence_percent,maradi_niger_natural_infection,incidence_percent_0_100,Lower values indicate a more favorable response,Anthracnose differential line,Publicly available study source,2,2,0,2,2,0
prom_differentials_other_diseases_niger_2020,prom_differentials_other_diseases_niger_2020,leaf_blight,reported_incidence_percent,maradi_niger_natural_infection,incidence_percent_0_100,Lower values indicate a more favorable response,Anthracnose differential line,Publicly available study source,13,13,0,13,13,0
prom_differentials_other_diseases_niger_2020,prom_differentials_other_diseases_niger_2020,leaf_blight,reported_incidence_percent,maradi_niger_natural_infection,incidence_percent_0_100,Lower values indicate a more favorable response,Anthracnose resistant check differential,Publicly available study source,1,1,0,1,1,0
prom_differentials_other_diseases_niger_2020,prom_differentials_other_diseases_niger_2020,leaf_blight,reported_incidence_percent,maradi_niger_natural_infection,incidence_percent_0_100,Lower values indicate a more favorable response,Anthracnose susceptible check,Publicly available study source,3,3,0,3,3,0
prom_differentials_other_diseases_niger_2020,prom_differentials_other_diseases_niger_2020,leaf_blight,reported_incidence_percent,maradi_niger_natural_infection,incidence_percent_0_100_or_reported_absence_dash,Lower values indicate a more favorable response,Anthracnose differential line,Publicly available study source,2,2,0,2,0,0
prom_differentials_other_diseases_niger_2020,prom_differentials_other_diseases_niger_2020,leaf_blight,reported_incidence_percent,tillaberi_niger_natural_infection,incidence_percent_0_100,Lower values indicate a more favorable response,Anthracnose differential line,Publicly available study source,15,15,0,15,15,0
prom_differentials_other_diseases_niger_2020,prom_differentials_other_diseases_niger_2020,leaf_blight,reported_incidence_percent,tillaberi_niger_natural_infection,incidence_percent_0_100,Lower values indicate a more favorable response,Anthracnose resistant check differential,Publicly available study source,1,1,0,1,1,0
prom_differentials_other_diseases_niger_2020,prom_differentials_other_diseases_niger_2020,leaf_blight,reported_incidence_percent,tillaberi_niger_natural_infection,incidence_percent_0_100,Lower values indicate a more favorable response,Anthracnose susceptible check,Publicly available study source,3,3,0,3,3,0
prom_differentials_other_diseases_niger_2020,prom_differentials_other_diseases_niger_2020,long_smut,reported_incidence_percent,maradi_niger_natural_infection,incidence_percent_0_100,Lower values indicate a more favorable response,Anthracnose differential line,Publicly available study source,4,4,0,4,4,0
prom_differentials_other_diseases_niger_2020,prom_differentials_other_diseases_niger_2020,long_smut,reported_incidence_percent,maradi_niger_natural_infection,incidence_percent_0_100,Lower values indicate a more favorable response,Anthracnose susceptible check,Publicly available study source,1,1,0,1,1,0
prom_differentials_other_diseases_niger_2020,prom_differentials_other_diseases_niger_2020,long_smut,reported_incidence_percent,maradi_niger_natural_infection,incidence_percent_0_100_or_reported_absence_dash,Lower values indicate a more favorable response,Anthracnose differential line,Publicly available study source,11,11,0,11,0,0
prom_differentials_other_diseases_niger_2020,prom_differentials_other_diseases_niger_2020,long_smut,reported_incidence_percent,maradi_niger_natural_infection,incidence_percent_0_100_or_reported_absence_dash,Lower values indicate a more favorable response,Anthracnose resistant check differential,Publicly available study source,1,1,0,1,0,0
prom_differentials_other_diseases_niger_2020,prom_differentials_other_diseases_niger_2020,long_smut,reported_incidence_percent,maradi_niger_natural_infection,incidence_percent_0_100_or_reported_absence_dash,Lower values indicate a more favorable response,Anthracnose susceptible check,Publicly available study source,2,2,0,2,0,0
prom_differentials_other_diseases_niger_2020,prom_differentials_other_diseases_niger_2020,long_smut,reported_incidence_percent,tillaberi_niger_natural_infection,incidence_percent_0_100,Lower values indicate a more favorable response,Anthracnose differential line,Publicly available study source,6,6,0,6,6,0
prom_differentials_other_diseases_niger_2020,prom_differentials_other_diseases_niger_2020,long_smut,reported_incidence_percent,tillaberi_niger_natural_infection,incidence_percent_0_100,Lower values indicate a more favorable response,Anthracnose susceptible check,Publicly available study source,3,3,0,3,3,0
prom_differentials_other_diseases_niger_2020,prom_differentials_other_diseases_niger_2020,long_smut,reported_incidence_percent,tillaberi_niger_natural_infection,incidence_percent_0_100_or_reported_absence_dash,Lower values indicate a more favorable response,Anthracnose differential line,Publicly available study source,9,9,0,9,0,0
prom_differentials_other_diseases_niger_2020,prom_differentials_other_diseases_niger_2020,long_smut,reported_incidence_percent,tillaberi_niger_natural_infection,incidence_percent_0_100_or_reported_absence_dash,Lower values indicate a more favorable response,Anthracnose resistant check differential,Publicly available study source,1,1,0,1,0,0
prom_differentials_other_diseases_niger_2020,prom_differentials_other_diseases_niger_2020,oval_leaf_spot,reported_incidence_percent,maradi_niger_natural_infection,incidence_percent_0_100,Lower values indicate a more favorable response,Anthracnose differential line,Publicly available study source,8,8,0,8,8,0
prom_differentials_other_diseases_niger_2020,prom_differentials_other_diseases_niger_2020,oval_leaf_spot,reported_incidence_percent,maradi_niger_natural_infection,incidence_percent_0_100,Lower values indicate a more favorable response,Anthracnose susceptible check,Publicly available study source,3,3,0,3,3,0
prom_differentials_other_diseases_niger_2020,prom_differentials_other_diseases_niger_2020,oval_leaf_spot,reported_incidence_percent,maradi_niger_natural_infection,incidence_percent_0_100_or_reported_absence_dash,Lower values indicate a more favorable response,Anthracnose differential line,Publicly available study source,7,7,0,7,0,0
prom_differentials_other_diseases_niger_2020,prom_differentials_other_diseases_niger_2020,oval_leaf_spot,reported_incidence_percent,maradi_niger_natural_infection,incidence_percent_0_100_or_reported_absence_dash,Lower values indicate a more favorable response,Anthracnose resistant check differential,Publicly available study source,1,1,0,1,0,0
prom_differentials_other_diseases_niger_2020,prom_differentials_other_diseases_niger_2020,oval_leaf_spot,reported_incidence_percent,tillaberi_niger_natural_infection,incidence_percent_0_100,Lower values indicate a more favorable response,Anthracnose differential line,Publicly available study source,7,7,0,7,7,0
prom_differentials_other_diseases_niger_2020,prom_differentials_other_diseases_niger_2020,oval_leaf_spot,reported_incidence_percent,tillaberi_niger_natural_infection,incidence_percent_0_100,Lower values indicate a more favorable response,Anthracnose resistant check differential,Publicly available study source,1,1,0,1,1,0
prom_differentials_other_diseases_niger_2020,prom_differentials_other_diseases_niger_2020,oval_leaf_spot,reported_incidence_percent,tillaberi_niger_natural_infection,incidence_percent_0_100,Lower values indicate a more favorable response,Anthracnose susceptible check,Publicly available study source,3,3,0,3,3,0
prom_differentials_other_diseases_niger_2020,prom_differentials_other_diseases_niger_2020,oval_leaf_spot,reported_incidence_percent,tillaberi_niger_natural_infection,incidence_percent_0_100_or_reported_absence_dash,Lower values indicate a more favorable response,Anthracnose differential line,Publicly available study source,8,8,0,8,0,0
prom_differentials_other_diseases_niger_2020,prom_differentials_other_diseases_niger_2020,rough_leaf_spot,reported_incidence_percent,maradi_niger_natural_infection,incidence_percent_0_100,Lower values indicate a more favorable response,Anthracnose differential line,Publicly available study source,3,3,0,3,3,0
prom_differentials_other_diseases_niger_2020,prom_differentials_other_diseases_niger_2020,rough_leaf_spot,reported_incidence_percent,maradi_niger_natural_infection,incidence_percent_0_100,Lower values indicate a more favorable response,Anthracnose susceptible check,Publicly available study source,2,2,0,2,2,0
prom_differentials_other_diseases_niger_2020,prom_differentials_other_diseases_niger_2020,rough_leaf_spot,reported_incidence_percent,maradi_niger_natural_infection,incidence_percent_0_100_or_reported_absence_dash,Lower values indicate a more favorable response,Anthracnose differential line,Publicly available study source,12,12,0,12,0,0
prom_differentials_other_diseases_niger_2020,prom_differentials_other_diseases_niger_2020,rough_leaf_spot,reported_incidence_percent,maradi_niger_natural_infection,incidence_percent_0_100_or_reported_absence_dash,Lower values indicate a more favorable response,Anthracnose resistant check differential,Publicly available study source,1,1,0,1,0,0
prom_differentials_other_diseases_niger_2020,prom_differentials_other_diseases_niger_2020,rough_leaf_spot,reported_incidence_percent,maradi_niger_natural_infection,incidence_percent_0_100_or_reported_absence_dash,Lower values indicate a more favorable response,Anthracnose susceptible check,Publicly available study source,1,1,0,1,0,0
prom_differentials_other_diseases_niger_2020,prom_differentials_other_diseases_niger_2020,rough_leaf_spot,reported_incidence_percent,tillaberi_niger_natural_infection,incidence_percent_0_100,Lower values indicate a more favorable response,Anthracnose differential line,Publicly available study source,3,3,0,3,3,0
prom_differentials_other_diseases_niger_2020,prom_differentials_other_diseases_niger_2020,rough_leaf_spot,reported_incidence_percent,tillaberi_niger_natural_infection,incidence_percent_0_100,Lower values indicate a more favorable response,Anthracnose susceptible check,Publicly available study source,1,1,0,1,1,0
prom_differentials_other_diseases_niger_2020,prom_differentials_other_diseases_niger_2020,rough_leaf_spot,reported_incidence_percent,tillaberi_niger_natural_infection,incidence_percent_0_100_or_reported_absence_dash,Lower values indicate a more favorable response,Anthracnose differential line,Publicly available study source,12,12,0,12,0,0
prom_differentials_other_diseases_niger_2020,prom_differentials_other_diseases_niger_2020,rough_leaf_spot,reported_incidence_percent,tillaberi_niger_natural_infection,incidence_percent_0_100_or_reported_absence_dash,Lower values indicate a more favorable response,Anthracnose resistant check differential,Publicly available study source,1,1,0,1,0,0
prom_differentials_other_diseases_niger_2020,prom_differentials_other_diseases_niger_2020,rough_leaf_spot,reported_incidence_percent,tillaberi_niger_natural_infection,incidence_percent_0_100_or_reported_absence_dash,Lower values indicate a more favorable response,Anthracnose susceptible check,Publicly available study source,2,2,0,2,0,0
prom_differentials_other_diseases_niger_2020,prom_differentials_other_diseases_niger_2020,target_leaf_spot,reported_incidence_percent,maradi_niger_natural_infection,incidence_percent_0_100,Lower values indicate a more favorable response,Anthracnose differential line,Publicly available study source,7,7,0,7,7,0
prom_differentials_other_diseases_niger_2020,prom_differentials_other_diseases_niger_2020,target_leaf_spot,reported_incidence_percent,maradi_niger_natural_infection,incidence_percent_0_100_or_reported_absence_dash,Lower values indicate a more favorable response,Anthracnose differential line,Publicly available study source,8,8,0,8,0,0
prom_differentials_other_diseases_niger_2020,prom_differentials_other_diseases_niger_2020,target_leaf_spot,reported_incidence_percent,maradi_niger_natural_infection,incidence_percent_0_100_or_reported_absence_dash,Lower values indicate a more favorable response,Anthracnose resistant check differential,Publicly available study source,1,1,0,1,0,0
prom_differentials_other_diseases_niger_2020,prom_differentials_other_diseases_niger_2020,target_leaf_spot,reported_incidence_percent,maradi_niger_natural_infection,incidence_percent_0_100_or_reported_absence_dash,Lower values indicate a more favorable response,Anthracnose susceptible check,Publicly available study source,3,3,0,3,0,0
prom_differentials_other_diseases_niger_2020,prom_differentials_other_diseases_niger_2020,zonate_leaf_spot,reported_incidence_percent,maradi_niger_natural_infection,incidence_percent_0_100,Lower values indicate a more favorable response,Anthracnose differential line,Publicly available study source,14,14,0,14,14,0
prom_differentials_other_diseases_niger_2020,prom_differentials_other_diseases_niger_2020,zonate_leaf_spot,reported_incidence_percent,maradi_niger_natural_infection,incidence_percent_0_100,Lower values indicate a more favorable response,Anthracnose resistant check differential,Publicly available study source,1,1,0,1,1,0
prom_differentials_other_diseases_niger_2020,prom_differentials_other_diseases_niger_2020,zonate_leaf_spot,reported_incidence_percent,maradi_niger_natural_infection,incidence_percent_0_100,Lower values indicate a more favorable response,Anthracnose susceptible check,Publicly available study source,2,2,0,2,2,0
prom_differentials_other_diseases_niger_2020,prom_differentials_other_diseases_niger_2020,zonate_leaf_spot,reported_incidence_percent,maradi_niger_natural_infection,incidence_percent_0_100_or_reported_absence_dash,Lower values indicate a more favorable response,Anthracnose differential line,Publicly available study source,1,1,0,1,0,0
prom_differentials_other_diseases_niger_2020,prom_differentials_other_diseases_niger_2020,zonate_leaf_spot,reported_incidence_percent,maradi_niger_natural_infection,incidence_percent_0_100_or_reported_absence_dash,Lower values indicate a more favorable response,Anthracnose susceptible check,Publicly available study source,1,1,0,1,0,0
prom_differentials_other_diseases_niger_2020,prom_differentials_other_diseases_niger_2020,zonate_leaf_spot,reported_incidence_percent,tillaberi_niger_natural_infection,incidence_percent_0_100,Lower values indicate a more favorable response,Anthracnose differential line,Publicly available study source,3,3,0,3,3,0
prom_differentials_other_diseases_niger_2020,prom_differentials_other_diseases_niger_2020,zonate_leaf_spot,reported_incidence_percent,tillaberi_niger_natural_infection,incidence_percent_0_100,Lower values indicate a more favorable response,Anthracnose susceptible check,Publicly available study source,1,1,0,1,1,0
prom_differentials_other_diseases_niger_2020,prom_differentials_other_diseases_niger_2020,zonate_leaf_spot,reported_incidence_percent,tillaberi_niger_natural_infection,incidence_percent_0_100_or_reported_absence_dash,Lower values indicate a more favorable response,Anthracnose differential line,Publicly available study source,12,12,0,12,0,0
prom_differentials_other_diseases_niger_2020,prom_differentials_other_diseases_niger_2020,zonate_leaf_spot,reported_incidence_percent,tillaberi_niger_natural_infection,incidence_percent_0_100_or_reported_absence_dash,Lower values indicate a more favorable response,Anthracnose resistant check differential,Publicly available study source,1,1,0,1,0,0
prom_differentials_other_diseases_niger_2020,prom_differentials_other_diseases_niger_2020,zonate_leaf_spot,reported_incidence_percent,tillaberi_niger_natural_infection,incidence_percent_0_100_or_reported_absence_dash,Lower values indicate a more favorable response,Anthracnose susceptible check,Publicly available study source,2,2,0,2,0,0
prom_ergot_severity_mexico_us_2008,prom_ergot_severity_mexico_us_2008,ergot,ergot_severity_percent,celaya_guanajuato_mexico_2002_2003_planting_date_mean,infected_florets_percent_at_milk_stage_0_100,Lower values indicate a more favorable response,Hybrid,Publicly available study source,6,6,0,6,6,0
prom_ergot_severity_mexico_us_2008,prom_ergot_severity_mexico_us_2008,ergot,ergot_severity_percent,celaya_guanajuato_mexico_2002_2003_planting_date_mean,infected_florets_percent_at_milk_stage_0_100,Lower values indicate a more favorable response,Male sterile A line,Publicly available study source,3,3,0,3,3,0
prom_ergot_severity_mexico_us_2008,prom_ergot_severity_mexico_us_2008,ergot,ergot_severity_percent,college_station_texas_2002_2003_planting_date_mean,infected_florets_percent_at_milk_stage_0_100,Lower values indicate a more favorable response,Hybrid,Publicly available study source,6,6,0,6,6,0
prom_ergot_severity_mexico_us_2008,prom_ergot_severity_mexico_us_2008,ergot,ergot_severity_percent,college_station_texas_2002_2003_planting_date_mean,infected_florets_percent_at_milk_stage_0_100,Lower values indicate a more favorable response,Male sterile A line,Publicly available study source,3,3,0,3,3,0
prom_ergot_severity_mexico_us_2008,prom_ergot_severity_mexico_us_2008,ergot,ergot_severity_percent,mexico_us_three_location_2002_2003_overall_mean,infected_florets_percent_at_milk_stage_0_100,Lower values indicate a more favorable response,Hybrid,Publicly available study source,6,6,0,6,6,0
prom_ergot_severity_mexico_us_2008,prom_ergot_severity_mexico_us_2008,ergot,ergot_severity_percent,mexico_us_three_location_2002_2003_overall_mean,infected_florets_percent_at_milk_stage_0_100,Lower values indicate a more favorable response,Male sterile A line,Publicly available study source,3,3,0,3,3,0
prom_ergot_severity_mexico_us_2008,prom_ergot_severity_mexico_us_2008,ergot,ergot_severity_percent,rio_bravo_tamaulipas_mexico_2002_2003_planting_date_mean,infected_florets_percent_at_milk_stage_0_100,Lower values indicate a more favorable response,Hybrid,Publicly available study source,6,6,0,6,6,0
prom_ergot_severity_mexico_us_2008,prom_ergot_severity_mexico_us_2008,ergot,ergot_severity_percent,rio_bravo_tamaulipas_mexico_2002_2003_planting_date_mean,infected_florets_percent_at_milk_stage_0_100,Lower values indicate a more favorable response,Male sterile A line,Publicly available study source,3,3,0,3,3,0
prom_ethiopia_anthracnose_2019,prom_ethiopia_anthracnose_2019,anthracnose,reported_lsmean,four_environments_combined,anthracnose_score_1_5,Lower values indicate a more favorable response,Accession,Publicly available study source,334,334,0,334,334,334
prom_ethiopia_anthracnose_2019,prom_ethiopia_anthracnose_2019,anthracnose,reported_score,isabela_2013,anthracnose_score_1_5,Lower values indicate a more favorable response,Accession,Publicly available study source,334,334,0,327,327,334
prom_ethiopia_anthracnose_2019,prom_ethiopia_anthracnose_2019,anthracnose,reported_score,isabela_2016,anthracnose_score_1_5,Lower values indicate a more favorable response,Accession,Publicly available study source,334,334,0,38,38,334
prom_ethiopia_anthracnose_2019,prom_ethiopia_anthracnose_2019,anthracnose,reported_score,isabela_2018,anthracnose_score_1_5,Lower values indicate a more favorable response,Accession,Publicly available study source,334,334,0,156,156,334
prom_ethiopia_anthracnose_2019,prom_ethiopia_anthracnose_2019,anthracnose,reported_score,mayaguez_2014,anthracnose_score_1_5,Lower values indicate a more favorable response,Accession,Publicly available study source,334,334,0,271,271,334
prom_ethiopia_anthracnose_subset_2022,prom_ethiopia_anthracnose_subset_2022,anthracnose,reported_rating_token,isabela_puerto_rico_2019,anthracnose_score_1_5_single_or_replication_vector,Lower values indicate a more favorable response,Accession,Publicly available study source,93,93,0,93,73,93
prom_ethiopia_anthracnose_subset_2022,prom_ethiopia_anthracnose_subset_2022,anthracnose,reported_rating_token,isabela_puerto_rico_2019,anthracnose_score_1_5_single_or_replication_vector,Lower values indicate a more favorable response,Accession with a printed label discrepancy,Publicly available study source,1,1,0,1,1,1
prom_ethiopia_anthracnose_subset_2022,prom_ethiopia_anthracnose_subset_2022,anthracnose,reported_rating_token,isabela_puerto_rico_2019,anthracnose_score_1_5_single_or_replication_vector,Lower values indicate a more favorable response,Resistant check,Publicly available study source,1,1,0,1,1,0
prom_ethiopia_anthracnose_subset_2022,prom_ethiopia_anthracnose_subset_2022,anthracnose,reported_rating_token,isabela_puerto_rico_2019,anthracnose_score_1_5_single_or_replication_vector,Lower values indicate a more favorable response,Susceptible check,Publicly available study source,2,2,0,2,2,0
prom_ethiopia_anthracnose_subset_2022,prom_ethiopia_anthracnose_subset_2022,anthracnose,reported_rating_token,isabela_puerto_rico_2020,anthracnose_score_1_5_single_or_replication_vector,Lower values indicate a more favorable response,Accession,Publicly available study source,93,93,0,64,54,93
prom_ethiopia_anthracnose_subset_2022,prom_ethiopia_anthracnose_subset_2022,anthracnose,reported_rating_token,isabela_puerto_rico_2020,anthracnose_score_1_5_single_or_replication_vector,Lower values indicate a more favorable response,Accession with a printed label discrepancy,Publicly available study source,1,1,0,0,0,1
prom_ethiopia_anthracnose_subset_2022,prom_ethiopia_anthracnose_subset_2022,anthracnose,reported_rating_token,isabela_puerto_rico_2020,anthracnose_score_1_5_single_or_replication_vector,Lower values indicate a more favorable response,Resistant check,Publicly available study source,1,1,0,1,1,0
prom_ethiopia_anthracnose_subset_2022,prom_ethiopia_anthracnose_subset_2022,anthracnose,reported_rating_token,isabela_puerto_rico_2020,anthracnose_score_1_5_single_or_replication_vector,Lower values indicate a more favorable response,Susceptible check,Publicly available study source,2,2,0,2,2,0
prom_ethiopia_anthracnose_subset_2022,prom_ethiopia_anthracnose_subset_2022,anthracnose,reported_reaction_class,isabela_puerto_rico_2019,reported_R_S_V_class,Resistant classification is favorable,Accession,Publicly available study source,93,93,0,93,0,93
prom_ethiopia_anthracnose_subset_2022,prom_ethiopia_anthracnose_subset_2022,anthracnose,reported_reaction_class,isabela_puerto_rico_2019,reported_R_S_V_class,Resistant classification is favorable,Accession with a printed label discrepancy,Publicly available study source,1,1,0,1,0,1
prom_ethiopia_anthracnose_subset_2022,prom_ethiopia_anthracnose_subset_2022,anthracnose,reported_reaction_class,isabela_puerto_rico_2019,reported_R_S_V_class,Resistant classification is favorable,Resistant check,Publicly available study source,1,1,0,1,0,0
prom_ethiopia_anthracnose_subset_2022,prom_ethiopia_anthracnose_subset_2022,anthracnose,reported_reaction_class,isabela_puerto_rico_2019,reported_R_S_V_class,Resistant classification is favorable,Susceptible check,Publicly available study source,2,2,0,2,0,0
prom_ethiopia_anthracnose_subset_2022,prom_ethiopia_anthracnose_subset_2022,anthracnose,reported_reaction_class,isabela_puerto_rico_2020,reported_R_S_V_class,Resistant classification is favorable,Accession,Publicly available study source,93,93,0,64,0,93
prom_ethiopia_anthracnose_subset_2022,prom_ethiopia_anthracnose_subset_2022,anthracnose,reported_reaction_class,isabela_puerto_rico_2020,reported_R_S_V_class,Resistant classification is favorable,Accession with a printed label discrepancy,Publicly available study source,1,1,0,0,0,1
prom_ethiopia_anthracnose_subset_2022,prom_ethiopia_anthracnose_subset_2022,anthracnose,reported_reaction_class,isabela_puerto_rico_2020,reported_R_S_V_class,Resistant classification is favorable,Resistant check,Publicly available study source,1,1,0,1,0,0
prom_ethiopia_anthracnose_subset_2022,prom_ethiopia_anthracnose_subset_2022,anthracnose,reported_reaction_class,isabela_puerto_rico_2020,reported_R_S_V_class,Resistant classification is favorable,Susceptible check,Publicly available study source,2,2,0,2,0,0
prom_ethiopia_anthracnose_weather_2010,prom_ethiopia_anthracnose_weather_2010,anthracnose,anthracnose_audpc,southern_ethiopia_2007,audpc_from_repeated_severity_percent,Lower values indicate a more favorable response,Local susceptible check,Publicly available study source,1,1,0,1,1,0
prom_ethiopia_anthracnose_weather_2010,prom_ethiopia_anthracnose_weather_2010,anthracnose,anthracnose_audpc,southern_ethiopia_2007,audpc_from_repeated_severity_percent,Lower values indicate a more favorable response,Resistant line,Publicly available study source,2,2,0,2,2,0
prom_ethiopia_anthracnose_weather_2010,prom_ethiopia_anthracnose_weather_2010,anthracnose,anthracnose_audpc,southern_ethiopia_2007,audpc_from_repeated_severity_percent,Lower values indicate a more favorable response,Universally susceptible cultivar,Publicly available study source,1,1,0,1,1,0
prom_ethiopia_anthracnose_weather_2010,prom_ethiopia_anthracnose_weather_2010,anthracnose,anthracnose_audpc,southern_ethiopia_2007_2008_mean,audpc_from_repeated_severity_percent,Lower values indicate a more favorable response,Local susceptible check,Publicly available study source,1,1,0,1,1,0
prom_ethiopia_anthracnose_weather_2010,prom_ethiopia_anthracnose_weather_2010,anthracnose,anthracnose_audpc,southern_ethiopia_2007_2008_mean,audpc_from_repeated_severity_percent,Lower values indicate a more favorable response,Resistant line,Publicly available study source,2,2,0,2,2,0
prom_ethiopia_anthracnose_weather_2010,prom_ethiopia_anthracnose_weather_2010,anthracnose,anthracnose_audpc,southern_ethiopia_2007_2008_mean,audpc_from_repeated_severity_percent,Lower values indicate a more favorable response,Universally susceptible cultivar,Publicly available study source,1,1,0,1,1,0
prom_ethiopia_anthracnose_weather_2010,prom_ethiopia_anthracnose_weather_2010,anthracnose,anthracnose_audpc,southern_ethiopia_2008,audpc_from_repeated_severity_percent,Lower values indicate a more favorable response,Local susceptible check,Publicly available study source,1,1,0,1,1,0
prom_ethiopia_anthracnose_weather_2010,prom_ethiopia_anthracnose_weather_2010,anthracnose,anthracnose_audpc,southern_ethiopia_2008,audpc_from_repeated_severity_percent,Lower values indicate a more favorable response,Resistant line,Publicly available study source,2,2,0,2,2,0
prom_ethiopia_anthracnose_weather_2010,prom_ethiopia_anthracnose_weather_2010,anthracnose,anthracnose_audpc,southern_ethiopia_2008,audpc_from_repeated_severity_percent,Lower values indicate a more favorable response,Universally susceptible cultivar,Publicly available study source,1,1,0,1,1,0
prom_ethiopia_anthracnose_weather_2010,prom_ethiopia_anthracnose_weather_2010,anthracnose,final_anthracnose_severity_percent_130_dap,southern_ethiopia_2007,anthracnose_severity_percent_1_100,Lower values indicate a more favorable response,Local susceptible check,Publicly available study source,1,1,0,1,1,0
prom_ethiopia_anthracnose_weather_2010,prom_ethiopia_anthracnose_weather_2010,anthracnose,final_anthracnose_severity_percent_130_dap,southern_ethiopia_2007,anthracnose_severity_percent_1_100,Lower values indicate a more favorable response,Resistant line,Publicly available study source,2,2,0,2,2,0
prom_ethiopia_anthracnose_weather_2010,prom_ethiopia_anthracnose_weather_2010,anthracnose,final_anthracnose_severity_percent_130_dap,southern_ethiopia_2007,anthracnose_severity_percent_1_100,Lower values indicate a more favorable response,Universally susceptible cultivar,Publicly available study source,1,1,0,1,1,0
prom_ethiopia_anthracnose_weather_2010,prom_ethiopia_anthracnose_weather_2010,anthracnose,final_anthracnose_severity_percent_130_dap,southern_ethiopia_2007_2008_mean,anthracnose_severity_percent_1_100,Lower values indicate a more favorable response,Local susceptible check,Publicly available study source,1,1,0,1,1,0
prom_ethiopia_anthracnose_weather_2010,prom_ethiopia_anthracnose_weather_2010,anthracnose,final_anthracnose_severity_percent_130_dap,southern_ethiopia_2007_2008_mean,anthracnose_severity_percent_1_100,Lower values indicate a more favorable response,Resistant line,Publicly available study source,2,2,0,2,2,0
prom_ethiopia_anthracnose_weather_2010,prom_ethiopia_anthracnose_weather_2010,anthracnose,final_anthracnose_severity_percent_130_dap,southern_ethiopia_2007_2008_mean,anthracnose_severity_percent_1_100,Lower values indicate a more favorable response,Universally susceptible cultivar,Publicly available study source,1,1,0,1,1,0
prom_ethiopia_anthracnose_weather_2010,prom_ethiopia_anthracnose_weather_2010,anthracnose,final_anthracnose_severity_percent_130_dap,southern_ethiopia_2008,anthracnose_severity_percent_1_100,Lower values indicate a more favorable response,Local susceptible check,Publicly available study source,1,1,0,1,1,0
prom_ethiopia_anthracnose_weather_2010,prom_ethiopia_anthracnose_weather_2010,anthracnose,final_anthracnose_severity_percent_130_dap,southern_ethiopia_2008,anthracnose_severity_percent_1_100,Lower values indicate a more favorable response,Resistant line,Publicly available study source,2,2,0,2,2,0
prom_ethiopia_anthracnose_weather_2010,prom_ethiopia_anthracnose_weather_2010,anthracnose,final_anthracnose_severity_percent_130_dap,southern_ethiopia_2008,anthracnose_severity_percent_1_100,Lower values indicate a more favorable response,Universally susceptible cultivar,Publicly available study source,1,1,0,1,1,0
prom_ethiopia_anthracnose_weather_2010,prom_ethiopia_anthracnose_weather_2010,anthracnose,initial_anthracnose_severity_percent_60_dap,southern_ethiopia_2007,anthracnose_severity_percent_1_100,Lower values indicate a more favorable response,Local susceptible check,Publicly available study source,1,1,0,1,1,0
prom_ethiopia_anthracnose_weather_2010,prom_ethiopia_anthracnose_weather_2010,anthracnose,initial_anthracnose_severity_percent_60_dap,southern_ethiopia_2007,anthracnose_severity_percent_1_100,Lower values indicate a more favorable response,Resistant line,Publicly available study source,2,2,0,2,2,0
prom_ethiopia_anthracnose_weather_2010,prom_ethiopia_anthracnose_weather_2010,anthracnose,initial_anthracnose_severity_percent_60_dap,southern_ethiopia_2007,anthracnose_severity_percent_1_100,Lower values indicate a more favorable response,Universally susceptible cultivar,Publicly available study source,1,1,0,1,1,0
prom_ethiopia_anthracnose_weather_2010,prom_ethiopia_anthracnose_weather_2010,anthracnose,initial_anthracnose_severity_percent_60_dap,southern_ethiopia_2007_2008_mean,anthracnose_severity_percent_1_100,Lower values indicate a more favorable response,Local susceptible check,Publicly available study source,1,1,0,1,1,0
prom_ethiopia_anthracnose_weather_2010,prom_ethiopia_anthracnose_weather_2010,anthracnose,initial_anthracnose_severity_percent_60_dap,southern_ethiopia_2007_2008_mean,anthracnose_severity_percent_1_100,Lower values indicate a more favorable response,Resistant line,Publicly available study source,2,2,0,2,2,0
prom_ethiopia_anthracnose_weather_2010,prom_ethiopia_anthracnose_weather_2010,anthracnose,initial_anthracnose_severity_percent_60_dap,southern_ethiopia_2007_2008_mean,anthracnose_severity_percent_1_100,Lower values indicate a more favorable response,Universally susceptible cultivar,Publicly available study source,1,1,0,1,1,0
prom_ethiopia_anthracnose_weather_2010,prom_ethiopia_anthracnose_weather_2010,anthracnose,initial_anthracnose_severity_percent_60_dap,southern_ethiopia_2008,anthracnose_severity_percent_1_100,Lower values indicate a more favorable response,Local susceptible check,Publicly available study source,1,1,0,1,1,0
prom_ethiopia_anthracnose_weather_2010,prom_ethiopia_anthracnose_weather_2010,anthracnose,initial_anthracnose_severity_percent_60_dap,southern_ethiopia_2008,anthracnose_severity_percent_1_100,Lower values indicate a more favorable response,Resistant line,Publicly available study source,2,2,0,2,2,0
prom_ethiopia_anthracnose_weather_2010,prom_ethiopia_anthracnose_weather_2010,anthracnose,initial_anthracnose_severity_percent_60_dap,southern_ethiopia_2008,anthracnose_severity_percent_1_100,Lower values indicate a more favorable response,Universally susceptible cultivar,Publicly available study source,1,1,0,1,1,0
prom_ethiopia_anthracnose_weather_2010,prom_ethiopia_anthracnose_weather_2010,anthracnose,mean_anthracnose_severity_percent,southern_ethiopia_2007,anthracnose_severity_percent_1_100,Lower values indicate a more favorable response,Local susceptible check,Publicly available study source,1,1,0,1,1,0
prom_ethiopia_anthracnose_weather_2010,prom_ethiopia_anthracnose_weather_2010,anthracnose,mean_anthracnose_severity_percent,southern_ethiopia_2007,anthracnose_severity_percent_1_100,Lower values indicate a more favorable response,Resistant line,Publicly available study source,2,2,0,2,2,0
prom_ethiopia_anthracnose_weather_2010,prom_ethiopia_anthracnose_weather_2010,anthracnose,mean_anthracnose_severity_percent,southern_ethiopia_2007,anthracnose_severity_percent_1_100,Lower values indicate a more favorable response,Universally susceptible cultivar,Publicly available study source,1,1,0,1,1,0
prom_ethiopia_anthracnose_weather_2010,prom_ethiopia_anthracnose_weather_2010,anthracnose,mean_anthracnose_severity_percent,southern_ethiopia_2007_2008_mean,anthracnose_severity_percent_1_100,Lower values indicate a more favorable response,Local susceptible check,Publicly available study source,1,1,0,1,1,0
prom_ethiopia_anthracnose_weather_2010,prom_ethiopia_anthracnose_weather_2010,anthracnose,mean_anthracnose_severity_percent,southern_ethiopia_2007_2008_mean,anthracnose_severity_percent_1_100,Lower values indicate a more favorable response,Resistant line,Publicly available study source,2,2,0,2,2,0
prom_ethiopia_anthracnose_weather_2010,prom_ethiopia_anthracnose_weather_2010,anthracnose,mean_anthracnose_severity_percent,southern_ethiopia_2007_2008_mean,anthracnose_severity_percent_1_100,Lower values indicate a more favorable response,Universally susceptible cultivar,Publicly available study source,1,1,0,1,1,0
prom_ethiopia_anthracnose_weather_2010,prom_ethiopia_anthracnose_weather_2010,anthracnose,mean_anthracnose_severity_percent,southern_ethiopia_2008,anthracnose_severity_percent_1_100,Lower values indicate a more favorable response,Local susceptible check,Publicly available study source,1,1,0,1,1,0
prom_ethiopia_anthracnose_weather_2010,prom_ethiopia_anthracnose_weather_2010,anthracnose,mean_anthracnose_severity_percent,southern_ethiopia_2008,anthracnose_severity_percent_1_100,Lower values indicate a more favorable response,Resistant line,Publicly available study source,2,2,0,2,2,0
prom_ethiopia_anthracnose_weather_2010,prom_ethiopia_anthracnose_weather_2010,anthracnose,mean_anthracnose_severity_percent,southern_ethiopia_2008,anthracnose_severity_percent_1_100,Lower values indicate a more favorable response,Universally susceptible cultivar,Publicly available study source,1,1,0,1,1,0
prom_ethiopia_grain_mold_2024,prom_ethiopia_grain_mold_2024,grain_mold,reported_replicate_count,isabela_2014_mayaguez_2015_combined,count,Descriptive endpoint,Accession,Publicly available study source,330,330,0,329,329,330
prom_ethiopia_grain_mold_2024,prom_ethiopia_grain_mold_2024,grain_mold,seed_deterioration_mean,isabela_2014_mayaguez_2015_combined,seed_deterioration_score_1_5_mean,Lower values indicate a more favorable response,Accession,Publicly available study source,330,330,0,328,328,330
prom_ethiopia_grain_mold_2024,prom_ethiopia_grain_mold_2024,grain_mold,seed_deterioration_sd,isabela_2014_mayaguez_2015_combined,seed_deterioration_score_1_5_sd,Descriptive endpoint,Accession,Publicly available study source,330,330,0,328,328,330
prom_ethiopia_grain_mold_2024,prom_ethiopia_grain_mold_2024,grain_mold,seed_emergence_mean,isabela_2014_mayaguez_2015_combined,percent_0_100_mean,Higher values indicate a more favorable response,Accession,Publicly available study source,330,330,0,329,329,330
prom_ethiopia_grain_mold_2024,prom_ethiopia_grain_mold_2024,grain_mold,seed_emergence_sd,isabela_2014_mayaguez_2015_combined,percent_0_100_sd,Descriptive endpoint,Accession,Publicly available study source,330,330,0,329,329,330
prom_ethiopia_mali_fusarium_2013,prom_ethiopia_mali_fusarium_2013,grain_mold,field_panicle_grain_mold_severity_lsmean,isabela_puerto_rico_2006_rainy_season_mesh_screen_f_thapsinum_inoculation,grain_mold_score_1_5_field_panicle_f_thapsinum,Lower values indicate a more favorable response,Accession,Publicly available study source,38,38,0,38,38,38
prom_ethiopia_mali_fusarium_2013,prom_ethiopia_mali_fusarium_2013,grain_mold,field_panicle_grain_mold_severity_lsmean,isabela_puerto_rico_2006_rainy_season_mesh_screen_f_thapsinum_inoculation,grain_mold_score_1_5_field_panicle_f_thapsinum,Lower values indicate a more favorable response,Resistant control,Publicly available study source,2,2,0,2,2,0
prom_ethiopia_mali_fusarium_2013,prom_ethiopia_mali_fusarium_2013,grain_mold,field_panicle_grain_mold_severity_lsmean,isabela_puerto_rico_2006_rainy_season_mesh_screen_f_thapsinum_inoculation,grain_mold_score_1_5_field_panicle_f_thapsinum,Lower values indicate a more favorable response,Susceptible control,Publicly available study source,2,2,0,2,2,0
prom_ethiopia_mali_fusarium_2013,prom_ethiopia_mali_fusarium_2013,grain_mold,germination_percent_lsmean,isabela_puerto_rico_2006_rainy_season_mesh_screen_f_thapsinum_inoculation,germination_percent_0_100,Higher values indicate a more favorable response,Accession,Publicly available study source,38,38,0,38,38,38
prom_ethiopia_mali_fusarium_2013,prom_ethiopia_mali_fusarium_2013,grain_mold,germination_percent_lsmean,isabela_puerto_rico_2006_rainy_season_mesh_screen_f_thapsinum_inoculation,germination_percent_0_100,Higher values indicate a more favorable response,Resistant control,Publicly available study source,2,2,0,2,2,0
prom_ethiopia_mali_fusarium_2013,prom_ethiopia_mali_fusarium_2013,grain_mold,germination_percent_lsmean,isabela_puerto_rico_2006_rainy_season_mesh_screen_f_thapsinum_inoculation,germination_percent_0_100,Higher values indicate a more favorable response,Susceptible control,Publicly available study source,2,2,0,2,2,0
prom_ethiopia_mali_fusarium_2013,prom_ethiopia_mali_fusarium_2013,grain_mold,hundred_seed_weight_g_lsmean,isabela_puerto_rico_2006_rainy_season_mesh_screen_f_thapsinum_inoculation,hundred_seed_weight_g,Descriptive endpoint,Accession,Publicly available study source,38,38,0,38,38,38
prom_ethiopia_mali_fusarium_2013,prom_ethiopia_mali_fusarium_2013,grain_mold,hundred_seed_weight_g_lsmean,isabela_puerto_rico_2006_rainy_season_mesh_screen_f_thapsinum_inoculation,hundred_seed_weight_g,Descriptive endpoint,Resistant control,Publicly available study source,2,2,0,2,2,0
prom_ethiopia_mali_fusarium_2013,prom_ethiopia_mali_fusarium_2013,grain_mold,hundred_seed_weight_g_lsmean,isabela_puerto_rico_2006_rainy_season_mesh_screen_f_thapsinum_inoculation,hundred_seed_weight_g,Descriptive endpoint,Susceptible control,Publicly available study source,2,2,0,2,2,0
prom_ethiopia_mali_fusarium_2013,prom_ethiopia_mali_fusarium_2013,grain_mold,threshed_grain_mold_severity_lsmean,isabela_puerto_rico_2006_rainy_season_mesh_screen_f_thapsinum_inoculation,grain_mold_score_1_5_threshed_seed_f_thapsinum,Lower values indicate a more favorable response,Accession,Publicly available study source,38,38,0,38,38,38
prom_ethiopia_mali_fusarium_2013,prom_ethiopia_mali_fusarium_2013,grain_mold,threshed_grain_mold_severity_lsmean,isabela_puerto_rico_2006_rainy_season_mesh_screen_f_thapsinum_inoculation,grain_mold_score_1_5_threshed_seed_f_thapsinum,Lower values indicate a more favorable response,Resistant control,Publicly available study source,2,2,0,2,2,0
prom_ethiopia_mali_fusarium_2013,prom_ethiopia_mali_fusarium_2013,grain_mold,threshed_grain_mold_severity_lsmean,isabela_puerto_rico_2006_rainy_season_mesh_screen_f_thapsinum_inoculation,grain_mold_score_1_5_threshed_seed_f_thapsinum,Lower values indicate a more favorable response,Susceptible control,Publicly available study source,2,2,0,2,2,0
prom_excised_leaf_screen_2015,prom_excised_leaf_screen_2015,anthracnose,excised_leaf_reported_reaction_class,laboratory_excised_leaf_assay_date_not_reported,reported_plus_susceptible_minus_resistant,A plus sign denotes susceptibility and a minus sign denotes resistance,Line,Publicly available study source,12,12,0,12,0,12
prom_excised_leaf_screen_2015,prom_excised_leaf_screen_2015,anthracnose,excised_leaf_reported_reaction_class,laboratory_excised_leaf_assay_date_not_reported,reported_plus_susceptible_minus_resistant,A plus sign denotes susceptibility and a minus sign denotes resistance,Resistant check,Publicly available study source,1,1,0,1,0,0
prom_excised_leaf_screen_2015,prom_excised_leaf_screen_2015,anthracnose,excised_leaf_reported_reaction_class,laboratory_excised_leaf_assay_date_not_reported,reported_plus_susceptible_minus_resistant,A plus sign denotes susceptibility and a minus sign denotes resistance,Susceptible check,Publicly available study source,3,3,0,3,0,0
prom_excised_leaf_screen_2015,prom_excised_leaf_screen_2015,anthracnose,greenhouse_mean_score,greenhouse_whole_plant_assay_date_not_reported,anthracnose_score_1_5_greenhouse_mean,Lower values indicate a more favorable response,Line,Publicly available study source,12,12,0,12,12,12
prom_excised_leaf_screen_2015,prom_excised_leaf_screen_2015,anthracnose,greenhouse_mean_score,greenhouse_whole_plant_assay_date_not_reported,anthracnose_score_1_5_greenhouse_mean,Lower values indicate a more favorable response,Resistant check,Publicly available study source,1,1,0,1,1,0
prom_excised_leaf_screen_2015,prom_excised_leaf_screen_2015,anthracnose,greenhouse_mean_score,greenhouse_whole_plant_assay_date_not_reported,anthracnose_score_1_5_greenhouse_mean,Lower values indicate a more favorable response,Susceptible check,Publicly available study source,3,3,0,3,3,0
prom_excised_leaf_screen_2015,prom_excised_leaf_screen_2015,anthracnose,greenhouse_reported_reaction_class,greenhouse_whole_plant_assay_date_not_reported,reported_plus_susceptible_minus_resistant,A plus sign denotes susceptibility and a minus sign denotes resistance,Line,Publicly available study source,12,12,0,12,0,12
prom_excised_leaf_screen_2015,prom_excised_leaf_screen_2015,anthracnose,greenhouse_reported_reaction_class,greenhouse_whole_plant_assay_date_not_reported,reported_plus_susceptible_minus_resistant,A plus sign denotes susceptibility and a minus sign denotes resistance,Resistant check,Publicly available study source,1,1,0,1,0,0
prom_excised_leaf_screen_2015,prom_excised_leaf_screen_2015,anthracnose,greenhouse_reported_reaction_class,greenhouse_whole_plant_assay_date_not_reported,reported_plus_susceptible_minus_resistant,A plus sign denotes susceptibility and a minus sign denotes resistance,Susceptible check,Publicly available study source,3,3,0,3,0,0
prom_four_country_anthracnose_2012,prom_four_country_anthracnose_2012,anthracnose,reported_rating_token,college_station_texas_2007,anthracnose_score_1_5_single_or_replication_vector,Lower values indicate a more favorable response,Accession,Publicly available study source,72,72,0,72,50,72
prom_four_country_anthracnose_2012,prom_four_country_anthracnose_2012,anthracnose,reported_rating_token,college_station_texas_2007,anthracnose_score_1_5_single_or_replication_vector,Lower values indicate a more favorable response,Resistant control,Publicly available study source,1,1,0,1,1,0
prom_four_country_anthracnose_2012,prom_four_country_anthracnose_2012,anthracnose,reported_rating_token,college_station_texas_2007,anthracnose_score_1_5_single_or_replication_vector,Lower values indicate a more favorable response,Susceptible control,Publicly available study source,1,1,0,1,1,0
prom_four_country_anthracnose_2012,prom_four_country_anthracnose_2012,anthracnose,reported_rating_token,college_station_texas_2008,anthracnose_score_1_5_single_or_replication_vector,Lower values indicate a more favorable response,Accession,Publicly available study source,72,72,0,72,51,72
prom_four_country_anthracnose_2012,prom_four_country_anthracnose_2012,anthracnose,reported_rating_token,college_station_texas_2008,anthracnose_score_1_5_single_or_replication_vector,Lower values indicate a more favorable response,Resistant control,Publicly available study source,1,1,0,1,1,0
prom_four_country_anthracnose_2012,prom_four_country_anthracnose_2012,anthracnose,reported_rating_token,college_station_texas_2008,anthracnose_score_1_5_single_or_replication_vector,Lower values indicate a more favorable response,Susceptible control,Publicly available study source,1,1,0,1,1,0
prom_four_country_anthracnose_2012,prom_four_country_anthracnose_2012,anthracnose,reported_rating_token,isabela_puerto_rico_multiple_years_unspecified,anthracnose_score_1_5_single_or_replication_vector,Lower values indicate a more favorable response,Accession,Publicly available study source,72,72,0,71,66,72
prom_four_country_anthracnose_2012,prom_four_country_anthracnose_2012,anthracnose,reported_rating_token,isabela_puerto_rico_multiple_years_unspecified,anthracnose_score_1_5_single_or_replication_vector,Lower values indicate a more favorable response,Resistant control,Publicly available study source,1,1,0,1,1,0
prom_four_country_anthracnose_2012,prom_four_country_anthracnose_2012,anthracnose,reported_rating_token,isabela_puerto_rico_multiple_years_unspecified,anthracnose_score_1_5_single_or_replication_vector,Lower values indicate a more favorable response,Susceptible control,Publicly available study source,1,1,0,1,1,0
prom_four_country_anthracnose_2012,prom_four_country_anthracnose_2012,anthracnose,reported_reaction_class,college_station_texas_2007_2008_combined,reported_R_S_class,Resistant classification is favorable,Accession,Publicly available study source,72,72,0,72,0,72
prom_four_country_anthracnose_2012,prom_four_country_anthracnose_2012,anthracnose,reported_reaction_class,college_station_texas_2007_2008_combined,reported_R_S_class,Resistant classification is favorable,Resistant control,Publicly available study source,1,1,0,1,0,0
prom_four_country_anthracnose_2012,prom_four_country_anthracnose_2012,anthracnose,reported_reaction_class,college_station_texas_2007_2008_combined,reported_R_S_class,Resistant classification is favorable,Susceptible control,Publicly available study source,1,1,0,1,0,0
prom_four_country_anthracnose_2012,prom_four_country_anthracnose_2012,anthracnose,reported_reaction_class,isabela_puerto_rico_multiple_years_unspecified,reported_R_S_class,Resistant classification is favorable,Accession,Publicly available study source,72,72,0,71,0,72
prom_four_country_anthracnose_2012,prom_four_country_anthracnose_2012,anthracnose,reported_reaction_class,isabela_puerto_rico_multiple_years_unspecified,reported_R_S_class,Resistant classification is favorable,Resistant control,Publicly available study source,1,1,0,1,0,0
prom_four_country_anthracnose_2012,prom_four_country_anthracnose_2012,anthracnose,reported_reaction_class,isabela_puerto_rico_multiple_years_unspecified,reported_R_S_class,Resistant classification is favorable,Susceptible control,Publicly available study source,1,1,0,1,0,0
prom_grain_mold_differentials_pr_2023,prom_grain_mold_differentials_pr_2023,grain_mold,germination_percent_lsmean,isabela_puerto_rico_2019_2020_combined,germination_percent_0_100,Higher values indicate a more favorable response,Anthracnose or head smut differential line,Publicly available study source,23,23,0,23,23,0
prom_grain_mold_differentials_pr_2023,prom_grain_mold_differentials_pr_2023,grain_mold,grain_mold_severity_lsmean,isabela_puerto_rico_2019_2020_combined,grain_mold_severity_score_1_5,Lower values indicate a more favorable response,Anthracnose or head smut differential line,Publicly available study source,23,23,0,23,23,0
prom_grain_mold_differentials_pr_2023,prom_grain_mold_differentials_pr_2023,grain_mold,hundred_seed_weight_g_lsmean,isabela_puerto_rico_2019_2020_combined,grams_per_100_seeds,Descriptive endpoint,Anthracnose or head smut differential line,Publicly available study source,23,23,0,23,23,0
prom_head_smut_isolate_variability_2024,prom_head_smut_isolate_variability_2024,head_smut,isolate_reaction,isolate_HS107,binary_reaction_R_S,Resistant classification is favorable,Differential line,Publicly available study source,6,6,0,6,0,0
prom_head_smut_isolate_variability_2024,prom_head_smut_isolate_variability_2024,head_smut,isolate_reaction,isolate_HS109,binary_reaction_R_S,Resistant classification is favorable,Differential line,Publicly available study source,6,6,0,6,0,0
prom_head_smut_isolate_variability_2024,prom_head_smut_isolate_variability_2024,head_smut,isolate_reaction,isolate_HS122,binary_reaction_R_S,Resistant classification is favorable,Differential line,Publicly available study source,6,6,0,6,0,0
prom_head_smut_isolate_variability_2024,prom_head_smut_isolate_variability_2024,head_smut,isolate_reaction,isolate_HS124,binary_reaction_R_S,Resistant classification is favorable,Differential line,Publicly available study source,6,6,0,6,0,0
prom_head_smut_isolate_variability_2024,prom_head_smut_isolate_variability_2024,head_smut,isolate_reaction,isolate_HS13,binary_reaction_R_S,Resistant classification is favorable,Differential line,Publicly available study source,6,6,0,6,0,0
prom_head_smut_isolate_variability_2024,prom_head_smut_isolate_variability_2024,head_smut,isolate_reaction,isolate_HS130,binary_reaction_R_S,Resistant classification is favorable,Differential line,Publicly available study source,6,6,0,6,0,0
prom_head_smut_isolate_variability_2024,prom_head_smut_isolate_variability_2024,head_smut,isolate_reaction,isolate_HS22,binary_reaction_R_S,Resistant classification is favorable,Differential line,Publicly available study source,6,6,0,6,0,0
prom_head_smut_isolate_variability_2024,prom_head_smut_isolate_variability_2024,head_smut,isolate_reaction,isolate_HS35,binary_reaction_R_S,Resistant classification is favorable,Differential line,Publicly available study source,6,6,0,6,0,0
prom_head_smut_isolate_variability_2024,prom_head_smut_isolate_variability_2024,head_smut,isolate_reaction,isolate_HS37,binary_reaction_R_S,Resistant classification is favorable,Differential line,Publicly available study source,6,6,0,6,0,0
prom_head_smut_isolate_variability_2024,prom_head_smut_isolate_variability_2024,head_smut,isolate_reaction,isolate_HS40,binary_reaction_R_S,Resistant classification is favorable,Differential line,Publicly available study source,6,6,0,6,0,0
prom_head_smut_isolate_variability_2024,prom_head_smut_isolate_variability_2024,head_smut,isolate_reaction,isolate_HS44,binary_reaction_R_S,Resistant classification is favorable,Differential line,Publicly available study source,6,6,0,6,0,0
prom_head_smut_isolate_variability_2024,prom_head_smut_isolate_variability_2024,head_smut,isolate_reaction,isolate_HS47,binary_reaction_R_S,Resistant classification is favorable,Differential line,Publicly available study source,6,6,0,6,0,0
prom_head_smut_isolate_variability_2024,prom_head_smut_isolate_variability_2024,head_smut,isolate_reaction,isolate_HS49,binary_reaction_R_S,Resistant classification is favorable,Differential line,Publicly available study source,6,6,0,6,0,0
prom_head_smut_isolate_variability_2024,prom_head_smut_isolate_variability_2024,head_smut,isolate_reaction,isolate_HS52,binary_reaction_R_S,Resistant classification is favorable,Differential line,Publicly available study source,6,6,0,6,0,0
prom_head_smut_isolate_variability_2024,prom_head_smut_isolate_variability_2024,head_smut,isolate_reaction,isolate_HS61,binary_reaction_R_S,Resistant classification is favorable,Differential line,Publicly available study source,6,6,0,6,0,0
prom_head_smut_isolate_variability_2024,prom_head_smut_isolate_variability_2024,head_smut,isolate_reaction,isolate_HS65,binary_reaction_R_S,Resistant classification is favorable,Differential line,Publicly available study source,6,6,0,6,0,0
prom_head_smut_isolate_variability_2024,prom_head_smut_isolate_variability_2024,head_smut,isolate_reaction,isolate_HS66,binary_reaction_R_S,Resistant classification is favorable,Differential line,Publicly available study source,6,6,0,6,0,0
prom_head_smut_isolate_variability_2024,prom_head_smut_isolate_variability_2024,head_smut,isolate_reaction,isolate_HS71,binary_reaction_R_S,Resistant classification is favorable,Differential line,Publicly available study source,6,6,0,6,0,0
prom_head_smut_isolate_variability_2024,prom_head_smut_isolate_variability_2024,head_smut,isolate_reaction,isolate_HS74,binary_reaction_R_S,Resistant classification is favorable,Differential line,Publicly available study source,6,6,0,6,0,0
prom_head_smut_isolate_variability_2024,prom_head_smut_isolate_variability_2024,head_smut,isolate_reaction,isolate_HS81,binary_reaction_R_S,Resistant classification is favorable,Differential line,Publicly available study source,6,6,0,6,0,0
prom_head_smut_isolate_variability_2024,prom_head_smut_isolate_variability_2024,head_smut,isolate_reaction,isolate_HS86,binary_reaction_R_S,Resistant classification is favorable,Differential line,Publicly available study source,6,6,0,6,0,0
prom_head_smut_virulence_2011,prom_head_smut_virulence_2011,head_smut,head_smut_incidence_percent,greenhouse_32_sorghum_isolates_media_placement_inoculation_method_comparison,incidence_percent_0_100_with_tukey_group,Lower values indicate a more favorable response,Host differential,Publicly available study source,2,2,0,2,2,0
prom_head_smut_virulence_2011,prom_head_smut_virulence_2011,head_smut,head_smut_incidence_percent,greenhouse_32_sorghum_isolates_media_placement_inoculation_method_comparison,incidence_percent_0_100_with_tukey_group,Lower values indicate a more favorable response,Universally resistant host differential,Publicly available study source,1,1,0,1,1,0
prom_head_smut_virulence_2011,prom_head_smut_virulence_2011,head_smut,head_smut_incidence_percent,greenhouse_32_sorghum_isolates_media_placement_inoculation_method_comparison,incidence_percent_0_100_with_tukey_group,Lower values indicate a more favorable response,Universally susceptible host differential,Publicly available study source,1,1,0,1,1,0
prom_head_smut_virulence_2011,prom_head_smut_virulence_2011,head_smut,head_smut_incidence_percent,greenhouse_32_sorghum_isolates_seed_coating_inoculation_method_comparison,incidence_percent_0_100_with_tukey_group,Lower values indicate a more favorable response,Host differential,Publicly available study source,2,2,0,2,2,0
prom_head_smut_virulence_2011,prom_head_smut_virulence_2011,head_smut,head_smut_incidence_percent,greenhouse_32_sorghum_isolates_seed_coating_inoculation_method_comparison,incidence_percent_0_100_with_tukey_group,Lower values indicate a more favorable response,Universally resistant host differential,Publicly available study source,1,1,0,1,1,0
prom_head_smut_virulence_2011,prom_head_smut_virulence_2011,head_smut,head_smut_incidence_percent,greenhouse_32_sorghum_isolates_seed_coating_inoculation_method_comparison,incidence_percent_0_100_with_tukey_group,Lower values indicate a more favorable response,Universally susceptible host differential,Publicly available study source,1,1,0,1,1,0
prom_head_smut_virulence_2011,prom_head_smut_virulence_2011,head_smut,head_smut_incidence_percent,greenhouse_32_sorghum_isolates_soil_teliospore_mixture_inoculation_method_comparison,incidence_percent_0_100_with_tukey_group,Lower values indicate a more favorable response,Host differential,Publicly available study source,2,2,0,2,2,0
prom_head_smut_virulence_2011,prom_head_smut_virulence_2011,head_smut,head_smut_incidence_percent,greenhouse_32_sorghum_isolates_soil_teliospore_mixture_inoculation_method_comparison,incidence_percent_0_100_with_tukey_group,Lower values indicate a more favorable response,Universally resistant host differential,Publicly available study source,1,1,0,1,1,0
prom_head_smut_virulence_2011,prom_head_smut_virulence_2011,head_smut,head_smut_incidence_percent,greenhouse_32_sorghum_isolates_soil_teliospore_mixture_inoculation_method_comparison,incidence_percent_0_100_with_tukey_group,Lower values indicate a more favorable response,Universally susceptible host differential,Publicly available study source,1,1,0,1,1,0
prom_head_smut_virulence_2011,prom_head_smut_virulence_2011,head_smut,head_smut_incidence_percent,greenhouse_32_sorghum_isolates_syringe_injection_inoculation_method_comparison,incidence_percent_0_100_with_tukey_group,Lower values indicate a more favorable response,Host differential,Publicly available study source,2,2,0,2,2,0
prom_head_smut_virulence_2011,prom_head_smut_virulence_2011,head_smut,head_smut_incidence_percent,greenhouse_32_sorghum_isolates_syringe_injection_inoculation_method_comparison,incidence_percent_0_100_with_tukey_group,Lower values indicate a more favorable response,Universally resistant host differential,Publicly available study source,1,1,0,1,1,0
prom_head_smut_virulence_2011,prom_head_smut_virulence_2011,head_smut,head_smut_incidence_percent,greenhouse_32_sorghum_isolates_syringe_injection_inoculation_method_comparison,incidence_percent_0_100_with_tukey_group,Lower values indicate a more favorable response,Universally susceptible host differential,Publicly available study source,1,1,0,1,1,0
prom_head_smut_virulence_2011,prom_head_smut_virulence_2011,head_smut,reported_host_differential_reaction,greenhouse_syringe_injection_reported_race_1_isolates_30_32,binary_reaction_R_S,Resistant classification is favorable,Host differential,Publicly available study source,4,4,0,4,0,0
prom_head_smut_virulence_2011,prom_head_smut_virulence_2011,head_smut,reported_host_differential_reaction,greenhouse_syringe_injection_reported_race_1_isolates_30_32,binary_reaction_R_S,Resistant classification is favorable,Universally resistant host differential,Publicly available study source,1,1,0,1,0,0
prom_head_smut_virulence_2011,prom_head_smut_virulence_2011,head_smut,reported_host_differential_reaction,greenhouse_syringe_injection_reported_race_1_isolates_30_32,binary_reaction_R_S,Resistant classification is favorable,Universally susceptible host differential,Publicly available study source,1,1,0,1,0,0
prom_head_smut_virulence_2011,prom_head_smut_virulence_2011,head_smut,reported_host_differential_reaction,greenhouse_syringe_injection_reported_race_2_isolates_none,binary_reaction_R_S,Resistant classification is favorable,Host differential,Publicly available study source,4,4,0,0,0,0
prom_head_smut_virulence_2011,prom_head_smut_virulence_2011,head_smut,reported_host_differential_reaction,greenhouse_syringe_injection_reported_race_2_isolates_none,binary_reaction_R_S,Resistant classification is favorable,Universally resistant host differential,Publicly available study source,1,1,0,0,0,0
prom_head_smut_virulence_2011,prom_head_smut_virulence_2011,head_smut,reported_host_differential_reaction,greenhouse_syringe_injection_reported_race_2_isolates_none,binary_reaction_R_S,Resistant classification is favorable,Universally susceptible host differential,Publicly available study source,1,1,0,0,0,0
prom_head_smut_virulence_2011,prom_head_smut_virulence_2011,head_smut,reported_host_differential_reaction,greenhouse_syringe_injection_reported_race_3_isolates_none,binary_reaction_R_S,Resistant classification is favorable,Host differential,Publicly available study source,4,4,0,0,0,0
prom_head_smut_virulence_2011,prom_head_smut_virulence_2011,head_smut,reported_host_differential_reaction,greenhouse_syringe_injection_reported_race_3_isolates_none,binary_reaction_R_S,Resistant classification is favorable,Universally resistant host differential,Publicly available study source,1,1,0,0,0,0
prom_head_smut_virulence_2011,prom_head_smut_virulence_2011,head_smut,reported_host_differential_reaction,greenhouse_syringe_injection_reported_race_3_isolates_none,binary_reaction_R_S,Resistant classification is favorable,Universally susceptible host differential,Publicly available study source,1,1,0,0,0,0
prom_head_smut_virulence_2011,prom_head_smut_virulence_2011,head_smut,reported_host_differential_reaction,greenhouse_syringe_injection_reported_race_4_isolates_02_05_07_09_13_15_17_23_25_29_31,binary_reaction_R_S,Resistant classification is favorable,Host differential,Publicly available study source,4,4,0,4,0,0
prom_head_smut_virulence_2011,prom_head_smut_virulence_2011,head_smut,reported_host_differential_reaction,greenhouse_syringe_injection_reported_race_4_isolates_02_05_07_09_13_15_17_23_25_29_31,binary_reaction_R_S,Resistant classification is favorable,Universally resistant host differential,Publicly available study source,1,1,0,1,0,0
prom_head_smut_virulence_2011,prom_head_smut_virulence_2011,head_smut,reported_host_differential_reaction,greenhouse_syringe_injection_reported_race_4_isolates_02_05_07_09_13_15_17_23_25_29_31,binary_reaction_R_S,Resistant classification is favorable,Universally susceptible host differential,Publicly available study source,1,1,0,1,0,0
prom_head_smut_virulence_2011,prom_head_smut_virulence_2011,head_smut,reported_host_differential_reaction,greenhouse_syringe_injection_reported_race_4a_isolates_24,binary_reaction_R_S,Resistant classification is favorable,Host differential,Publicly available study source,4,4,0,4,0,0
prom_head_smut_virulence_2011,prom_head_smut_virulence_2011,head_smut,reported_host_differential_reaction,greenhouse_syringe_injection_reported_race_4a_isolates_24,binary_reaction_R_S,Resistant classification is favorable,Universally resistant host differential,Publicly available study source,1,1,0,1,0,0
prom_head_smut_virulence_2011,prom_head_smut_virulence_2011,head_smut,reported_host_differential_reaction,greenhouse_syringe_injection_reported_race_4a_isolates_24,binary_reaction_R_S,Resistant classification is favorable,Universally susceptible host differential,Publicly available study source,1,1,0,1,0,0
prom_head_smut_virulence_2011,prom_head_smut_virulence_2011,head_smut,reported_host_differential_reaction,greenhouse_syringe_injection_reported_race_5_isolates_01_03_04_06_16,binary_reaction_R_S,Resistant classification is favorable,Host differential,Publicly available study source,4,4,0,4,0,0
prom_head_smut_virulence_2011,prom_head_smut_virulence_2011,head_smut,reported_host_differential_reaction,greenhouse_syringe_injection_reported_race_5_isolates_01_03_04_06_16,binary_reaction_R_S,Resistant classification is favorable,Universally resistant host differential,Publicly available study source,1,1,0,1,0,0
prom_head_smut_virulence_2011,prom_head_smut_virulence_2011,head_smut,reported_host_differential_reaction,greenhouse_syringe_injection_reported_race_5_isolates_01_03_04_06_16,binary_reaction_R_S,Resistant classification is favorable,Universally susceptible host differential,Publicly available study source,1,1,0,1,0,0
prom_head_smut_virulence_2011,prom_head_smut_virulence_2011,head_smut,reported_host_differential_reaction,greenhouse_syringe_injection_reported_race_6_isolates_08_14,binary_reaction_R_S,Resistant classification is favorable,Host differential,Publicly available study source,4,4,0,4,0,0
prom_head_smut_virulence_2011,prom_head_smut_virulence_2011,head_smut,reported_host_differential_reaction,greenhouse_syringe_injection_reported_race_6_isolates_08_14,binary_reaction_R_S,Resistant classification is favorable,Universally resistant host differential,Publicly available study source,1,1,0,1,0,0
prom_head_smut_virulence_2011,prom_head_smut_virulence_2011,head_smut,reported_host_differential_reaction,greenhouse_syringe_injection_reported_race_6_isolates_08_14,binary_reaction_R_S,Resistant classification is favorable,Universally susceptible host differential,Publicly available study source,1,1,0,1,0,0
prom_leaf_traits_anthracnose_2020,prom_leaf_traits_anthracnose_2020,anthracnose,anthracnose_susceptibility_score_apex_leaf_blade,college_station_texas_greenhouse_excised_leaf_tissue_assay_experiment_year_not_reported,excised_leaf_susceptibility_1_10_acervuli,Lower values indicate a more favorable response,Sorghum cultivar mechanistic tissue assay,Publicly available study source,48,48,0,48,48,0
prom_leaf_traits_anthracnose_2020,prom_leaf_traits_anthracnose_2020,anthracnose,anthracnose_susceptibility_score_apex_midrib,college_station_texas_greenhouse_excised_leaf_tissue_assay_experiment_year_not_reported,excised_leaf_susceptibility_1_10_acervuli,Lower values indicate a more favorable response,Sorghum cultivar mechanistic tissue assay,Publicly available study source,48,48,0,48,48,0
prom_leaf_traits_anthracnose_2020,prom_leaf_traits_anthracnose_2020,anthracnose,anthracnose_susceptibility_score_base_leaf_blade,college_station_texas_greenhouse_excised_leaf_tissue_assay_experiment_year_not_reported,excised_leaf_susceptibility_1_10_acervuli,Lower values indicate a more favorable response,Sorghum cultivar mechanistic tissue assay,Publicly available study source,48,48,0,48,48,0
prom_leaf_traits_anthracnose_2020,prom_leaf_traits_anthracnose_2020,anthracnose,anthracnose_susceptibility_score_base_midrib,college_station_texas_greenhouse_excised_leaf_tissue_assay_experiment_year_not_reported,excised_leaf_susceptibility_1_10_acervuli,Lower values indicate a more favorable response,Sorghum cultivar mechanistic tissue assay,Publicly available study source,48,48,0,48,48,0
prom_leaf_traits_anthracnose_2020,prom_leaf_traits_anthracnose_2020,anthracnose,anthracnose_susceptibility_score_middle_leaf_blade,college_station_texas_greenhouse_excised_leaf_tissue_assay_experiment_year_not_reported,excised_leaf_susceptibility_1_10_acervuli,Lower values indicate a more favorable response,Sorghum cultivar mechanistic tissue assay,Publicly available study source,48,48,0,48,48,0
prom_leaf_traits_anthracnose_2020,prom_leaf_traits_anthracnose_2020,anthracnose,anthracnose_susceptibility_score_middle_midrib,college_station_texas_greenhouse_excised_leaf_tissue_assay_experiment_year_not_reported,excised_leaf_susceptibility_1_10_acervuli,Lower values indicate a more favorable response,Sorghum cultivar mechanistic tissue assay,Publicly available study source,48,48,0,48,48,0
prom_leaf_traits_anthracnose_2020,prom_leaf_traits_anthracnose_2020,anthracnose,leaf_thickness_mm_apex_leaf_blade,college_station_texas_greenhouse_excised_leaf_tissue_assay_experiment_year_not_reported,leaf_thickness_mm,Descriptive endpoint,Sorghum cultivar mechanistic tissue assay,Publicly available study source,48,48,0,48,48,0
prom_leaf_traits_anthracnose_2020,prom_leaf_traits_anthracnose_2020,anthracnose,leaf_thickness_mm_apex_midrib,college_station_texas_greenhouse_excised_leaf_tissue_assay_experiment_year_not_reported,leaf_thickness_mm,Descriptive endpoint,Sorghum cultivar mechanistic tissue assay,Publicly available study source,48,48,0,48,48,0
prom_leaf_traits_anthracnose_2020,prom_leaf_traits_anthracnose_2020,anthracnose,leaf_thickness_mm_base_leaf_blade,college_station_texas_greenhouse_excised_leaf_tissue_assay_experiment_year_not_reported,leaf_thickness_mm,Descriptive endpoint,Sorghum cultivar mechanistic tissue assay,Publicly available study source,48,48,0,48,48,0
prom_leaf_traits_anthracnose_2020,prom_leaf_traits_anthracnose_2020,anthracnose,leaf_thickness_mm_base_midrib,college_station_texas_greenhouse_excised_leaf_tissue_assay_experiment_year_not_reported,leaf_thickness_mm,Descriptive endpoint,Sorghum cultivar mechanistic tissue assay,Publicly available study source,48,48,0,48,48,0
prom_leaf_traits_anthracnose_2020,prom_leaf_traits_anthracnose_2020,anthracnose,leaf_thickness_mm_middle_leaf_blade,college_station_texas_greenhouse_excised_leaf_tissue_assay_experiment_year_not_reported,leaf_thickness_mm,Descriptive endpoint,Sorghum cultivar mechanistic tissue assay,Publicly available study source,48,48,0,48,48,0
prom_leaf_traits_anthracnose_2020,prom_leaf_traits_anthracnose_2020,anthracnose,leaf_thickness_mm_middle_midrib,college_station_texas_greenhouse_excised_leaf_tissue_assay_experiment_year_not_reported,leaf_thickness_mm,Descriptive endpoint,Sorghum cultivar mechanistic tissue assay,Publicly available study source,48,48,0,48,48,0
prom_lines_long_smut_grain_mold_2017,prom_lines_long_smut_grain_mold_2017,grain_mold,grain_mold_severity_combined_lsmean,bambey_senegal_2011_2012_combined,naturally_infected_threshed_seed_grain_mold_score_1_5_combined_2011_2012,Lower values indicate a more favorable response,Grain mold resistant check,Publicly available study source,2,2,0,2,2,0
prom_lines_long_smut_grain_mold_2017,prom_lines_long_smut_grain_mold_2017,grain_mold,grain_mold_severity_combined_lsmean,bambey_senegal_2011_2012_combined,naturally_infected_threshed_seed_grain_mold_score_1_5_combined_2011_2012,Lower values indicate a more favorable response,Senegalese line,Publicly available study source,2,2,0,2,2,2
prom_lines_long_smut_grain_mold_2017,prom_lines_long_smut_grain_mold_2017,grain_mold,grain_mold_severity_combined_lsmean,bambey_senegal_2011_2012_combined,naturally_infected_threshed_seed_grain_mold_score_1_5_combined_2011_2012,Lower values indicate a more favorable response,U.S. line or hybrid,Publicly available study source,19,19,0,19,19,19
prom_lines_long_smut_grain_mold_2017,prom_lines_long_smut_grain_mold_2017,long_smut,long_smut_incidence_percent_combined_lsmean,bambey_senegal_2011_2012_combined,long_smut_incidence_percent_0_100_combined_2011_2012,Lower values indicate a more favorable response,Grain mold resistant check,Publicly available study source,2,2,0,2,2,0
prom_lines_long_smut_grain_mold_2017,prom_lines_long_smut_grain_mold_2017,long_smut,long_smut_incidence_percent_combined_lsmean,bambey_senegal_2011_2012_combined,long_smut_incidence_percent_0_100_combined_2011_2012,Lower values indicate a more favorable response,Senegalese line,Publicly available study source,2,2,0,2,2,2
prom_lines_long_smut_grain_mold_2017,prom_lines_long_smut_grain_mold_2017,long_smut,long_smut_incidence_percent_combined_lsmean,bambey_senegal_2011_2012_combined,long_smut_incidence_percent_0_100_combined_2011_2012,Lower values indicate a more favorable response,U.S. line or hybrid,Publicly available study source,19,19,0,19,19,19
prom_mali_anthracnose_2004,prom_mali_anthracnose_2004,anthracnose,anthracnose_reported_rating_token,isabela_puerto_rico_2003_dry_season,anthracnose_score_1_5_single_or_replication_vector,Lower values indicate a more favorable response,Accession,Publicly available study source,264,264,0,264,249,264
prom_mali_anthracnose_2004,prom_mali_anthracnose_2004,anthracnose,anthracnose_reported_rating_token,isabela_puerto_rico_2003_dry_season,anthracnose_score_1_5_single_or_replication_vector,Lower values indicate a more favorable response,Accession duplicate seed lot,Publicly available study source,6,6,0,6,6,0
prom_mali_anthracnose_2004,prom_mali_anthracnose_2004,anthracnose,anthracnose_reported_rating_token,isabela_puerto_rico_2003_dry_season,anthracnose_score_1_5_single_or_replication_vector,Lower values indicate a more favorable response,Control,Publicly available study source,16,16,0,16,16,0
prom_mali_anthracnose_2004,prom_mali_anthracnose_2004,anthracnose,anthracnose_reported_rating_token,isabela_puerto_rico_2003_wet_season,anthracnose_score_1_5_single_or_replication_vector,Lower values indicate a more favorable response,Accession,Publicly available study source,264,264,0,264,262,264
prom_mali_anthracnose_2004,prom_mali_anthracnose_2004,anthracnose,anthracnose_reported_rating_token,isabela_puerto_rico_2003_wet_season,anthracnose_score_1_5_single_or_replication_vector,Lower values indicate a more favorable response,Accession duplicate seed lot,Publicly available study source,6,6,0,6,6,0
prom_mali_anthracnose_2004,prom_mali_anthracnose_2004,anthracnose,anthracnose_reported_rating_token,isabela_puerto_rico_2003_wet_season,anthracnose_score_1_5_single_or_replication_vector,Lower values indicate a more favorable response,Control,Publicly available study source,16,16,0,16,16,0
prom_minicore_multidisease_2019,prom_minicore_multidisease_2019,anthracnose,reported_reaction,icrisat_greenhouse_2008_2009,binary_reaction_R_S,Resistant classification is favorable,Accession or check,Publicly available study source,245,245,0,245,0,0
prom_minicore_multidisease_2019,prom_minicore_multidisease_2019,downy_mildew,reported_reaction,icrisat_greenhouse_2009_2010,binary_reaction_R_S,Resistant classification is favorable,Accession or check,Publicly available study source,245,245,0,240,0,0
prom_minicore_multidisease_2019,prom_minicore_multidisease_2019,head_smut,reported_reaction,icrisat_greenhouse_2009_2010,binary_reaction_R_S,Resistant classification is favorable,Accession or check,Publicly available study source,245,245,0,229,0,0
prom_mozambique_anthracnose_2006,prom_mozambique_anthracnose_2006,anthracnose,anthracnose_reported_rating_token,isabela_puerto_rico_2004_dry_season,anthracnose_score_1_5_single_or_replication_vector,Lower values indicate a more favorable response,Accession,Publicly available study source,22,22,0,22,14,22
prom_mozambique_anthracnose_2006,prom_mozambique_anthracnose_2006,anthracnose,anthracnose_reported_rating_token,isabela_puerto_rico_2004_dry_season,anthracnose_score_1_5_single_or_replication_vector,Lower values indicate a more favorable response,Resistant control,Publicly available study source,1,1,0,1,1,0
prom_mozambique_anthracnose_2006,prom_mozambique_anthracnose_2006,anthracnose,anthracnose_reported_rating_token,isabela_puerto_rico_2004_dry_season,anthracnose_score_1_5_single_or_replication_vector,Lower values indicate a more favorable response,Susceptible control,Publicly available study source,1,1,0,1,1,0
prom_mozambique_anthracnose_2006,prom_mozambique_anthracnose_2006,anthracnose,anthracnose_reported_rating_token,isabela_puerto_rico_2004_wet_season,anthracnose_score_1_5_single_or_replication_vector,Lower values indicate a more favorable response,Accession,Publicly available study source,22,22,0,22,21,22
prom_mozambique_anthracnose_2006,prom_mozambique_anthracnose_2006,anthracnose,anthracnose_reported_rating_token,isabela_puerto_rico_2004_wet_season,anthracnose_score_1_5_single_or_replication_vector,Lower values indicate a more favorable response,Resistant control,Publicly available study source,1,1,0,1,1,0
prom_mozambique_anthracnose_2006,prom_mozambique_anthracnose_2006,anthracnose,anthracnose_reported_rating_token,isabela_puerto_rico_2004_wet_season,anthracnose_score_1_5_single_or_replication_vector,Lower values indicate a more favorable response,Susceptible control,Publicly available study source,1,1,0,1,1,0
prom_mozambique_anthracnose_2006,prom_mozambique_anthracnose_2006,anthracnose,infected_leaf_area_percent,isabela_puerto_rico_2004_dry_season,infected_leaf_area_percent_0_100,Lower values indicate a more favorable response,Accession,Publicly available study source,22,22,0,7,7,22
prom_mozambique_anthracnose_2006,prom_mozambique_anthracnose_2006,anthracnose,infected_leaf_area_percent,isabela_puerto_rico_2004_dry_season,infected_leaf_area_percent_0_100,Lower values indicate a more favorable response,Resistant control,Publicly available study source,1,1,0,0,0,0
prom_mozambique_anthracnose_2006,prom_mozambique_anthracnose_2006,anthracnose,infected_leaf_area_percent,isabela_puerto_rico_2004_dry_season,infected_leaf_area_percent_0_100,Lower values indicate a more favorable response,Susceptible control,Publicly available study source,1,1,0,1,1,0
prom_mozambique_anthracnose_2006,prom_mozambique_anthracnose_2006,anthracnose,infected_leaf_area_percent,isabela_puerto_rico_2004_wet_season,infected_leaf_area_percent_0_100,Lower values indicate a more favorable response,Accession,Publicly available study source,22,22,0,5,5,22
prom_mozambique_anthracnose_2006,prom_mozambique_anthracnose_2006,anthracnose,infected_leaf_area_percent,isabela_puerto_rico_2004_wet_season,infected_leaf_area_percent_0_100,Lower values indicate a more favorable response,Resistant control,Publicly available study source,1,1,0,0,0,0
prom_mozambique_anthracnose_2006,prom_mozambique_anthracnose_2006,anthracnose,infected_leaf_area_percent,isabela_puerto_rico_2004_wet_season,infected_leaf_area_percent_0_100,Lower values indicate a more favorable response,Susceptible control,Publicly available study source,1,1,0,1,1,0
prom_ql3_is18760_anthracnose_inheritance_2021,prom_ql3_is18760_anthracnose_inheritance_2021,anthracnose,reported_across_location_lsmean,puerto_rico_texas_reported_across_location_lsmean,model_lsmean_from_anthracnose_score_1_5,Lower values indicate a more favorable response,Common susceptible parent,Publicly available study source,1,1,0,1,1,0
prom_ql3_is18760_anthracnose_inheritance_2021,prom_ql3_is18760_anthracnose_inheritance_2021,anthracnose,reported_across_location_lsmean,puerto_rico_texas_reported_across_location_lsmean,model_lsmean_from_anthracnose_score_1_5,Lower values indicate a more favorable response,Is18760 parent,Publicly available study source,1,1,0,1,1,0
prom_ql3_is18760_anthracnose_inheritance_2021,prom_ql3_is18760_anthracnose_inheritance_2021,anthracnose,reported_across_location_lsmean,puerto_rico_texas_reported_across_location_lsmean,model_lsmean_from_anthracnose_score_1_5,Lower values indicate a more favorable response,Ql3 parent,Publicly available study source,1,1,0,1,1,0
prom_ql3_is18760_anthracnose_inheritance_2021,prom_ql3_is18760_anthracnose_inheritance_2021,anthracnose,reported_across_location_lsmean,puerto_rico_texas_reported_across_location_lsmean,model_lsmean_from_anthracnose_score_1_5,Lower values indicate a more favorable response,Recombinant inbred line is18760 x pi609251,Publicly available study source,127,127,0,127,127,127
prom_ql3_is18760_anthracnose_inheritance_2021,prom_ql3_is18760_anthracnose_inheritance_2021,anthracnose,reported_across_location_lsmean,puerto_rico_texas_reported_across_location_lsmean,model_lsmean_from_anthracnose_score_1_5,Lower values indicate a more favorable response,Recombinant inbred line ql3 x pi609251,Publicly available study source,96,96,0,95,95,96
prom_ql3_is18760_anthracnose_inheritance_2021,prom_ql3_is18760_anthracnose_inheritance_2021,anthracnose,reported_greenhouse_pathotype_reaction,college_station_greenhouse_spring_fall_2017_arkansas_amp_048,binary_reaction_R_S_from_score_1_5_threshold,Resistant classification is favorable,Common susceptible parent,Publicly available study source,1,1,0,1,0,0
prom_ql3_is18760_anthracnose_inheritance_2021,prom_ql3_is18760_anthracnose_inheritance_2021,anthracnose,reported_greenhouse_pathotype_reaction,college_station_greenhouse_spring_fall_2017_arkansas_amp_048,binary_reaction_R_S_from_score_1_5_threshold,Resistant classification is favorable,Is18760 parent,Publicly available study source,1,1,0,1,0,0
prom_ql3_is18760_anthracnose_inheritance_2021,prom_ql3_is18760_anthracnose_inheritance_2021,anthracnose,reported_greenhouse_pathotype_reaction,college_station_greenhouse_spring_fall_2017_arkansas_amp_048,binary_reaction_R_S_from_score_1_5_threshold,Resistant classification is favorable,Ql3 parent,Publicly available study source,1,1,0,1,0,0
prom_ql3_is18760_anthracnose_inheritance_2021,prom_ql3_is18760_anthracnose_inheritance_2021,anthracnose,reported_greenhouse_pathotype_reaction,college_station_greenhouse_spring_fall_2017_arkansas_amp_048,binary_reaction_R_S_from_score_1_5_threshold,Resistant classification is favorable,Recombinant inbred line is18760 x pi609251 pathotype subset,Publicly available study source,21,21,0,21,0,0
prom_ql3_is18760_anthracnose_inheritance_2021,prom_ql3_is18760_anthracnose_inheritance_2021,anthracnose,reported_greenhouse_pathotype_reaction,college_station_greenhouse_spring_fall_2017_arkansas_amp_048,binary_reaction_R_S_from_score_1_5_threshold,Resistant classification is favorable,Recombinant inbred line ql3 x pi609251 pathotype subset,Publicly available study source,22,22,0,22,0,0
prom_ql3_is18760_anthracnose_inheritance_2021,prom_ql3_is18760_anthracnose_inheritance_2021,anthracnose,reported_greenhouse_pathotype_reaction,college_station_greenhouse_spring_fall_2017_arkansas_amp_050,binary_reaction_R_S_from_score_1_5_threshold,Resistant classification is favorable,Common susceptible parent,Publicly available study source,1,1,0,1,0,0
prom_ql3_is18760_anthracnose_inheritance_2021,prom_ql3_is18760_anthracnose_inheritance_2021,anthracnose,reported_greenhouse_pathotype_reaction,college_station_greenhouse_spring_fall_2017_arkansas_amp_050,binary_reaction_R_S_from_score_1_5_threshold,Resistant classification is favorable,Is18760 parent,Publicly available study source,1,1,0,1,0,0
prom_ql3_is18760_anthracnose_inheritance_2021,prom_ql3_is18760_anthracnose_inheritance_2021,anthracnose,reported_greenhouse_pathotype_reaction,college_station_greenhouse_spring_fall_2017_arkansas_amp_050,binary_reaction_R_S_from_score_1_5_threshold,Resistant classification is favorable,Ql3 parent,Publicly available study source,1,1,0,1,0,0
prom_ql3_is18760_anthracnose_inheritance_2021,prom_ql3_is18760_anthracnose_inheritance_2021,anthracnose,reported_greenhouse_pathotype_reaction,college_station_greenhouse_spring_fall_2017_arkansas_amp_050,binary_reaction_R_S_from_score_1_5_threshold,Resistant classification is favorable,Recombinant inbred line is18760 x pi609251 pathotype subset,Publicly available study source,21,21,0,21,0,0
prom_ql3_is18760_anthracnose_inheritance_2021,prom_ql3_is18760_anthracnose_inheritance_2021,anthracnose,reported_greenhouse_pathotype_reaction,college_station_greenhouse_spring_fall_2017_arkansas_amp_050,binary_reaction_R_S_from_score_1_5_threshold,Resistant classification is favorable,Recombinant inbred line ql3 x pi609251 pathotype subset,Publicly available study source,22,22,0,22,0,0
prom_ql3_is18760_anthracnose_inheritance_2021,prom_ql3_is18760_anthracnose_inheritance_2021,anthracnose,reported_greenhouse_pathotype_reaction,college_station_greenhouse_spring_fall_2017_puerto_rico_pathotype_32,binary_reaction_R_S_from_score_1_5_threshold,Resistant classification is favorable,Common susceptible parent,Publicly available study source,1,1,0,1,0,0
prom_ql3_is18760_anthracnose_inheritance_2021,prom_ql3_is18760_anthracnose_inheritance_2021,anthracnose,reported_greenhouse_pathotype_reaction,college_station_greenhouse_spring_fall_2017_puerto_rico_pathotype_32,binary_reaction_R_S_from_score_1_5_threshold,Resistant classification is favorable,Is18760 parent,Publicly available study source,1,1,0,1,0,0
prom_ql3_is18760_anthracnose_inheritance_2021,prom_ql3_is18760_anthracnose_inheritance_2021,anthracnose,reported_greenhouse_pathotype_reaction,college_station_greenhouse_spring_fall_2017_puerto_rico_pathotype_32,binary_reaction_R_S_from_score_1_5_threshold,Resistant classification is favorable,Ql3 parent,Publicly available study source,1,1,0,1,0,0
prom_ql3_is18760_anthracnose_inheritance_2021,prom_ql3_is18760_anthracnose_inheritance_2021,anthracnose,reported_greenhouse_pathotype_reaction,college_station_greenhouse_spring_fall_2017_puerto_rico_pathotype_32,binary_reaction_R_S_from_score_1_5_threshold,Resistant classification is favorable,Recombinant inbred line is18760 x pi609251 pathotype subset,Publicly available study source,21,21,0,21,0,0
prom_ql3_is18760_anthracnose_inheritance_2021,prom_ql3_is18760_anthracnose_inheritance_2021,anthracnose,reported_greenhouse_pathotype_reaction,college_station_greenhouse_spring_fall_2017_puerto_rico_pathotype_32,binary_reaction_R_S_from_score_1_5_threshold,Resistant classification is favorable,Recombinant inbred line ql3 x pi609251 pathotype subset,Publicly available study source,22,22,0,22,0,0
prom_ql3_is18760_anthracnose_inheritance_2021,prom_ql3_is18760_anthracnose_inheritance_2021,anthracnose,reported_greenhouse_pathotype_reaction,college_station_greenhouse_spring_fall_2017_puerto_rico_pathotype_36,binary_reaction_R_S_from_score_1_5_threshold,Resistant classification is favorable,Common susceptible parent,Publicly available study source,1,1,0,1,0,0
prom_ql3_is18760_anthracnose_inheritance_2021,prom_ql3_is18760_anthracnose_inheritance_2021,anthracnose,reported_greenhouse_pathotype_reaction,college_station_greenhouse_spring_fall_2017_puerto_rico_pathotype_36,binary_reaction_R_S_from_score_1_5_threshold,Resistant classification is favorable,Is18760 parent,Publicly available study source,1,1,0,1,0,0
prom_ql3_is18760_anthracnose_inheritance_2021,prom_ql3_is18760_anthracnose_inheritance_2021,anthracnose,reported_greenhouse_pathotype_reaction,college_station_greenhouse_spring_fall_2017_puerto_rico_pathotype_36,binary_reaction_R_S_from_score_1_5_threshold,Resistant classification is favorable,Ql3 parent,Publicly available study source,1,1,0,1,0,0
prom_ql3_is18760_anthracnose_inheritance_2021,prom_ql3_is18760_anthracnose_inheritance_2021,anthracnose,reported_greenhouse_pathotype_reaction,college_station_greenhouse_spring_fall_2017_puerto_rico_pathotype_36,binary_reaction_R_S_from_score_1_5_threshold,Resistant classification is favorable,Recombinant inbred line is18760 x pi609251 pathotype subset,Publicly available study source,21,21,0,21,0,0
prom_ql3_is18760_anthracnose_inheritance_2021,prom_ql3_is18760_anthracnose_inheritance_2021,anthracnose,reported_greenhouse_pathotype_reaction,college_station_greenhouse_spring_fall_2017_puerto_rico_pathotype_36,binary_reaction_R_S_from_score_1_5_threshold,Resistant classification is favorable,Recombinant inbred line ql3 x pi609251 pathotype subset,Publicly available study source,22,22,0,22,0,0
prom_ql3_is18760_anthracnose_inheritance_2021,prom_ql3_is18760_anthracnose_inheritance_2021,anthracnose,reported_greenhouse_pathotype_reaction,college_station_greenhouse_spring_fall_2017_texas_pathotype_20,binary_reaction_R_S_from_score_1_5_threshold,Resistant classification is favorable,Common susceptible parent,Publicly available study source,1,1,0,1,0,0
prom_ql3_is18760_anthracnose_inheritance_2021,prom_ql3_is18760_anthracnose_inheritance_2021,anthracnose,reported_greenhouse_pathotype_reaction,college_station_greenhouse_spring_fall_2017_texas_pathotype_20,binary_reaction_R_S_from_score_1_5_threshold,Resistant classification is favorable,Is18760 parent,Publicly available study source,1,1,0,1,0,0
prom_ql3_is18760_anthracnose_inheritance_2021,prom_ql3_is18760_anthracnose_inheritance_2021,anthracnose,reported_greenhouse_pathotype_reaction,college_station_greenhouse_spring_fall_2017_texas_pathotype_20,binary_reaction_R_S_from_score_1_5_threshold,Resistant classification is favorable,Ql3 parent,Publicly available study source,1,1,0,1,0,0
prom_ql3_is18760_anthracnose_inheritance_2021,prom_ql3_is18760_anthracnose_inheritance_2021,anthracnose,reported_greenhouse_pathotype_reaction,college_station_greenhouse_spring_fall_2017_texas_pathotype_20,binary_reaction_R_S_from_score_1_5_threshold,Resistant classification is favorable,Recombinant inbred line is18760 x pi609251 pathotype subset,Publicly available study source,21,21,0,21,0,0
prom_ql3_is18760_anthracnose_inheritance_2021,prom_ql3_is18760_anthracnose_inheritance_2021,anthracnose,reported_greenhouse_pathotype_reaction,college_station_greenhouse_spring_fall_2017_texas_pathotype_20,binary_reaction_R_S_from_score_1_5_threshold,Resistant classification is favorable,Recombinant inbred line ql3 x pi609251 pathotype subset,Publicly available study source,22,22,0,22,0,0
prom_ql3_is18760_anthracnose_inheritance_2021,prom_ql3_is18760_anthracnose_inheritance_2021,anthracnose,reported_greenhouse_pathotype_reaction,college_station_greenhouse_spring_fall_2017_texas_pathotype_26,binary_reaction_R_S_from_score_1_5_threshold,Resistant classification is favorable,Common susceptible parent,Publicly available study source,1,1,0,1,0,0
prom_ql3_is18760_anthracnose_inheritance_2021,prom_ql3_is18760_anthracnose_inheritance_2021,anthracnose,reported_greenhouse_pathotype_reaction,college_station_greenhouse_spring_fall_2017_texas_pathotype_26,binary_reaction_R_S_from_score_1_5_threshold,Resistant classification is favorable,Is18760 parent,Publicly available study source,1,1,0,1,0,0
prom_ql3_is18760_anthracnose_inheritance_2021,prom_ql3_is18760_anthracnose_inheritance_2021,anthracnose,reported_greenhouse_pathotype_reaction,college_station_greenhouse_spring_fall_2017_texas_pathotype_26,binary_reaction_R_S_from_score_1_5_threshold,Resistant classification is favorable,Ql3 parent,Publicly available study source,1,1,0,1,0,0
prom_ql3_is18760_anthracnose_inheritance_2021,prom_ql3_is18760_anthracnose_inheritance_2021,anthracnose,reported_greenhouse_pathotype_reaction,college_station_greenhouse_spring_fall_2017_texas_pathotype_26,binary_reaction_R_S_from_score_1_5_threshold,Resistant classification is favorable,Recombinant inbred line is18760 x pi609251 pathotype subset,Publicly available study source,21,21,0,21,0,0
prom_ql3_is18760_anthracnose_inheritance_2021,prom_ql3_is18760_anthracnose_inheritance_2021,anthracnose,reported_greenhouse_pathotype_reaction,college_station_greenhouse_spring_fall_2017_texas_pathotype_26,binary_reaction_R_S_from_score_1_5_threshold,Resistant classification is favorable,Recombinant inbred line ql3 x pi609251 pathotype subset,Publicly available study source,22,22,0,22,0,0
prom_ql3_is18760_anthracnose_inheritance_2021,prom_ql3_is18760_anthracnose_inheritance_2021,anthracnose,reported_greenhouse_pathotype_reaction,college_station_greenhouse_spring_fall_2017_texas_pathotype_29,binary_reaction_R_S_from_score_1_5_threshold,Resistant classification is favorable,Common susceptible parent,Publicly available study source,1,1,0,1,0,0
prom_ql3_is18760_anthracnose_inheritance_2021,prom_ql3_is18760_anthracnose_inheritance_2021,anthracnose,reported_greenhouse_pathotype_reaction,college_station_greenhouse_spring_fall_2017_texas_pathotype_29,binary_reaction_R_S_from_score_1_5_threshold,Resistant classification is favorable,Is18760 parent,Publicly available study source,1,1,0,1,0,0
prom_ql3_is18760_anthracnose_inheritance_2021,prom_ql3_is18760_anthracnose_inheritance_2021,anthracnose,reported_greenhouse_pathotype_reaction,college_station_greenhouse_spring_fall_2017_texas_pathotype_29,binary_reaction_R_S_from_score_1_5_threshold,Resistant classification is favorable,Ql3 parent,Publicly available study source,1,1,0,1,0,0
prom_ql3_is18760_anthracnose_inheritance_2021,prom_ql3_is18760_anthracnose_inheritance_2021,anthracnose,reported_greenhouse_pathotype_reaction,college_station_greenhouse_spring_fall_2017_texas_pathotype_29,binary_reaction_R_S_from_score_1_5_threshold,Resistant classification is favorable,Recombinant inbred line is18760 x pi609251 pathotype subset,Publicly available study source,21,21,0,21,0,0
prom_ql3_is18760_anthracnose_inheritance_2021,prom_ql3_is18760_anthracnose_inheritance_2021,anthracnose,reported_greenhouse_pathotype_reaction,college_station_greenhouse_spring_fall_2017_texas_pathotype_29,binary_reaction_R_S_from_score_1_5_threshold,Resistant classification is favorable,Recombinant inbred line ql3 x pi609251 pathotype subset,Publicly available study source,22,22,0,22,0,0
prom_ql3_is18760_anthracnose_inheritance_2021,prom_ql3_is18760_anthracnose_inheritance_2021,anthracnose,reported_greenhouse_pathotype_reaction,college_station_greenhouse_spring_fall_2017_texas_pathotype_31,binary_reaction_R_S_from_score_1_5_threshold,Resistant classification is favorable,Common susceptible parent,Publicly available study source,1,1,0,1,0,0
prom_ql3_is18760_anthracnose_inheritance_2021,prom_ql3_is18760_anthracnose_inheritance_2021,anthracnose,reported_greenhouse_pathotype_reaction,college_station_greenhouse_spring_fall_2017_texas_pathotype_31,binary_reaction_R_S_from_score_1_5_threshold,Resistant classification is favorable,Is18760 parent,Publicly available study source,1,1,0,1,0,0
prom_ql3_is18760_anthracnose_inheritance_2021,prom_ql3_is18760_anthracnose_inheritance_2021,anthracnose,reported_greenhouse_pathotype_reaction,college_station_greenhouse_spring_fall_2017_texas_pathotype_31,binary_reaction_R_S_from_score_1_5_threshold,Resistant classification is favorable,Ql3 parent,Publicly available study source,1,1,0,1,0,0
prom_ql3_is18760_anthracnose_inheritance_2021,prom_ql3_is18760_anthracnose_inheritance_2021,anthracnose,reported_greenhouse_pathotype_reaction,college_station_greenhouse_spring_fall_2017_texas_pathotype_31,binary_reaction_R_S_from_score_1_5_threshold,Resistant classification is favorable,Recombinant inbred line is18760 x pi609251 pathotype subset,Publicly available study source,21,21,0,21,0,0
prom_ql3_is18760_anthracnose_inheritance_2021,prom_ql3_is18760_anthracnose_inheritance_2021,anthracnose,reported_greenhouse_pathotype_reaction,college_station_greenhouse_spring_fall_2017_texas_pathotype_31,binary_reaction_R_S_from_score_1_5_threshold,Resistant classification is favorable,Recombinant inbred line ql3 x pi609251 pathotype subset,Publicly available study source,22,22,0,22,0,0
prom_ql3_is18760_anthracnose_inheritance_2021,prom_ql3_is18760_anthracnose_inheritance_2021,anthracnose,reported_within_location_lsmean,college_station_texas_reported_within_location_lsmean,model_lsmean_from_anthracnose_score_1_5,Lower values indicate a more favorable response,Common susceptible parent,Publicly available study source,1,1,0,1,1,0
prom_ql3_is18760_anthracnose_inheritance_2021,prom_ql3_is18760_anthracnose_inheritance_2021,anthracnose,reported_within_location_lsmean,college_station_texas_reported_within_location_lsmean,model_lsmean_from_anthracnose_score_1_5,Lower values indicate a more favorable response,Is18760 parent,Publicly available study source,1,1,0,1,1,0
prom_ql3_is18760_anthracnose_inheritance_2021,prom_ql3_is18760_anthracnose_inheritance_2021,anthracnose,reported_within_location_lsmean,college_station_texas_reported_within_location_lsmean,model_lsmean_from_anthracnose_score_1_5,Lower values indicate a more favorable response,Ql3 parent,Publicly available study source,1,1,0,1,1,0
prom_ql3_is18760_anthracnose_inheritance_2021,prom_ql3_is18760_anthracnose_inheritance_2021,anthracnose,reported_within_location_lsmean,college_station_texas_reported_within_location_lsmean,model_lsmean_from_anthracnose_score_1_5,Lower values indicate a more favorable response,Recombinant inbred line is18760 x pi609251,Publicly available study source,127,127,0,127,127,127
prom_ql3_is18760_anthracnose_inheritance_2021,prom_ql3_is18760_anthracnose_inheritance_2021,anthracnose,reported_within_location_lsmean,college_station_texas_reported_within_location_lsmean,model_lsmean_from_anthracnose_score_1_5,Lower values indicate a more favorable response,Recombinant inbred line ql3 x pi609251,Publicly available study source,96,96,0,88,88,96
prom_ql3_is18760_anthracnose_inheritance_2021,prom_ql3_is18760_anthracnose_inheritance_2021,anthracnose,reported_within_location_lsmean,isabela_puerto_rico_reported_within_location_lsmean,model_lsmean_from_anthracnose_score_1_5,Lower values indicate a more favorable response,Common susceptible parent,Publicly available study source,1,1,0,1,1,0
prom_ql3_is18760_anthracnose_inheritance_2021,prom_ql3_is18760_anthracnose_inheritance_2021,anthracnose,reported_within_location_lsmean,isabela_puerto_rico_reported_within_location_lsmean,model_lsmean_from_anthracnose_score_1_5,Lower values indicate a more favorable response,Is18760 parent,Publicly available study source,1,1,0,1,1,0
prom_ql3_is18760_anthracnose_inheritance_2021,prom_ql3_is18760_anthracnose_inheritance_2021,anthracnose,reported_within_location_lsmean,isabela_puerto_rico_reported_within_location_lsmean,model_lsmean_from_anthracnose_score_1_5,Lower values indicate a more favorable response,Ql3 parent,Publicly available study source,1,1,0,1,1,0
prom_ql3_is18760_anthracnose_inheritance_2021,prom_ql3_is18760_anthracnose_inheritance_2021,anthracnose,reported_within_location_lsmean,isabela_puerto_rico_reported_within_location_lsmean,model_lsmean_from_anthracnose_score_1_5,Lower values indicate a more favorable response,Recombinant inbred line is18760 x pi609251,Publicly available study source,127,127,0,124,124,127
prom_ql3_is18760_anthracnose_inheritance_2021,prom_ql3_is18760_anthracnose_inheritance_2021,anthracnose,reported_within_location_lsmean,isabela_puerto_rico_reported_within_location_lsmean,model_lsmean_from_anthracnose_score_1_5,Lower values indicate a more favorable response,Recombinant inbred line ql3 x pi609251,Publicly available study source,96,96,0,93,93,96
prom_sap_grain_mold_texas_2020_via_2026,prom_sap_grain_mold_texas_2020,grain_mold,alternaria_inoculation_mean_score,reported_cross_year_mean_burleson_county_texas,grain_mold_severity_score_1_5,Lower values indicate a more favorable response,Accession,Publicly available study source,306,306,0,305,305,306
prom_sap_grain_mold_texas_2020_via_2026,prom_sap_grain_mold_texas_2020,grain_mold,alternaria_minus_control_score,reported_cross_year_mean_burleson_county_texas,difference_on_grain_mold_score_1_5,Descriptive endpoint,Accession,Publicly available study source,306,306,0,305,305,306
prom_sap_grain_mold_texas_2020_via_2026,prom_sap_grain_mold_texas_2020,grain_mold,mixture_minus_control_score,reported_cross_year_mean_burleson_county_texas,difference_on_grain_mold_score_1_5,Descriptive endpoint,Accession,Publicly available study source,306,306,0,305,305,306
prom_sap_grain_mold_texas_2020_via_2026,prom_sap_grain_mold_texas_2020,grain_mold,three_fungus_mixture_mean_score,reported_cross_year_mean_burleson_county_texas,grain_mold_severity_score_1_5,Lower values indicate a more favorable response,Accession,Publicly available study source,306,306,0,306,306,306
prom_sap_grain_mold_texas_2020_via_2026,prom_sap_grain_mold_texas_2020,grain_mold,untreated_control_mean_score,reported_cross_year_mean_burleson_county_texas,grain_mold_severity_score_1_5,Lower values indicate a more favorable response,Accession,Publicly available study source,306,306,0,305,305,306
prom_sap_head_smut_p5_p6_2021,prom_sap_head_smut_p5_p6_2017,head_smut_p5,reported_incidence_percent,greenhouse_2017,incidence_percent_with_significance_letters,Lower values indicate a more favorable response,Accession,Publicly available study source,29,29,0,29,29,29
prom_sap_head_smut_p5_p6_2021,prom_sap_head_smut_p5_p6_2017,head_smut_p5,reported_incidence_percent,greenhouse_2017,incidence_percent_with_significance_letters,Lower values indicate a more favorable response,Resistant check,Publicly available study source,1,1,0,1,1,0
prom_sap_head_smut_p5_p6_2021,prom_sap_head_smut_p5_p6_2017,head_smut_p5,reported_incidence_percent,greenhouse_2017,incidence_percent_with_significance_letters,Lower values indicate a more favorable response,Susceptible check,Publicly available study source,1,1,0,1,1,0
prom_sap_head_smut_p5_p6_2021,prom_sap_head_smut_p5_p6_2017,head_smut_p5,reported_reaction,greenhouse_2017,binary_infection_plus_minus,Absence of infection is favorable,Accession,Publicly available study source,29,29,0,29,0,29
prom_sap_head_smut_p5_p6_2021,prom_sap_head_smut_p5_p6_2017,head_smut_p5,reported_reaction,greenhouse_2017,binary_infection_plus_minus,Absence of infection is favorable,Resistant check,Publicly available study source,1,1,0,1,0,0
prom_sap_head_smut_p5_p6_2021,prom_sap_head_smut_p5_p6_2017,head_smut_p5,reported_reaction,greenhouse_2017,binary_infection_plus_minus,Absence of infection is favorable,Susceptible check,Publicly available study source,1,1,0,1,0,0
prom_sap_head_smut_p5_p6_2021,prom_sap_head_smut_p5_p6_2017,head_smut_p6,reported_incidence_percent,greenhouse_2017,incidence_percent_with_significance_letters,Lower values indicate a more favorable response,Accession,Publicly available study source,29,29,0,29,29,29
prom_sap_head_smut_p5_p6_2021,prom_sap_head_smut_p5_p6_2017,head_smut_p6,reported_incidence_percent,greenhouse_2017,incidence_percent_with_significance_letters,Lower values indicate a more favorable response,Resistant check,Publicly available study source,1,1,0,1,1,0
prom_sap_head_smut_p5_p6_2021,prom_sap_head_smut_p5_p6_2017,head_smut_p6,reported_incidence_percent,greenhouse_2017,incidence_percent_with_significance_letters,Lower values indicate a more favorable response,Susceptible check,Publicly available study source,1,1,0,1,1,0
prom_sap_head_smut_p5_p6_2021,prom_sap_head_smut_p5_p6_2017,head_smut_p6,reported_reaction,greenhouse_2017,binary_infection_plus_minus,Absence of infection is favorable,Accession,Publicly available study source,29,29,0,29,0,29
prom_sap_head_smut_p5_p6_2021,prom_sap_head_smut_p5_p6_2017,head_smut_p6,reported_reaction,greenhouse_2017,binary_infection_plus_minus,Absence of infection is favorable,Resistant check,Publicly available study source,1,1,0,1,0,0
prom_sap_head_smut_p5_p6_2021,prom_sap_head_smut_p5_p6_2017,head_smut_p6,reported_reaction,greenhouse_2017,binary_infection_plus_minus,Absence of infection is favorable,Susceptible check,Publicly available study source,1,1,0,1,0,0
prom_sap_head_smut_p5_p6_2021,prom_sap_head_smut_p5_p6_2018,head_smut_p5,reported_incidence_percent,greenhouse_2018,incidence_percent_with_significance_letters,Lower values indicate a more favorable response,Accession,Publicly available study source,38,38,0,38,38,38
prom_sap_head_smut_p5_p6_2021,prom_sap_head_smut_p5_p6_2018,head_smut_p5,reported_incidence_percent,greenhouse_2018,incidence_percent_with_significance_letters,Lower values indicate a more favorable response,Resistant check,Publicly available study source,1,1,0,1,1,0
prom_sap_head_smut_p5_p6_2021,prom_sap_head_smut_p5_p6_2018,head_smut_p5,reported_incidence_percent,greenhouse_2018,incidence_percent_with_significance_letters,Lower values indicate a more favorable response,Susceptible check,Publicly available study source,1,1,0,1,1,0
prom_sap_head_smut_p5_p6_2021,prom_sap_head_smut_p5_p6_2018,head_smut_p5,reported_reaction,greenhouse_2018,binary_infection_plus_minus,Absence of infection is favorable,Accession,Publicly available study source,38,38,0,38,0,38
prom_sap_head_smut_p5_p6_2021,prom_sap_head_smut_p5_p6_2018,head_smut_p5,reported_reaction,greenhouse_2018,binary_infection_plus_minus,Absence of infection is favorable,Resistant check,Publicly available study source,1,1,0,1,0,0
prom_sap_head_smut_p5_p6_2021,prom_sap_head_smut_p5_p6_2018,head_smut_p5,reported_reaction,greenhouse_2018,binary_infection_plus_minus,Absence of infection is favorable,Susceptible check,Publicly available study source,1,1,0,1,0,0
prom_sap_head_smut_p5_p6_2021,prom_sap_head_smut_p5_p6_2018,head_smut_p6,reported_incidence_percent,greenhouse_2018,incidence_percent_with_significance_letters,Lower values indicate a more favorable response,Accession,Publicly available study source,38,38,0,38,38,38
prom_sap_head_smut_p5_p6_2021,prom_sap_head_smut_p5_p6_2018,head_smut_p6,reported_incidence_percent,greenhouse_2018,incidence_percent_with_significance_letters,Lower values indicate a more favorable response,Resistant check,Publicly available study source,1,1,0,1,1,0
prom_sap_head_smut_p5_p6_2021,prom_sap_head_smut_p5_p6_2018,head_smut_p6,reported_incidence_percent,greenhouse_2018,incidence_percent_with_significance_letters,Lower values indicate a more favorable response,Susceptible check,Publicly available study source,1,1,0,1,1,0
prom_sap_head_smut_p5_p6_2021,prom_sap_head_smut_p5_p6_2018,head_smut_p6,reported_reaction,greenhouse_2018,binary_infection_plus_minus,Absence of infection is favorable,Accession,Publicly available study source,38,38,0,38,0,38
prom_sap_head_smut_p5_p6_2021,prom_sap_head_smut_p5_p6_2018,head_smut_p6,reported_reaction,greenhouse_2018,binary_infection_plus_minus,Absence of infection is favorable,Resistant check,Publicly available study source,1,1,0,1,0,0
prom_sap_head_smut_p5_p6_2021,prom_sap_head_smut_p5_p6_2018,head_smut_p6,reported_reaction,greenhouse_2018,binary_infection_plus_minus,Absence of infection is favorable,Susceptible check,Publicly available study source,1,1,0,1,0,0
prom_sap_texas_anthracnose_2019,prom_sap_texas_anthracnose_2019,anthracnose,reported_average_score,texas_isolate_screen_combined,anthracnose_score_1_5,Lower values indicate a more favorable response,Accession,Publicly available study source,376,376,0,358,358,376
prom_sap_texas_anthracnose_2019,prom_sap_texas_anthracnose_2019,anthracnose,reported_rating_count,texas_isolate_screen_combined,count,Descriptive endpoint,Accession,Publicly available study source,376,376,0,376,376,376
prom_sc112_ril_anthracnose_2020,prom_sc112_ril_anthracnose_2020,anthracnose,reported_location_model_mean,florida,model_mean_from_anthracnose_score_1_5,Lower values indicate a more favorable response,Recombinant inbred line,Publicly available study source,114,114,0,106,106,114
prom_sc112_ril_anthracnose_2020,prom_sc112_ril_anthracnose_2020,anthracnose,reported_location_model_mean,isabela,model_mean_from_anthracnose_score_1_5,Lower values indicate a more favorable response,Recombinant inbred line,Publicly available study source,114,114,0,108,108,114
prom_sc112_ril_anthracnose_2020,prom_sc112_ril_anthracnose_2020,anthracnose,reported_location_model_mean,texas,model_mean_from_anthracnose_score_1_5,Lower values indicate a more favorable response,Recombinant inbred line,Publicly available study source,114,114,0,108,108,114
prom_sc112_ril_anthracnose_2020,prom_sc112_ril_anthracnose_2020,anthracnose,reported_location_model_mean,tifton,model_mean_from_anthracnose_score_1_5,Lower values indicate a more favorable response,Recombinant inbred line,Publicly available study source,114,114,0,106,106,114
prom_senegal_seed_quality_2018,prom_senegal_seed_quality_2018,anthracnose,anthracnose_lsmean,isabela_mayaguez_puerto_rico_combined_2014_2015,anthracnose_score_1_5,Lower values indicate a more favorable response,Accession,Publicly available study source,158,158,0,157,157,158
prom_senegal_seed_quality_2018,prom_senegal_seed_quality_2018,anthracnose,anthracnose_se,isabela_mayaguez_puerto_rico_combined_2014_2015,anthracnose_score_1_5_se,Descriptive endpoint,Accession,Publicly available study source,158,158,0,157,157,158
prom_senegal_seed_quality_2018,prom_senegal_seed_quality_2018,anthracnose,reported_reaction,isabela_mayaguez_puerto_rico_combined_2014_2015,binary_reaction_R_S,Resistant classification is favorable,Accession,Publicly available study source,158,158,0,157,0,158
prom_senegal_seed_quality_2018,prom_senegal_seed_quality_2018,grain_mold,seed_germination_lsmean,isabela_mayaguez_puerto_rico_combined_fall_2014,proportion_0_1,Higher values indicate a more favorable response,Accession,Publicly available study source,158,158,0,129,129,158
prom_senegal_seed_quality_2018,prom_senegal_seed_quality_2018,grain_mold,seed_germination_se,isabela_mayaguez_puerto_rico_combined_fall_2014,proportion_0_1_se,Descriptive endpoint,Accession,Publicly available study source,158,158,0,129,129,158
prom_senegal_seed_quality_2018,prom_senegal_seed_quality_2018,grain_mold,seed_mold_rating_lsmean,isabela_mayaguez_puerto_rico_combined_fall_2014,seed_mold_rating_1_5,Lower values indicate a more favorable response,Accession,Publicly available study source,158,158,0,129,129,158
prom_senegal_seed_quality_2018,prom_senegal_seed_quality_2018,grain_mold,seed_mold_rating_se,isabela_mayaguez_puerto_rico_combined_fall_2014,seed_mold_rating_1_5_se,Descriptive endpoint,Accession,Publicly available study source,158,158,0,129,129,158
prom_senegal_seedling_head_smut_p5_2022,prom_senegal_seedling_head_smut_p5_2022,head_smut_seedling_spot,reported_average_time,seedling_inoculation_2021,source_average_time,Higher values indicate a more favorable response,Accession,Publicly available study source,163,163,0,146,146,163
prom_senegal_seedling_head_smut_p5_2022,prom_senegal_seedling_head_smut_p5_2022,head_smut_seedling_spot,reported_average_time,seedling_inoculation_2021,source_average_time,Higher values indicate a more favorable response,Numbered reference line,Publicly available study source,4,4,0,2,2,0
prom_senegal_seedling_head_smut_p5_2022,prom_senegal_seedling_head_smut_p5_2022,head_smut_seedling_spot,reported_spot_infection_rate,seedling_inoculation_2021,percent_0_100,Lower values indicate a more favorable response,Accession,Publicly available study source,163,163,0,163,163,163
prom_senegal_seedling_head_smut_p5_2022,prom_senegal_seedling_head_smut_p5_2022,head_smut_seedling_spot,reported_spot_infection_rate,seedling_inoculation_2021,percent_0_100,Lower values indicate a more favorable response,Numbered reference line,Publicly available study source,4,4,0,4,4,0
prom_sudan_anthracnose_2020,prom_sudan_anthracnose_2020,anthracnose,reported_classification,three_environments_combined,reported_resistant_susceptible_unknown_class,Resistant classification is favorable,Accession,Publicly available study source,318,318,0,255,0,318
prom_sudan_anthracnose_2020,prom_sudan_anthracnose_2020,anthracnose,reported_lsmean,three_environments_combined,anthracnose_score_1_5,Lower values indicate a more favorable response,Accession,Publicly available study source,318,318,0,274,274,318
prom_sudan_anthracnose_2020,prom_sudan_anthracnose_2020,anthracnose,reported_score,isabela_2014,anthracnose_score_1_5,Lower values indicate a more favorable response,Accession,Publicly available study source,318,318,0,239,239,318
prom_sudan_anthracnose_2020,prom_sudan_anthracnose_2020,anthracnose,reported_score,isabela_2017,anthracnose_score_1_5,Lower values indicate a more favorable response,Accession,Publicly available study source,318,318,0,58,58,318
prom_sudan_anthracnose_2020,prom_sudan_anthracnose_2020,anthracnose,reported_score,mayaguez_2016,anthracnose_score_1_5,Lower values indicate a more favorable response,Accession,Publicly available study source,318,318,0,266,266,318
prom_sudan_grain_mold_2024,prom_sudan_grain_mold_2024,grain_mold,seed_deterioration_mean,isabela_2016_mayaguez_2017_combined,seed_deterioration_score_1_5_mean,Lower values indicate a more favorable response,Accession,Publicly available study source,246,246,0,246,246,246
prom_sudan_grain_mold_2024,prom_sudan_grain_mold_2024,grain_mold,seed_deterioration_sd,isabela_2016_mayaguez_2017_combined,seed_deterioration_score_1_5_sd,Descriptive endpoint,Accession,Publicly available study source,246,246,0,246,246,246
prom_sudan_grain_mold_2024,prom_sudan_grain_mold_2024,grain_mold,seed_emergence_mean,isabela_2016_mayaguez_2017_combined,percent_0_100_mean,Higher values indicate a more favorable response,Accession,Publicly available study source,246,246,0,246,246,246
prom_sudan_grain_mold_2024,prom_sudan_grain_mold_2024,grain_mold,seed_emergence_sd,isabela_2016_mayaguez_2017_combined,percent_0_100_sd,Descriptive endpoint,Accession,Publicly available study source,246,246,0,246,246,246
prom_sudan_grain_mold_sources_2009,prom_sudan_grain_mold_sources_2009,grain_mold,field_panicle_grain_mold_severity_lsmean,isabela_puerto_rico_2006_rainy_season_mesh_screen_f_thapsinum_inoculation,grain_mold_score_1_5_field_panicle_f_thapsinum,Lower values indicate a more favorable response,Accession,Publicly available study source,59,59,0,59,59,59
prom_sudan_grain_mold_sources_2009,prom_sudan_grain_mold_sources_2009,grain_mold,field_panicle_grain_mold_severity_lsmean,isabela_puerto_rico_2006_rainy_season_mesh_screen_f_thapsinum_inoculation,grain_mold_score_1_5_field_panicle_f_thapsinum,Lower values indicate a more favorable response,Resistant control,Publicly available study source,2,2,0,2,2,0
prom_sudan_grain_mold_sources_2009,prom_sudan_grain_mold_sources_2009,grain_mold,field_panicle_grain_mold_severity_lsmean,isabela_puerto_rico_2006_rainy_season_mesh_screen_f_thapsinum_inoculation,grain_mold_score_1_5_field_panicle_f_thapsinum,Lower values indicate a more favorable response,Susceptible control,Publicly available study source,2,2,0,2,2,0
prom_sudan_grain_mold_sources_2009,prom_sudan_grain_mold_sources_2009,grain_mold,germination_percent_lsmean,isabela_puerto_rico_2006_rainy_season_mesh_screen_f_thapsinum_inoculation,germination_percent_0_100,Higher values indicate a more favorable response,Accession,Publicly available study source,59,59,0,59,59,59
prom_sudan_grain_mold_sources_2009,prom_sudan_grain_mold_sources_2009,grain_mold,germination_percent_lsmean,isabela_puerto_rico_2006_rainy_season_mesh_screen_f_thapsinum_inoculation,germination_percent_0_100,Higher values indicate a more favorable response,Resistant control,Publicly available study source,2,2,0,2,2,0
prom_sudan_grain_mold_sources_2009,prom_sudan_grain_mold_sources_2009,grain_mold,germination_percent_lsmean,isabela_puerto_rico_2006_rainy_season_mesh_screen_f_thapsinum_inoculation,germination_percent_0_100,Higher values indicate a more favorable response,Susceptible control,Publicly available study source,2,2,0,2,2,0
prom_sudan_grain_mold_sources_2009,prom_sudan_grain_mold_sources_2009,grain_mold,hundred_seed_weight_g_lsmean,isabela_puerto_rico_2006_rainy_season_mesh_screen_f_thapsinum_inoculation,hundred_seed_weight_g,Descriptive endpoint,Accession,Publicly available study source,59,59,0,59,59,59
prom_sudan_grain_mold_sources_2009,prom_sudan_grain_mold_sources_2009,grain_mold,hundred_seed_weight_g_lsmean,isabela_puerto_rico_2006_rainy_season_mesh_screen_f_thapsinum_inoculation,hundred_seed_weight_g,Descriptive endpoint,Resistant control,Publicly available study source,2,2,0,2,2,0
prom_sudan_grain_mold_sources_2009,prom_sudan_grain_mold_sources_2009,grain_mold,hundred_seed_weight_g_lsmean,isabela_puerto_rico_2006_rainy_season_mesh_screen_f_thapsinum_inoculation,hundred_seed_weight_g,Descriptive endpoint,Susceptible control,Publicly available study source,2,2,0,2,2,0
prom_sudan_grain_mold_sources_2009,prom_sudan_grain_mold_sources_2009,grain_mold,threshed_grain_mold_severity_lsmean,isabela_puerto_rico_2006_rainy_season_mesh_screen_f_thapsinum_inoculation,grain_mold_score_1_5_threshed_seed_f_thapsinum,Lower values indicate a more favorable response,Accession,Publicly available study source,59,59,0,59,59,59
prom_sudan_grain_mold_sources_2009,prom_sudan_grain_mold_sources_2009,grain_mold,threshed_grain_mold_severity_lsmean,isabela_puerto_rico_2006_rainy_season_mesh_screen_f_thapsinum_inoculation,grain_mold_score_1_5_threshed_seed_f_thapsinum,Lower values indicate a more favorable response,Resistant control,Publicly available study source,2,2,0,2,2,0
prom_sudan_grain_mold_sources_2009,prom_sudan_grain_mold_sources_2009,grain_mold,threshed_grain_mold_severity_lsmean,isabela_puerto_rico_2006_rainy_season_mesh_screen_f_thapsinum_inoculation,grain_mold_score_1_5_threshed_seed_f_thapsinum,Lower values indicate a more favorable response,Susceptible control,Publicly available study source,2,2,0,2,2,0
prom_sudan_rust_2025,prom_sudan_rust_2025,rust,reported_classification,reported_cross_environment_mean,reported_rust_class,Resistant classification is favorable,Accession,Publicly available study source,268,268,0,268,0,268
prom_sudan_rust_2025,prom_sudan_rust_2025,rust,reported_mean_score,reported_cross_environment_mean,rust_severity_score_1_5,Lower values indicate a more favorable response,Accession,Publicly available study source,268,268,0,268,268,268
prom_sweet_anthracnose_2023,prom_sweet_anthracnose_2023,anthracnose,reported_location_score,florida,anthracnose_score_1_5,Lower values indicate a more favorable response,Accession,Publicly available study source,272,272,0,224,224,272
prom_sweet_anthracnose_2023,prom_sweet_anthracnose_2023,anthracnose,reported_location_score,georgia,anthracnose_score_1_5,Lower values indicate a more favorable response,Accession,Publicly available study source,272,272,0,224,224,272
prom_sweet_anthracnose_2023,prom_sweet_anthracnose_2023,anthracnose,reported_location_score,puerto_rico,anthracnose_score_1_5,Lower values indicate a more favorable response,Accession,Publicly available study source,272,272,0,223,223,272
prom_sweet_anthracnose_2023,prom_sweet_anthracnose_2023,anthracnose,reported_location_score,texas,anthracnose_score_1_5,Lower values indicate a more favorable response,Accession,Publicly available study source,272,272,0,224,224,272
prom_sweet_anthracnose_2023,prom_sweet_anthracnose_2023,anthracnose,reported_overall_score,reported_across_location_score,anthracnose_score_1_5,Lower values indicate a more favorable response,Accession,Publicly available study source,272,272,0,224,224,272
prom_uganda_downy_mildew_2019,prom_uganda_downy_mildew_2019,downy_mildew,downy_mildew_audpc,abi_zardi_arua_uganda_2016_second_rainy_season,audpc_from_six_weekly_severity_score_assessments,Lower values indicate a more favorable response,Introduced accession,Publicly available study source,3,3,0,3,3,3
prom_uganda_downy_mildew_2019,prom_uganda_downy_mildew_2019,downy_mildew,downy_mildew_audpc,abi_zardi_arua_uganda_2016_second_rainy_season,audpc_from_six_weekly_severity_score_assessments,Lower values indicate a more favorable response,Resistant check with conflicting source identifiers,Publicly available study source,1,1,0,1,1,0
prom_uganda_downy_mildew_2019,prom_uganda_downy_mildew_2019,downy_mildew,downy_mildew_audpc,abi_zardi_arua_uganda_2016_second_rainy_season,audpc_from_six_weekly_severity_score_assessments,Lower values indicate a more favorable response,Resistant check,Publicly available study source,1,1,0,1,1,0
prom_uganda_downy_mildew_2019,prom_uganda_downy_mildew_2019,downy_mildew,downy_mildew_audpc,abi_zardi_arua_uganda_2016_second_rainy_season,audpc_from_six_weekly_severity_score_assessments,Lower values indicate a more favorable response,Ugandan genotype,Publicly available study source,95,95,0,95,95,95
prom_uganda_downy_mildew_2019,prom_uganda_downy_mildew_2019,downy_mildew,downy_mildew_audpc,muarik_kabanyolo_uganda_2016_second_rainy_season,audpc_from_six_weekly_severity_score_assessments,Lower values indicate a more favorable response,Introduced accession,Publicly available study source,3,3,0,3,3,3
prom_uganda_downy_mildew_2019,prom_uganda_downy_mildew_2019,downy_mildew,downy_mildew_audpc,muarik_kabanyolo_uganda_2016_second_rainy_season,audpc_from_six_weekly_severity_score_assessments,Lower values indicate a more favorable response,Resistant check with conflicting source identifiers,Publicly available study source,1,1,0,1,1,0
prom_uganda_downy_mildew_2019,prom_uganda_downy_mildew_2019,downy_mildew,downy_mildew_audpc,muarik_kabanyolo_uganda_2016_second_rainy_season,audpc_from_six_weekly_severity_score_assessments,Lower values indicate a more favorable response,Resistant check,Publicly available study source,1,1,0,1,1,0
prom_uganda_downy_mildew_2019,prom_uganda_downy_mildew_2019,downy_mildew,downy_mildew_audpc,muarik_kabanyolo_uganda_2016_second_rainy_season,audpc_from_six_weekly_severity_score_assessments,Lower values indicate a more favorable response,Ugandan genotype,Publicly available study source,95,95,0,95,95,95
prom_uganda_downy_mildew_2019,prom_uganda_downy_mildew_2019,downy_mildew,downy_mildew_incidence_angular_transformed_value,abi_zardi_arua_uganda_2016_second_rainy_season,source_reported_angular_transformation,Lower values indicate a more favorable response,Introduced accession,Publicly available study source,3,3,0,3,3,3
prom_uganda_downy_mildew_2019,prom_uganda_downy_mildew_2019,downy_mildew,downy_mildew_incidence_angular_transformed_value,abi_zardi_arua_uganda_2016_second_rainy_season,source_reported_angular_transformation,Lower values indicate a more favorable response,Resistant check with conflicting source identifiers,Publicly available study source,1,1,0,1,1,0
prom_uganda_downy_mildew_2019,prom_uganda_downy_mildew_2019,downy_mildew,downy_mildew_incidence_angular_transformed_value,abi_zardi_arua_uganda_2016_second_rainy_season,source_reported_angular_transformation,Lower values indicate a more favorable response,Resistant check,Publicly available study source,1,1,0,1,1,0
prom_uganda_downy_mildew_2019,prom_uganda_downy_mildew_2019,downy_mildew,downy_mildew_incidence_angular_transformed_value,abi_zardi_arua_uganda_2016_second_rainy_season,source_reported_angular_transformation,Lower values indicate a more favorable response,Ugandan genotype,Publicly available study source,95,95,0,95,95,95
prom_uganda_downy_mildew_2019,prom_uganda_downy_mildew_2019,downy_mildew,downy_mildew_incidence_angular_transformed_value,muarik_kabanyolo_uganda_2016_second_rainy_season,source_reported_angular_transformation,Lower values indicate a more favorable response,Introduced accession,Publicly available study source,3,3,0,3,3,3
prom_uganda_downy_mildew_2019,prom_uganda_downy_mildew_2019,downy_mildew,downy_mildew_incidence_angular_transformed_value,muarik_kabanyolo_uganda_2016_second_rainy_season,source_reported_angular_transformation,Lower values indicate a more favorable response,Resistant check with conflicting source identifiers,Publicly available study source,1,1,0,1,1,0
prom_uganda_downy_mildew_2019,prom_uganda_downy_mildew_2019,downy_mildew,downy_mildew_incidence_angular_transformed_value,muarik_kabanyolo_uganda_2016_second_rainy_season,source_reported_angular_transformation,Lower values indicate a more favorable response,Resistant check,Publicly available study source,1,1,0,1,1,0
prom_uganda_downy_mildew_2019,prom_uganda_downy_mildew_2019,downy_mildew,downy_mildew_incidence_angular_transformed_value,muarik_kabanyolo_uganda_2016_second_rainy_season,source_reported_angular_transformation,Lower values indicate a more favorable response,Ugandan genotype,Publicly available study source,95,95,0,95,95,95
prom_uganda_downy_mildew_2019,prom_uganda_downy_mildew_2019,downy_mildew,downy_mildew_incidence_percent,abi_zardi_arua_uganda_2016_second_rainy_season,percent_0_100,Lower values indicate a more favorable response,Introduced accession,Publicly available study source,3,3,0,3,3,3
prom_uganda_downy_mildew_2019,prom_uganda_downy_mildew_2019,downy_mildew,downy_mildew_incidence_percent,abi_zardi_arua_uganda_2016_second_rainy_season,percent_0_100,Lower values indicate a more favorable response,Resistant check with conflicting source identifiers,Publicly available study source,1,1,0,1,1,0
prom_uganda_downy_mildew_2019,prom_uganda_downy_mildew_2019,downy_mildew,downy_mildew_incidence_percent,abi_zardi_arua_uganda_2016_second_rainy_season,percent_0_100,Lower values indicate a more favorable response,Resistant check,Publicly available study source,1,1,0,1,1,0
prom_uganda_downy_mildew_2019,prom_uganda_downy_mildew_2019,downy_mildew,downy_mildew_incidence_percent,abi_zardi_arua_uganda_2016_second_rainy_season,percent_0_100,Lower values indicate a more favorable response,Ugandan genotype,Publicly available study source,95,95,0,95,95,95
prom_uganda_downy_mildew_2019,prom_uganda_downy_mildew_2019,downy_mildew,downy_mildew_incidence_percent,muarik_kabanyolo_uganda_2016_second_rainy_season,percent_0_100,Lower values indicate a more favorable response,Introduced accession,Publicly available study source,3,3,0,3,3,3
prom_uganda_downy_mildew_2019,prom_uganda_downy_mildew_2019,downy_mildew,downy_mildew_incidence_percent,muarik_kabanyolo_uganda_2016_second_rainy_season,percent_0_100,Lower values indicate a more favorable response,Resistant check with conflicting source identifiers,Publicly available study source,1,1,0,1,1,0
prom_uganda_downy_mildew_2019,prom_uganda_downy_mildew_2019,downy_mildew,downy_mildew_incidence_percent,muarik_kabanyolo_uganda_2016_second_rainy_season,percent_0_100,Lower values indicate a more favorable response,Resistant check,Publicly available study source,1,1,0,1,1,0
prom_uganda_downy_mildew_2019,prom_uganda_downy_mildew_2019,downy_mildew,downy_mildew_incidence_percent,muarik_kabanyolo_uganda_2016_second_rainy_season,percent_0_100,Lower values indicate a more favorable response,Ugandan genotype,Publicly available study source,95,95,0,95,95,95
prom_uganda_downy_mildew_2019,prom_uganda_downy_mildew_2019,downy_mildew,downy_mildew_reported_reaction_class,abi_zardi_arua_uganda_2016_second_rainy_season,reported_R_lt20_MR_20_50_S_gt50_from_pdi_percent,Resistant classification is favorable,Introduced accession,Publicly available study source,3,3,0,3,0,3
prom_uganda_downy_mildew_2019,prom_uganda_downy_mildew_2019,downy_mildew,downy_mildew_reported_reaction_class,abi_zardi_arua_uganda_2016_second_rainy_season,reported_R_lt20_MR_20_50_S_gt50_from_pdi_percent,Resistant classification is favorable,Resistant check with conflicting source identifiers,Publicly available study source,1,1,0,1,0,0
prom_uganda_downy_mildew_2019,prom_uganda_downy_mildew_2019,downy_mildew,downy_mildew_reported_reaction_class,abi_zardi_arua_uganda_2016_second_rainy_season,reported_R_lt20_MR_20_50_S_gt50_from_pdi_percent,Resistant classification is favorable,Resistant check,Publicly available study source,1,1,0,1,0,0
prom_uganda_downy_mildew_2019,prom_uganda_downy_mildew_2019,downy_mildew,downy_mildew_reported_reaction_class,abi_zardi_arua_uganda_2016_second_rainy_season,reported_R_lt20_MR_20_50_S_gt50_from_pdi_percent,Resistant classification is favorable,Ugandan genotype,Publicly available study source,95,95,0,95,0,95
prom_uganda_downy_mildew_2019,prom_uganda_downy_mildew_2019,downy_mildew,downy_mildew_reported_reaction_class,muarik_kabanyolo_uganda_2016_second_rainy_season,reported_R_lt20_MR_20_50_S_gt50_from_pdi_percent,Resistant classification is favorable,Introduced accession,Publicly available study source,3,3,0,3,0,3
prom_uganda_downy_mildew_2019,prom_uganda_downy_mildew_2019,downy_mildew,downy_mildew_reported_reaction_class,muarik_kabanyolo_uganda_2016_second_rainy_season,reported_R_lt20_MR_20_50_S_gt50_from_pdi_percent,Resistant classification is favorable,Resistant check with conflicting source identifiers,Publicly available study source,1,1,0,1,0,0
prom_uganda_downy_mildew_2019,prom_uganda_downy_mildew_2019,downy_mildew,downy_mildew_reported_reaction_class,muarik_kabanyolo_uganda_2016_second_rainy_season,reported_R_lt20_MR_20_50_S_gt50_from_pdi_percent,Resistant classification is favorable,Resistant check,Publicly available study source,1,1,0,1,0,0
prom_uganda_downy_mildew_2019,prom_uganda_downy_mildew_2019,downy_mildew,downy_mildew_reported_reaction_class,muarik_kabanyolo_uganda_2016_second_rainy_season,reported_R_lt20_MR_20_50_S_gt50_from_pdi_percent,Resistant classification is favorable,Ugandan genotype,Publicly available study source,95,95,0,95,0,95
prom_uganda_downy_mildew_2019,prom_uganda_downy_mildew_2019,downy_mildew,downy_mildew_severity_score_77_dap,abi_zardi_arua_uganda_2016_second_rainy_season,reported_severity_score_1_5,Lower values indicate a more favorable response,Introduced accession,Publicly available study source,3,3,0,3,3,3
prom_uganda_downy_mildew_2019,prom_uganda_downy_mildew_2019,downy_mildew,downy_mildew_severity_score_77_dap,abi_zardi_arua_uganda_2016_second_rainy_season,reported_severity_score_1_5,Lower values indicate a more favorable response,Resistant check with conflicting source identifiers,Publicly available study source,1,1,0,1,1,0
prom_uganda_downy_mildew_2019,prom_uganda_downy_mildew_2019,downy_mildew,downy_mildew_severity_score_77_dap,abi_zardi_arua_uganda_2016_second_rainy_season,reported_severity_score_1_5,Lower values indicate a more favorable response,Resistant check,Publicly available study source,1,1,0,1,1,0
prom_uganda_downy_mildew_2019,prom_uganda_downy_mildew_2019,downy_mildew,downy_mildew_severity_score_77_dap,abi_zardi_arua_uganda_2016_second_rainy_season,reported_severity_score_1_5,Lower values indicate a more favorable response,Ugandan genotype,Publicly available study source,95,95,0,95,95,95
prom_uganda_downy_mildew_2019,prom_uganda_downy_mildew_2019,downy_mildew,downy_mildew_severity_score_77_dap,muarik_kabanyolo_uganda_2016_second_rainy_season,reported_severity_score_1_5,Lower values indicate a more favorable response,Introduced accession,Publicly available study source,3,3,0,3,3,3
prom_uganda_downy_mildew_2019,prom_uganda_downy_mildew_2019,downy_mildew,downy_mildew_severity_score_77_dap,muarik_kabanyolo_uganda_2016_second_rainy_season,reported_severity_score_1_5,Lower values indicate a more favorable response,Resistant check with conflicting source identifiers,Publicly available study source,1,1,0,1,1,0
prom_uganda_downy_mildew_2019,prom_uganda_downy_mildew_2019,downy_mildew,downy_mildew_severity_score_77_dap,muarik_kabanyolo_uganda_2016_second_rainy_season,reported_severity_score_1_5,Lower values indicate a more favorable response,Resistant check,Publicly available study source,1,1,0,1,1,0
prom_uganda_downy_mildew_2019,prom_uganda_downy_mildew_2019,downy_mildew,downy_mildew_severity_score_77_dap,muarik_kabanyolo_uganda_2016_second_rainy_season,reported_severity_score_1_5,Lower values indicate a more favorable response,Ugandan genotype,Publicly available study source,95,95,0,95,95,95
prom_us_lines_long_smut_grain_mold_2018,prom_us_lines_long_smut_grain_mold_2018,grain_mold,grain_mold_severity_combined_lsmean,nioro_senegal_2011_2012_combined,naturally_infected_threshed_seed_grain_mold_score_1_5_combined_2011_2012,Lower values indicate a more favorable response,Grain mold susceptible check,Publicly available study source,1,1,0,1,1,0
prom_us_lines_long_smut_grain_mold_2018,prom_us_lines_long_smut_grain_mold_2018,grain_mold,grain_mold_severity_combined_lsmean,nioro_senegal_2011_2012_combined,naturally_infected_threshed_seed_grain_mold_score_1_5_combined_2011_2012,Lower values indicate a more favorable response,Line or hybrid,Publicly available study source,29,29,0,29,29,29
prom_us_lines_long_smut_grain_mold_2018,prom_us_lines_long_smut_grain_mold_2018,long_smut,long_smut_incidence_percent_combined_lsmean,nioro_senegal_2011_2012_combined,long_smut_incidence_percent_0_100_combined_2011_2012,Lower values indicate a more favorable response,Grain mold susceptible check,Publicly available study source,1,1,0,1,1,0
prom_us_lines_long_smut_grain_mold_2018,prom_us_lines_long_smut_grain_mold_2018,long_smut,long_smut_incidence_percent_combined_lsmean,nioro_senegal_2011_2012_combined,long_smut_incidence_percent_0_100_combined_2011_2012,Lower values indicate a more favorable response,Line or hybrid,Publicly available study source,29,29,0,29,29,29
prom_weather_anthracnose_genotypes_2015,prom_weather_anthracnose_genotypes_2015,anthracnose,reported_anthracnose_rating_token,brazos_bottom_texas_2009_dry_original_crop_april_august,anthracnose_score_1_5_or_reported_replication_sequence,Lower values indicate a more favorable response,Accession,Publicly available study source,68,68,0,68,53,68
prom_weather_anthracnose_genotypes_2015,prom_weather_anthracnose_genotypes_2015,anthracnose,reported_anthracnose_rating_token,brazos_bottom_texas_2009_dry_original_crop_april_august,anthracnose_score_1_5_or_reported_replication_sequence,Lower values indicate a more favorable response,Resistant control,Publicly available study source,1,1,0,1,1,0
prom_weather_anthracnose_genotypes_2015,prom_weather_anthracnose_genotypes_2015,anthracnose,reported_anthracnose_rating_token,brazos_bottom_texas_2009_dry_original_crop_april_august,anthracnose_score_1_5_or_reported_replication_sequence,Lower values indicate a more favorable response,Susceptible control,Publicly available study source,1,1,0,1,1,0
prom_weather_anthracnose_genotypes_2015,prom_weather_anthracnose_genotypes_2015,anthracnose,reported_anthracnose_rating_token,brazos_bottom_texas_2009_wet_regrowth_crop_september_november,anthracnose_score_1_5_or_reported_replication_sequence,Lower values indicate a more favorable response,Accession,Publicly available study source,68,68,0,68,60,68
prom_weather_anthracnose_genotypes_2015,prom_weather_anthracnose_genotypes_2015,anthracnose,reported_anthracnose_rating_token,brazos_bottom_texas_2009_wet_regrowth_crop_september_november,anthracnose_score_1_5_or_reported_replication_sequence,Lower values indicate a more favorable response,Resistant control,Publicly available study source,1,1,0,1,1,0
prom_weather_anthracnose_genotypes_2015,prom_weather_anthracnose_genotypes_2015,anthracnose,reported_anthracnose_rating_token,brazos_bottom_texas_2009_wet_regrowth_crop_september_november,anthracnose_score_1_5_or_reported_replication_sequence,Lower values indicate a more favorable response,Susceptible control,Publicly available study source,1,1,0,1,1,0
prom_zimbabwe_rust_2012,prom_zimbabwe_rust_2012,rust,rust_reaction_combined_two_season_lsmean,isabela_puerto_rico_2011_two_seasons_combined,rust_score_1_5_combined_2011,Lower values indicate a more favorable response,Accession,Publicly available study source,68,68,0,68,68,68
prom_zonate_leaf_spot_2021,prom_zonate_leaf_spot_2021,zonate_leaf_spot,least_squares_mean_incidence_percent,burleson_county_texas_2021_natural_infection,percent_incidence_0_100,Lower values indicate a more favorable response,Accession or line,Publicly available study source,68,68,0,68,68,68
ref_adeyanju_stalk_rot_2015,ref_adeyanju_stalk_rot_2015,charcoal_rot,least_square_mean_nodes_crossed,manhattan_kansas_2011_2012_and_ottawa_kansas_2012_combined,model_estimate_number_of_nodes_crossed,Lower values indicate a more favorable response,Inbred line identified by source number,Publicly available study source,300,300,0,300,300,0
ref_adeyanju_stalk_rot_2015,ref_adeyanju_stalk_rot_2015,charcoal_rot,natural_log_major_lesion_length,manhattan_kansas_2011_2012_and_ottawa_kansas_2012_combined,natural_log_lesion_length_mm,Lower values indicate a more favorable response,Inbred line identified by source number,Publicly available study source,300,300,0,300,300,0
ref_adeyanju_stalk_rot_2015,ref_adeyanju_stalk_rot_2015,charcoal_rot,natural_log_relative_major_lesion_length,manhattan_kansas_2011_2012_and_ottawa_kansas_2012_combined,natural_log_lesion_length_to_plant_height_ratio,Lower values indicate a more favorable response,Inbred line identified by source number,Publicly available study source,300,300,0,300,300,0
ref_adeyanju_stalk_rot_2015,ref_adeyanju_stalk_rot_2015,charcoal_rot,natural_log_total_lesion_length,manhattan_kansas_2011_2012_and_ottawa_kansas_2012_combined,natural_log_lesion_length_mm,Lower values indicate a more favorable response,Inbred line identified by source number,Publicly available study source,300,300,0,300,300,0
ref_adeyanju_stalk_rot_2015,ref_adeyanju_stalk_rot_2015,fusarium_stalk_rot,least_square_mean_nodes_crossed,manhattan_kansas_2011_2012_and_ottawa_kansas_2012_combined,model_estimate_number_of_nodes_crossed,Lower values indicate a more favorable response,Inbred line identified by source number,Publicly available study source,300,300,0,300,300,0
ref_adeyanju_stalk_rot_2015,ref_adeyanju_stalk_rot_2015,fusarium_stalk_rot,natural_log_major_lesion_length,manhattan_kansas_2011_2012_and_ottawa_kansas_2012_combined,natural_log_lesion_length_mm,Lower values indicate a more favorable response,Inbred line identified by source number,Publicly available study source,300,300,0,300,300,0
ref_adeyanju_stalk_rot_2015,ref_adeyanju_stalk_rot_2015,fusarium_stalk_rot,natural_log_relative_major_lesion_length,manhattan_kansas_2011_2012_and_ottawa_kansas_2012_combined,natural_log_lesion_length_to_plant_height_ratio,Lower values indicate a more favorable response,Inbred line identified by source number,Publicly available study source,300,300,0,300,300,0
ref_adeyanju_stalk_rot_2015,ref_adeyanju_stalk_rot_2015,fusarium_stalk_rot,natural_log_total_lesion_length,manhattan_kansas_2011_2012_and_ottawa_kansas_2012_combined,natural_log_lesion_length_mm,Lower values indicate a more favorable response,Inbred line identified by source number,Publicly available study source,300,300,0,300,300,0
ref_aragaw_terefe_eastern_ethiopia_anthracnose_2024,ref_aragaw_terefe_eastern_ethiopia_anthracnose_2024,anthracnose,audpc,hirna_eastern_ethiopia_2017,audpc_percent_days,Lower values indicate a more favorable response,Genotype,Publicly available study source,48,48,0,48,48,0
ref_aragaw_terefe_eastern_ethiopia_anthracnose_2024,ref_aragaw_terefe_eastern_ethiopia_anthracnose_2024,anthracnose,audpc,hirna_eastern_ethiopia_2017,audpc_percent_days,Lower values indicate a more favorable response,Susceptible check,Publicly available study source,1,1,0,1,1,0
ref_aragaw_terefe_eastern_ethiopia_anthracnose_2024,ref_aragaw_terefe_eastern_ethiopia_anthracnose_2024,anthracnose,audpc,hirna_eastern_ethiopia_2018,audpc_percent_days,Lower values indicate a more favorable response,Genotype,Publicly available study source,48,48,0,48,48,0
ref_aragaw_terefe_eastern_ethiopia_anthracnose_2024,ref_aragaw_terefe_eastern_ethiopia_anthracnose_2024,anthracnose,audpc,hirna_eastern_ethiopia_2018,audpc_percent_days,Lower values indicate a more favorable response,Susceptible check,Publicly available study source,1,1,0,1,1,0
ref_aragaw_terefe_eastern_ethiopia_anthracnose_2024,ref_aragaw_terefe_eastern_ethiopia_anthracnose_2024,anthracnose,disease_progress_model_r2,hirna_eastern_ethiopia_2017,model_r_squared_percent,Descriptive endpoint,Genotype,Publicly available study source,48,48,0,48,48,0
ref_aragaw_terefe_eastern_ethiopia_anthracnose_2024,ref_aragaw_terefe_eastern_ethiopia_anthracnose_2024,anthracnose,disease_progress_model_r2,hirna_eastern_ethiopia_2017,model_r_squared_percent,Descriptive endpoint,Susceptible check,Publicly available study source,1,1,0,1,1,0
ref_aragaw_terefe_eastern_ethiopia_anthracnose_2024,ref_aragaw_terefe_eastern_ethiopia_anthracnose_2024,anthracnose,disease_progress_model_r2,hirna_eastern_ethiopia_2018,model_r_squared_percent,Descriptive endpoint,Genotype,Publicly available study source,48,48,0,48,48,0
ref_aragaw_terefe_eastern_ethiopia_anthracnose_2024,ref_aragaw_terefe_eastern_ethiopia_anthracnose_2024,anthracnose,disease_progress_model_r2,hirna_eastern_ethiopia_2018,model_r_squared_percent,Descriptive endpoint,Susceptible check,Publicly available study source,1,1,0,1,1,0
ref_aragaw_terefe_eastern_ethiopia_anthracnose_2024,ref_aragaw_terefe_eastern_ethiopia_anthracnose_2024,anthracnose,disease_progress_rate,hirna_eastern_ethiopia_2017,disease_progress_rate_units_per_day,Lower values indicate a more favorable response,Genotype,Publicly available study source,48,48,0,48,48,0
ref_aragaw_terefe_eastern_ethiopia_anthracnose_2024,ref_aragaw_terefe_eastern_ethiopia_anthracnose_2024,anthracnose,disease_progress_rate,hirna_eastern_ethiopia_2017,disease_progress_rate_units_per_day,Lower values indicate a more favorable response,Susceptible check,Publicly available study source,1,1,0,1,1,0
ref_aragaw_terefe_eastern_ethiopia_anthracnose_2024,ref_aragaw_terefe_eastern_ethiopia_anthracnose_2024,anthracnose,disease_progress_rate,hirna_eastern_ethiopia_2018,disease_progress_rate_units_per_day,Lower values indicate a more favorable response,Genotype,Publicly available study source,48,48,0,48,48,0
ref_aragaw_terefe_eastern_ethiopia_anthracnose_2024,ref_aragaw_terefe_eastern_ethiopia_anthracnose_2024,anthracnose,disease_progress_rate,hirna_eastern_ethiopia_2018,disease_progress_rate_units_per_day,Lower values indicate a more favorable response,Susceptible check,Publicly available study source,1,1,0,1,1,0
ref_aragaw_terefe_eastern_ethiopia_anthracnose_2024,ref_aragaw_terefe_eastern_ethiopia_anthracnose_2024,anthracnose,final_percent_severity_index,hirna_eastern_ethiopia_2017,percent_severity_index_0_100,Lower values indicate a more favorable response,Genotype,Publicly available study source,48,48,0,48,48,0
ref_aragaw_terefe_eastern_ethiopia_anthracnose_2024,ref_aragaw_terefe_eastern_ethiopia_anthracnose_2024,anthracnose,final_percent_severity_index,hirna_eastern_ethiopia_2017,percent_severity_index_0_100,Lower values indicate a more favorable response,Susceptible check,Publicly available study source,1,1,0,1,1,0
ref_aragaw_terefe_eastern_ethiopia_anthracnose_2024,ref_aragaw_terefe_eastern_ethiopia_anthracnose_2024,anthracnose,final_percent_severity_index,hirna_eastern_ethiopia_2018,percent_severity_index_0_100,Lower values indicate a more favorable response,Genotype,Publicly available study source,48,48,0,48,48,0
ref_aragaw_terefe_eastern_ethiopia_anthracnose_2024,ref_aragaw_terefe_eastern_ethiopia_anthracnose_2024,anthracnose,final_percent_severity_index,hirna_eastern_ethiopia_2018,percent_severity_index_0_100,Lower values indicate a more favorable response,Susceptible check,Publicly available study source,1,1,0,1,1,0
ref_aragaw_terefe_eastern_ethiopia_anthracnose_2024,ref_aragaw_terefe_eastern_ethiopia_anthracnose_2024,anthracnose,initial_percent_severity_index,hirna_eastern_ethiopia_2017,percent_severity_index_0_100,Lower values indicate a more favorable response,Genotype,Publicly available study source,48,48,0,48,48,0
ref_aragaw_terefe_eastern_ethiopia_anthracnose_2024,ref_aragaw_terefe_eastern_ethiopia_anthracnose_2024,anthracnose,initial_percent_severity_index,hirna_eastern_ethiopia_2017,percent_severity_index_0_100,Lower values indicate a more favorable response,Susceptible check,Publicly available study source,1,1,0,1,1,0
ref_aragaw_terefe_eastern_ethiopia_anthracnose_2024,ref_aragaw_terefe_eastern_ethiopia_anthracnose_2024,anthracnose,initial_percent_severity_index,hirna_eastern_ethiopia_2018,percent_severity_index_0_100,Lower values indicate a more favorable response,Genotype,Publicly available study source,48,48,0,48,48,0
ref_aragaw_terefe_eastern_ethiopia_anthracnose_2024,ref_aragaw_terefe_eastern_ethiopia_anthracnose_2024,anthracnose,initial_percent_severity_index,hirna_eastern_ethiopia_2018,percent_severity_index_0_100,Lower values indicate a more favorable response,Susceptible check,Publicly available study source,1,1,0,1,1,0
ref_aragaw_terefe_eastern_ethiopia_anthracnose_2024,ref_aragaw_terefe_eastern_ethiopia_anthracnose_2024,anthracnose,reported_reaction_class,hirna_eastern_ethiopia_2017,reported_R_MR_S_HS_class,Resistant classification is favorable,Genotype,Publicly available study source,48,48,0,48,0,0
ref_aragaw_terefe_eastern_ethiopia_anthracnose_2024,ref_aragaw_terefe_eastern_ethiopia_anthracnose_2024,anthracnose,reported_reaction_class,hirna_eastern_ethiopia_2017,reported_R_MR_S_HS_class,Resistant classification is favorable,Susceptible check,Publicly available study source,1,1,0,1,0,0
ref_aragaw_terefe_eastern_ethiopia_anthracnose_2024,ref_aragaw_terefe_eastern_ethiopia_anthracnose_2024,anthracnose,reported_reaction_class,hirna_eastern_ethiopia_2018,reported_R_MR_S_HS_class,Resistant classification is favorable,Genotype,Publicly available study source,48,48,0,48,0,0
ref_aragaw_terefe_eastern_ethiopia_anthracnose_2024,ref_aragaw_terefe_eastern_ethiopia_anthracnose_2024,anthracnose,reported_reaction_class,hirna_eastern_ethiopia_2018,reported_R_MR_S_HS_class,Resistant classification is favorable,Susceptible check,Publicly available study source,1,1,0,1,0,0
ref_aruna_population_breeding_grain_mold_2021,ref_aruna_population_breeding_grain_mold_2021,grain_mold,threshed_grain_mold_score_across_location_mean,akola_dharwad_hyderabad_parbhani_india_2017_across_location_mean,threshed_grain_mold_score_1_9_1_no_mold_9_more_than_75_percent_grains_molded,Lower values indicate a more favorable response,Grain mold resistant check,Publicly available study source,1,1,0,1,1,0
ref_aruna_population_breeding_grain_mold_2021,ref_aruna_population_breeding_grain_mold_2021,grain_mold,threshed_grain_mold_score_across_location_mean,akola_dharwad_hyderabad_parbhani_india_2017_across_location_mean,threshed_grain_mold_score_1_9_1_no_mold_9_more_than_75_percent_grains_molded,Lower values indicate a more favorable response,Grain mold susceptible check,Publicly available study source,1,1,0,1,1,0
ref_aruna_population_breeding_grain_mold_2021,ref_aruna_population_breeding_grain_mold_2021,grain_mold,threshed_grain_mold_score_across_location_mean,akola_dharwad_hyderabad_parbhani_india_2017_across_location_mean,threshed_grain_mold_score_1_9_1_no_mold_9_more_than_75_percent_grains_molded,Lower values indicate a more favorable response,Selected population breeding derivative,Publicly available study source,33,33,0,33,33,33
ref_aruna_population_breeding_grain_mold_2021,ref_aruna_population_breeding_grain_mold_2021,grain_mold,threshed_grain_mold_score_across_location_mean,akola_dharwad_hyderabad_parbhani_india_2018_across_location_mean,threshed_grain_mold_score_1_9_1_no_mold_9_more_than_75_percent_grains_molded,Lower values indicate a more favorable response,Grain mold resistant check,Publicly available study source,1,1,0,1,1,0
ref_aruna_population_breeding_grain_mold_2021,ref_aruna_population_breeding_grain_mold_2021,grain_mold,threshed_grain_mold_score_across_location_mean,akola_dharwad_hyderabad_parbhani_india_2018_across_location_mean,threshed_grain_mold_score_1_9_1_no_mold_9_more_than_75_percent_grains_molded,Lower values indicate a more favorable response,Grain mold susceptible check,Publicly available study source,1,1,0,1,1,0
ref_aruna_population_breeding_grain_mold_2021,ref_aruna_population_breeding_grain_mold_2021,grain_mold,threshed_grain_mold_score_across_location_mean,akola_dharwad_hyderabad_parbhani_india_2018_across_location_mean,threshed_grain_mold_score_1_9_1_no_mold_9_more_than_75_percent_grains_molded,Lower values indicate a more favorable response,Selected population breeding derivative,Publicly available study source,33,33,0,33,33,33
ref_barbosa_brazil_downy_mildew_2004,ref_barbosa_brazil_downy_mildew_2004,downy_mildew,reported_downy_mildew_reaction_code,sete_lagoas_brazil_field_nursery_a,reported_ordinal_1_HR_2_MR_3_MS_4_S_from_table_superscript,Lower values indicate a more favorable response,Genotype with a duplicated printed label,Publicly available study source,2,2,0,2,2,0
ref_barbosa_brazil_downy_mildew_2004,ref_barbosa_brazil_downy_mildew_2004,downy_mildew,reported_downy_mildew_reaction_code,sete_lagoas_brazil_field_nursery_a,reported_ordinal_1_HR_2_MR_3_MS_4_S_from_table_superscript,Lower values indicate a more favorable response,Screened genotype,Publicly available study source,40,40,0,40,40,40
ref_barbosa_brazil_downy_mildew_2004,ref_barbosa_brazil_downy_mildew_2004,downy_mildew,reported_downy_mildew_reaction_code,sete_lagoas_brazil_field_nursery_b,reported_ordinal_1_HR_2_MR_3_MS_4_S_from_table_superscript,Lower values indicate a more favorable response,Genotype with a duplicated printed label,Publicly available study source,2,2,0,2,2,0
ref_barbosa_brazil_downy_mildew_2004,ref_barbosa_brazil_downy_mildew_2004,downy_mildew,reported_downy_mildew_reaction_code,sete_lagoas_brazil_field_nursery_b,reported_ordinal_1_HR_2_MR_3_MS_4_S_from_table_superscript,Lower values indicate a more favorable response,Screened genotype,Publicly available study source,40,40,0,40,40,40
ref_barbosa_brazil_downy_mildew_2004,ref_barbosa_brazil_downy_mildew_2004,downy_mildew,systemic_downy_mildew_infection_percent,sete_lagoas_brazil_field_nursery_a,systemic_infection_percent_0_100_decimal_comma_retained,Lower values indicate a more favorable response,Genotype with a duplicated printed label,Publicly available study source,2,2,0,2,2,0
ref_barbosa_brazil_downy_mildew_2004,ref_barbosa_brazil_downy_mildew_2004,downy_mildew,systemic_downy_mildew_infection_percent,sete_lagoas_brazil_field_nursery_a,systemic_infection_percent_0_100_decimal_comma_retained,Lower values indicate a more favorable response,Screened genotype,Publicly available study source,40,40,0,40,40,40
ref_barbosa_brazil_downy_mildew_2004,ref_barbosa_brazil_downy_mildew_2004,downy_mildew,systemic_downy_mildew_infection_percent,sete_lagoas_brazil_field_nursery_b,systemic_infection_percent_0_100_decimal_comma_retained,Lower values indicate a more favorable response,Genotype with a duplicated printed label,Publicly available study source,2,2,0,2,2,0
ref_barbosa_brazil_downy_mildew_2004,ref_barbosa_brazil_downy_mildew_2004,downy_mildew,systemic_downy_mildew_infection_percent,sete_lagoas_brazil_field_nursery_b,systemic_infection_percent_0_100_decimal_comma_retained,Lower values indicate a more favorable response,Screened genotype,Publicly available study source,40,40,0,40,40,40
ref_beshir_sudan_leaf_blight_2015,ref_beshir_sudan_leaf_blight_2015,leaf_blight,leaf_blight_incidence_percent_mean,central_sudan_2014_field_survey_table4_variety_mean_across_districts,mean_percent_plants_showing_symptoms_20_plants_sampled_per_field,Lower values indicate less disease,Farmer preferred variety,Publicly available study source,11,11,0,11,11,0
ref_beshir_sudan_leaf_blight_2015,ref_beshir_sudan_leaf_blight_2015,leaf_blight,leaf_blight_severity_percent_leaf_area_mean,central_sudan_2014_field_survey_table4_variety_mean_across_districts,mean_percent_leaf_area_from_0_3_5_10_25_50_greater_than_75_categories,Lower values indicate less disease,Farmer preferred variety,Publicly available study source,11,11,0,11,11,0
ref_buiate_brazil_anthracnose_2009,ref_buiate_brazil_anthracnose_2009_field_screen,anthracnose,anthracnose_mean_latent_period_days_to_acervuli,cachoeira_dourada_minas_gerais_field_october_december_2006_isolate_01_e03,mean_days_to_acervulus_formation_conditional_on_susceptible_reaction,Higher is later acervulus formation within susceptible reactions,Commercial hybrid,Publicly available study source,5,5,0,3,3,5
ref_buiate_brazil_anthracnose_2009,ref_buiate_brazil_anthracnose_2009_field_screen,anthracnose,anthracnose_mean_latent_period_days_to_acervuli,cachoeira_dourada_minas_gerais_field_october_december_2006_isolate_01_e03,mean_days_to_acervulus_formation_conditional_on_susceptible_reaction,Higher is later acervulus formation within susceptible reactions,Experimental hybrid,Publicly available study source,51,51,0,13,13,51
ref_buiate_brazil_anthracnose_2009,ref_buiate_brazil_anthracnose_2009_field_screen,anthracnose,anthracnose_mean_latent_period_days_to_acervuli,cachoeira_dourada_minas_gerais_field_october_december_2006_isolate_01_e03,mean_days_to_acervulus_formation_conditional_on_susceptible_reaction,Higher is later acervulus formation within susceptible reactions,Forage hybrid,Publicly available study source,7,7,0,1,1,7
ref_buiate_brazil_anthracnose_2009,ref_buiate_brazil_anthracnose_2009_field_screen,anthracnose,anthracnose_mean_latent_period_days_to_acervuli,cachoeira_dourada_minas_gerais_field_october_december_2006_isolate_01_e03,mean_days_to_acervulus_formation_conditional_on_susceptible_reaction,Higher is later acervulus formation within susceptible reactions,Male sterile line,Publicly available study source,26,26,0,14,14,26
ref_buiate_brazil_anthracnose_2009,ref_buiate_brazil_anthracnose_2009_field_screen,anthracnose,anthracnose_mean_latent_period_days_to_acervuli,cachoeira_dourada_minas_gerais_field_october_december_2006_isolate_01_e03,mean_days_to_acervulus_formation_conditional_on_susceptible_reaction,Higher is later acervulus formation within susceptible reactions,Resistant check,Publicly available study source,1,1,0,0,0,0
ref_buiate_brazil_anthracnose_2009,ref_buiate_brazil_anthracnose_2009_field_screen,anthracnose,anthracnose_mean_latent_period_days_to_acervuli,cachoeira_dourada_minas_gerais_field_october_december_2006_isolate_01_e03,mean_days_to_acervulus_formation_conditional_on_susceptible_reaction,Higher is later acervulus formation within susceptible reactions,Restorer line,Publicly available study source,59,59,0,11,11,59
ref_buiate_brazil_anthracnose_2009,ref_buiate_brazil_anthracnose_2009_field_screen,anthracnose,anthracnose_mean_latent_period_days_to_acervuli,cachoeira_dourada_minas_gerais_field_october_december_2006_isolate_01_e03,mean_days_to_acervulus_formation_conditional_on_susceptible_reaction,Higher is later acervulus formation within susceptible reactions,Susceptible check,Publicly available study source,1,1,0,1,1,0
ref_buiate_brazil_anthracnose_2009,ref_buiate_brazil_anthracnose_2009_field_screen,anthracnose,anthracnose_mean_latent_period_days_to_acervuli,cachoeira_dourada_minas_gerais_field_october_december_2006_isolate_02_e11,mean_days_to_acervulus_formation_conditional_on_susceptible_reaction,Higher is later acervulus formation within susceptible reactions,Commercial hybrid,Publicly available study source,5,5,0,3,3,5
ref_buiate_brazil_anthracnose_2009,ref_buiate_brazil_anthracnose_2009_field_screen,anthracnose,anthracnose_mean_latent_period_days_to_acervuli,cachoeira_dourada_minas_gerais_field_october_december_2006_isolate_02_e11,mean_days_to_acervulus_formation_conditional_on_susceptible_reaction,Higher is later acervulus formation within susceptible reactions,Experimental hybrid,Publicly available study source,51,51,0,19,19,51
ref_buiate_brazil_anthracnose_2009,ref_buiate_brazil_anthracnose_2009_field_screen,anthracnose,anthracnose_mean_latent_period_days_to_acervuli,cachoeira_dourada_minas_gerais_field_october_december_2006_isolate_02_e11,mean_days_to_acervulus_formation_conditional_on_susceptible_reaction,Higher is later acervulus formation within susceptible reactions,Forage hybrid,Publicly available study source,7,7,0,0,0,7
ref_buiate_brazil_anthracnose_2009,ref_buiate_brazil_anthracnose_2009_field_screen,anthracnose,anthracnose_mean_latent_period_days_to_acervuli,cachoeira_dourada_minas_gerais_field_october_december_2006_isolate_02_e11,mean_days_to_acervulus_formation_conditional_on_susceptible_reaction,Higher is later acervulus formation within susceptible reactions,Male sterile line,Publicly available study source,26,26,0,7,7,26
ref_buiate_brazil_anthracnose_2009,ref_buiate_brazil_anthracnose_2009_field_screen,anthracnose,anthracnose_mean_latent_period_days_to_acervuli,cachoeira_dourada_minas_gerais_field_october_december_2006_isolate_02_e11,mean_days_to_acervulus_formation_conditional_on_susceptible_reaction,Higher is later acervulus formation within susceptible reactions,Resistant check,Publicly available study source,1,1,0,0,0,0
ref_buiate_brazil_anthracnose_2009,ref_buiate_brazil_anthracnose_2009_field_screen,anthracnose,anthracnose_mean_latent_period_days_to_acervuli,cachoeira_dourada_minas_gerais_field_october_december_2006_isolate_02_e11,mean_days_to_acervulus_formation_conditional_on_susceptible_reaction,Higher is later acervulus formation within susceptible reactions,Restorer line,Publicly available study source,59,59,0,8,8,59
ref_buiate_brazil_anthracnose_2009,ref_buiate_brazil_anthracnose_2009_field_screen,anthracnose,anthracnose_mean_latent_period_days_to_acervuli,cachoeira_dourada_minas_gerais_field_october_december_2006_isolate_02_e11,mean_days_to_acervulus_formation_conditional_on_susceptible_reaction,Higher is later acervulus formation within susceptible reactions,Susceptible check,Publicly available study source,1,1,0,1,1,0
ref_buiate_brazil_anthracnose_2009,ref_buiate_brazil_anthracnose_2009_field_screen,anthracnose,anthracnose_mean_latent_period_days_to_acervuli,cachoeira_dourada_minas_gerais_field_october_december_2006_isolate_03_e33,mean_days_to_acervulus_formation_conditional_on_susceptible_reaction,Higher is later acervulus formation within susceptible reactions,Commercial hybrid,Publicly available study source,5,5,0,3,3,5
ref_buiate_brazil_anthracnose_2009,ref_buiate_brazil_anthracnose_2009_field_screen,anthracnose,anthracnose_mean_latent_period_days_to_acervuli,cachoeira_dourada_minas_gerais_field_october_december_2006_isolate_03_e33,mean_days_to_acervulus_formation_conditional_on_susceptible_reaction,Higher is later acervulus formation within susceptible reactions,Experimental hybrid,Publicly available study source,51,51,0,8,8,51
ref_buiate_brazil_anthracnose_2009,ref_buiate_brazil_anthracnose_2009_field_screen,anthracnose,anthracnose_mean_latent_period_days_to_acervuli,cachoeira_dourada_minas_gerais_field_october_december_2006_isolate_03_e33,mean_days_to_acervulus_formation_conditional_on_susceptible_reaction,Higher is later acervulus formation within susceptible reactions,Forage hybrid,Publicly available study source,7,7,0,0,0,7
ref_buiate_brazil_anthracnose_2009,ref_buiate_brazil_anthracnose_2009_field_screen,anthracnose,anthracnose_mean_latent_period_days_to_acervuli,cachoeira_dourada_minas_gerais_field_october_december_2006_isolate_03_e33,mean_days_to_acervulus_formation_conditional_on_susceptible_reaction,Higher is later acervulus formation within susceptible reactions,Male sterile line,Publicly available study source,26,26,0,7,7,26
ref_buiate_brazil_anthracnose_2009,ref_buiate_brazil_anthracnose_2009_field_screen,anthracnose,anthracnose_mean_latent_period_days_to_acervuli,cachoeira_dourada_minas_gerais_field_october_december_2006_isolate_03_e33,mean_days_to_acervulus_formation_conditional_on_susceptible_reaction,Higher is later acervulus formation within susceptible reactions,Resistant check,Publicly available study source,1,1,0,0,0,0
ref_buiate_brazil_anthracnose_2009,ref_buiate_brazil_anthracnose_2009_field_screen,anthracnose,anthracnose_mean_latent_period_days_to_acervuli,cachoeira_dourada_minas_gerais_field_october_december_2006_isolate_03_e33,mean_days_to_acervulus_formation_conditional_on_susceptible_reaction,Higher is later acervulus formation within susceptible reactions,Restorer line,Publicly available study source,59,59,0,5,5,59
ref_buiate_brazil_anthracnose_2009,ref_buiate_brazil_anthracnose_2009_field_screen,anthracnose,anthracnose_mean_latent_period_days_to_acervuli,cachoeira_dourada_minas_gerais_field_october_december_2006_isolate_03_e33,mean_days_to_acervulus_formation_conditional_on_susceptible_reaction,Higher is later acervulus formation within susceptible reactions,Susceptible check,Publicly available study source,1,1,0,1,1,0
ref_buiate_brazil_anthracnose_2009,ref_buiate_brazil_anthracnose_2009_field_screen,anthracnose,anthracnose_mean_latent_period_days_to_acervuli,cachoeira_dourada_minas_gerais_field_october_december_2006_isolate_04_e84,mean_days_to_acervulus_formation_conditional_on_susceptible_reaction,Higher is later acervulus formation within susceptible reactions,Commercial hybrid,Publicly available study source,5,5,0,5,5,5
ref_buiate_brazil_anthracnose_2009,ref_buiate_brazil_anthracnose_2009_field_screen,anthracnose,anthracnose_mean_latent_period_days_to_acervuli,cachoeira_dourada_minas_gerais_field_october_december_2006_isolate_04_e84,mean_days_to_acervulus_formation_conditional_on_susceptible_reaction,Higher is later acervulus formation within susceptible reactions,Experimental hybrid,Publicly available study source,51,51,0,9,9,51
ref_buiate_brazil_anthracnose_2009,ref_buiate_brazil_anthracnose_2009_field_screen,anthracnose,anthracnose_mean_latent_period_days_to_acervuli,cachoeira_dourada_minas_gerais_field_october_december_2006_isolate_04_e84,mean_days_to_acervulus_formation_conditional_on_susceptible_reaction,Higher is later acervulus formation within susceptible reactions,Forage hybrid,Publicly available study source,7,7,0,0,0,7
ref_buiate_brazil_anthracnose_2009,ref_buiate_brazil_anthracnose_2009_field_screen,anthracnose,anthracnose_mean_latent_period_days_to_acervuli,cachoeira_dourada_minas_gerais_field_october_december_2006_isolate_04_e84,mean_days_to_acervulus_formation_conditional_on_susceptible_reaction,Higher is later acervulus formation within susceptible reactions,Male sterile line,Publicly available study source,26,26,0,7,7,26
ref_buiate_brazil_anthracnose_2009,ref_buiate_brazil_anthracnose_2009_field_screen,anthracnose,anthracnose_mean_latent_period_days_to_acervuli,cachoeira_dourada_minas_gerais_field_october_december_2006_isolate_04_e84,mean_days_to_acervulus_formation_conditional_on_susceptible_reaction,Higher is later acervulus formation within susceptible reactions,Resistant check,Publicly available study source,1,1,0,0,0,0
ref_buiate_brazil_anthracnose_2009,ref_buiate_brazil_anthracnose_2009_field_screen,anthracnose,anthracnose_mean_latent_period_days_to_acervuli,cachoeira_dourada_minas_gerais_field_october_december_2006_isolate_04_e84,mean_days_to_acervulus_formation_conditional_on_susceptible_reaction,Higher is later acervulus formation within susceptible reactions,Restorer line,Publicly available study source,59,59,0,6,6,59
ref_buiate_brazil_anthracnose_2009,ref_buiate_brazil_anthracnose_2009_field_screen,anthracnose,anthracnose_mean_latent_period_days_to_acervuli,cachoeira_dourada_minas_gerais_field_october_december_2006_isolate_04_e84,mean_days_to_acervulus_formation_conditional_on_susceptible_reaction,Higher is later acervulus formation within susceptible reactions,Susceptible check,Publicly available study source,1,1,0,1,1,0
ref_buiate_brazil_anthracnose_2009,ref_buiate_brazil_anthracnose_2009_field_screen,anthracnose,anthracnose_mean_latent_period_days_to_acervuli,cachoeira_dourada_minas_gerais_field_october_december_2006_isolate_05_e104,mean_days_to_acervulus_formation_conditional_on_susceptible_reaction,Higher is later acervulus formation within susceptible reactions,Commercial hybrid,Publicly available study source,5,5,0,5,5,5
ref_buiate_brazil_anthracnose_2009,ref_buiate_brazil_anthracnose_2009_field_screen,anthracnose,anthracnose_mean_latent_period_days_to_acervuli,cachoeira_dourada_minas_gerais_field_october_december_2006_isolate_05_e104,mean_days_to_acervulus_formation_conditional_on_susceptible_reaction,Higher is later acervulus formation within susceptible reactions,Experimental hybrid,Publicly available study source,51,51,0,7,7,51
ref_buiate_brazil_anthracnose_2009,ref_buiate_brazil_anthracnose_2009_field_screen,anthracnose,anthracnose_mean_latent_period_days_to_acervuli,cachoeira_dourada_minas_gerais_field_october_december_2006_isolate_05_e104,mean_days_to_acervulus_formation_conditional_on_susceptible_reaction,Higher is later acervulus formation within susceptible reactions,Forage hybrid,Publicly available study source,7,7,0,0,0,7
ref_buiate_brazil_anthracnose_2009,ref_buiate_brazil_anthracnose_2009_field_screen,anthracnose,anthracnose_mean_latent_period_days_to_acervuli,cachoeira_dourada_minas_gerais_field_october_december_2006_isolate_05_e104,mean_days_to_acervulus_formation_conditional_on_susceptible_reaction,Higher is later acervulus formation within susceptible reactions,Male sterile line,Publicly available study source,26,26,0,8,8,26
ref_buiate_brazil_anthracnose_2009,ref_buiate_brazil_anthracnose_2009_field_screen,anthracnose,anthracnose_mean_latent_period_days_to_acervuli,cachoeira_dourada_minas_gerais_field_october_december_2006_isolate_05_e104,mean_days_to_acervulus_formation_conditional_on_susceptible_reaction,Higher is later acervulus formation within susceptible reactions,Resistant check,Publicly available study source,1,1,0,0,0,0
ref_buiate_brazil_anthracnose_2009,ref_buiate_brazil_anthracnose_2009_field_screen,anthracnose,anthracnose_mean_latent_period_days_to_acervuli,cachoeira_dourada_minas_gerais_field_october_december_2006_isolate_05_e104,mean_days_to_acervulus_formation_conditional_on_susceptible_reaction,Higher is later acervulus formation within susceptible reactions,Restorer line,Publicly available study source,59,59,0,4,4,59
ref_buiate_brazil_anthracnose_2009,ref_buiate_brazil_anthracnose_2009_field_screen,anthracnose,anthracnose_mean_latent_period_days_to_acervuli,cachoeira_dourada_minas_gerais_field_october_december_2006_isolate_05_e104,mean_days_to_acervulus_formation_conditional_on_susceptible_reaction,Higher is later acervulus formation within susceptible reactions,Susceptible check,Publicly available study source,1,1,0,1,1,0
ref_buiate_brazil_anthracnose_2009,ref_buiate_brazil_anthracnose_2009_field_screen,anthracnose,anthracnose_mean_latent_period_days_to_acervuli,cachoeira_dourada_minas_gerais_field_october_december_2006_isolate_06_e125,mean_days_to_acervulus_formation_conditional_on_susceptible_reaction,Higher is later acervulus formation within susceptible reactions,Commercial hybrid,Publicly available study source,5,5,0,3,3,5
ref_buiate_brazil_anthracnose_2009,ref_buiate_brazil_anthracnose_2009_field_screen,anthracnose,anthracnose_mean_latent_period_days_to_acervuli,cachoeira_dourada_minas_gerais_field_october_december_2006_isolate_06_e125,mean_days_to_acervulus_formation_conditional_on_susceptible_reaction,Higher is later acervulus formation within susceptible reactions,Experimental hybrid,Publicly available study source,51,51,0,2,2,51
ref_buiate_brazil_anthracnose_2009,ref_buiate_brazil_anthracnose_2009_field_screen,anthracnose,anthracnose_mean_latent_period_days_to_acervuli,cachoeira_dourada_minas_gerais_field_october_december_2006_isolate_06_e125,mean_days_to_acervulus_formation_conditional_on_susceptible_reaction,Higher is later acervulus formation within susceptible reactions,Forage hybrid,Publicly available study source,7,7,0,0,0,7
ref_buiate_brazil_anthracnose_2009,ref_buiate_brazil_anthracnose_2009_field_screen,anthracnose,anthracnose_mean_latent_period_days_to_acervuli,cachoeira_dourada_minas_gerais_field_october_december_2006_isolate_06_e125,mean_days_to_acervulus_formation_conditional_on_susceptible_reaction,Higher is later acervulus formation within susceptible reactions,Male sterile line,Publicly available study source,26,26,0,5,5,26
ref_buiate_brazil_anthracnose_2009,ref_buiate_brazil_anthracnose_2009_field_screen,anthracnose,anthracnose_mean_latent_period_days_to_acervuli,cachoeira_dourada_minas_gerais_field_october_december_2006_isolate_06_e125,mean_days_to_acervulus_formation_conditional_on_susceptible_reaction,Higher is later acervulus formation within susceptible reactions,Resistant check,Publicly available study source,1,1,0,0,0,0
ref_buiate_brazil_anthracnose_2009,ref_buiate_brazil_anthracnose_2009_field_screen,anthracnose,anthracnose_mean_latent_period_days_to_acervuli,cachoeira_dourada_minas_gerais_field_october_december_2006_isolate_06_e125,mean_days_to_acervulus_formation_conditional_on_susceptible_reaction,Higher is later acervulus formation within susceptible reactions,Restorer line,Publicly available study source,59,59,0,1,1,59
ref_buiate_brazil_anthracnose_2009,ref_buiate_brazil_anthracnose_2009_field_screen,anthracnose,anthracnose_mean_latent_period_days_to_acervuli,cachoeira_dourada_minas_gerais_field_october_december_2006_isolate_06_e125,mean_days_to_acervulus_formation_conditional_on_susceptible_reaction,Higher is later acervulus formation within susceptible reactions,Susceptible check,Publicly available study source,1,1,0,1,1,0
ref_buiate_brazil_anthracnose_2009,ref_buiate_brazil_anthracnose_2009_field_screen,anthracnose,anthracnose_mean_latent_period_days_to_acervuli,cachoeira_dourada_minas_gerais_field_october_december_2006_isolate_07_e165,mean_days_to_acervulus_formation_conditional_on_susceptible_reaction,Higher is later acervulus formation within susceptible reactions,Commercial hybrid,Publicly available study source,5,5,0,1,1,5
ref_buiate_brazil_anthracnose_2009,ref_buiate_brazil_anthracnose_2009_field_screen,anthracnose,anthracnose_mean_latent_period_days_to_acervuli,cachoeira_dourada_minas_gerais_field_october_december_2006_isolate_07_e165,mean_days_to_acervulus_formation_conditional_on_susceptible_reaction,Higher is later acervulus formation within susceptible reactions,Experimental hybrid,Publicly available study source,51,51,0,3,3,51
ref_buiate_brazil_anthracnose_2009,ref_buiate_brazil_anthracnose_2009_field_screen,anthracnose,anthracnose_mean_latent_period_days_to_acervuli,cachoeira_dourada_minas_gerais_field_october_december_2006_isolate_07_e165,mean_days_to_acervulus_formation_conditional_on_susceptible_reaction,Higher is later acervulus formation within susceptible reactions,Forage hybrid,Publicly available study source,7,7,0,0,0,7
ref_buiate_brazil_anthracnose_2009,ref_buiate_brazil_anthracnose_2009_field_screen,anthracnose,anthracnose_mean_latent_period_days_to_acervuli,cachoeira_dourada_minas_gerais_field_october_december_2006_isolate_07_e165,mean_days_to_acervulus_formation_conditional_on_susceptible_reaction,Higher is later acervulus formation within susceptible reactions,Male sterile line,Publicly available study source,26,26,0,5,5,26
ref_buiate_brazil_anthracnose_2009,ref_buiate_brazil_anthracnose_2009_field_screen,anthracnose,anthracnose_mean_latent_period_days_to_acervuli,cachoeira_dourada_minas_gerais_field_october_december_2006_isolate_07_e165,mean_days_to_acervulus_formation_conditional_on_susceptible_reaction,Higher is later acervulus formation within susceptible reactions,Resistant check,Publicly available study source,1,1,0,0,0,0
ref_buiate_brazil_anthracnose_2009,ref_buiate_brazil_anthracnose_2009_field_screen,anthracnose,anthracnose_mean_latent_period_days_to_acervuli,cachoeira_dourada_minas_gerais_field_october_december_2006_isolate_07_e165,mean_days_to_acervulus_formation_conditional_on_susceptible_reaction,Higher is later acervulus formation within susceptible reactions,Restorer line,Publicly available study source,59,59,0,0,0,59
ref_buiate_brazil_anthracnose_2009,ref_buiate_brazil_anthracnose_2009_field_screen,anthracnose,anthracnose_mean_latent_period_days_to_acervuli,cachoeira_dourada_minas_gerais_field_october_december_2006_isolate_07_e165,mean_days_to_acervulus_formation_conditional_on_susceptible_reaction,Higher is later acervulus formation within susceptible reactions,Susceptible check,Publicly available study source,1,1,0,1,1,0
ref_buiate_brazil_anthracnose_2009,ref_buiate_brazil_anthracnose_2009_field_screen,anthracnose,anthracnose_mean_latent_period_days_to_acervuli,cachoeira_dourada_minas_gerais_field_october_december_2006_isolate_08_e222,mean_days_to_acervulus_formation_conditional_on_susceptible_reaction,Higher is later acervulus formation within susceptible reactions,Commercial hybrid,Publicly available study source,5,5,0,2,2,5
ref_buiate_brazil_anthracnose_2009,ref_buiate_brazil_anthracnose_2009_field_screen,anthracnose,anthracnose_mean_latent_period_days_to_acervuli,cachoeira_dourada_minas_gerais_field_october_december_2006_isolate_08_e222,mean_days_to_acervulus_formation_conditional_on_susceptible_reaction,Higher is later acervulus formation within susceptible reactions,Experimental hybrid,Publicly available study source,51,51,0,3,3,51
ref_buiate_brazil_anthracnose_2009,ref_buiate_brazil_anthracnose_2009_field_screen,anthracnose,anthracnose_mean_latent_period_days_to_acervuli,cachoeira_dourada_minas_gerais_field_october_december_2006_isolate_08_e222,mean_days_to_acervulus_formation_conditional_on_susceptible_reaction,Higher is later acervulus formation within susceptible reactions,Forage hybrid,Publicly available study source,7,7,0,0,0,7
ref_buiate_brazil_anthracnose_2009,ref_buiate_brazil_anthracnose_2009_field_screen,anthracnose,anthracnose_mean_latent_period_days_to_acervuli,cachoeira_dourada_minas_gerais_field_october_december_2006_isolate_08_e222,mean_days_to_acervulus_formation_conditional_on_susceptible_reaction,Higher is later acervulus formation within susceptible reactions,Male sterile line,Publicly available study source,26,26,0,5,5,26
ref_buiate_brazil_anthracnose_2009,ref_buiate_brazil_anthracnose_2009_field_screen,anthracnose,anthracnose_mean_latent_period_days_to_acervuli,cachoeira_dourada_minas_gerais_field_october_december_2006_isolate_08_e222,mean_days_to_acervulus_formation_conditional_on_susceptible_reaction,Higher is later acervulus formation within susceptible reactions,Resistant check,Publicly available study source,1,1,0,0,0,0
ref_buiate_brazil_anthracnose_2009,ref_buiate_brazil_anthracnose_2009_field_screen,anthracnose,anthracnose_mean_latent_period_days_to_acervuli,cachoeira_dourada_minas_gerais_field_october_december_2006_isolate_08_e222,mean_days_to_acervulus_formation_conditional_on_susceptible_reaction,Higher is later acervulus formation within susceptible reactions,Restorer line,Publicly available study source,59,59,0,2,2,59
ref_buiate_brazil_anthracnose_2009,ref_buiate_brazil_anthracnose_2009_field_screen,anthracnose,anthracnose_mean_latent_period_days_to_acervuli,cachoeira_dourada_minas_gerais_field_october_december_2006_isolate_08_e222,mean_days_to_acervulus_formation_conditional_on_susceptible_reaction,Higher is later acervulus formation within susceptible reactions,Susceptible check,Publicly available study source,1,1,0,1,1,0
ref_buiate_brazil_anthracnose_2009,ref_buiate_brazil_anthracnose_2009_field_screen,anthracnose,anthracnose_mean_latent_period_days_to_acervuli,cachoeira_dourada_minas_gerais_field_october_december_2006_isolate_09_riii42,mean_days_to_acervulus_formation_conditional_on_susceptible_reaction,Higher is later acervulus formation within susceptible reactions,Commercial hybrid,Publicly available study source,5,5,0,2,2,5
ref_buiate_brazil_anthracnose_2009,ref_buiate_brazil_anthracnose_2009_field_screen,anthracnose,anthracnose_mean_latent_period_days_to_acervuli,cachoeira_dourada_minas_gerais_field_october_december_2006_isolate_09_riii42,mean_days_to_acervulus_formation_conditional_on_susceptible_reaction,Higher is later acervulus formation within susceptible reactions,Experimental hybrid,Publicly available study source,51,51,0,4,4,51
ref_buiate_brazil_anthracnose_2009,ref_buiate_brazil_anthracnose_2009_field_screen,anthracnose,anthracnose_mean_latent_period_days_to_acervuli,cachoeira_dourada_minas_gerais_field_october_december_2006_isolate_09_riii42,mean_days_to_acervulus_formation_conditional_on_susceptible_reaction,Higher is later acervulus formation within susceptible reactions,Forage hybrid,Publicly available study source,7,7,0,1,1,7
ref_buiate_brazil_anthracnose_2009,ref_buiate_brazil_anthracnose_2009_field_screen,anthracnose,anthracnose_mean_latent_period_days_to_acervuli,cachoeira_dourada_minas_gerais_field_october_december_2006_isolate_09_riii42,mean_days_to_acervulus_formation_conditional_on_susceptible_reaction,Higher is later acervulus formation within susceptible reactions,Male sterile line,Publicly available study source,26,26,0,3,3,26
ref_buiate_brazil_anthracnose_2009,ref_buiate_brazil_anthracnose_2009_field_screen,anthracnose,anthracnose_mean_latent_period_days_to_acervuli,cachoeira_dourada_minas_gerais_field_october_december_2006_isolate_09_riii42,mean_days_to_acervulus_formation_conditional_on_susceptible_reaction,Higher is later acervulus formation within susceptible reactions,Resistant check,Publicly available study source,1,1,0,0,0,0
ref_buiate_brazil_anthracnose_2009,ref_buiate_brazil_anthracnose_2009_field_screen,anthracnose,anthracnose_mean_latent_period_days_to_acervuli,cachoeira_dourada_minas_gerais_field_october_december_2006_isolate_09_riii42,mean_days_to_acervulus_formation_conditional_on_susceptible_reaction,Higher is later acervulus formation within susceptible reactions,Restorer line,Publicly available study source,59,59,0,3,3,59
ref_buiate_brazil_anthracnose_2009,ref_buiate_brazil_anthracnose_2009_field_screen,anthracnose,anthracnose_mean_latent_period_days_to_acervuli,cachoeira_dourada_minas_gerais_field_october_december_2006_isolate_09_riii42,mean_days_to_acervulus_formation_conditional_on_susceptible_reaction,Higher is later acervulus formation within susceptible reactions,Susceptible check,Publicly available study source,1,1,0,1,1,0
ref_buiate_brazil_anthracnose_2009,ref_buiate_brazil_anthracnose_2009_field_screen,anthracnose,anthracnose_mean_latent_period_days_to_acervuli,cachoeira_dourada_minas_gerais_field_october_december_2006_isolate_10_riii44,mean_days_to_acervulus_formation_conditional_on_susceptible_reaction,Higher is later acervulus formation within susceptible reactions,Commercial hybrid,Publicly available study source,5,5,0,3,3,5
ref_buiate_brazil_anthracnose_2009,ref_buiate_brazil_anthracnose_2009_field_screen,anthracnose,anthracnose_mean_latent_period_days_to_acervuli,cachoeira_dourada_minas_gerais_field_october_december_2006_isolate_10_riii44,mean_days_to_acervulus_formation_conditional_on_susceptible_reaction,Higher is later acervulus formation within susceptible reactions,Experimental hybrid,Publicly available study source,51,51,0,13,13,51
ref_buiate_brazil_anthracnose_2009,ref_buiate_brazil_anthracnose_2009_field_screen,anthracnose,anthracnose_mean_latent_period_days_to_acervuli,cachoeira_dourada_minas_gerais_field_october_december_2006_isolate_10_riii44,mean_days_to_acervulus_formation_conditional_on_susceptible_reaction,Higher is later acervulus formation within susceptible reactions,Forage hybrid,Publicly available study source,7,7,0,2,2,7
ref_buiate_brazil_anthracnose_2009,ref_buiate_brazil_anthracnose_2009_field_screen,anthracnose,anthracnose_mean_latent_period_days_to_acervuli,cachoeira_dourada_minas_gerais_field_october_december_2006_isolate_10_riii44,mean_days_to_acervulus_formation_conditional_on_susceptible_reaction,Higher is later acervulus formation within susceptible reactions,Male sterile line,Publicly available study source,26,26,0,5,5,26
ref_buiate_brazil_anthracnose_2009,ref_buiate_brazil_anthracnose_2009_field_screen,anthracnose,anthracnose_mean_latent_period_days_to_acervuli,cachoeira_dourada_minas_gerais_field_october_december_2006_isolate_10_riii44,mean_days_to_acervulus_formation_conditional_on_susceptible_reaction,Higher is later acervulus formation within susceptible reactions,Resistant check,Publicly available study source,1,1,0,0,0,0
ref_buiate_brazil_anthracnose_2009,ref_buiate_brazil_anthracnose_2009_field_screen,anthracnose,anthracnose_mean_latent_period_days_to_acervuli,cachoeira_dourada_minas_gerais_field_october_december_2006_isolate_10_riii44,mean_days_to_acervulus_formation_conditional_on_susceptible_reaction,Higher is later acervulus formation within susceptible reactions,Restorer line,Publicly available study source,59,59,0,6,6,59
ref_buiate_brazil_anthracnose_2009,ref_buiate_brazil_anthracnose_2009_field_screen,anthracnose,anthracnose_mean_latent_period_days_to_acervuli,cachoeira_dourada_minas_gerais_field_october_december_2006_isolate_10_riii44,mean_days_to_acervulus_formation_conditional_on_susceptible_reaction,Higher is later acervulus formation within susceptible reactions,Susceptible check,Publicly available study source,1,1,0,1,1,0
ref_buiate_brazil_anthracnose_2009,ref_buiate_brazil_anthracnose_2009_field_screen,anthracnose,anthracnose_mean_latent_period_days_to_acervuli,cachoeira_dourada_minas_gerais_field_october_december_2006_isolate_11_jatai,mean_days_to_acervulus_formation_conditional_on_susceptible_reaction,Higher is later acervulus formation within susceptible reactions,Commercial hybrid,Publicly available study source,5,5,0,3,3,5
ref_buiate_brazil_anthracnose_2009,ref_buiate_brazil_anthracnose_2009_field_screen,anthracnose,anthracnose_mean_latent_period_days_to_acervuli,cachoeira_dourada_minas_gerais_field_october_december_2006_isolate_11_jatai,mean_days_to_acervulus_formation_conditional_on_susceptible_reaction,Higher is later acervulus formation within susceptible reactions,Experimental hybrid,Publicly available study source,51,51,0,22,22,51
ref_buiate_brazil_anthracnose_2009,ref_buiate_brazil_anthracnose_2009_field_screen,anthracnose,anthracnose_mean_latent_period_days_to_acervuli,cachoeira_dourada_minas_gerais_field_october_december_2006_isolate_11_jatai,mean_days_to_acervulus_formation_conditional_on_susceptible_reaction,Higher is later acervulus formation within susceptible reactions,Forage hybrid,Publicly available study source,7,7,0,0,0,7
ref_buiate_brazil_anthracnose_2009,ref_buiate_brazil_anthracnose_2009_field_screen,anthracnose,anthracnose_mean_latent_period_days_to_acervuli,cachoeira_dourada_minas_gerais_field_october_december_2006_isolate_11_jatai,mean_days_to_acervulus_formation_conditional_on_susceptible_reaction,Higher is later acervulus formation within susceptible reactions,Male sterile line,Publicly available study source,26,26,0,7,7,26
ref_buiate_brazil_anthracnose_2009,ref_buiate_brazil_anthracnose_2009_field_screen,anthracnose,anthracnose_mean_latent_period_days_to_acervuli,cachoeira_dourada_minas_gerais_field_october_december_2006_isolate_11_jatai,mean_days_to_acervulus_formation_conditional_on_susceptible_reaction,Higher is later acervulus formation within susceptible reactions,Resistant check,Publicly available study source,1,1,0,0,0,0
ref_buiate_brazil_anthracnose_2009,ref_buiate_brazil_anthracnose_2009_field_screen,anthracnose,anthracnose_mean_latent_period_days_to_acervuli,cachoeira_dourada_minas_gerais_field_october_december_2006_isolate_11_jatai,mean_days_to_acervulus_formation_conditional_on_susceptible_reaction,Higher is later acervulus formation within susceptible reactions,Restorer line,Publicly available study source,59,59,0,11,11,59
ref_buiate_brazil_anthracnose_2009,ref_buiate_brazil_anthracnose_2009_field_screen,anthracnose,anthracnose_mean_latent_period_days_to_acervuli,cachoeira_dourada_minas_gerais_field_october_december_2006_isolate_11_jatai,mean_days_to_acervulus_formation_conditional_on_susceptible_reaction,Higher is later acervulus formation within susceptible reactions,Susceptible check,Publicly available study source,1,1,0,1,1,0
ref_buiate_brazil_anthracnose_2009,ref_buiate_brazil_anthracnose_2009_field_screen,anthracnose,anthracnose_mean_latent_period_days_to_acervuli,cachoeira_dourada_minas_gerais_field_october_december_2006_isolate_12_montividiu,mean_days_to_acervulus_formation_conditional_on_susceptible_reaction,Higher is later acervulus formation within susceptible reactions,Commercial hybrid,Publicly available study source,5,5,0,3,3,5
ref_buiate_brazil_anthracnose_2009,ref_buiate_brazil_anthracnose_2009_field_screen,anthracnose,anthracnose_mean_latent_period_days_to_acervuli,cachoeira_dourada_minas_gerais_field_october_december_2006_isolate_12_montividiu,mean_days_to_acervulus_formation_conditional_on_susceptible_reaction,Higher is later acervulus formation within susceptible reactions,Experimental hybrid,Publicly available study source,51,51,0,0,0,51
ref_buiate_brazil_anthracnose_2009,ref_buiate_brazil_anthracnose_2009_field_screen,anthracnose,anthracnose_mean_latent_period_days_to_acervuli,cachoeira_dourada_minas_gerais_field_october_december_2006_isolate_12_montividiu,mean_days_to_acervulus_formation_conditional_on_susceptible_reaction,Higher is later acervulus formation within susceptible reactions,Forage hybrid,Publicly available study source,7,7,0,0,0,7
ref_buiate_brazil_anthracnose_2009,ref_buiate_brazil_anthracnose_2009_field_screen,anthracnose,anthracnose_mean_latent_period_days_to_acervuli,cachoeira_dourada_minas_gerais_field_october_december_2006_isolate_12_montividiu,mean_days_to_acervulus_formation_conditional_on_susceptible_reaction,Higher is later acervulus formation within susceptible reactions,Male sterile line,Publicly available study source,26,26,0,6,6,26
ref_buiate_brazil_anthracnose_2009,ref_buiate_brazil_anthracnose_2009_field_screen,anthracnose,anthracnose_mean_latent_period_days_to_acervuli,cachoeira_dourada_minas_gerais_field_october_december_2006_isolate_12_montividiu,mean_days_to_acervulus_formation_conditional_on_susceptible_reaction,Higher is later acervulus formation within susceptible reactions,Resistant check,Publicly available study source,1,1,0,0,0,0
ref_buiate_brazil_anthracnose_2009,ref_buiate_brazil_anthracnose_2009_field_screen,anthracnose,anthracnose_mean_latent_period_days_to_acervuli,cachoeira_dourada_minas_gerais_field_october_december_2006_isolate_12_montividiu,mean_days_to_acervulus_formation_conditional_on_susceptible_reaction,Higher is later acervulus formation within susceptible reactions,Restorer line,Publicly available study source,59,59,0,5,5,59
ref_buiate_brazil_anthracnose_2009,ref_buiate_brazil_anthracnose_2009_field_screen,anthracnose,anthracnose_mean_latent_period_days_to_acervuli,cachoeira_dourada_minas_gerais_field_october_december_2006_isolate_12_montividiu,mean_days_to_acervulus_formation_conditional_on_susceptible_reaction,Higher is later acervulus formation within susceptible reactions,Susceptible check,Publicly available study source,1,1,0,1,1,0
ref_buiate_brazil_anthracnose_2009,ref_buiate_brazil_anthracnose_2009_field_screen,anthracnose,anthracnose_mean_severity_score_12_dpi,cachoeira_dourada_minas_gerais_field_october_december_2006_isolate_01_e03,cardwell_1989_mean_anthracnose_score_1_5_reported_R_1_3_S_4_5,Lower values indicate less disease,Commercial hybrid,Publicly available study source,5,5,0,5,5,5
ref_buiate_brazil_anthracnose_2009,ref_buiate_brazil_anthracnose_2009_field_screen,anthracnose,anthracnose_mean_severity_score_12_dpi,cachoeira_dourada_minas_gerais_field_october_december_2006_isolate_01_e03,cardwell_1989_mean_anthracnose_score_1_5_reported_R_1_3_S_4_5,Lower values indicate less disease,Experimental hybrid,Publicly available study source,51,51,0,51,51,51
ref_buiate_brazil_anthracnose_2009,ref_buiate_brazil_anthracnose_2009_field_screen,anthracnose,anthracnose_mean_severity_score_12_dpi,cachoeira_dourada_minas_gerais_field_october_december_2006_isolate_01_e03,cardwell_1989_mean_anthracnose_score_1_5_reported_R_1_3_S_4_5,Lower values indicate less disease,Forage hybrid,Publicly available study source,7,7,0,7,7,7
ref_buiate_brazil_anthracnose_2009,ref_buiate_brazil_anthracnose_2009_field_screen,anthracnose,anthracnose_mean_severity_score_12_dpi,cachoeira_dourada_minas_gerais_field_october_december_2006_isolate_01_e03,cardwell_1989_mean_anthracnose_score_1_5_reported_R_1_3_S_4_5,Lower values indicate less disease,Male sterile line,Publicly available study source,26,26,0,26,26,26
ref_buiate_brazil_anthracnose_2009,ref_buiate_brazil_anthracnose_2009_field_screen,anthracnose,anthracnose_mean_severity_score_12_dpi,cachoeira_dourada_minas_gerais_field_october_december_2006_isolate_01_e03,cardwell_1989_mean_anthracnose_score_1_5_reported_R_1_3_S_4_5,Lower values indicate less disease,Resistant check,Publicly available study source,1,1,0,1,1,0
ref_buiate_brazil_anthracnose_2009,ref_buiate_brazil_anthracnose_2009_field_screen,anthracnose,anthracnose_mean_severity_score_12_dpi,cachoeira_dourada_minas_gerais_field_october_december_2006_isolate_01_e03,cardwell_1989_mean_anthracnose_score_1_5_reported_R_1_3_S_4_5,Lower values indicate less disease,Restorer line,Publicly available study source,59,59,0,59,59,59
ref_buiate_brazil_anthracnose_2009,ref_buiate_brazil_anthracnose_2009_field_screen,anthracnose,anthracnose_mean_severity_score_12_dpi,cachoeira_dourada_minas_gerais_field_october_december_2006_isolate_01_e03,cardwell_1989_mean_anthracnose_score_1_5_reported_R_1_3_S_4_5,Lower values indicate less disease,Susceptible check,Publicly available study source,1,1,0,1,1,0
ref_buiate_brazil_anthracnose_2009,ref_buiate_brazil_anthracnose_2009_field_screen,anthracnose,anthracnose_mean_severity_score_12_dpi,cachoeira_dourada_minas_gerais_field_october_december_2006_isolate_02_e11,cardwell_1989_mean_anthracnose_score_1_5_reported_R_1_3_S_4_5,Lower values indicate less disease,Commercial hybrid,Publicly available study source,5,5,0,5,5,5
ref_buiate_brazil_anthracnose_2009,ref_buiate_brazil_anthracnose_2009_field_screen,anthracnose,anthracnose_mean_severity_score_12_dpi,cachoeira_dourada_minas_gerais_field_october_december_2006_isolate_02_e11,cardwell_1989_mean_anthracnose_score_1_5_reported_R_1_3_S_4_5,Lower values indicate less disease,Experimental hybrid,Publicly available study source,51,51,0,51,51,51
ref_buiate_brazil_anthracnose_2009,ref_buiate_brazil_anthracnose_2009_field_screen,anthracnose,anthracnose_mean_severity_score_12_dpi,cachoeira_dourada_minas_gerais_field_october_december_2006_isolate_02_e11,cardwell_1989_mean_anthracnose_score_1_5_reported_R_1_3_S_4_5,Lower values indicate less disease,Forage hybrid,Publicly available study source,7,7,0,7,7,7
ref_buiate_brazil_anthracnose_2009,ref_buiate_brazil_anthracnose_2009_field_screen,anthracnose,anthracnose_mean_severity_score_12_dpi,cachoeira_dourada_minas_gerais_field_october_december_2006_isolate_02_e11,cardwell_1989_mean_anthracnose_score_1_5_reported_R_1_3_S_4_5,Lower values indicate less disease,Male sterile line,Publicly available study source,26,26,0,26,26,26
ref_buiate_brazil_anthracnose_2009,ref_buiate_brazil_anthracnose_2009_field_screen,anthracnose,anthracnose_mean_severity_score_12_dpi,cachoeira_dourada_minas_gerais_field_october_december_2006_isolate_02_e11,cardwell_1989_mean_anthracnose_score_1_5_reported_R_1_3_S_4_5,Lower values indicate less disease,Resistant check,Publicly available study source,1,1,0,1,1,0
ref_buiate_brazil_anthracnose_2009,ref_buiate_brazil_anthracnose_2009_field_screen,anthracnose,anthracnose_mean_severity_score_12_dpi,cachoeira_dourada_minas_gerais_field_october_december_2006_isolate_02_e11,cardwell_1989_mean_anthracnose_score_1_5_reported_R_1_3_S_4_5,Lower values indicate less disease,Restorer line,Publicly available study source,59,59,0,59,59,59
ref_buiate_brazil_anthracnose_2009,ref_buiate_brazil_anthracnose_2009_field_screen,anthracnose,anthracnose_mean_severity_score_12_dpi,cachoeira_dourada_minas_gerais_field_october_december_2006_isolate_02_e11,cardwell_1989_mean_anthracnose_score_1_5_reported_R_1_3_S_4_5,Lower values indicate less disease,Susceptible check,Publicly available study source,1,1,0,1,1,0
ref_buiate_brazil_anthracnose_2009,ref_buiate_brazil_anthracnose_2009_field_screen,anthracnose,anthracnose_mean_severity_score_12_dpi,cachoeira_dourada_minas_gerais_field_october_december_2006_isolate_03_e33,cardwell_1989_mean_anthracnose_score_1_5_reported_R_1_3_S_4_5,Lower values indicate less disease,Commercial hybrid,Publicly available study source,5,5,0,5,5,5
ref_buiate_brazil_anthracnose_2009,ref_buiate_brazil_anthracnose_2009_field_screen,anthracnose,anthracnose_mean_severity_score_12_dpi,cachoeira_dourada_minas_gerais_field_october_december_2006_isolate_03_e33,cardwell_1989_mean_anthracnose_score_1_5_reported_R_1_3_S_4_5,Lower values indicate less disease,Experimental hybrid,Publicly available study source,51,51,0,51,51,51
ref_buiate_brazil_anthracnose_2009,ref_buiate_brazil_anthracnose_2009_field_screen,anthracnose,anthracnose_mean_severity_score_12_dpi,cachoeira_dourada_minas_gerais_field_october_december_2006_isolate_03_e33,cardwell_1989_mean_anthracnose_score_1_5_reported_R_1_3_S_4_5,Lower values indicate less disease,Forage hybrid,Publicly available study source,7,7,0,7,7,7
ref_buiate_brazil_anthracnose_2009,ref_buiate_brazil_anthracnose_2009_field_screen,anthracnose,anthracnose_mean_severity_score_12_dpi,cachoeira_dourada_minas_gerais_field_october_december_2006_isolate_03_e33,cardwell_1989_mean_anthracnose_score_1_5_reported_R_1_3_S_4_5,Lower values indicate less disease,Male sterile line,Publicly available study source,26,26,0,26,26,26
ref_buiate_brazil_anthracnose_2009,ref_buiate_brazil_anthracnose_2009_field_screen,anthracnose,anthracnose_mean_severity_score_12_dpi,cachoeira_dourada_minas_gerais_field_october_december_2006_isolate_03_e33,cardwell_1989_mean_anthracnose_score_1_5_reported_R_1_3_S_4_5,Lower values indicate less disease,Resistant check,Publicly available study source,1,1,0,1,1,0
ref_buiate_brazil_anthracnose_2009,ref_buiate_brazil_anthracnose_2009_field_screen,anthracnose,anthracnose_mean_severity_score_12_dpi,cachoeira_dourada_minas_gerais_field_october_december_2006_isolate_03_e33,cardwell_1989_mean_anthracnose_score_1_5_reported_R_1_3_S_4_5,Lower values indicate less disease,Restorer line,Publicly available study source,59,59,0,59,59,59
ref_buiate_brazil_anthracnose_2009,ref_buiate_brazil_anthracnose_2009_field_screen,anthracnose,anthracnose_mean_severity_score_12_dpi,cachoeira_dourada_minas_gerais_field_october_december_2006_isolate_03_e33,cardwell_1989_mean_anthracnose_score_1_5_reported_R_1_3_S_4_5,Lower values indicate less disease,Susceptible check,Publicly available study source,1,1,0,1,1,0
ref_buiate_brazil_anthracnose_2009,ref_buiate_brazil_anthracnose_2009_field_screen,anthracnose,anthracnose_mean_severity_score_12_dpi,cachoeira_dourada_minas_gerais_field_october_december_2006_isolate_04_e84,cardwell_1989_mean_anthracnose_score_1_5_reported_R_1_3_S_4_5,Lower values indicate less disease,Commercial hybrid,Publicly available study source,5,5,0,5,5,5
ref_buiate_brazil_anthracnose_2009,ref_buiate_brazil_anthracnose_2009_field_screen,anthracnose,anthracnose_mean_severity_score_12_dpi,cachoeira_dourada_minas_gerais_field_october_december_2006_isolate_04_e84,cardwell_1989_mean_anthracnose_score_1_5_reported_R_1_3_S_4_5,Lower values indicate less disease,Experimental hybrid,Publicly available study source,51,51,0,51,51,51
ref_buiate_brazil_anthracnose_2009,ref_buiate_brazil_anthracnose_2009_field_screen,anthracnose,anthracnose_mean_severity_score_12_dpi,cachoeira_dourada_minas_gerais_field_october_december_2006_isolate_04_e84,cardwell_1989_mean_anthracnose_score_1_5_reported_R_1_3_S_4_5,Lower values indicate less disease,Forage hybrid,Publicly available study source,7,7,0,7,7,7
ref_buiate_brazil_anthracnose_2009,ref_buiate_brazil_anthracnose_2009_field_screen,anthracnose,anthracnose_mean_severity_score_12_dpi,cachoeira_dourada_minas_gerais_field_october_december_2006_isolate_04_e84,cardwell_1989_mean_anthracnose_score_1_5_reported_R_1_3_S_4_5,Lower values indicate less disease,Male sterile line,Publicly available study source,26,26,0,26,26,26
ref_buiate_brazil_anthracnose_2009,ref_buiate_brazil_anthracnose_2009_field_screen,anthracnose,anthracnose_mean_severity_score_12_dpi,cachoeira_dourada_minas_gerais_field_october_december_2006_isolate_04_e84,cardwell_1989_mean_anthracnose_score_1_5_reported_R_1_3_S_4_5,Lower values indicate less disease,Resistant check,Publicly available study source,1,1,0,1,1,0
ref_buiate_brazil_anthracnose_2009,ref_buiate_brazil_anthracnose_2009_field_screen,anthracnose,anthracnose_mean_severity_score_12_dpi,cachoeira_dourada_minas_gerais_field_october_december_2006_isolate_04_e84,cardwell_1989_mean_anthracnose_score_1_5_reported_R_1_3_S_4_5,Lower values indicate less disease,Restorer line,Publicly available study source,59,59,0,59,59,59
ref_buiate_brazil_anthracnose_2009,ref_buiate_brazil_anthracnose_2009_field_screen,anthracnose,anthracnose_mean_severity_score_12_dpi,cachoeira_dourada_minas_gerais_field_october_december_2006_isolate_04_e84,cardwell_1989_mean_anthracnose_score_1_5_reported_R_1_3_S_4_5,Lower values indicate less disease,Susceptible check,Publicly available study source,1,1,0,1,1,0
ref_buiate_brazil_anthracnose_2009,ref_buiate_brazil_anthracnose_2009_field_screen,anthracnose,anthracnose_mean_severity_score_12_dpi,cachoeira_dourada_minas_gerais_field_october_december_2006_isolate_05_e104,cardwell_1989_mean_anthracnose_score_1_5_reported_R_1_3_S_4_5,Lower values indicate less disease,Commercial hybrid,Publicly available study source,5,5,0,5,5,5
ref_buiate_brazil_anthracnose_2009,ref_buiate_brazil_anthracnose_2009_field_screen,anthracnose,anthracnose_mean_severity_score_12_dpi,cachoeira_dourada_minas_gerais_field_october_december_2006_isolate_05_e104,cardwell_1989_mean_anthracnose_score_1_5_reported_R_1_3_S_4_5,Lower values indicate less disease,Experimental hybrid,Publicly available study source,51,51,0,51,51,51
ref_buiate_brazil_anthracnose_2009,ref_buiate_brazil_anthracnose_2009_field_screen,anthracnose,anthracnose_mean_severity_score_12_dpi,cachoeira_dourada_minas_gerais_field_october_december_2006_isolate_05_e104,cardwell_1989_mean_anthracnose_score_1_5_reported_R_1_3_S_4_5,Lower values indicate less disease,Forage hybrid,Publicly available study source,7,7,0,7,7,7
ref_buiate_brazil_anthracnose_2009,ref_buiate_brazil_anthracnose_2009_field_screen,anthracnose,anthracnose_mean_severity_score_12_dpi,cachoeira_dourada_minas_gerais_field_october_december_2006_isolate_05_e104,cardwell_1989_mean_anthracnose_score_1_5_reported_R_1_3_S_4_5,Lower values indicate less disease,Male sterile line,Publicly available study source,26,26,0,26,26,26
ref_buiate_brazil_anthracnose_2009,ref_buiate_brazil_anthracnose_2009_field_screen,anthracnose,anthracnose_mean_severity_score_12_dpi,cachoeira_dourada_minas_gerais_field_october_december_2006_isolate_05_e104,cardwell_1989_mean_anthracnose_score_1_5_reported_R_1_3_S_4_5,Lower values indicate less disease,Resistant check,Publicly available study source,1,1,0,1,1,0
ref_buiate_brazil_anthracnose_2009,ref_buiate_brazil_anthracnose_2009_field_screen,anthracnose,anthracnose_mean_severity_score_12_dpi,cachoeira_dourada_minas_gerais_field_october_december_2006_isolate_05_e104,cardwell_1989_mean_anthracnose_score_1_5_reported_R_1_3_S_4_5,Lower values indicate less disease,Restorer line,Publicly available study source,59,59,0,59,59,59
ref_buiate_brazil_anthracnose_2009,ref_buiate_brazil_anthracnose_2009_field_screen,anthracnose,anthracnose_mean_severity_score_12_dpi,cachoeira_dourada_minas_gerais_field_october_december_2006_isolate_05_e104,cardwell_1989_mean_anthracnose_score_1_5_reported_R_1_3_S_4_5,Lower values indicate less disease,Susceptible check,Publicly available study source,1,1,0,1,1,0
ref_buiate_brazil_anthracnose_2009,ref_buiate_brazil_anthracnose_2009_field_screen,anthracnose,anthracnose_mean_severity_score_12_dpi,cachoeira_dourada_minas_gerais_field_october_december_2006_isolate_06_e125,cardwell_1989_mean_anthracnose_score_1_5_reported_R_1_3_S_4_5,Lower values indicate less disease,Commercial hybrid,Publicly available study source,5,5,0,5,5,5
ref_buiate_brazil_anthracnose_2009,ref_buiate_brazil_anthracnose_2009_field_screen,anthracnose,anthracnose_mean_severity_score_12_dpi,cachoeira_dourada_minas_gerais_field_october_december_2006_isolate_06_e125,cardwell_1989_mean_anthracnose_score_1_5_reported_R_1_3_S_4_5,Lower values indicate less disease,Experimental hybrid,Publicly available study source,51,51,0,51,51,51
ref_buiate_brazil_anthracnose_2009,ref_buiate_brazil_anthracnose_2009_field_screen,anthracnose,anthracnose_mean_severity_score_12_dpi,cachoeira_dourada_minas_gerais_field_october_december_2006_isolate_06_e125,cardwell_1989_mean_anthracnose_score_1_5_reported_R_1_3_S_4_5,Lower values indicate less disease,Forage hybrid,Publicly available study source,7,7,0,7,7,7
ref_buiate_brazil_anthracnose_2009,ref_buiate_brazil_anthracnose_2009_field_screen,anthracnose,anthracnose_mean_severity_score_12_dpi,cachoeira_dourada_minas_gerais_field_october_december_2006_isolate_06_e125,cardwell_1989_mean_anthracnose_score_1_5_reported_R_1_3_S_4_5,Lower values indicate less disease,Male sterile line,Publicly available study source,26,26,0,26,26,26
ref_buiate_brazil_anthracnose_2009,ref_buiate_brazil_anthracnose_2009_field_screen,anthracnose,anthracnose_mean_severity_score_12_dpi,cachoeira_dourada_minas_gerais_field_october_december_2006_isolate_06_e125,cardwell_1989_mean_anthracnose_score_1_5_reported_R_1_3_S_4_5,Lower values indicate less disease,Resistant check,Publicly available study source,1,1,0,1,1,0
ref_buiate_brazil_anthracnose_2009,ref_buiate_brazil_anthracnose_2009_field_screen,anthracnose,anthracnose_mean_severity_score_12_dpi,cachoeira_dourada_minas_gerais_field_october_december_2006_isolate_06_e125,cardwell_1989_mean_anthracnose_score_1_5_reported_R_1_3_S_4_5,Lower values indicate less disease,Restorer line,Publicly available study source,59,59,0,59,59,59
ref_buiate_brazil_anthracnose_2009,ref_buiate_brazil_anthracnose_2009_field_screen,anthracnose,anthracnose_mean_severity_score_12_dpi,cachoeira_dourada_minas_gerais_field_october_december_2006_isolate_06_e125,cardwell_1989_mean_anthracnose_score_1_5_reported_R_1_3_S_4_5,Lower values indicate less disease,Susceptible check,Publicly available study source,1,1,0,1,1,0
ref_buiate_brazil_anthracnose_2009,ref_buiate_brazil_anthracnose_2009_field_screen,anthracnose,anthracnose_mean_severity_score_12_dpi,cachoeira_dourada_minas_gerais_field_october_december_2006_isolate_07_e165,cardwell_1989_mean_anthracnose_score_1_5_reported_R_1_3_S_4_5,Lower values indicate less disease,Commercial hybrid,Publicly available study source,5,5,0,5,5,5
ref_buiate_brazil_anthracnose_2009,ref_buiate_brazil_anthracnose_2009_field_screen,anthracnose,anthracnose_mean_severity_score_12_dpi,cachoeira_dourada_minas_gerais_field_october_december_2006_isolate_07_e165,cardwell_1989_mean_anthracnose_score_1_5_reported_R_1_3_S_4_5,Lower values indicate less disease,Experimental hybrid,Publicly available study source,51,51,0,51,51,51
ref_buiate_brazil_anthracnose_2009,ref_buiate_brazil_anthracnose_2009_field_screen,anthracnose,anthracnose_mean_severity_score_12_dpi,cachoeira_dourada_minas_gerais_field_october_december_2006_isolate_07_e165,cardwell_1989_mean_anthracnose_score_1_5_reported_R_1_3_S_4_5,Lower values indicate less disease,Forage hybrid,Publicly available study source,7,7,0,7,7,7
ref_buiate_brazil_anthracnose_2009,ref_buiate_brazil_anthracnose_2009_field_screen,anthracnose,anthracnose_mean_severity_score_12_dpi,cachoeira_dourada_minas_gerais_field_october_december_2006_isolate_07_e165,cardwell_1989_mean_anthracnose_score_1_5_reported_R_1_3_S_4_5,Lower values indicate less disease,Male sterile line,Publicly available study source,26,26,0,26,26,26
ref_buiate_brazil_anthracnose_2009,ref_buiate_brazil_anthracnose_2009_field_screen,anthracnose,anthracnose_mean_severity_score_12_dpi,cachoeira_dourada_minas_gerais_field_october_december_2006_isolate_07_e165,cardwell_1989_mean_anthracnose_score_1_5_reported_R_1_3_S_4_5,Lower values indicate less disease,Resistant check,Publicly available study source,1,1,0,1,1,0
ref_buiate_brazil_anthracnose_2009,ref_buiate_brazil_anthracnose_2009_field_screen,anthracnose,anthracnose_mean_severity_score_12_dpi,cachoeira_dourada_minas_gerais_field_october_december_2006_isolate_07_e165,cardwell_1989_mean_anthracnose_score_1_5_reported_R_1_3_S_4_5,Lower values indicate less disease,Restorer line,Publicly available study source,59,59,0,59,59,59
ref_buiate_brazil_anthracnose_2009,ref_buiate_brazil_anthracnose_2009_field_screen,anthracnose,anthracnose_mean_severity_score_12_dpi,cachoeira_dourada_minas_gerais_field_october_december_2006_isolate_07_e165,cardwell_1989_mean_anthracnose_score_1_5_reported_R_1_3_S_4_5,Lower values indicate less disease,Susceptible check,Publicly available study source,1,1,0,1,1,0
ref_buiate_brazil_anthracnose_2009,ref_buiate_brazil_anthracnose_2009_field_screen,anthracnose,anthracnose_mean_severity_score_12_dpi,cachoeira_dourada_minas_gerais_field_october_december_2006_isolate_08_e222,cardwell_1989_mean_anthracnose_score_1_5_reported_R_1_3_S_4_5,Lower values indicate less disease,Commercial hybrid,Publicly available study source,5,5,0,5,5,5
ref_buiate_brazil_anthracnose_2009,ref_buiate_brazil_anthracnose_2009_field_screen,anthracnose,anthracnose_mean_severity_score_12_dpi,cachoeira_dourada_minas_gerais_field_october_december_2006_isolate_08_e222,cardwell_1989_mean_anthracnose_score_1_5_reported_R_1_3_S_4_5,Lower values indicate less disease,Experimental hybrid,Publicly available study source,51,51,0,51,51,51
ref_buiate_brazil_anthracnose_2009,ref_buiate_brazil_anthracnose_2009_field_screen,anthracnose,anthracnose_mean_severity_score_12_dpi,cachoeira_dourada_minas_gerais_field_october_december_2006_isolate_08_e222,cardwell_1989_mean_anthracnose_score_1_5_reported_R_1_3_S_4_5,Lower values indicate less disease,Forage hybrid,Publicly available study source,7,7,0,7,7,7
ref_buiate_brazil_anthracnose_2009,ref_buiate_brazil_anthracnose_2009_field_screen,anthracnose,anthracnose_mean_severity_score_12_dpi,cachoeira_dourada_minas_gerais_field_october_december_2006_isolate_08_e222,cardwell_1989_mean_anthracnose_score_1_5_reported_R_1_3_S_4_5,Lower values indicate less disease,Male sterile line,Publicly available study source,26,26,0,26,26,26
ref_buiate_brazil_anthracnose_2009,ref_buiate_brazil_anthracnose_2009_field_screen,anthracnose,anthracnose_mean_severity_score_12_dpi,cachoeira_dourada_minas_gerais_field_october_december_2006_isolate_08_e222,cardwell_1989_mean_anthracnose_score_1_5_reported_R_1_3_S_4_5,Lower values indicate less disease,Resistant check,Publicly available study source,1,1,0,1,1,0
ref_buiate_brazil_anthracnose_2009,ref_buiate_brazil_anthracnose_2009_field_screen,anthracnose,anthracnose_mean_severity_score_12_dpi,cachoeira_dourada_minas_gerais_field_october_december_2006_isolate_08_e222,cardwell_1989_mean_anthracnose_score_1_5_reported_R_1_3_S_4_5,Lower values indicate less disease,Restorer line,Publicly available study source,59,59,0,59,59,59
ref_buiate_brazil_anthracnose_2009,ref_buiate_brazil_anthracnose_2009_field_screen,anthracnose,anthracnose_mean_severity_score_12_dpi,cachoeira_dourada_minas_gerais_field_october_december_2006_isolate_08_e222,cardwell_1989_mean_anthracnose_score_1_5_reported_R_1_3_S_4_5,Lower values indicate less disease,Susceptible check,Publicly available study source,1,1,0,1,1,0
ref_buiate_brazil_anthracnose_2009,ref_buiate_brazil_anthracnose_2009_field_screen,anthracnose,anthracnose_mean_severity_score_12_dpi,cachoeira_dourada_minas_gerais_field_october_december_2006_isolate_09_riii42,cardwell_1989_mean_anthracnose_score_1_5_reported_R_1_3_S_4_5,Lower values indicate less disease,Commercial hybrid,Publicly available study source,5,5,0,5,5,5
ref_buiate_brazil_anthracnose_2009,ref_buiate_brazil_anthracnose_2009_field_screen,anthracnose,anthracnose_mean_severity_score_12_dpi,cachoeira_dourada_minas_gerais_field_october_december_2006_isolate_09_riii42,cardwell_1989_mean_anthracnose_score_1_5_reported_R_1_3_S_4_5,Lower values indicate less disease,Experimental hybrid,Publicly available study source,51,51,0,51,51,51
ref_buiate_brazil_anthracnose_2009,ref_buiate_brazil_anthracnose_2009_field_screen,anthracnose,anthracnose_mean_severity_score_12_dpi,cachoeira_dourada_minas_gerais_field_october_december_2006_isolate_09_riii42,cardwell_1989_mean_anthracnose_score_1_5_reported_R_1_3_S_4_5,Lower values indicate less disease,Forage hybrid,Publicly available study source,7,7,0,7,7,7
ref_buiate_brazil_anthracnose_2009,ref_buiate_brazil_anthracnose_2009_field_screen,anthracnose,anthracnose_mean_severity_score_12_dpi,cachoeira_dourada_minas_gerais_field_october_december_2006_isolate_09_riii42,cardwell_1989_mean_anthracnose_score_1_5_reported_R_1_3_S_4_5,Lower values indicate less disease,Male sterile line,Publicly available study source,26,26,0,26,26,26
ref_buiate_brazil_anthracnose_2009,ref_buiate_brazil_anthracnose_2009_field_screen,anthracnose,anthracnose_mean_severity_score_12_dpi,cachoeira_dourada_minas_gerais_field_october_december_2006_isolate_09_riii42,cardwell_1989_mean_anthracnose_score_1_5_reported_R_1_3_S_4_5,Lower values indicate less disease,Resistant check,Publicly available study source,1,1,0,1,1,0
ref_buiate_brazil_anthracnose_2009,ref_buiate_brazil_anthracnose_2009_field_screen,anthracnose,anthracnose_mean_severity_score_12_dpi,cachoeira_dourada_minas_gerais_field_october_december_2006_isolate_09_riii42,cardwell_1989_mean_anthracnose_score_1_5_reported_R_1_3_S_4_5,Lower values indicate less disease,Restorer line,Publicly available study source,59,59,0,59,59,59
ref_buiate_brazil_anthracnose_2009,ref_buiate_brazil_anthracnose_2009_field_screen,anthracnose,anthracnose_mean_severity_score_12_dpi,cachoeira_dourada_minas_gerais_field_october_december_2006_isolate_09_riii42,cardwell_1989_mean_anthracnose_score_1_5_reported_R_1_3_S_4_5,Lower values indicate less disease,Susceptible check,Publicly available study source,1,1,0,1,1,0
ref_buiate_brazil_anthracnose_2009,ref_buiate_brazil_anthracnose_2009_field_screen,anthracnose,anthracnose_mean_severity_score_12_dpi,cachoeira_dourada_minas_gerais_field_october_december_2006_isolate_10_riii44,cardwell_1989_mean_anthracnose_score_1_5_reported_R_1_3_S_4_5,Lower values indicate less disease,Commercial hybrid,Publicly available study source,5,5,0,5,5,5
ref_buiate_brazil_anthracnose_2009,ref_buiate_brazil_anthracnose_2009_field_screen,anthracnose,anthracnose_mean_severity_score_12_dpi,cachoeira_dourada_minas_gerais_field_october_december_2006_isolate_10_riii44,cardwell_1989_mean_anthracnose_score_1_5_reported_R_1_3_S_4_5,Lower values indicate less disease,Experimental hybrid,Publicly available study source,51,51,0,51,51,51
ref_buiate_brazil_anthracnose_2009,ref_buiate_brazil_anthracnose_2009_field_screen,anthracnose,anthracnose_mean_severity_score_12_dpi,cachoeira_dourada_minas_gerais_field_october_december_2006_isolate_10_riii44,cardwell_1989_mean_anthracnose_score_1_5_reported_R_1_3_S_4_5,Lower values indicate less disease,Forage hybrid,Publicly available study source,7,7,0,7,7,7
ref_buiate_brazil_anthracnose_2009,ref_buiate_brazil_anthracnose_2009_field_screen,anthracnose,anthracnose_mean_severity_score_12_dpi,cachoeira_dourada_minas_gerais_field_october_december_2006_isolate_10_riii44,cardwell_1989_mean_anthracnose_score_1_5_reported_R_1_3_S_4_5,Lower values indicate less disease,Male sterile line,Publicly available study source,26,26,0,26,26,26
ref_buiate_brazil_anthracnose_2009,ref_buiate_brazil_anthracnose_2009_field_screen,anthracnose,anthracnose_mean_severity_score_12_dpi,cachoeira_dourada_minas_gerais_field_october_december_2006_isolate_10_riii44,cardwell_1989_mean_anthracnose_score_1_5_reported_R_1_3_S_4_5,Lower values indicate less disease,Resistant check,Publicly available study source,1,1,0,1,1,0
ref_buiate_brazil_anthracnose_2009,ref_buiate_brazil_anthracnose_2009_field_screen,anthracnose,anthracnose_mean_severity_score_12_dpi,cachoeira_dourada_minas_gerais_field_october_december_2006_isolate_10_riii44,cardwell_1989_mean_anthracnose_score_1_5_reported_R_1_3_S_4_5,Lower values indicate less disease,Restorer line,Publicly available study source,59,59,0,59,59,59
ref_buiate_brazil_anthracnose_2009,ref_buiate_brazil_anthracnose_2009_field_screen,anthracnose,anthracnose_mean_severity_score_12_dpi,cachoeira_dourada_minas_gerais_field_october_december_2006_isolate_10_riii44,cardwell_1989_mean_anthracnose_score_1_5_reported_R_1_3_S_4_5,Lower values indicate less disease,Susceptible check,Publicly available study source,1,1,0,1,1,0
ref_buiate_brazil_anthracnose_2009,ref_buiate_brazil_anthracnose_2009_field_screen,anthracnose,anthracnose_mean_severity_score_12_dpi,cachoeira_dourada_minas_gerais_field_october_december_2006_isolate_11_jatai,cardwell_1989_mean_anthracnose_score_1_5_reported_R_1_3_S_4_5,Lower values indicate less disease,Commercial hybrid,Publicly available study source,5,5,0,5,5,5
ref_buiate_brazil_anthracnose_2009,ref_buiate_brazil_anthracnose_2009_field_screen,anthracnose,anthracnose_mean_severity_score_12_dpi,cachoeira_dourada_minas_gerais_field_october_december_2006_isolate_11_jatai,cardwell_1989_mean_anthracnose_score_1_5_reported_R_1_3_S_4_5,Lower values indicate less disease,Experimental hybrid,Publicly available study source,51,51,0,51,51,51
ref_buiate_brazil_anthracnose_2009,ref_buiate_brazil_anthracnose_2009_field_screen,anthracnose,anthracnose_mean_severity_score_12_dpi,cachoeira_dourada_minas_gerais_field_october_december_2006_isolate_11_jatai,cardwell_1989_mean_anthracnose_score_1_5_reported_R_1_3_S_4_5,Lower values indicate less disease,Forage hybrid,Publicly available study source,7,7,0,7,7,7
ref_buiate_brazil_anthracnose_2009,ref_buiate_brazil_anthracnose_2009_field_screen,anthracnose,anthracnose_mean_severity_score_12_dpi,cachoeira_dourada_minas_gerais_field_october_december_2006_isolate_11_jatai,cardwell_1989_mean_anthracnose_score_1_5_reported_R_1_3_S_4_5,Lower values indicate less disease,Male sterile line,Publicly available study source,26,26,0,26,26,26
ref_buiate_brazil_anthracnose_2009,ref_buiate_brazil_anthracnose_2009_field_screen,anthracnose,anthracnose_mean_severity_score_12_dpi,cachoeira_dourada_minas_gerais_field_october_december_2006_isolate_11_jatai,cardwell_1989_mean_anthracnose_score_1_5_reported_R_1_3_S_4_5,Lower values indicate less disease,Resistant check,Publicly available study source,1,1,0,1,1,0
ref_buiate_brazil_anthracnose_2009,ref_buiate_brazil_anthracnose_2009_field_screen,anthracnose,anthracnose_mean_severity_score_12_dpi,cachoeira_dourada_minas_gerais_field_october_december_2006_isolate_11_jatai,cardwell_1989_mean_anthracnose_score_1_5_reported_R_1_3_S_4_5,Lower values indicate less disease,Restorer line,Publicly available study source,59,59,0,59,59,59
ref_buiate_brazil_anthracnose_2009,ref_buiate_brazil_anthracnose_2009_field_screen,anthracnose,anthracnose_mean_severity_score_12_dpi,cachoeira_dourada_minas_gerais_field_october_december_2006_isolate_11_jatai,cardwell_1989_mean_anthracnose_score_1_5_reported_R_1_3_S_4_5,Lower values indicate less disease,Susceptible check,Publicly available study source,1,1,0,1,1,0
ref_buiate_brazil_anthracnose_2009,ref_buiate_brazil_anthracnose_2009_field_screen,anthracnose,anthracnose_mean_severity_score_12_dpi,cachoeira_dourada_minas_gerais_field_october_december_2006_isolate_12_montividiu,cardwell_1989_mean_anthracnose_score_1_5_reported_R_1_3_S_4_5,Lower values indicate less disease,Commercial hybrid,Publicly available study source,5,5,0,5,5,5
ref_buiate_brazil_anthracnose_2009,ref_buiate_brazil_anthracnose_2009_field_screen,anthracnose,anthracnose_mean_severity_score_12_dpi,cachoeira_dourada_minas_gerais_field_october_december_2006_isolate_12_montividiu,cardwell_1989_mean_anthracnose_score_1_5_reported_R_1_3_S_4_5,Lower values indicate less disease,Experimental hybrid,Publicly available study source,51,51,0,51,51,51
ref_buiate_brazil_anthracnose_2009,ref_buiate_brazil_anthracnose_2009_field_screen,anthracnose,anthracnose_mean_severity_score_12_dpi,cachoeira_dourada_minas_gerais_field_october_december_2006_isolate_12_montividiu,cardwell_1989_mean_anthracnose_score_1_5_reported_R_1_3_S_4_5,Lower values indicate less disease,Forage hybrid,Publicly available study source,7,7,0,7,7,7
ref_buiate_brazil_anthracnose_2009,ref_buiate_brazil_anthracnose_2009_field_screen,anthracnose,anthracnose_mean_severity_score_12_dpi,cachoeira_dourada_minas_gerais_field_october_december_2006_isolate_12_montividiu,cardwell_1989_mean_anthracnose_score_1_5_reported_R_1_3_S_4_5,Lower values indicate less disease,Male sterile line,Publicly available study source,26,26,0,26,26,26
ref_buiate_brazil_anthracnose_2009,ref_buiate_brazil_anthracnose_2009_field_screen,anthracnose,anthracnose_mean_severity_score_12_dpi,cachoeira_dourada_minas_gerais_field_october_december_2006_isolate_12_montividiu,cardwell_1989_mean_anthracnose_score_1_5_reported_R_1_3_S_4_5,Lower values indicate less disease,Resistant check,Publicly available study source,1,1,0,1,1,0
ref_buiate_brazil_anthracnose_2009,ref_buiate_brazil_anthracnose_2009_field_screen,anthracnose,anthracnose_mean_severity_score_12_dpi,cachoeira_dourada_minas_gerais_field_october_december_2006_isolate_12_montividiu,cardwell_1989_mean_anthracnose_score_1_5_reported_R_1_3_S_4_5,Lower values indicate less disease,Restorer line,Publicly available study source,59,59,0,59,59,59
ref_buiate_brazil_anthracnose_2009,ref_buiate_brazil_anthracnose_2009_field_screen,anthracnose,anthracnose_mean_severity_score_12_dpi,cachoeira_dourada_minas_gerais_field_october_december_2006_isolate_12_montividiu,cardwell_1989_mean_anthracnose_score_1_5_reported_R_1_3_S_4_5,Lower values indicate less disease,Susceptible check,Publicly available study source,1,1,0,1,1,0
ref_costa_brazil_anthracnose_inheritance_2008,ref_costa_brazil_anthracnose_inheritance_2008,anthracnose,anthracnose_reported_reaction_class_10_dpi,embrapa_sete_lagoas_greenhouse_30_day_plants_1e6_conidia_ml_10_dpi_isolate_201_01,reported_R_S_from_1_to_5_anthracnose_score_at_10_dpi,R denotes resistance and S denotes susceptibility,Parent line in inheritance cross,Publicly available study source,4,4,0,4,0,0
ref_costa_brazil_anthracnose_inheritance_2008,ref_costa_brazil_anthracnose_inheritance_2008,anthracnose,anthracnose_reported_reaction_class_10_dpi,embrapa_sete_lagoas_greenhouse_30_day_plants_1e6_conidia_ml_10_dpi_isolate_204_01,reported_R_S_from_1_to_5_anthracnose_score_at_10_dpi,R denotes resistance and S denotes susceptibility,Parent line in inheritance cross,Publicly available study source,2,2,0,2,0,0
ref_costa_brazil_anthracnose_inheritance_2008,ref_costa_brazil_anthracnose_inheritance_2008,anthracnose,anthracnose_reported_reaction_class_10_dpi,embrapa_sete_lagoas_greenhouse_30_day_plants_1e6_conidia_ml_10_dpi_isolate_23_02,reported_R_S_from_1_to_5_anthracnose_score_at_10_dpi,R denotes resistance and S denotes susceptibility,Parent line in inheritance cross,Publicly available study source,4,4,0,4,0,0
ref_costa_brazil_anthracnose_inheritance_2008,ref_costa_brazil_anthracnose_inheritance_2008,anthracnose,anthracnose_reported_reaction_class_10_dpi,embrapa_sete_lagoas_greenhouse_30_day_plants_1e6_conidia_ml_10_dpi_isolate_84_02,reported_R_S_from_1_to_5_anthracnose_score_at_10_dpi,R denotes resistance and S denotes susceptibility,Parent line in inheritance cross,Publicly available study source,4,4,0,4,0,0
ref_costa_brazil_anthracnose_inheritance_2008,ref_costa_brazil_anthracnose_inheritance_2008,anthracnose,anthracnose_reported_reaction_class_10_dpi,embrapa_sete_lagoas_greenhouse_30_day_plants_1e6_conidia_ml_10_dpi_isolate_85_02,reported_R_S_from_1_to_5_anthracnose_score_at_10_dpi,R denotes resistance and S denotes susceptibility,Parent line in inheritance cross,Publicly available study source,4,4,0,4,0,0
ref_costa_brazil_anthracnose_inheritance_2008,ref_costa_brazil_anthracnose_inheritance_2008,anthracnose,anthracnose_reported_reaction_class_10_dpi,embrapa_sete_lagoas_greenhouse_30_day_plants_1e6_conidia_ml_10_dpi_isolate_92_02,reported_R_S_from_1_to_5_anthracnose_score_at_10_dpi,R denotes resistance and S denotes susceptibility,Parent line in inheritance cross,Publicly available study source,4,4,0,4,0,0
ref_costa_brazil_anthracnose_inheritance_2008,ref_costa_brazil_anthracnose_inheritance_2008,anthracnose,anthracnose_reported_reaction_class_10_dpi,embrapa_sete_lagoas_greenhouse_30_day_plants_1e6_conidia_ml_10_dpi_isolate_rb_04,reported_R_S_from_1_to_5_anthracnose_score_at_10_dpi,R denotes resistance and S denotes susceptibility,Parent line in inheritance cross,Publicly available study source,4,4,0,4,0,0
ref_diatta_senegal_hybrids_grain_mold_2019,ref_diatta_senegal_hybrids_grain_mold_2019,grain_mold,field_panicle_grain_mold_rating_pooled_mean,senegal_four_locations_2012_2014_2015_2016_2017_pooled_natural_infestation,field_panicle_grain_mold_rating_1_5_1_no_mold_5_more_than_50_percent_grains_molded,Lower values indicate a more favorable response,Parent check,Publicly available study source,1,1,0,1,1,0
ref_diatta_senegal_hybrids_grain_mold_2019,ref_diatta_senegal_hybrids_grain_mold_2019,grain_mold,field_panicle_grain_mold_rating_pooled_mean,senegal_four_locations_2012_2014_2015_2016_2017_pooled_natural_infestation,field_panicle_grain_mold_rating_1_5_1_no_mold_5_more_than_50_percent_grains_molded,Lower values indicate a more favorable response,Test hybrid,Publicly available study source,5,5,0,5,5,5
ref_erpelding_botswana_anthracnose_2011,ref_erpelding_botswana_anthracnose_2011,anthracnose,anthracnose_reported_rating_token,isabela_puerto_rico_2007,anthracnose_rating_1_5_with_three_replication_tokens_when_variable,Lower values indicate a more favorable response,Accession,Publicly available study source,154,154,0,154,95,154
ref_erpelding_botswana_anthracnose_2011,ref_erpelding_botswana_anthracnose_2011,anthracnose,anthracnose_reported_rating_token,isabela_puerto_rico_2007,anthracnose_rating_1_5_with_three_replication_tokens_when_variable,Lower values indicate a more favorable response,Resistant control,Publicly available study source,8,8,0,8,8,0
ref_erpelding_botswana_anthracnose_2011,ref_erpelding_botswana_anthracnose_2011,anthracnose,anthracnose_reported_rating_token,isabela_puerto_rico_2007,anthracnose_rating_1_5_with_three_replication_tokens_when_variable,Lower values indicate a more favorable response,Susceptible control,Publicly available study source,10,10,0,10,8,0
ref_erpelding_botswana_anthracnose_2011,ref_erpelding_botswana_anthracnose_2011,anthracnose,anthracnose_reported_rating_token,isabela_puerto_rico_2008,anthracnose_rating_1_5_with_three_replication_tokens_when_variable,Lower values indicate a more favorable response,Accession,Publicly available study source,154,154,0,154,101,154
ref_erpelding_botswana_anthracnose_2011,ref_erpelding_botswana_anthracnose_2011,anthracnose,anthracnose_reported_rating_token,isabela_puerto_rico_2008,anthracnose_rating_1_5_with_three_replication_tokens_when_variable,Lower values indicate a more favorable response,Resistant control,Publicly available study source,8,8,0,8,8,0
ref_erpelding_botswana_anthracnose_2011,ref_erpelding_botswana_anthracnose_2011,anthracnose,anthracnose_reported_rating_token,isabela_puerto_rico_2008,anthracnose_rating_1_5_with_three_replication_tokens_when_variable,Lower values indicate a more favorable response,Susceptible control,Publicly available study source,10,10,0,10,8,0
ref_erpelding_botswana_anthracnose_2011,ref_erpelding_botswana_anthracnose_2011,anthracnose,infected_leaf_area_percent_mean,isabela_puerto_rico_2007,infected_leaf_area_percent_mean_with_reported_significance_suffix,Lower values indicate a more favorable response,Accession,Publicly available study source,154,154,0,154,154,154
ref_erpelding_botswana_anthracnose_2011,ref_erpelding_botswana_anthracnose_2011,anthracnose,infected_leaf_area_percent_mean,isabela_puerto_rico_2007,infected_leaf_area_percent_mean_with_reported_significance_suffix,Lower values indicate a more favorable response,Resistant control,Publicly available study source,8,8,0,8,8,0
ref_erpelding_botswana_anthracnose_2011,ref_erpelding_botswana_anthracnose_2011,anthracnose,infected_leaf_area_percent_mean,isabela_puerto_rico_2007,infected_leaf_area_percent_mean_with_reported_significance_suffix,Lower values indicate a more favorable response,Susceptible control,Publicly available study source,10,10,0,10,10,0
ref_erpelding_botswana_anthracnose_2011,ref_erpelding_botswana_anthracnose_2011,anthracnose,infected_leaf_area_percent_mean,isabela_puerto_rico_2008,infected_leaf_area_percent_mean_with_reported_significance_suffix,Lower values indicate a more favorable response,Accession,Publicly available study source,154,154,0,154,154,154
ref_erpelding_botswana_anthracnose_2011,ref_erpelding_botswana_anthracnose_2011,anthracnose,infected_leaf_area_percent_mean,isabela_puerto_rico_2008,infected_leaf_area_percent_mean_with_reported_significance_suffix,Lower values indicate a more favorable response,Resistant control,Publicly available study source,8,8,0,8,8,0
ref_erpelding_botswana_anthracnose_2011,ref_erpelding_botswana_anthracnose_2011,anthracnose,infected_leaf_area_percent_mean,isabela_puerto_rico_2008,infected_leaf_area_percent_mean_with_reported_significance_suffix,Lower values indicate a more favorable response,Susceptible control,Publicly available study source,10,10,0,10,10,0
ref_erpelding_burundi_anthracnose_2010,ref_erpelding_burundi_anthracnose_2010,anthracnose,anthracnose_reported_rating_token,isabela_puerto_rico_2007,anthracnose_rating_1_5_with_three_replication_tokens_when_variable,Lower values indicate a more favorable response,Accession,Publicly available study source,148,148,0,148,129,148
ref_erpelding_burundi_anthracnose_2010,ref_erpelding_burundi_anthracnose_2010,anthracnose,anthracnose_reported_rating_token,isabela_puerto_rico_2007,anthracnose_rating_1_5_with_three_replication_tokens_when_variable,Lower values indicate a more favorable response,Resistant control,Publicly available study source,5,5,0,5,4,0
ref_erpelding_burundi_anthracnose_2010,ref_erpelding_burundi_anthracnose_2010,anthracnose,anthracnose_reported_rating_token,isabela_puerto_rico_2007,anthracnose_rating_1_5_with_three_replication_tokens_when_variable,Lower values indicate a more favorable response,Susceptible control,Publicly available study source,7,7,0,7,7,0
ref_erpelding_burundi_anthracnose_2010,ref_erpelding_burundi_anthracnose_2010,anthracnose,anthracnose_reported_rating_token,isabela_puerto_rico_2008,anthracnose_rating_1_5_with_three_replication_tokens_when_variable,Lower values indicate a more favorable response,Accession,Publicly available study source,148,148,0,148,117,148
ref_erpelding_burundi_anthracnose_2010,ref_erpelding_burundi_anthracnose_2010,anthracnose,anthracnose_reported_rating_token,isabela_puerto_rico_2008,anthracnose_rating_1_5_with_three_replication_tokens_when_variable,Lower values indicate a more favorable response,Resistant control,Publicly available study source,5,5,0,5,5,0
ref_erpelding_burundi_anthracnose_2010,ref_erpelding_burundi_anthracnose_2010,anthracnose,anthracnose_reported_rating_token,isabela_puerto_rico_2008,anthracnose_rating_1_5_with_three_replication_tokens_when_variable,Lower values indicate a more favorable response,Susceptible control,Publicly available study source,7,7,0,7,7,0
ref_erpelding_burundi_anthracnose_2010,ref_erpelding_burundi_anthracnose_2010,anthracnose,infected_leaf_area_percent_mean,isabela_puerto_rico_2007,infected_leaf_area_percent_mean_with_reported_significance_suffix,Lower values indicate a more favorable response,Accession,Publicly available study source,148,148,0,148,148,148
ref_erpelding_burundi_anthracnose_2010,ref_erpelding_burundi_anthracnose_2010,anthracnose,infected_leaf_area_percent_mean,isabela_puerto_rico_2007,infected_leaf_area_percent_mean_with_reported_significance_suffix,Lower values indicate a more favorable response,Resistant control,Publicly available study source,5,5,0,5,5,0
ref_erpelding_burundi_anthracnose_2010,ref_erpelding_burundi_anthracnose_2010,anthracnose,infected_leaf_area_percent_mean,isabela_puerto_rico_2007,infected_leaf_area_percent_mean_with_reported_significance_suffix,Lower values indicate a more favorable response,Susceptible control,Publicly available study source,7,7,0,7,7,0
ref_erpelding_burundi_anthracnose_2010,ref_erpelding_burundi_anthracnose_2010,anthracnose,infected_leaf_area_percent_mean,isabela_puerto_rico_2008,infected_leaf_area_percent_mean_with_reported_significance_suffix,Lower values indicate a more favorable response,Accession,Publicly available study source,148,148,0,148,148,148
ref_erpelding_burundi_anthracnose_2010,ref_erpelding_burundi_anthracnose_2010,anthracnose,infected_leaf_area_percent_mean,isabela_puerto_rico_2008,infected_leaf_area_percent_mean_with_reported_significance_suffix,Lower values indicate a more favorable response,Resistant control,Publicly available study source,5,5,0,5,5,0
ref_erpelding_burundi_anthracnose_2010,ref_erpelding_burundi_anthracnose_2010,anthracnose,infected_leaf_area_percent_mean,isabela_puerto_rico_2008,infected_leaf_area_percent_mean_with_reported_significance_suffix,Lower values indicate a more favorable response,Susceptible control,Publicly available study source,7,7,0,7,7,0
ref_erpelding_mopti_anthracnose_2010,ref_erpelding_mopti_anthracnose_2010,anthracnose,anthracnose_reported_rating_token,isabela_puerto_rico_2004,anthracnose_rating_1_5_with_three_replication_tokens_when_variable,Lower values indicate a more favorable response,Accession,Publicly available study source,97,97,0,97,73,97
ref_erpelding_mopti_anthracnose_2010,ref_erpelding_mopti_anthracnose_2010,anthracnose,anthracnose_reported_rating_token,isabela_puerto_rico_2005,anthracnose_rating_1_5_with_three_replication_tokens_when_variable,Lower values indicate a more favorable response,Accession,Publicly available study source,97,97,0,97,78,97
ref_erpelding_mopti_anthracnose_2010,ref_erpelding_mopti_anthracnose_2010,anthracnose,infected_leaf_area_percent_mean,isabela_puerto_rico_2004,infected_leaf_area_percent_mean_with_reported_significance_suffix,Lower values indicate a more favorable response,Accession,Publicly available study source,97,97,0,97,97,97
ref_erpelding_mopti_anthracnose_2010,ref_erpelding_mopti_anthracnose_2010,anthracnose,infected_leaf_area_percent_mean,isabela_puerto_rico_2005,infected_leaf_area_percent_mean_with_reported_significance_suffix,Lower values indicate a more favorable response,Accession,Publicly available study source,97,97,0,97,97,97
ref_erpelding_redlan_anthracnose_2007,ref_erpelding_redlan_anthracnose_2007,anthracnose,anthracnose_lesion_development_description,isabela_puerto_rico_2005_field_10_days_after_inoculation,reported_qualitative_description,Lower values indicate a more favorable response,Susceptible parent,Publicly available study source,1,1,0,1,0,0
ref_erpelding_redlan_anthracnose_2007,ref_erpelding_redlan_anthracnose_2007,anthracnose,foliar_anthracnose_reaction_category,isabela_puerto_rico_2005_field_30_days_after_inoculation,reported_verbal_category_linked_to_1_5_rating_scale,Resistant classification is favorable,Susceptible parent,Publicly available study source,1,1,0,1,0,0
ref_erpelding_redlan_anthracnose_2007,ref_erpelding_redlan_anthracnose_2007,anthracnose,foliar_anthracnose_reaction_category,isabela_puerto_rico_2005_field_60_days_after_inoculation,reported_verbal_category_linked_to_1_5_rating_scale,Resistant classification is favorable,Susceptible parent,Publicly available study source,1,1,0,1,0,0
ref_erpelding_redlan_anthracnose_2007,ref_erpelding_redlan_anthracnose_2007,anthracnose,foliar_anthracnose_response_description,isabela_puerto_rico_2005_field_60_days_after_inoculation,reported_qualitative_description,Resistant classification is favorable,Resistant parent,Publicly available study source,1,1,0,1,0,0
ref_erpelding_redlan_anthracnose_2007,ref_erpelding_redlan_anthracnose_2007,anthracnose,foliar_anthracnose_response_description,isabela_puerto_rico_2005_field_7_days_after_inoculation,reported_qualitative_description,Resistant classification is favorable,Resistant parent,Publicly available study source,1,1,0,1,0,0
ref_erpelding_redlan_anthracnose_2007,ref_erpelding_redlan_anthracnose_2007,anthracnose,foliar_anthracnose_response_description,isabela_puerto_rico_2005_field_7_days_after_inoculation,reported_qualitative_description,Resistant classification is favorable,Susceptible parent,Publicly available study source,1,1,0,1,0,0
ref_erpelding_redlan_anthracnose_2007,ref_erpelding_redlan_anthracnose_2007,anthracnose,foliar_anthracnose_response_description,isabela_puerto_rico_2005_field_maturity,reported_qualitative_description,Resistant classification is favorable,Resistant parent,Publicly available study source,1,1,0,1,0,0
ref_erpelding_redlan_anthracnose_2007,ref_erpelding_redlan_anthracnose_2007,anthracnose,infected_leaf_area_percent_approximate,isabela_puerto_rico_2005_field_60_days_after_inoculation,approximate_infected_leaf_area_percent,Lower values indicate a more favorable response,Susceptible parent,Publicly available study source,1,1,0,1,1,0
ref_erpelding_redlan_anthracnose_2007,ref_erpelding_redlan_anthracnose_2007,anthracnose,leaf_midrib_infection_description,isabela_puerto_rico_2005_field_30_days_after_inoculation,reported_presence_absence_description,Lower values indicate a more favorable response,Susceptible parent,Publicly available study source,1,1,0,1,0,0
ref_erpelding_redlan_anthracnose_2007,ref_erpelding_redlan_anthracnose_2007,anthracnose,leaf_senescence_description,isabela_puerto_rico_2005_field_30_days_after_inoculation,reported_qualitative_description,Lower values indicate a more favorable response,Susceptible parent,Publicly available study source,1,1,0,1,0,0
ref_erpelding_redlan_anthracnose_2007,ref_erpelding_redlan_anthracnose_2007,anthracnose,leaf_senescence_description,isabela_puerto_rico_2005_field_60_days_after_inoculation,reported_qualitative_description,Lower values indicate a more favorable response,Susceptible parent,Publicly available study source,1,1,0,1,0,0
ref_erpelding_sikasso_mali_anthracnose_2008,ref_erpelding_sikasso_mali_anthracnose_2008,anthracnose,anthracnose_reported_rating_token,isabela_puerto_rico_2004,anthracnose_rating_1_5_with_three_replication_tokens_when_variable,Lower values indicate a more favorable response,Accession,Publicly available study source,132,132,0,132,124,132
ref_erpelding_sikasso_mali_anthracnose_2008,ref_erpelding_sikasso_mali_anthracnose_2008,anthracnose,anthracnose_reported_rating_token,isabela_puerto_rico_2004,anthracnose_rating_1_5_with_three_replication_tokens_when_variable,Lower values indicate a more favorable response,Non inoculated control,Publicly available study source,1,1,0,1,1,0
ref_erpelding_sikasso_mali_anthracnose_2008,ref_erpelding_sikasso_mali_anthracnose_2008,anthracnose,anthracnose_reported_rating_token,isabela_puerto_rico_2004,anthracnose_rating_1_5_with_three_replication_tokens_when_variable,Lower values indicate a more favorable response,Resistant control,Publicly available study source,6,6,0,6,6,0
ref_erpelding_sikasso_mali_anthracnose_2008,ref_erpelding_sikasso_mali_anthracnose_2008,anthracnose,anthracnose_reported_rating_token,isabela_puerto_rico_2004,anthracnose_rating_1_5_with_three_replication_tokens_when_variable,Lower values indicate a more favorable response,Susceptible control,Publicly available study source,7,7,0,7,7,0
ref_erpelding_sikasso_mali_anthracnose_2008,ref_erpelding_sikasso_mali_anthracnose_2008,anthracnose,anthracnose_reported_rating_token,isabela_puerto_rico_2005,anthracnose_rating_1_5_with_three_replication_tokens_when_variable,Lower values indicate a more favorable response,Accession,Publicly available study source,132,132,0,132,116,132
ref_erpelding_sikasso_mali_anthracnose_2008,ref_erpelding_sikasso_mali_anthracnose_2008,anthracnose,anthracnose_reported_rating_token,isabela_puerto_rico_2005,anthracnose_rating_1_5_with_three_replication_tokens_when_variable,Lower values indicate a more favorable response,Non inoculated control,Publicly available study source,1,1,0,1,1,0
ref_erpelding_sikasso_mali_anthracnose_2008,ref_erpelding_sikasso_mali_anthracnose_2008,anthracnose,anthracnose_reported_rating_token,isabela_puerto_rico_2005,anthracnose_rating_1_5_with_three_replication_tokens_when_variable,Lower values indicate a more favorable response,Resistant control,Publicly available study source,6,6,0,6,5,0
ref_erpelding_sikasso_mali_anthracnose_2008,ref_erpelding_sikasso_mali_anthracnose_2008,anthracnose,anthracnose_reported_rating_token,isabela_puerto_rico_2005,anthracnose_rating_1_5_with_three_replication_tokens_when_variable,Lower values indicate a more favorable response,Susceptible control,Publicly available study source,7,7,0,7,5,0
ref_erpelding_sikasso_mali_anthracnose_2008,ref_erpelding_sikasso_mali_anthracnose_2008,anthracnose,infected_leaf_area_percent_mean,isabela_puerto_rico_2004,infected_leaf_area_percent_mean_with_reported_significance_suffix,Lower values indicate a more favorable response,Accession,Publicly available study source,132,132,0,132,132,132
ref_erpelding_sikasso_mali_anthracnose_2008,ref_erpelding_sikasso_mali_anthracnose_2008,anthracnose,infected_leaf_area_percent_mean,isabela_puerto_rico_2004,infected_leaf_area_percent_mean_with_reported_significance_suffix,Lower values indicate a more favorable response,Non inoculated control,Publicly available study source,1,1,0,1,1,0
ref_erpelding_sikasso_mali_anthracnose_2008,ref_erpelding_sikasso_mali_anthracnose_2008,anthracnose,infected_leaf_area_percent_mean,isabela_puerto_rico_2004,infected_leaf_area_percent_mean_with_reported_significance_suffix,Lower values indicate a more favorable response,Resistant control,Publicly available study source,6,6,0,6,6,0
ref_erpelding_sikasso_mali_anthracnose_2008,ref_erpelding_sikasso_mali_anthracnose_2008,anthracnose,infected_leaf_area_percent_mean,isabela_puerto_rico_2004,infected_leaf_area_percent_mean_with_reported_significance_suffix,Lower values indicate a more favorable response,Susceptible control,Publicly available study source,7,7,0,7,7,0
ref_erpelding_sikasso_mali_anthracnose_2008,ref_erpelding_sikasso_mali_anthracnose_2008,anthracnose,infected_leaf_area_percent_mean,isabela_puerto_rico_2005,infected_leaf_area_percent_mean_with_reported_significance_suffix,Lower values indicate a more favorable response,Accession,Publicly available study source,132,132,0,132,132,132
ref_erpelding_sikasso_mali_anthracnose_2008,ref_erpelding_sikasso_mali_anthracnose_2008,anthracnose,infected_leaf_area_percent_mean,isabela_puerto_rico_2005,infected_leaf_area_percent_mean_with_reported_significance_suffix,Lower values indicate a more favorable response,Non inoculated control,Publicly available study source,1,1,0,1,1,0
ref_erpelding_sikasso_mali_anthracnose_2008,ref_erpelding_sikasso_mali_anthracnose_2008,anthracnose,infected_leaf_area_percent_mean,isabela_puerto_rico_2005,infected_leaf_area_percent_mean_with_reported_significance_suffix,Lower values indicate a more favorable response,Resistant control,Publicly available study source,6,6,0,6,6,0
ref_erpelding_sikasso_mali_anthracnose_2008,ref_erpelding_sikasso_mali_anthracnose_2008,anthracnose,infected_leaf_area_percent_mean,isabela_puerto_rico_2005,infected_leaf_area_percent_mean_with_reported_significance_suffix,Lower values indicate a more favorable response,Susceptible control,Publicly available study source,7,7,0,7,7,0
ref_gaffoor_pennsylvania_anthracnose_2021,ref_gaffoor_pennsylvania_anthracnose_2021,anthracnose,anthracnose_severity_maximum,penn_state_greenhouse_2016_cgsl1_inoculated_12_dpi,modified_visual_anthracnose_severity_1_9,Lower values indicate a more favorable response,Line selected for favorable disease response,Publicly available study source,33,33,0,33,33,33
ref_gaffoor_pennsylvania_anthracnose_2021,ref_gaffoor_pennsylvania_anthracnose_2021,anthracnose,anthracnose_severity_maximum,penn_state_greenhouse_2016_cgsl1_inoculated_12_dpi,modified_visual_anthracnose_severity_1_9,Lower values indicate a more favorable response,Resistant control,Publicly available study source,1,1,0,1,1,0
ref_gaffoor_pennsylvania_anthracnose_2021,ref_gaffoor_pennsylvania_anthracnose_2021,anthracnose,anthracnose_severity_maximum,penn_state_greenhouse_2016_cgsl1_inoculated_12_dpi,modified_visual_anthracnose_severity_1_9,Lower values indicate a more favorable response,Susceptible control,Publicly available study source,1,1,0,1,1,0
ref_gaffoor_pennsylvania_anthracnose_2021,ref_gaffoor_pennsylvania_anthracnose_2021,anthracnose,anthracnose_severity_maximum,pennsylvania_field_2016_local_isolate_mix_inoculated_45_dpi,modified_visual_anthracnose_severity_1_9,Lower values indicate a more favorable response,Line selected for favorable disease response,Publicly available study source,33,33,0,33,33,33
ref_gaffoor_pennsylvania_anthracnose_2021,ref_gaffoor_pennsylvania_anthracnose_2021,anthracnose,anthracnose_severity_maximum,pennsylvania_field_2016_local_isolate_mix_inoculated_45_dpi,modified_visual_anthracnose_severity_1_9,Lower values indicate a more favorable response,Resistant control,Publicly available study source,1,1,0,1,1,0
ref_gaffoor_pennsylvania_anthracnose_2021,ref_gaffoor_pennsylvania_anthracnose_2021,anthracnose,anthracnose_severity_maximum,pennsylvania_field_2016_local_isolate_mix_inoculated_45_dpi,modified_visual_anthracnose_severity_1_9,Lower values indicate a more favorable response,Susceptible control,Publicly available study source,1,1,0,1,1,0
ref_gaffoor_pennsylvania_anthracnose_2021,ref_gaffoor_pennsylvania_anthracnose_2021,anthracnose,anthracnose_severity_mean,penn_state_greenhouse_2016_cgsl1_inoculated_12_dpi,modified_visual_anthracnose_severity_1_9,Lower values indicate a more favorable response,Line selected for favorable disease response,Publicly available study source,33,33,0,33,33,33
ref_gaffoor_pennsylvania_anthracnose_2021,ref_gaffoor_pennsylvania_anthracnose_2021,anthracnose,anthracnose_severity_mean,penn_state_greenhouse_2016_cgsl1_inoculated_12_dpi,modified_visual_anthracnose_severity_1_9,Lower values indicate a more favorable response,Resistant control,Publicly available study source,1,1,0,1,1,0
ref_gaffoor_pennsylvania_anthracnose_2021,ref_gaffoor_pennsylvania_anthracnose_2021,anthracnose,anthracnose_severity_mean,penn_state_greenhouse_2016_cgsl1_inoculated_12_dpi,modified_visual_anthracnose_severity_1_9,Lower values indicate a more favorable response,Susceptible control,Publicly available study source,1,1,0,1,1,0
ref_gaffoor_pennsylvania_anthracnose_2021,ref_gaffoor_pennsylvania_anthracnose_2021,anthracnose,anthracnose_severity_mean,pennsylvania_field_2016_local_isolate_mix_inoculated_45_dpi,modified_visual_anthracnose_severity_1_9,Lower values indicate a more favorable response,Line selected for favorable disease response,Publicly available study source,33,33,0,33,33,33
ref_gaffoor_pennsylvania_anthracnose_2021,ref_gaffoor_pennsylvania_anthracnose_2021,anthracnose,anthracnose_severity_mean,pennsylvania_field_2016_local_isolate_mix_inoculated_45_dpi,modified_visual_anthracnose_severity_1_9,Lower values indicate a more favorable response,Resistant control,Publicly available study source,1,1,0,1,1,0
ref_gaffoor_pennsylvania_anthracnose_2021,ref_gaffoor_pennsylvania_anthracnose_2021,anthracnose,anthracnose_severity_mean,pennsylvania_field_2016_local_isolate_mix_inoculated_45_dpi,modified_visual_anthracnose_severity_1_9,Lower values indicate a more favorable response,Susceptible control,Publicly available study source,1,1,0,1,1,0
ref_gaffoor_pennsylvania_anthracnose_2021,ref_gaffoor_pennsylvania_anthracnose_2021,anthracnose,anthracnose_severity_median,penn_state_greenhouse_2016_cgsl1_inoculated_12_dpi,modified_visual_anthracnose_severity_1_9,Lower values indicate a more favorable response,Line selected for favorable disease response,Publicly available study source,33,33,0,33,33,33
ref_gaffoor_pennsylvania_anthracnose_2021,ref_gaffoor_pennsylvania_anthracnose_2021,anthracnose,anthracnose_severity_median,penn_state_greenhouse_2016_cgsl1_inoculated_12_dpi,modified_visual_anthracnose_severity_1_9,Lower values indicate a more favorable response,Resistant control,Publicly available study source,1,1,0,1,1,0
ref_gaffoor_pennsylvania_anthracnose_2021,ref_gaffoor_pennsylvania_anthracnose_2021,anthracnose,anthracnose_severity_median,penn_state_greenhouse_2016_cgsl1_inoculated_12_dpi,modified_visual_anthracnose_severity_1_9,Lower values indicate a more favorable response,Susceptible control,Publicly available study source,1,1,0,1,1,0
ref_gaffoor_pennsylvania_anthracnose_2021,ref_gaffoor_pennsylvania_anthracnose_2021,anthracnose,anthracnose_severity_median,pennsylvania_field_2016_local_isolate_mix_inoculated_45_dpi,modified_visual_anthracnose_severity_1_9,Lower values indicate a more favorable response,Line selected for favorable disease response,Publicly available study source,33,33,0,33,33,33
ref_gaffoor_pennsylvania_anthracnose_2021,ref_gaffoor_pennsylvania_anthracnose_2021,anthracnose,anthracnose_severity_median,pennsylvania_field_2016_local_isolate_mix_inoculated_45_dpi,modified_visual_anthracnose_severity_1_9,Lower values indicate a more favorable response,Resistant control,Publicly available study source,1,1,0,1,1,0
ref_gaffoor_pennsylvania_anthracnose_2021,ref_gaffoor_pennsylvania_anthracnose_2021,anthracnose,anthracnose_severity_median,pennsylvania_field_2016_local_isolate_mix_inoculated_45_dpi,modified_visual_anthracnose_severity_1_9,Lower values indicate a more favorable response,Susceptible control,Publicly available study source,1,1,0,1,1,0
ref_gaffoor_pennsylvania_anthracnose_2021,ref_gaffoor_pennsylvania_anthracnose_2021,anthracnose,anthracnose_severity_minimum,penn_state_greenhouse_2016_cgsl1_inoculated_12_dpi,modified_visual_anthracnose_severity_1_9,Lower values indicate a more favorable response,Line selected for favorable disease response,Publicly available study source,33,33,0,33,33,33
ref_gaffoor_pennsylvania_anthracnose_2021,ref_gaffoor_pennsylvania_anthracnose_2021,anthracnose,anthracnose_severity_minimum,penn_state_greenhouse_2016_cgsl1_inoculated_12_dpi,modified_visual_anthracnose_severity_1_9,Lower values indicate a more favorable response,Resistant control,Publicly available study source,1,1,0,1,1,0
ref_gaffoor_pennsylvania_anthracnose_2021,ref_gaffoor_pennsylvania_anthracnose_2021,anthracnose,anthracnose_severity_minimum,penn_state_greenhouse_2016_cgsl1_inoculated_12_dpi,modified_visual_anthracnose_severity_1_9,Lower values indicate a more favorable response,Susceptible control,Publicly available study source,1,1,0,1,1,0
ref_gaffoor_pennsylvania_anthracnose_2021,ref_gaffoor_pennsylvania_anthracnose_2021,anthracnose,anthracnose_severity_minimum,pennsylvania_field_2016_local_isolate_mix_inoculated_45_dpi,modified_visual_anthracnose_severity_1_9,Lower values indicate a more favorable response,Line selected for favorable disease response,Publicly available study source,33,33,0,33,33,33
ref_gaffoor_pennsylvania_anthracnose_2021,ref_gaffoor_pennsylvania_anthracnose_2021,anthracnose,anthracnose_severity_minimum,pennsylvania_field_2016_local_isolate_mix_inoculated_45_dpi,modified_visual_anthracnose_severity_1_9,Lower values indicate a more favorable response,Resistant control,Publicly available study source,1,1,0,1,1,0
ref_gaffoor_pennsylvania_anthracnose_2021,ref_gaffoor_pennsylvania_anthracnose_2021,anthracnose,anthracnose_severity_minimum,pennsylvania_field_2016_local_isolate_mix_inoculated_45_dpi,modified_visual_anthracnose_severity_1_9,Lower values indicate a more favorable response,Susceptible control,Publicly available study source,1,1,0,1,1,0
ref_gaffoor_pennsylvania_anthracnose_2021,ref_gaffoor_pennsylvania_anthracnose_2021,anthracnose,anthracnose_severity_range,penn_state_greenhouse_2016_cgsl1_inoculated_12_dpi,range_on_modified_visual_anthracnose_severity_1_9,Descriptive endpoint,Line selected for favorable disease response,Publicly available study source,33,0,33,0,0,0
ref_gaffoor_pennsylvania_anthracnose_2021,ref_gaffoor_pennsylvania_anthracnose_2021,anthracnose,anthracnose_severity_range,penn_state_greenhouse_2016_cgsl1_inoculated_12_dpi,range_on_modified_visual_anthracnose_severity_1_9,Descriptive endpoint,Resistant control,Publicly available study source,1,0,1,0,0,0
ref_gaffoor_pennsylvania_anthracnose_2021,ref_gaffoor_pennsylvania_anthracnose_2021,anthracnose,anthracnose_severity_range,penn_state_greenhouse_2016_cgsl1_inoculated_12_dpi,range_on_modified_visual_anthracnose_severity_1_9,Descriptive endpoint,Susceptible control,Publicly available study source,1,0,1,0,0,0
ref_gaffoor_pennsylvania_anthracnose_2021,ref_gaffoor_pennsylvania_anthracnose_2021,anthracnose,anthracnose_severity_range,pennsylvania_field_2016_local_isolate_mix_inoculated_45_dpi,range_on_modified_visual_anthracnose_severity_1_9,Descriptive endpoint,Line selected for favorable disease response,Publicly available study source,33,0,33,0,0,0
ref_gaffoor_pennsylvania_anthracnose_2021,ref_gaffoor_pennsylvania_anthracnose_2021,anthracnose,anthracnose_severity_range,pennsylvania_field_2016_local_isolate_mix_inoculated_45_dpi,range_on_modified_visual_anthracnose_severity_1_9,Descriptive endpoint,Resistant control,Publicly available study source,1,0,1,0,0,0
ref_gaffoor_pennsylvania_anthracnose_2021,ref_gaffoor_pennsylvania_anthracnose_2021,anthracnose,anthracnose_severity_range,pennsylvania_field_2016_local_isolate_mix_inoculated_45_dpi,range_on_modified_visual_anthracnose_severity_1_9,Descriptive endpoint,Susceptible control,Publicly available study source,1,0,1,0,0,0
ref_gaffoor_pennsylvania_anthracnose_2021,ref_gaffoor_pennsylvania_anthracnose_2021,anthracnose,reported_linear_contrast_p_value_vs_H112,penn_state_greenhouse_2016_cgsl1_inoculated_12_dpi,reported_linear_contrast_p_value_exact_token,Descriptive endpoint,Line selected for favorable disease response,Publicly available study source,33,0,33,0,0,0
ref_gaffoor_pennsylvania_anthracnose_2021,ref_gaffoor_pennsylvania_anthracnose_2021,anthracnose,reported_linear_contrast_p_value_vs_H112,penn_state_greenhouse_2016_cgsl1_inoculated_12_dpi,reported_linear_contrast_p_value_exact_token,Descriptive endpoint,Resistant control,Publicly available study source,1,0,1,0,0,0
ref_gaffoor_pennsylvania_anthracnose_2021,ref_gaffoor_pennsylvania_anthracnose_2021,anthracnose,reported_linear_contrast_p_value_vs_H112,penn_state_greenhouse_2016_cgsl1_inoculated_12_dpi,reported_linear_contrast_p_value_exact_token,Descriptive endpoint,Susceptible control,Publicly available study source,1,0,1,0,0,0
ref_gaffoor_pennsylvania_anthracnose_2021,ref_gaffoor_pennsylvania_anthracnose_2021,anthracnose,reported_linear_contrast_p_value_vs_H112,pennsylvania_field_2016_local_isolate_mix_inoculated_45_dpi,reported_linear_contrast_p_value_exact_token,Descriptive endpoint,Line selected for favorable disease response,Publicly available study source,33,0,33,0,0,0
ref_gaffoor_pennsylvania_anthracnose_2021,ref_gaffoor_pennsylvania_anthracnose_2021,anthracnose,reported_linear_contrast_p_value_vs_H112,pennsylvania_field_2016_local_isolate_mix_inoculated_45_dpi,reported_linear_contrast_p_value_exact_token,Descriptive endpoint,Resistant control,Publicly available study source,1,0,1,0,0,0
ref_gaffoor_pennsylvania_anthracnose_2021,ref_gaffoor_pennsylvania_anthracnose_2021,anthracnose,reported_linear_contrast_p_value_vs_H112,pennsylvania_field_2016_local_isolate_mix_inoculated_45_dpi,reported_linear_contrast_p_value_exact_token,Descriptive endpoint,Susceptible control,Publicly available study source,1,0,1,0,0,0
ref_gaffoor_pennsylvania_anthracnose_2021,ref_gaffoor_pennsylvania_anthracnose_2021,anthracnose,reported_linear_contrast_p_value_vs_reported_resistant_control,penn_state_greenhouse_2016_cgsl1_inoculated_12_dpi,reported_linear_contrast_p_value_exact_token,Descriptive endpoint,Line selected for favorable disease response,Publicly available study source,33,0,33,0,0,0
ref_gaffoor_pennsylvania_anthracnose_2021,ref_gaffoor_pennsylvania_anthracnose_2021,anthracnose,reported_linear_contrast_p_value_vs_reported_resistant_control,penn_state_greenhouse_2016_cgsl1_inoculated_12_dpi,reported_linear_contrast_p_value_exact_token,Descriptive endpoint,Resistant control,Publicly available study source,1,0,1,0,0,0
ref_gaffoor_pennsylvania_anthracnose_2021,ref_gaffoor_pennsylvania_anthracnose_2021,anthracnose,reported_linear_contrast_p_value_vs_reported_resistant_control,penn_state_greenhouse_2016_cgsl1_inoculated_12_dpi,reported_linear_contrast_p_value_exact_token,Descriptive endpoint,Susceptible control,Publicly available study source,1,0,1,0,0,0
ref_gaffoor_pennsylvania_anthracnose_2021,ref_gaffoor_pennsylvania_anthracnose_2021,anthracnose,reported_linear_contrast_p_value_vs_reported_resistant_control,pennsylvania_field_2016_local_isolate_mix_inoculated_45_dpi,reported_linear_contrast_p_value_exact_token,Descriptive endpoint,Line selected for favorable disease response,Publicly available study source,33,0,33,0,0,0
ref_gaffoor_pennsylvania_anthracnose_2021,ref_gaffoor_pennsylvania_anthracnose_2021,anthracnose,reported_linear_contrast_p_value_vs_reported_resistant_control,pennsylvania_field_2016_local_isolate_mix_inoculated_45_dpi,reported_linear_contrast_p_value_exact_token,Descriptive endpoint,Resistant control,Publicly available study source,1,0,1,0,0,0
ref_gaffoor_pennsylvania_anthracnose_2021,ref_gaffoor_pennsylvania_anthracnose_2021,anthracnose,reported_linear_contrast_p_value_vs_reported_resistant_control,pennsylvania_field_2016_local_isolate_mix_inoculated_45_dpi,reported_linear_contrast_p_value_exact_token,Descriptive endpoint,Susceptible control,Publicly available study source,1,0,1,0,0,0
ref_girma_ethiopian_head_smut_2019,ref_girma_ethiopian_head_smut_2019,head_smut,reported_head_smut_score,arsi_negelle_ethiopia_2015,head_smut_score_1_5,Lower values indicate a more favorable response,Genotype,Publicly available study source,1425,1425,0,1417,1417,0
ref_girma_ethiopian_head_smut_2019,ref_girma_ethiopian_head_smut_2019,head_smut,reported_head_smut_score,arsi_negelle_ethiopia_2016,head_smut_score_1_5,Lower values indicate a more favorable response,Genotype,Publicly available study source,1425,1425,0,1259,1259,0
ref_hess_mali_anthracnose_2002,ref_hess_mali_anthracnose_2002,anthracnose,audpc_back_transformed_mean,longorola_and_samanko_mali_1996_1998_pooled,audpc_back_transformed_treatment_mean,Lower values indicate a more favorable response,Line,Publicly available study source,19,19,0,19,19,19
ref_hess_mali_anthracnose_2002,ref_hess_mali_anthracnose_2002,anthracnose,audpc_back_transformed_mean,longorola_and_samanko_mali_1996_1998_pooled,audpc_back_transformed_treatment_mean,Lower values indicate a more favorable response,Resistant check,Publicly available study source,1,1,0,1,1,0
ref_hess_mali_anthracnose_2002,ref_hess_mali_anthracnose_2002,anthracnose,audpc_back_transformed_mean,longorola_and_samanko_mali_1996_1998_pooled,audpc_back_transformed_treatment_mean,Lower values indicate a more favorable response,Susceptible check,Publicly available study source,1,1,0,1,1,0
ref_hess_mali_anthracnose_2002,ref_hess_mali_anthracnose_2002,anthracnose,audpc_sqrt_transformed_mean,longorola_and_samanko_mali_1996_1998_pooled,audpc_square_root_transformed_treatment_mean,Lower values indicate a more favorable response,Line,Publicly available study source,19,19,0,19,19,19
ref_hess_mali_anthracnose_2002,ref_hess_mali_anthracnose_2002,anthracnose,audpc_sqrt_transformed_mean,longorola_and_samanko_mali_1996_1998_pooled,audpc_square_root_transformed_treatment_mean,Lower values indicate a more favorable response,Resistant check,Publicly available study source,1,1,0,1,1,0
ref_hess_mali_anthracnose_2002,ref_hess_mali_anthracnose_2002,anthracnose,audpc_sqrt_transformed_mean,longorola_and_samanko_mali_1996_1998_pooled,audpc_square_root_transformed_treatment_mean,Lower values indicate a more favorable response,Susceptible check,Publicly available study source,1,1,0,1,1,0
ref_hess_mali_anthracnose_2002,ref_hess_mali_anthracnose_2002,anthracnose,foliar_anthracnose_back_transformed_percent_mean,longorola_and_samanko_mali_1996_1998_pooled,foliar_percent_severity_back_transformed_treatment_mean_100_DAS,Lower values indicate a more favorable response,Line,Publicly available study source,19,19,0,19,19,19
ref_hess_mali_anthracnose_2002,ref_hess_mali_anthracnose_2002,anthracnose,foliar_anthracnose_back_transformed_percent_mean,longorola_and_samanko_mali_1996_1998_pooled,foliar_percent_severity_back_transformed_treatment_mean_100_DAS,Lower values indicate a more favorable response,Resistant check,Publicly available study source,1,1,0,1,1,0
ref_hess_mali_anthracnose_2002,ref_hess_mali_anthracnose_2002,anthracnose,foliar_anthracnose_back_transformed_percent_mean,longorola_and_samanko_mali_1996_1998_pooled,foliar_percent_severity_back_transformed_treatment_mean_100_DAS,Lower values indicate a more favorable response,Susceptible check,Publicly available study source,1,1,0,1,1,0
ref_hess_mali_anthracnose_2002,ref_hess_mali_anthracnose_2002,anthracnose,foliar_anthracnose_sqrt_transformed_mean,longorola_and_samanko_mali_1996_1998_pooled,foliar_percent_severity_square_root_transformed_treatment_mean_100_DAS,Lower values indicate a more favorable response,Line,Publicly available study source,19,19,0,19,19,19
ref_hess_mali_anthracnose_2002,ref_hess_mali_anthracnose_2002,anthracnose,foliar_anthracnose_sqrt_transformed_mean,longorola_and_samanko_mali_1996_1998_pooled,foliar_percent_severity_square_root_transformed_treatment_mean_100_DAS,Lower values indicate a more favorable response,Resistant check,Publicly available study source,1,1,0,1,1,0
ref_hess_mali_anthracnose_2002,ref_hess_mali_anthracnose_2002,anthracnose,foliar_anthracnose_sqrt_transformed_mean,longorola_and_samanko_mali_1996_1998_pooled,foliar_percent_severity_square_root_transformed_treatment_mean_100_DAS,Lower values indicate a more favorable response,Susceptible check,Publicly available study source,1,1,0,1,1,0
ref_hess_mali_anthracnose_2002,ref_hess_mali_anthracnose_2002,anthracnose,grain_anthracnose_back_transformed_percent_mean,longorola_and_samanko_mali_1996_1998_pooled,grain_percent_severity_back_transformed_treatment_mean_120_DAS,Lower values indicate a more favorable response,Line,Publicly available study source,19,19,0,19,19,19
ref_hess_mali_anthracnose_2002,ref_hess_mali_anthracnose_2002,anthracnose,grain_anthracnose_back_transformed_percent_mean,longorola_and_samanko_mali_1996_1998_pooled,grain_percent_severity_back_transformed_treatment_mean_120_DAS,Lower values indicate a more favorable response,Resistant check,Publicly available study source,1,1,0,1,1,0
ref_hess_mali_anthracnose_2002,ref_hess_mali_anthracnose_2002,anthracnose,grain_anthracnose_back_transformed_percent_mean,longorola_and_samanko_mali_1996_1998_pooled,grain_percent_severity_back_transformed_treatment_mean_120_DAS,Lower values indicate a more favorable response,Susceptible check,Publicly available study source,1,1,0,1,1,0
ref_hess_mali_anthracnose_2002,ref_hess_mali_anthracnose_2002,anthracnose,grain_anthracnose_log10_transformed_mean,longorola_and_samanko_mali_1996_1998_pooled,grain_percent_severity_log10_transformed_treatment_mean_120_DAS,Lower values indicate a more favorable response,Line,Publicly available study source,19,19,0,19,19,19
ref_hess_mali_anthracnose_2002,ref_hess_mali_anthracnose_2002,anthracnose,grain_anthracnose_log10_transformed_mean,longorola_and_samanko_mali_1996_1998_pooled,grain_percent_severity_log10_transformed_treatment_mean_120_DAS,Lower values indicate a more favorable response,Resistant check,Publicly available study source,1,1,0,1,1,0
ref_hess_mali_anthracnose_2002,ref_hess_mali_anthracnose_2002,anthracnose,grain_anthracnose_log10_transformed_mean,longorola_and_samanko_mali_1996_1998_pooled,grain_percent_severity_log10_transformed_treatment_mean_120_DAS,Lower values indicate a more favorable response,Susceptible check,Publicly available study source,1,1,0,1,1,0
ref_hess_mali_anthracnose_2002,ref_hess_mali_anthracnose_2002,anthracnose,panicle_anthracnose_back_transformed_percent_mean,longorola_and_samanko_mali_1996_1998_pooled,panicle_percent_severity_back_transformed_treatment_mean_120_DAS,Lower values indicate a more favorable response,Line,Publicly available study source,19,19,0,19,19,19
ref_hess_mali_anthracnose_2002,ref_hess_mali_anthracnose_2002,anthracnose,panicle_anthracnose_back_transformed_percent_mean,longorola_and_samanko_mali_1996_1998_pooled,panicle_percent_severity_back_transformed_treatment_mean_120_DAS,Lower values indicate a more favorable response,Resistant check,Publicly available study source,1,1,0,1,1,0
ref_hess_mali_anthracnose_2002,ref_hess_mali_anthracnose_2002,anthracnose,panicle_anthracnose_back_transformed_percent_mean,longorola_and_samanko_mali_1996_1998_pooled,panicle_percent_severity_back_transformed_treatment_mean_120_DAS,Lower values indicate a more favorable response,Susceptible check,Publicly available study source,1,1,0,1,1,0
ref_hess_mali_anthracnose_2002,ref_hess_mali_anthracnose_2002,anthracnose,panicle_anthracnose_log10_transformed_mean,longorola_and_samanko_mali_1996_1998_pooled,panicle_percent_severity_log10_transformed_treatment_mean_120_DAS,Lower values indicate a more favorable response,Line,Publicly available study source,19,19,0,19,19,19
ref_hess_mali_anthracnose_2002,ref_hess_mali_anthracnose_2002,anthracnose,panicle_anthracnose_log10_transformed_mean,longorola_and_samanko_mali_1996_1998_pooled,panicle_percent_severity_log10_transformed_treatment_mean_120_DAS,Lower values indicate a more favorable response,Resistant check,Publicly available study source,1,1,0,1,1,0
ref_hess_mali_anthracnose_2002,ref_hess_mali_anthracnose_2002,anthracnose,panicle_anthracnose_log10_transformed_mean,longorola_and_samanko_mali_1996_1998_pooled,panicle_percent_severity_log10_transformed_treatment_mean_120_DAS,Lower values indicate a more favorable response,Susceptible check,Publicly available study source,1,1,0,1,1,0
ref_koima_kenya_anthracnose_2023,ref_koima_kenya_anthracnose_2023_field,anthracnose,audpc,ithookwe_long_season_2021,field_audpc_source_units,Lower values indicate a more favorable response,Genotype,Publicly available study source,12,12,0,12,12,0
ref_koima_kenya_anthracnose_2023,ref_koima_kenya_anthracnose_2023_field,anthracnose,audpc,ithookwe_long_season_2021,field_audpc_source_units,Lower values indicate a more favorable response,Susceptible control,Publicly available study source,2,2,0,2,2,0
ref_koima_kenya_anthracnose_2023,ref_koima_kenya_anthracnose_2023_field,anthracnose,audpc,ithookwe_short_season_2020,field_audpc_source_units,Lower values indicate a more favorable response,Genotype,Publicly available study source,12,12,0,12,12,0
ref_koima_kenya_anthracnose_2023,ref_koima_kenya_anthracnose_2023_field,anthracnose,audpc,ithookwe_short_season_2020,field_audpc_source_units,Lower values indicate a more favorable response,Susceptible control,Publicly available study source,2,2,0,2,2,0
ref_koima_kenya_anthracnose_2023,ref_koima_kenya_anthracnose_2023_field,anthracnose,audpc,kiboko_long_season_2021,field_audpc_source_units,Lower values indicate a more favorable response,Genotype,Publicly available study source,12,12,0,12,12,0
ref_koima_kenya_anthracnose_2023,ref_koima_kenya_anthracnose_2023_field,anthracnose,audpc,kiboko_long_season_2021,field_audpc_source_units,Lower values indicate a more favorable response,Susceptible control,Publicly available study source,2,2,0,2,2,0
ref_koima_kenya_anthracnose_2023,ref_koima_kenya_anthracnose_2023_field,anthracnose,audpc,kiboko_short_season_2020,field_audpc_source_units,Lower values indicate a more favorable response,Genotype,Publicly available study source,12,12,0,12,12,0
ref_koima_kenya_anthracnose_2023,ref_koima_kenya_anthracnose_2023_field,anthracnose,audpc,kiboko_short_season_2020,field_audpc_source_units,Lower values indicate a more favorable response,Susceptible control,Publicly available study source,2,2,0,2,2,0
ref_koima_kenya_anthracnose_2023,ref_koima_kenya_anthracnose_2023_field,anthracnose,disease_severity_score,ithookwe_long_season_2021,field_severity_score_1_5,Lower values indicate a more favorable response,Genotype,Publicly available study source,12,12,0,12,12,0
ref_koima_kenya_anthracnose_2023,ref_koima_kenya_anthracnose_2023_field,anthracnose,disease_severity_score,ithookwe_long_season_2021,field_severity_score_1_5,Lower values indicate a more favorable response,Susceptible control,Publicly available study source,2,2,0,2,2,0
ref_koima_kenya_anthracnose_2023,ref_koima_kenya_anthracnose_2023_field,anthracnose,disease_severity_score,ithookwe_short_season_2020,field_severity_score_1_5,Lower values indicate a more favorable response,Genotype,Publicly available study source,12,12,0,12,12,0
ref_koima_kenya_anthracnose_2023,ref_koima_kenya_anthracnose_2023_field,anthracnose,disease_severity_score,ithookwe_short_season_2020,field_severity_score_1_5,Lower values indicate a more favorable response,Susceptible control,Publicly available study source,2,2,0,2,2,0
ref_koima_kenya_anthracnose_2023,ref_koima_kenya_anthracnose_2023_field,anthracnose,disease_severity_score,kiboko_long_season_2021,field_severity_score_1_5,Lower values indicate a more favorable response,Genotype,Publicly available study source,12,12,0,12,12,0
ref_koima_kenya_anthracnose_2023,ref_koima_kenya_anthracnose_2023_field,anthracnose,disease_severity_score,kiboko_long_season_2021,field_severity_score_1_5,Lower values indicate a more favorable response,Susceptible control,Publicly available study source,2,2,0,2,2,0
ref_koima_kenya_anthracnose_2023,ref_koima_kenya_anthracnose_2023_field,anthracnose,disease_severity_score,kiboko_short_season_2020,field_severity_score_1_5,Lower values indicate a more favorable response,Genotype,Publicly available study source,12,12,0,12,12,0
ref_koima_kenya_anthracnose_2023,ref_koima_kenya_anthracnose_2023_field,anthracnose,disease_severity_score,kiboko_short_season_2020,field_severity_score_1_5,Lower values indicate a more favorable response,Susceptible control,Publicly available study source,2,2,0,2,2,0
ref_koima_kenya_anthracnose_2023,ref_koima_kenya_anthracnose_2023_field,anthracnose,reported_reaction_class,ithookwe_long_season_2021,field_reported_DRC,Resistant classification is favorable,Genotype,Publicly available study source,12,12,0,12,0,0
ref_koima_kenya_anthracnose_2023,ref_koima_kenya_anthracnose_2023_field,anthracnose,reported_reaction_class,ithookwe_long_season_2021,field_reported_DRC,Resistant classification is favorable,Susceptible control,Publicly available study source,2,2,0,2,0,0
ref_koima_kenya_anthracnose_2023,ref_koima_kenya_anthracnose_2023_field,anthracnose,reported_reaction_class,ithookwe_short_season_2020,field_reported_DRC,Resistant classification is favorable,Genotype,Publicly available study source,12,12,0,12,0,0
ref_koima_kenya_anthracnose_2023,ref_koima_kenya_anthracnose_2023_field,anthracnose,reported_reaction_class,ithookwe_short_season_2020,field_reported_DRC,Resistant classification is favorable,Susceptible control,Publicly available study source,2,2,0,2,0,0
ref_koima_kenya_anthracnose_2023,ref_koima_kenya_anthracnose_2023_field,anthracnose,reported_reaction_class,kiboko_long_season_2021,field_reported_DRC,Resistant classification is favorable,Genotype,Publicly available study source,12,12,0,12,0,0
ref_koima_kenya_anthracnose_2023,ref_koima_kenya_anthracnose_2023_field,anthracnose,reported_reaction_class,kiboko_long_season_2021,field_reported_DRC,Resistant classification is favorable,Susceptible control,Publicly available study source,2,2,0,2,0,0
ref_koima_kenya_anthracnose_2023,ref_koima_kenya_anthracnose_2023_field,anthracnose,reported_reaction_class,kiboko_short_season_2020,field_reported_DRC,Resistant classification is favorable,Genotype,Publicly available study source,12,12,0,12,0,0
ref_koima_kenya_anthracnose_2023,ref_koima_kenya_anthracnose_2023_field,anthracnose,reported_reaction_class,kiboko_short_season_2020,field_reported_DRC,Resistant classification is favorable,Susceptible control,Publicly available study source,2,2,0,2,0,0
ref_koima_kenya_anthracnose_2023,ref_koima_kenya_anthracnose_2023_greenhouse,anthracnose,audpc,greenhouse_isolate_KT001_A,greenhouse_audpc_source_units,Lower values indicate a more favorable response,Genotype,Publicly available study source,12,12,0,12,12,0
ref_koima_kenya_anthracnose_2023,ref_koima_kenya_anthracnose_2023_greenhouse,anthracnose,audpc,greenhouse_isolate_KT001_A,greenhouse_audpc_source_units,Lower values indicate a more favorable response,Susceptible control,Publicly available study source,2,2,0,2,2,0
ref_koima_kenya_anthracnose_2023,ref_koima_kenya_anthracnose_2023_greenhouse,anthracnose,disease_severity_score,greenhouse_isolate_KT001_A,greenhouse_severity_score_1_9,Lower values indicate a more favorable response,Genotype,Publicly available study source,12,12,0,12,12,0
ref_koima_kenya_anthracnose_2023,ref_koima_kenya_anthracnose_2023_greenhouse,anthracnose,disease_severity_score,greenhouse_isolate_KT001_A,greenhouse_severity_score_1_9,Lower values indicate a more favorable response,Susceptible control,Publicly available study source,2,2,0,2,2,0
ref_koima_kenya_anthracnose_2023,ref_koima_kenya_anthracnose_2023_greenhouse,anthracnose,reported_reaction_class,greenhouse_isolate_KT001_A,greenhouse_reported_DRC,Resistant classification is favorable,Genotype,Publicly available study source,12,12,0,12,0,0
ref_koima_kenya_anthracnose_2023,ref_koima_kenya_anthracnose_2023_greenhouse,anthracnose,reported_reaction_class,greenhouse_isolate_KT001_A,greenhouse_reported_DRC,Resistant classification is favorable,Susceptible control,Publicly available study source,2,2,0,2,0,0
ref_komolong_ergot_ovary_2003,ref_komolong_ergot_ovary_2003,ergot,ovary_colonization_rate_percent_per_hour_line_mean_across_five_isolates,brisbane_controlled_environment_1e5_conidia_ml_pooled_across_five_isolates,mean_percent_ovary_area_colonized_per_hour_with_tukey_group,Lower values indicate a more favorable response,Male sterile line previously ergot resistant,Publicly available study source,2,2,0,2,2,0
ref_komolong_ergot_ovary_2003,ref_komolong_ergot_ovary_2003,ergot,ovary_colonization_rate_percent_per_hour_line_mean_across_five_isolates,brisbane_controlled_environment_1e5_conidia_ml_pooled_across_five_isolates,mean_percent_ovary_area_colonized_per_hour_with_tukey_group,Lower values indicate a more favorable response,Male sterile line previously most susceptible,Publicly available study source,1,1,0,1,1,0
ref_komolong_ergot_ovary_2003,ref_komolong_ergot_ovary_2003,ergot,ovary_colonization_rate_percent_per_hour_line_mean_across_five_isolates,brisbane_controlled_environment_1e6_conidia_ml_pooled_across_five_isolates,mean_percent_ovary_area_colonized_per_hour_with_tukey_group,Lower values indicate a more favorable response,Male sterile line previously ergot resistant,Publicly available study source,2,2,0,2,2,0
ref_komolong_ergot_ovary_2003,ref_komolong_ergot_ovary_2003,ergot,ovary_colonization_rate_percent_per_hour_line_mean_across_five_isolates,brisbane_controlled_environment_1e6_conidia_ml_pooled_across_five_isolates,mean_percent_ovary_area_colonized_per_hour_with_tukey_group,Lower values indicate a more favorable response,Male sterile line previously most susceptible,Publicly available study source,1,1,0,1,1,0
ref_komolong_ergot_ovary_2003,ref_komolong_ergot_ovary_2003,ergot,ovary_colonization_rate_percent_per_hour_mean_103_to_120_h,brisbane_controlled_environment_1e5_conidia_ml_isolate_CQ15,mean_percent_ovary_area_colonized_per_hour,Lower values indicate a more favorable response,Male sterile line previously ergot resistant,Publicly available study source,2,2,0,2,2,0
ref_komolong_ergot_ovary_2003,ref_komolong_ergot_ovary_2003,ergot,ovary_colonization_rate_percent_per_hour_mean_103_to_120_h,brisbane_controlled_environment_1e5_conidia_ml_isolate_CQ15,mean_percent_ovary_area_colonized_per_hour,Lower values indicate a more favorable response,Male sterile line previously most susceptible,Publicly available study source,1,1,0,1,1,0
ref_komolong_ergot_ovary_2003,ref_komolong_ergot_ovary_2003,ergot,ovary_colonization_rate_percent_per_hour_mean_103_to_120_h,brisbane_controlled_environment_1e5_conidia_ml_isolate_NQ71,mean_percent_ovary_area_colonized_per_hour,Lower values indicate a more favorable response,Male sterile line previously ergot resistant,Publicly available study source,2,2,0,2,2,0
ref_komolong_ergot_ovary_2003,ref_komolong_ergot_ovary_2003,ergot,ovary_colonization_rate_percent_per_hour_mean_103_to_120_h,brisbane_controlled_environment_1e5_conidia_ml_isolate_NQ71,mean_percent_ovary_area_colonized_per_hour,Lower values indicate a more favorable response,Male sterile line previously most susceptible,Publicly available study source,1,1,0,1,1,0
ref_komolong_ergot_ovary_2003,ref_komolong_ergot_ovary_2003,ergot,ovary_colonization_rate_percent_per_hour_mean_103_to_120_h,brisbane_controlled_environment_1e5_conidia_ml_isolate_NSW33A,mean_percent_ovary_area_colonized_per_hour,Lower values indicate a more favorable response,Male sterile line previously ergot resistant,Publicly available study source,2,2,0,2,2,0
ref_komolong_ergot_ovary_2003,ref_komolong_ergot_ovary_2003,ergot,ovary_colonization_rate_percent_per_hour_mean_103_to_120_h,brisbane_controlled_environment_1e5_conidia_ml_isolate_NSW33A,mean_percent_ovary_area_colonized_per_hour,Lower values indicate a more favorable response,Male sterile line previously most susceptible,Publicly available study source,1,1,0,1,1,0
ref_komolong_ergot_ovary_2003,ref_komolong_ergot_ovary_2003,ergot,ovary_colonization_rate_percent_per_hour_mean_103_to_120_h,brisbane_controlled_environment_1e5_conidia_ml_isolate_NT32,mean_percent_ovary_area_colonized_per_hour,Lower values indicate a more favorable response,Male sterile line previously ergot resistant,Publicly available study source,2,2,0,2,2,0
ref_komolong_ergot_ovary_2003,ref_komolong_ergot_ovary_2003,ergot,ovary_colonization_rate_percent_per_hour_mean_103_to_120_h,brisbane_controlled_environment_1e5_conidia_ml_isolate_NT32,mean_percent_ovary_area_colonized_per_hour,Lower values indicate a more favorable response,Male sterile line previously most susceptible,Publicly available study source,1,1,0,1,1,0
ref_komolong_ergot_ovary_2003,ref_komolong_ergot_ovary_2003,ergot,ovary_colonization_rate_percent_per_hour_mean_103_to_120_h,brisbane_controlled_environment_1e5_conidia_ml_isolate_SE43,mean_percent_ovary_area_colonized_per_hour,Lower values indicate a more favorable response,Male sterile line previously ergot resistant,Publicly available study source,2,2,0,2,2,0
ref_komolong_ergot_ovary_2003,ref_komolong_ergot_ovary_2003,ergot,ovary_colonization_rate_percent_per_hour_mean_103_to_120_h,brisbane_controlled_environment_1e5_conidia_ml_isolate_SE43,mean_percent_ovary_area_colonized_per_hour,Lower values indicate a more favorable response,Male sterile line previously most susceptible,Publicly available study source,1,1,0,1,1,0
ref_komolong_ergot_ovary_2003,ref_komolong_ergot_ovary_2003,ergot,ovary_colonization_rate_percent_per_hour_mean_103_to_120_h,brisbane_controlled_environment_1e6_conidia_ml_isolate_CQ15,mean_percent_ovary_area_colonized_per_hour,Lower values indicate a more favorable response,Male sterile line previously ergot resistant,Publicly available study source,2,2,0,2,2,0
ref_komolong_ergot_ovary_2003,ref_komolong_ergot_ovary_2003,ergot,ovary_colonization_rate_percent_per_hour_mean_103_to_120_h,brisbane_controlled_environment_1e6_conidia_ml_isolate_CQ15,mean_percent_ovary_area_colonized_per_hour,Lower values indicate a more favorable response,Male sterile line previously most susceptible,Publicly available study source,1,1,0,1,1,0
ref_komolong_ergot_ovary_2003,ref_komolong_ergot_ovary_2003,ergot,ovary_colonization_rate_percent_per_hour_mean_103_to_120_h,brisbane_controlled_environment_1e6_conidia_ml_isolate_NQ71,mean_percent_ovary_area_colonized_per_hour,Lower values indicate a more favorable response,Male sterile line previously ergot resistant,Publicly available study source,2,2,0,2,2,0
ref_komolong_ergot_ovary_2003,ref_komolong_ergot_ovary_2003,ergot,ovary_colonization_rate_percent_per_hour_mean_103_to_120_h,brisbane_controlled_environment_1e6_conidia_ml_isolate_NQ71,mean_percent_ovary_area_colonized_per_hour,Lower values indicate a more favorable response,Male sterile line previously most susceptible,Publicly available study source,1,1,0,1,1,0
ref_komolong_ergot_ovary_2003,ref_komolong_ergot_ovary_2003,ergot,ovary_colonization_rate_percent_per_hour_mean_103_to_120_h,brisbane_controlled_environment_1e6_conidia_ml_isolate_NSW33A,mean_percent_ovary_area_colonized_per_hour,Lower values indicate a more favorable response,Male sterile line previously ergot resistant,Publicly available study source,2,2,0,2,2,0
ref_komolong_ergot_ovary_2003,ref_komolong_ergot_ovary_2003,ergot,ovary_colonization_rate_percent_per_hour_mean_103_to_120_h,brisbane_controlled_environment_1e6_conidia_ml_isolate_NSW33A,mean_percent_ovary_area_colonized_per_hour,Lower values indicate a more favorable response,Male sterile line previously most susceptible,Publicly available study source,1,1,0,1,1,0
ref_komolong_ergot_ovary_2003,ref_komolong_ergot_ovary_2003,ergot,ovary_colonization_rate_percent_per_hour_mean_103_to_120_h,brisbane_controlled_environment_1e6_conidia_ml_isolate_NT32,mean_percent_ovary_area_colonized_per_hour,Lower values indicate a more favorable response,Male sterile line previously ergot resistant,Publicly available study source,2,2,0,2,2,0
ref_komolong_ergot_ovary_2003,ref_komolong_ergot_ovary_2003,ergot,ovary_colonization_rate_percent_per_hour_mean_103_to_120_h,brisbane_controlled_environment_1e6_conidia_ml_isolate_NT32,mean_percent_ovary_area_colonized_per_hour,Lower values indicate a more favorable response,Male sterile line previously most susceptible,Publicly available study source,1,1,0,1,1,0
ref_komolong_ergot_ovary_2003,ref_komolong_ergot_ovary_2003,ergot,ovary_colonization_rate_percent_per_hour_mean_103_to_120_h,brisbane_controlled_environment_1e6_conidia_ml_isolate_SE43,mean_percent_ovary_area_colonized_per_hour,Lower values indicate a more favorable response,Male sterile line previously ergot resistant,Publicly available study source,2,2,0,2,2,0
ref_komolong_ergot_ovary_2003,ref_komolong_ergot_ovary_2003,ergot,ovary_colonization_rate_percent_per_hour_mean_103_to_120_h,brisbane_controlled_environment_1e6_conidia_ml_isolate_SE43,mean_percent_ovary_area_colonized_per_hour,Lower values indicate a more favorable response,Male sterile line previously most susceptible,Publicly available study source,1,1,0,1,1,0
ref_kumar_icrisat_grain_mold_hybrids_2008,ref_kumar_icrisat_grain_mold_hybrids_2008,grain_mold,field_panicle_grain_mold_rating_two_year_mean,icrisat_patancheru_india_2006_2007_rainy_seasons_sprinkler_screening_nursery_pooled,panicle_grain_mold_rating_1_9_1_less_than_10_percent_9_more_than_90_percent_mold_infected_grain,Lower values indicate a more favorable response,B line parent,Publicly available study source,5,5,0,5,5,5
ref_kumar_icrisat_grain_mold_hybrids_2008,ref_kumar_icrisat_grain_mold_hybrids_2008,grain_mold,field_panicle_grain_mold_rating_two_year_mean,icrisat_patancheru_india_2006_2007_rainy_seasons_sprinkler_screening_nursery_pooled,panicle_grain_mold_rating_1_9_1_less_than_10_percent_9_more_than_90_percent_mold_infected_grain,Lower values indicate a more favorable response,Grain mold resistant landrace control,Publicly available study source,1,1,0,1,1,0
ref_kumar_icrisat_grain_mold_hybrids_2008,ref_kumar_icrisat_grain_mold_hybrids_2008,grain_mold,field_panicle_grain_mold_rating_two_year_mean,icrisat_patancheru_india_2006_2007_rainy_seasons_sprinkler_screening_nursery_pooled,panicle_grain_mold_rating_1_9_1_less_than_10_percent_9_more_than_90_percent_mold_infected_grain,Lower values indicate a more favorable response,Grain mold susceptible cultivar control,Publicly available study source,1,1,0,1,1,0
ref_kumar_icrisat_grain_mold_hybrids_2008,ref_kumar_icrisat_grain_mold_hybrids_2008,grain_mold,field_panicle_grain_mold_rating_two_year_mean,icrisat_patancheru_india_2006_2007_rainy_seasons_sprinkler_screening_nursery_pooled,panicle_grain_mold_rating_1_9_1_less_than_10_percent_9_more_than_90_percent_mold_infected_grain,Lower values indicate a more favorable response,High yielding b line control,Publicly available study source,1,1,0,1,1,0
ref_kumar_icrisat_grain_mold_hybrids_2008,ref_kumar_icrisat_grain_mold_hybrids_2008,grain_mold,field_panicle_grain_mold_rating_two_year_mean,icrisat_patancheru_india_2006_2007_rainy_seasons_sprinkler_screening_nursery_pooled,panicle_grain_mold_rating_1_9_1_less_than_10_percent_9_more_than_90_percent_mold_infected_grain,Lower values indicate a more favorable response,Popular hybrid control,Publicly available study source,1,1,0,1,1,0
ref_kumar_icrisat_grain_mold_hybrids_2008,ref_kumar_icrisat_grain_mold_hybrids_2008,grain_mold,field_panicle_grain_mold_rating_two_year_mean,icrisat_patancheru_india_2006_2007_rainy_seasons_sprinkler_screening_nursery_pooled,panicle_grain_mold_rating_1_9_1_less_than_10_percent_9_more_than_90_percent_mold_infected_grain,Lower values indicate a more favorable response,R line parent,Publicly available study source,7,7,0,7,7,7
ref_kumar_icrisat_grain_mold_hybrids_2008,ref_kumar_icrisat_grain_mold_hybrids_2008,grain_mold,field_panicle_grain_mold_rating_two_year_mean,icrisat_patancheru_india_2006_2007_rainy_seasons_sprinkler_screening_nursery_pooled,panicle_grain_mold_rating_1_9_1_less_than_10_percent_9_more_than_90_percent_mold_infected_grain,Lower values indicate a more favorable response,Test hybrid,Publicly available study source,9,9,0,9,9,9
ref_mcmahan_conversion_panel_leaf_blight_2020,ref_mcmahan_conversion_panel_leaf_blight_2020,leaf_blight,leaf_blight_audpc_blup,urbana_illinois_field_2016,audpc_line_effect_blup_from_percent_diseased_leaf_area,Lower values indicate less disease,Resistant check,Publicly available study source,1,1,0,1,1,0
ref_mcmahan_conversion_panel_leaf_blight_2020,ref_mcmahan_conversion_panel_leaf_blight_2020,leaf_blight,leaf_blight_audpc_blup,urbana_illinois_field_2016,audpc_line_effect_blup_from_percent_diseased_leaf_area,Lower values indicate less disease,Susceptible check with conflicting source identifiers,Publicly available study source,1,1,0,1,1,0
ref_mcmahan_conversion_panel_leaf_blight_2020,ref_mcmahan_conversion_panel_leaf_blight_2020,leaf_blight,leaf_blight_audpc_blup,urbana_illinois_field_2016,audpc_line_effect_blup_from_percent_diseased_leaf_area,Lower values indicate less disease,Sorghum conversion panel line,Publicly available study source,694,694,0,675,675,694
ref_mcmahan_conversion_panel_leaf_blight_2020,ref_mcmahan_conversion_panel_leaf_blight_2020,leaf_blight,leaf_blight_audpc_blup,urbana_illinois_field_2016_2017_combined,combined_year_audpc_line_effect_blup_from_percent_diseased_leaf_area,Lower values indicate less disease,Resistant check,Publicly available study source,1,1,0,1,1,0
ref_mcmahan_conversion_panel_leaf_blight_2020,ref_mcmahan_conversion_panel_leaf_blight_2020,leaf_blight,leaf_blight_audpc_blup,urbana_illinois_field_2016_2017_combined,combined_year_audpc_line_effect_blup_from_percent_diseased_leaf_area,Lower values indicate less disease,Susceptible check with conflicting source identifiers,Publicly available study source,1,1,0,1,1,0
ref_mcmahan_conversion_panel_leaf_blight_2020,ref_mcmahan_conversion_panel_leaf_blight_2020,leaf_blight,leaf_blight_audpc_blup,urbana_illinois_field_2016_2017_combined,combined_year_audpc_line_effect_blup_from_percent_diseased_leaf_area,Lower values indicate less disease,Sorghum conversion panel line,Publicly available study source,694,694,0,693,693,694
ref_mcmahan_conversion_panel_leaf_blight_2020,ref_mcmahan_conversion_panel_leaf_blight_2020,leaf_blight,leaf_blight_audpc_blup,urbana_illinois_field_2017,audpc_line_effect_blup_from_percent_diseased_leaf_area,Lower values indicate less disease,Resistant check,Publicly available study source,1,1,0,1,1,0
ref_mcmahan_conversion_panel_leaf_blight_2020,ref_mcmahan_conversion_panel_leaf_blight_2020,leaf_blight,leaf_blight_audpc_blup,urbana_illinois_field_2017,audpc_line_effect_blup_from_percent_diseased_leaf_area,Lower values indicate less disease,Susceptible check with conflicting source identifiers,Publicly available study source,1,1,0,1,1,0
ref_mcmahan_conversion_panel_leaf_blight_2020,ref_mcmahan_conversion_panel_leaf_blight_2020,leaf_blight,leaf_blight_audpc_blup,urbana_illinois_field_2017,audpc_line_effect_blup_from_percent_diseased_leaf_area,Lower values indicate less disease,Sorghum conversion panel line,Publicly available study source,694,694,0,642,642,694
ref_mcmahan_conversion_panel_leaf_blight_2020,ref_mcmahan_conversion_panel_leaf_blight_2020,leaf_blight,leaf_blight_incubation_period_blup,urbana_illinois_greenhouse_2018,incubation_period_days_to_first_lesion_line_effect_blup,The source gives conflicting interpretations of response direction,Resistant check,Publicly available study source,1,1,0,1,1,0
ref_mcmahan_conversion_panel_leaf_blight_2020,ref_mcmahan_conversion_panel_leaf_blight_2020,leaf_blight,leaf_blight_incubation_period_blup,urbana_illinois_greenhouse_2018,incubation_period_days_to_first_lesion_line_effect_blup,The source gives conflicting interpretations of response direction,Susceptible check with conflicting source identifiers,Publicly available study source,1,1,0,1,1,0
ref_mcmahan_conversion_panel_leaf_blight_2020,ref_mcmahan_conversion_panel_leaf_blight_2020,leaf_blight,leaf_blight_incubation_period_blup,urbana_illinois_greenhouse_2018,incubation_period_days_to_first_lesion_line_effect_blup,The source gives conflicting interpretations of response direction,Sorghum conversion panel line,Publicly available study source,694,694,0,596,596,694
ref_mekonen_ethiopia_anthracnose_pathotypes_2024,ref_mekonen_ethiopia_anthracnose_pathotypes_2024,anthracnose,isolate_reaction,isolate_AS100_F43,binary_reaction_R_S,Resistant classification is favorable,Differential line,Publicly available study source,25,25,0,25,0,0
ref_mekonen_ethiopia_anthracnose_pathotypes_2024,ref_mekonen_ethiopia_anthracnose_pathotypes_2024,anthracnose,isolate_reaction,isolate_AS104_F43,binary_reaction_R_S,Resistant classification is favorable,Differential line,Publicly available study source,25,25,0,25,0,0
ref_mekonen_ethiopia_anthracnose_pathotypes_2024,ref_mekonen_ethiopia_anthracnose_pathotypes_2024,anthracnose,isolate_reaction,isolate_AS105_F43,binary_reaction_R_S,Resistant classification is favorable,Differential line,Publicly available study source,25,25,0,25,0,0
ref_mekonen_ethiopia_anthracnose_pathotypes_2024,ref_mekonen_ethiopia_anthracnose_pathotypes_2024,anthracnose,isolate_reaction,isolate_AS106_F43a,binary_reaction_R_S,Resistant classification is favorable,Differential line,Publicly available study source,25,25,0,25,0,0
ref_mekonen_ethiopia_anthracnose_pathotypes_2024,ref_mekonen_ethiopia_anthracnose_pathotypes_2024,anthracnose,isolate_reaction,isolate_AS106_F43b,binary_reaction_R_S,Resistant classification is favorable,Differential line,Publicly available study source,25,25,0,25,0,0
ref_mekonen_ethiopia_anthracnose_pathotypes_2024,ref_mekonen_ethiopia_anthracnose_pathotypes_2024,anthracnose,isolate_reaction,isolate_AS108_F43,binary_reaction_R_S,Resistant classification is favorable,Differential line,Publicly available study source,25,25,0,25,0,0
ref_mekonen_ethiopia_anthracnose_pathotypes_2024,ref_mekonen_ethiopia_anthracnose_pathotypes_2024,anthracnose,isolate_reaction,isolate_AS110_F43,binary_reaction_R_S,Resistant classification is favorable,Differential line,Publicly available study source,25,25,0,25,0,0
ref_mekonen_ethiopia_anthracnose_pathotypes_2024,ref_mekonen_ethiopia_anthracnose_pathotypes_2024,anthracnose,isolate_reaction,isolate_AS111_F43,binary_reaction_R_S,Resistant classification is favorable,Differential line,Publicly available study source,25,25,0,25,0,0
ref_mekonen_ethiopia_anthracnose_pathotypes_2024,ref_mekonen_ethiopia_anthracnose_pathotypes_2024,anthracnose,isolate_reaction,isolate_AS74_F33,binary_reaction_R_S,Resistant classification is favorable,Differential line,Publicly available study source,25,25,0,25,0,0
ref_mekonen_ethiopia_anthracnose_pathotypes_2024,ref_mekonen_ethiopia_anthracnose_pathotypes_2024,anthracnose,isolate_reaction,isolate_AS89_f40,binary_reaction_R_S,Resistant classification is favorable,Differential line,Publicly available study source,25,25,0,25,0,0
ref_mekonen_ethiopia_anthracnose_pathotypes_2024,ref_mekonen_ethiopia_anthracnose_pathotypes_2024,anthracnose,isolate_reaction,isolate_AS90_F40,binary_reaction_R_S,Resistant classification is favorable,Differential line,Publicly available study source,25,25,0,25,0,0
ref_mekonen_ethiopia_anthracnose_pathotypes_2024,ref_mekonen_ethiopia_anthracnose_pathotypes_2024,anthracnose,isolate_reaction,isolate_HU14_F02,binary_reaction_R_S,Resistant classification is favorable,Differential line,Publicly available study source,25,25,0,25,0,0
ref_mekonen_ethiopia_anthracnose_pathotypes_2024,ref_mekonen_ethiopia_anthracnose_pathotypes_2024,anthracnose,isolate_reaction,isolate_HU22_F04,binary_reaction_R_S,Resistant classification is favorable,Differential line,Publicly available study source,25,25,0,25,0,0
ref_mekonen_ethiopia_anthracnose_pathotypes_2024,ref_mekonen_ethiopia_anthracnose_pathotypes_2024,anthracnose,isolate_reaction,isolate_HU28_F06,binary_reaction_R_S,Resistant classification is favorable,Differential line,Publicly available study source,25,25,0,25,0,0
ref_mekonen_ethiopia_anthracnose_pathotypes_2024,ref_mekonen_ethiopia_anthracnose_pathotypes_2024,anthracnose,isolate_reaction,isolate_HU34_F06,binary_reaction_R_S,Resistant classification is favorable,Differential line,Publicly available study source,25,25,0,25,0,0
ref_mekonen_ethiopia_anthracnose_pathotypes_2024,ref_mekonen_ethiopia_anthracnose_pathotypes_2024,anthracnose,isolate_reaction,isolate_NK73_F37,binary_reaction_R_S,Resistant classification is favorable,Differential line,Publicly available study source,25,25,0,25,0,0
ref_mekonen_ethiopia_anthracnose_pathotypes_2024,ref_mekonen_ethiopia_anthracnose_pathotypes_2024,anthracnose,isolate_reaction,isolate_PW117_F46,binary_reaction_R_S,Resistant classification is favorable,Differential line,Publicly available study source,25,25,0,25,0,0
ref_mekonen_ethiopia_anthracnose_pathotypes_2024,ref_mekonen_ethiopia_anthracnose_pathotypes_2024,anthracnose,isolate_reaction,isolate_PW122_F47,binary_reaction_R_S,Resistant classification is favorable,Differential line,Publicly available study source,25,25,0,25,0,0
ref_mekonen_ethiopia_anthracnose_pathotypes_2024,ref_mekonen_ethiopia_anthracnose_pathotypes_2024,anthracnose,isolate_reaction,isolate_PW123_F47,binary_reaction_R_S,Resistant classification is favorable,Differential line,Publicly available study source,25,25,0,25,0,0
ref_mekonen_ethiopia_anthracnose_pathotypes_2024,ref_mekonen_ethiopia_anthracnose_pathotypes_2024,anthracnose,isolate_reaction,isolate_PW125_F47,binary_reaction_R_S,Resistant classification is favorable,Differential line,Publicly available study source,25,25,0,25,0,0
ref_mekonen_ethiopia_anthracnose_pathotypes_2024,ref_mekonen_ethiopia_anthracnose_pathotypes_2024,anthracnose,isolate_reaction,isolate_PW74_F34,binary_reaction_R_S,Resistant classification is favorable,Differential line,Publicly available study source,25,25,0,25,0,0
ref_mekonen_ethiopia_anthracnose_pathotypes_2024,ref_mekonen_ethiopia_anthracnose_pathotypes_2024,anthracnose,isolate_reaction,isolate_PW83_F37,binary_reaction_R_S,Resistant classification is favorable,Differential line,Publicly available study source,25,25,0,25,0,0
ref_mekonen_ethiopia_anthracnose_pathotypes_2024,ref_mekonen_ethiopia_anthracnose_pathotypes_2024,anthracnose,isolate_reaction,isolate_PW84_F37,binary_reaction_R_S,Resistant classification is favorable,Differential line,Publicly available study source,25,25,0,25,0,0
ref_mekonen_ethiopia_anthracnose_pathotypes_2024,ref_mekonen_ethiopia_anthracnose_pathotypes_2024,anthracnose,isolate_reaction,isolate_PW85_F37,binary_reaction_R_S,Resistant classification is favorable,Differential line,Publicly available study source,25,25,0,25,0,0
ref_mekonen_ethiopia_anthracnose_pathotypes_2024,ref_mekonen_ethiopia_anthracnose_pathotypes_2024,anthracnose,isolate_reaction,isolate_PW90_F40,binary_reaction_R_S,Resistant classification is favorable,Differential line,Publicly available study source,25,25,0,25,0,0
ref_mekonen_ethiopia_anthracnose_pathotypes_2024,ref_mekonen_ethiopia_anthracnose_pathotypes_2024,anthracnose,mean_genotype_severity_percent,across_25_isolates,severity_percent_0_100,Lower values indicate a more favorable response,Differential line,Publicly available study source,25,25,0,25,25,0
ref_mekonen_ethiopia_anthracnose_pathotypes_2024,ref_mekonen_ethiopia_anthracnose_pathotypes_2024,anthracnose,mean_isolate_severity_percent,across_25_sorghum_genotypes,severity_percent_0_100,Descriptive endpoint,Pathogen isolate,Publicly available study source,25,25,0,25,25,0
ref_mekonen_ethiopia_anthracnose_pathotypes_2024,ref_mekonen_ethiopia_anthracnose_pathotypes_2024,anthracnose,number_susceptible_reactions,across_25_isolates,count_0_25,Lower values indicate a more favorable response,Differential line,Publicly available study source,25,25,0,25,25,0
ref_mengistu_ethiopia_anthracnose_2021,ref_mengistu_ethiopia_anthracnose_2021,anthracnose,final_anthracnose_severity,bako_ethiopia_2016_2018_combined,anthracnose_severity_percent_0_100,Lower values indicate a more favorable response,Genotype,Publicly available study source,365,365,0,365,365,0
ref_mengistu_ethiopia_anthracnose_2021,ref_mengistu_ethiopia_anthracnose_2021,anthracnose,final_anthracnose_severity,bako_ethiopia_2016_2018_combined,anthracnose_severity_percent_0_100,Lower values indicate a more favorable response,Susceptible check,Publicly available study source,1,1,0,1,1,0
ref_mengistu_ethiopia_anthracnose_2021,ref_mengistu_ethiopia_anthracnose_2021,anthracnose,relative_audpc,bako_ethiopia_2016_2018_combined,relative_audpc_percent_of_susceptible_check,Lower values indicate a more favorable response,Genotype,Publicly available study source,365,365,0,365,365,0
ref_mengistu_ethiopia_anthracnose_2021,ref_mengistu_ethiopia_anthracnose_2021,anthracnose,relative_audpc,bako_ethiopia_2016_2018_combined,relative_audpc_percent_of_susceptible_check,Lower values indicate a more favorable response,Susceptible check,Publicly available study source,1,1,0,1,1,0
ref_mpofu_grain_mold_fgs_2014,ref_mpofu_grain_mold_fgs_2014,grain_mold,historical_field_grain_mold_grade_score,prior_field_evaluations_years_sites_and_replication_unreported,field_grain_mold_grade_1_5_1_no_visible_mold_2_1_to_10_percent_3_11_to_25_percent_4_26_to_50_percent_5_more_than_50_percent,Lower values indicate a more favorable response,Selected genotype for 2006 greenhouse experiment,Publicly available study source,11,11,0,11,11,0
ref_mpofu_grain_mold_fgs_2014,ref_mpofu_grain_mold_fgs_2014,grain_mold,historical_reported_grain_mold_resistance_class,prior_field_evaluations_years_sites_and_replication_unreported,reported_R_I_S_from_field_grade_R_at_most_2_I_more_than_2_at_most_3_S_more_than_3_at_most_5,Lower values indicate a more favorable response,Selected genotype for 2006 greenhouse experiment,Publicly available study source,11,11,0,11,0,0
ref_nageshkumar_india_genetic_gain_grain_mold_2022,ref_nageshkumar_india_genetic_gain_grain_mold_2022,grain_mold,reported_grain_mold_score_performance_value,all_three_regions_six_locations_three_rainy_seasons_2018_2020_overall,visual_panicle_grain_mold_rating_1_9_1_no_mold_2_1_to_5_percent_3_6_to_10_percent_4_11_to_20_percent_5_21_to_30_percent_6_31_to_40_percent_7_41_to_50_percent_8_51_to_75_percent_9_76_to_100_percent,Lower values indicate a more favorable response,Aet i entry,Publicly available study source,10,10,0,10,10,10
ref_nageshkumar_india_genetic_gain_grain_mold_2022,ref_nageshkumar_india_genetic_gain_grain_mold_2022,grain_mold,reported_grain_mold_score_performance_value,all_three_regions_six_locations_three_rainy_seasons_2018_2020_overall,visual_panicle_grain_mold_rating_1_9_1_no_mold_2_1_to_5_percent_3_6_to_10_percent_4_11_to_20_percent_5_21_to_30_percent_6_31_to_40_percent_7_41_to_50_percent_8_51_to_75_percent_9_76_to_100_percent,Lower values indicate a more favorable response,Aet ii entry,Publicly available study source,6,6,0,6,6,6
ref_nageshkumar_india_genetic_gain_grain_mold_2022,ref_nageshkumar_india_genetic_gain_grain_mold_2022,grain_mold,reported_grain_mold_score_performance_value,all_three_regions_six_locations_three_rainy_seasons_2018_2020_overall,visual_panicle_grain_mold_rating_1_9_1_no_mold_2_1_to_5_percent_3_6_to_10_percent_4_11_to_20_percent_5_21_to_30_percent_6_31_to_40_percent_7_41_to_50_percent_8_51_to_75_percent_9_76_to_100_percent,Lower values indicate a more favorable response,Released national variety,Publicly available study source,3,3,0,3,3,3
ref_nageshkumar_india_genetic_gain_grain_mold_2022,ref_nageshkumar_india_genetic_gain_grain_mold_2022,grain_mold,reported_grain_mold_score_performance_value,all_three_regions_six_locations_three_rainy_seasons_2018_2020_overall,visual_panicle_grain_mold_rating_1_9_1_no_mold_2_1_to_5_percent_3_6_to_10_percent_4_11_to_20_percent_5_21_to_30_percent_6_31_to_40_percent_7_41_to_50_percent_8_51_to_75_percent_9_76_to_100_percent,Lower values indicate a more favorable response,Released state level variety,Publicly available study source,1,1,0,1,1,1
ref_nageshkumar_india_genetic_gain_grain_mold_2022,ref_nageshkumar_india_genetic_gain_grain_mold_2022,grain_mold,reported_grain_mold_score_performance_value,all_three_regions_six_locations_three_rainy_seasons_2018_2020_overall,visual_panicle_grain_mold_rating_1_9_1_no_mold_2_1_to_5_percent_3_6_to_10_percent_4_11_to_20_percent_5_21_to_30_percent_6_31_to_40_percent_7_41_to_50_percent_8_51_to_75_percent_9_76_to_100_percent,Lower values indicate a more favorable response,Released state variety,Publicly available study source,4,4,0,4,4,4
ref_nageshkumar_india_genetic_gain_grain_mold_2022,ref_nageshkumar_india_genetic_gain_grain_mold_2022,grain_mold,reported_grain_mold_score_performance_value,at_adilabad_tandur_three_rainy_seasons_2018_2020_joint,visual_panicle_grain_mold_rating_1_9_1_no_mold_2_1_to_5_percent_3_6_to_10_percent_4_11_to_20_percent_5_21_to_30_percent_6_31_to_40_percent_7_41_to_50_percent_8_51_to_75_percent_9_76_to_100_percent,Lower values indicate a more favorable response,Aet i entry,Publicly available study source,10,10,0,10,10,10
ref_nageshkumar_india_genetic_gain_grain_mold_2022,ref_nageshkumar_india_genetic_gain_grain_mold_2022,grain_mold,reported_grain_mold_score_performance_value,at_adilabad_tandur_three_rainy_seasons_2018_2020_joint,visual_panicle_grain_mold_rating_1_9_1_no_mold_2_1_to_5_percent_3_6_to_10_percent_4_11_to_20_percent_5_21_to_30_percent_6_31_to_40_percent_7_41_to_50_percent_8_51_to_75_percent_9_76_to_100_percent,Lower values indicate a more favorable response,Aet ii entry,Publicly available study source,6,6,0,6,6,6
ref_nageshkumar_india_genetic_gain_grain_mold_2022,ref_nageshkumar_india_genetic_gain_grain_mold_2022,grain_mold,reported_grain_mold_score_performance_value,at_adilabad_tandur_three_rainy_seasons_2018_2020_joint,visual_panicle_grain_mold_rating_1_9_1_no_mold_2_1_to_5_percent_3_6_to_10_percent_4_11_to_20_percent_5_21_to_30_percent_6_31_to_40_percent_7_41_to_50_percent_8_51_to_75_percent_9_76_to_100_percent,Lower values indicate a more favorable response,Released national variety,Publicly available study source,3,3,0,3,3,3
ref_nageshkumar_india_genetic_gain_grain_mold_2022,ref_nageshkumar_india_genetic_gain_grain_mold_2022,grain_mold,reported_grain_mold_score_performance_value,at_adilabad_tandur_three_rainy_seasons_2018_2020_joint,visual_panicle_grain_mold_rating_1_9_1_no_mold_2_1_to_5_percent_3_6_to_10_percent_4_11_to_20_percent_5_21_to_30_percent_6_31_to_40_percent_7_41_to_50_percent_8_51_to_75_percent_9_76_to_100_percent,Lower values indicate a more favorable response,Released state level variety,Publicly available study source,1,1,0,1,1,1
ref_nageshkumar_india_genetic_gain_grain_mold_2022,ref_nageshkumar_india_genetic_gain_grain_mold_2022,grain_mold,reported_grain_mold_score_performance_value,at_adilabad_tandur_three_rainy_seasons_2018_2020_joint,visual_panicle_grain_mold_rating_1_9_1_no_mold_2_1_to_5_percent_3_6_to_10_percent_4_11_to_20_percent_5_21_to_30_percent_6_31_to_40_percent_7_41_to_50_percent_8_51_to_75_percent_9_76_to_100_percent,Lower values indicate a more favorable response,Released state variety,Publicly available study source,4,4,0,4,4,4
ref_nageshkumar_india_genetic_gain_grain_mold_2022,ref_nageshkumar_india_genetic_gain_grain_mold_2022,grain_mold,reported_grain_mold_score_performance_value,mh_madhira_hyderabad_three_rainy_seasons_2018_2020_joint,visual_panicle_grain_mold_rating_1_9_1_no_mold_2_1_to_5_percent_3_6_to_10_percent_4_11_to_20_percent_5_21_to_30_percent_6_31_to_40_percent_7_41_to_50_percent_8_51_to_75_percent_9_76_to_100_percent,Lower values indicate a more favorable response,Aet i entry,Publicly available study source,10,10,0,10,10,10
ref_nageshkumar_india_genetic_gain_grain_mold_2022,ref_nageshkumar_india_genetic_gain_grain_mold_2022,grain_mold,reported_grain_mold_score_performance_value,mh_madhira_hyderabad_three_rainy_seasons_2018_2020_joint,visual_panicle_grain_mold_rating_1_9_1_no_mold_2_1_to_5_percent_3_6_to_10_percent_4_11_to_20_percent_5_21_to_30_percent_6_31_to_40_percent_7_41_to_50_percent_8_51_to_75_percent_9_76_to_100_percent,Lower values indicate a more favorable response,Aet ii entry,Publicly available study source,6,6,0,6,6,6
ref_nageshkumar_india_genetic_gain_grain_mold_2022,ref_nageshkumar_india_genetic_gain_grain_mold_2022,grain_mold,reported_grain_mold_score_performance_value,mh_madhira_hyderabad_three_rainy_seasons_2018_2020_joint,visual_panicle_grain_mold_rating_1_9_1_no_mold_2_1_to_5_percent_3_6_to_10_percent_4_11_to_20_percent_5_21_to_30_percent_6_31_to_40_percent_7_41_to_50_percent_8_51_to_75_percent_9_76_to_100_percent,Lower values indicate a more favorable response,Released national variety,Publicly available study source,3,3,0,3,3,3
ref_nageshkumar_india_genetic_gain_grain_mold_2022,ref_nageshkumar_india_genetic_gain_grain_mold_2022,grain_mold,reported_grain_mold_score_performance_value,mh_madhira_hyderabad_three_rainy_seasons_2018_2020_joint,visual_panicle_grain_mold_rating_1_9_1_no_mold_2_1_to_5_percent_3_6_to_10_percent_4_11_to_20_percent_5_21_to_30_percent_6_31_to_40_percent_7_41_to_50_percent_8_51_to_75_percent_9_76_to_100_percent,Lower values indicate a more favorable response,Released state level variety,Publicly available study source,1,1,0,1,1,1
ref_nageshkumar_india_genetic_gain_grain_mold_2022,ref_nageshkumar_india_genetic_gain_grain_mold_2022,grain_mold,reported_grain_mold_score_performance_value,mh_madhira_hyderabad_three_rainy_seasons_2018_2020_joint,visual_panicle_grain_mold_rating_1_9_1_no_mold_2_1_to_5_percent_3_6_to_10_percent_4_11_to_20_percent_5_21_to_30_percent_6_31_to_40_percent_7_41_to_50_percent_8_51_to_75_percent_9_76_to_100_percent,Lower values indicate a more favorable response,Released state variety,Publicly available study source,4,4,0,4,4,4
ref_nageshkumar_india_genetic_gain_grain_mold_2022,ref_nageshkumar_india_genetic_gain_grain_mold_2022,grain_mold,reported_grain_mold_score_performance_value,pn_palem_nizamabad_three_rainy_seasons_2018_2020_joint,visual_panicle_grain_mold_rating_1_9_1_no_mold_2_1_to_5_percent_3_6_to_10_percent_4_11_to_20_percent_5_21_to_30_percent_6_31_to_40_percent_7_41_to_50_percent_8_51_to_75_percent_9_76_to_100_percent,Lower values indicate a more favorable response,Aet i entry,Publicly available study source,10,10,0,10,10,10
ref_nageshkumar_india_genetic_gain_grain_mold_2022,ref_nageshkumar_india_genetic_gain_grain_mold_2022,grain_mold,reported_grain_mold_score_performance_value,pn_palem_nizamabad_three_rainy_seasons_2018_2020_joint,visual_panicle_grain_mold_rating_1_9_1_no_mold_2_1_to_5_percent_3_6_to_10_percent_4_11_to_20_percent_5_21_to_30_percent_6_31_to_40_percent_7_41_to_50_percent_8_51_to_75_percent_9_76_to_100_percent,Lower values indicate a more favorable response,Aet ii entry,Publicly available study source,6,6,0,6,6,6
ref_nageshkumar_india_genetic_gain_grain_mold_2022,ref_nageshkumar_india_genetic_gain_grain_mold_2022,grain_mold,reported_grain_mold_score_performance_value,pn_palem_nizamabad_three_rainy_seasons_2018_2020_joint,visual_panicle_grain_mold_rating_1_9_1_no_mold_2_1_to_5_percent_3_6_to_10_percent_4_11_to_20_percent_5_21_to_30_percent_6_31_to_40_percent_7_41_to_50_percent_8_51_to_75_percent_9_76_to_100_percent,Lower values indicate a more favorable response,Released national variety,Publicly available study source,3,3,0,3,3,3
ref_nageshkumar_india_genetic_gain_grain_mold_2022,ref_nageshkumar_india_genetic_gain_grain_mold_2022,grain_mold,reported_grain_mold_score_performance_value,pn_palem_nizamabad_three_rainy_seasons_2018_2020_joint,visual_panicle_grain_mold_rating_1_9_1_no_mold_2_1_to_5_percent_3_6_to_10_percent_4_11_to_20_percent_5_21_to_30_percent_6_31_to_40_percent_7_41_to_50_percent_8_51_to_75_percent_9_76_to_100_percent,Lower values indicate a more favorable response,Released state level variety,Publicly available study source,1,1,0,1,1,1
ref_nageshkumar_india_genetic_gain_grain_mold_2022,ref_nageshkumar_india_genetic_gain_grain_mold_2022,grain_mold,reported_grain_mold_score_performance_value,pn_palem_nizamabad_three_rainy_seasons_2018_2020_joint,visual_panicle_grain_mold_rating_1_9_1_no_mold_2_1_to_5_percent_3_6_to_10_percent_4_11_to_20_percent_5_21_to_30_percent_6_31_to_40_percent_7_41_to_50_percent_8_51_to_75_percent_9_76_to_100_percent,Lower values indicate a more favorable response,Released state variety,Publicly available study source,4,4,0,4,4,4
ref_navi_elite_multiple_disease_2003,ref_navi_elite_multiple_disease_2003,multiple_sorghum_diseases,reported_free_from_all_observed_diseases,icrisat_patancheru_india_rainy_season_2001_natural_disease_pressure,categorical_selected_accession_list_no_disease_specific_scores,Disease-free classification is favorable,Elite landrace selected as disease free,Publicly available study source,82,82,0,82,0,82
ref_sharma_minicore_foliar_diseases_2012,ref_sharma_minicore_foliar_diseases_2012,anthracnose,reported_anthracnose_score,icrisat_patancheru_rainy_2009,foliar_disease_severity_score_1_9,Lower values indicate a more favorable response,Accession,Publicly available study source,243,243,0,243,243,243
ref_sharma_minicore_foliar_diseases_2012,ref_sharma_minicore_foliar_diseases_2012,anthracnose,reported_anthracnose_score,icrisat_patancheru_rainy_2010,foliar_disease_severity_score_1_9,Lower values indicate a more favorable response,Accession,Publicly available study source,243,243,0,243,243,243
ref_sharma_minicore_foliar_diseases_2012,ref_sharma_minicore_foliar_diseases_2012,anthracnose,reported_table2_anthracnose_mean,icrisat_patancheru_rainy_2009,foliar_disease_severity_score_1_9,Lower values indicate a more favorable response,Accession,Publicly available study source,38,38,0,38,38,38
ref_sharma_minicore_foliar_diseases_2012,ref_sharma_minicore_foliar_diseases_2012,anthracnose,reported_table2_anthracnose_mean,icrisat_patancheru_rainy_2010,foliar_disease_severity_score_1_9,Lower values indicate a more favorable response,Accession,Publicly available study source,38,38,0,38,38,38
ref_sharma_minicore_foliar_diseases_2012,ref_sharma_minicore_foliar_diseases_2012,leaf_blight,reported_leaf_blight_score,icrisat_patancheru_late_rainy_2009,foliar_disease_severity_score_1_9,Lower values indicate a more favorable response,Accession,Publicly available study source,38,38,0,38,38,38
ref_sharma_minicore_foliar_diseases_2012,ref_sharma_minicore_foliar_diseases_2012,leaf_blight,reported_leaf_blight_score,icrisat_patancheru_late_rainy_2010,foliar_disease_severity_score_1_9,Lower values indicate a more favorable response,Accession,Publicly available study source,38,38,0,38,38,38
ref_sharma_minicore_foliar_diseases_2012,ref_sharma_minicore_foliar_diseases_2012,rust,reported_greenhouse_rust_severity_percent,icrisat_patancheru_greenhouse,rust_severity_percent_0_100_modified_cobb,Lower values indicate a more favorable response,Accession,Publicly available study source,38,38,0,38,38,38
ref_tesema_ethiopia_leaf_blight_2022,ref_tesema_ethiopia_leaf_blight_2022,leaf_blight,tlb_audpc_percent_days,arba_minch_ethiopia_2018_belg_field,percent_days_with_fisher_group_suffix,Lower values indicate a more favorable response,Screened genotype,Publicly available study source,13,13,0,13,13,13
ref_tesema_ethiopia_leaf_blight_2022,ref_tesema_ethiopia_leaf_blight_2022,leaf_blight,tlb_audpc_percent_days,arba_minch_ethiopia_2018_belg_field,percent_days_with_fisher_group_suffix,Lower values indicate a more favorable response,Susceptible check,Publicly available study source,1,1,0,1,1,0
ref_tesema_ethiopia_leaf_blight_2022,ref_tesema_ethiopia_leaf_blight_2022,leaf_blight,tlb_audpc_percent_days,derashe_ethiopia_2018_belg_field,percent_days_with_fisher_group_suffix,Lower values indicate a more favorable response,Screened genotype,Publicly available study source,13,13,0,13,13,13
ref_tesema_ethiopia_leaf_blight_2022,ref_tesema_ethiopia_leaf_blight_2022,leaf_blight,tlb_audpc_percent_days,derashe_ethiopia_2018_belg_field,percent_days_with_fisher_group_suffix,Lower values indicate a more favorable response,Susceptible check,Publicly available study source,1,1,0,1,1,0
ref_tesema_ethiopia_leaf_blight_2022,ref_tesema_ethiopia_leaf_blight_2022,leaf_blight,tlb_final_disease_incidence_percent,arba_minch_ethiopia_2018_belg_field,percent_0_100_with_fisher_group_suffix,Lower values indicate a more favorable response,Screened genotype,Publicly available study source,13,13,0,13,13,13
ref_tesema_ethiopia_leaf_blight_2022,ref_tesema_ethiopia_leaf_blight_2022,leaf_blight,tlb_final_disease_incidence_percent,arba_minch_ethiopia_2018_belg_field,percent_0_100_with_fisher_group_suffix,Lower values indicate a more favorable response,Susceptible check,Publicly available study source,1,1,0,1,1,0
ref_tesema_ethiopia_leaf_blight_2022,ref_tesema_ethiopia_leaf_blight_2022,leaf_blight,tlb_final_disease_incidence_percent,derashe_ethiopia_2018_belg_field,percent_0_100_with_fisher_group_suffix,Lower values indicate a more favorable response,Screened genotype,Publicly available study source,13,13,0,13,13,13
ref_tesema_ethiopia_leaf_blight_2022,ref_tesema_ethiopia_leaf_blight_2022,leaf_blight,tlb_final_disease_incidence_percent,derashe_ethiopia_2018_belg_field,percent_0_100_with_fisher_group_suffix,Lower values indicate a more favorable response,Susceptible check,Publicly available study source,1,1,0,1,1,0
ref_tesema_ethiopia_leaf_blight_2022,ref_tesema_ethiopia_leaf_blight_2022,leaf_blight,tlb_final_disease_severity_percent,arba_minch_ethiopia_2018_belg_field,percent_0_100_with_fisher_group_suffix,Lower values indicate a more favorable response,Screened genotype,Publicly available study source,13,13,0,13,13,13
ref_tesema_ethiopia_leaf_blight_2022,ref_tesema_ethiopia_leaf_blight_2022,leaf_blight,tlb_final_disease_severity_percent,arba_minch_ethiopia_2018_belg_field,percent_0_100_with_fisher_group_suffix,Lower values indicate a more favorable response,Susceptible check,Publicly available study source,1,1,0,1,1,0
ref_tesema_ethiopia_leaf_blight_2022,ref_tesema_ethiopia_leaf_blight_2022,leaf_blight,tlb_final_disease_severity_percent,derashe_ethiopia_2018_belg_field,percent_0_100_with_fisher_group_suffix,Lower values indicate a more favorable response,Screened genotype,Publicly available study source,13,13,0,13,13,13
ref_tesema_ethiopia_leaf_blight_2022,ref_tesema_ethiopia_leaf_blight_2022,leaf_blight,tlb_final_disease_severity_percent,derashe_ethiopia_2018_belg_field,percent_0_100_with_fisher_group_suffix,Lower values indicate a more favorable response,Susceptible check,Publicly available study source,1,1,0,1,1,0
ref_tesema_ethiopia_leaf_blight_2022,ref_tesema_ethiopia_leaf_blight_2022,leaf_blight,tlb_logistic_disease_progress_rate_per_day,arba_minch_ethiopia_2018_belg_field,logistic_model_rate_units_per_day,Lower values indicate a more favorable response,Screened genotype,Publicly available study source,13,13,0,13,13,13
ref_tesema_ethiopia_leaf_blight_2022,ref_tesema_ethiopia_leaf_blight_2022,leaf_blight,tlb_logistic_disease_progress_rate_per_day,arba_minch_ethiopia_2018_belg_field,logistic_model_rate_units_per_day,Lower values indicate a more favorable response,Susceptible check,Publicly available study source,1,1,0,1,1,0
ref_tesema_ethiopia_leaf_blight_2022,ref_tesema_ethiopia_leaf_blight_2022,leaf_blight,tlb_logistic_disease_progress_rate_per_day,derashe_ethiopia_2018_belg_field,logistic_model_rate_units_per_day,Lower values indicate a more favorable response,Screened genotype,Publicly available study source,13,13,0,13,13,13
ref_tesema_ethiopia_leaf_blight_2022,ref_tesema_ethiopia_leaf_blight_2022,leaf_blight,tlb_logistic_disease_progress_rate_per_day,derashe_ethiopia_2018_belg_field,logistic_model_rate_units_per_day,Lower values indicate a more favorable response,Susceptible check,Publicly available study source,1,1,0,1,1,0
ref_tesema_ethiopia_leaf_blight_2022,ref_tesema_ethiopia_leaf_blight_2022,leaf_blight,tlb_logistic_disease_progress_rate_standard_error,arba_minch_ethiopia_2018_belg_field,reported_logistic_model_parameter,Descriptive endpoint,Screened genotype,Publicly available study source,13,0,13,0,0,0
ref_tesema_ethiopia_leaf_blight_2022,ref_tesema_ethiopia_leaf_blight_2022,leaf_blight,tlb_logistic_disease_progress_rate_standard_error,arba_minch_ethiopia_2018_belg_field,reported_logistic_model_parameter,Descriptive endpoint,Susceptible check,Publicly available study source,1,0,1,0,0,0
ref_tesema_ethiopia_leaf_blight_2022,ref_tesema_ethiopia_leaf_blight_2022,leaf_blight,tlb_logistic_disease_progress_rate_standard_error,derashe_ethiopia_2018_belg_field,reported_logistic_model_parameter,Descriptive endpoint,Screened genotype,Publicly available study source,13,0,13,0,0,0
ref_tesema_ethiopia_leaf_blight_2022,ref_tesema_ethiopia_leaf_blight_2022,leaf_blight,tlb_logistic_disease_progress_rate_standard_error,derashe_ethiopia_2018_belg_field,reported_logistic_model_parameter,Descriptive endpoint,Susceptible check,Publicly available study source,1,0,1,0,0,0
ref_tesema_ethiopia_leaf_blight_2022,ref_tesema_ethiopia_leaf_blight_2022,leaf_blight,tlb_logistic_intercept_standard_error,arba_minch_ethiopia_2018_belg_field,reported_logistic_model_parameter,Descriptive endpoint,Screened genotype,Publicly available study source,13,0,13,0,0,0
ref_tesema_ethiopia_leaf_blight_2022,ref_tesema_ethiopia_leaf_blight_2022,leaf_blight,tlb_logistic_intercept_standard_error,arba_minch_ethiopia_2018_belg_field,reported_logistic_model_parameter,Descriptive endpoint,Susceptible check,Publicly available study source,1,0,1,0,0,0
ref_tesema_ethiopia_leaf_blight_2022,ref_tesema_ethiopia_leaf_blight_2022,leaf_blight,tlb_logistic_intercept_standard_error,derashe_ethiopia_2018_belg_field,reported_logistic_model_parameter,Descriptive endpoint,Screened genotype,Publicly available study source,13,0,13,0,0,0
ref_tesema_ethiopia_leaf_blight_2022,ref_tesema_ethiopia_leaf_blight_2022,leaf_blight,tlb_logistic_intercept_standard_error,derashe_ethiopia_2018_belg_field,reported_logistic_model_parameter,Descriptive endpoint,Susceptible check,Publicly available study source,1,0,1,0,0,0
ref_tesema_ethiopia_leaf_blight_2022,ref_tesema_ethiopia_leaf_blight_2022,leaf_blight,tlb_logistic_model_r_squared_percent,arba_minch_ethiopia_2018_belg_field,reported_logistic_model_parameter,Descriptive endpoint,Screened genotype,Publicly available study source,13,0,13,0,0,0
ref_tesema_ethiopia_leaf_blight_2022,ref_tesema_ethiopia_leaf_blight_2022,leaf_blight,tlb_logistic_model_r_squared_percent,arba_minch_ethiopia_2018_belg_field,reported_logistic_model_parameter,Descriptive endpoint,Susceptible check,Publicly available study source,1,0,1,0,0,0
ref_tesema_ethiopia_leaf_blight_2022,ref_tesema_ethiopia_leaf_blight_2022,leaf_blight,tlb_logistic_model_r_squared_percent,derashe_ethiopia_2018_belg_field,reported_logistic_model_parameter,Descriptive endpoint,Screened genotype,Publicly available study source,13,0,13,0,0,0
ref_tesema_ethiopia_leaf_blight_2022,ref_tesema_ethiopia_leaf_blight_2022,leaf_blight,tlb_logistic_model_r_squared_percent,derashe_ethiopia_2018_belg_field,reported_logistic_model_parameter,Descriptive endpoint,Susceptible check,Publicly available study source,1,0,1,0,0,0
ref_tesema_ethiopia_leaf_blight_2022,ref_tesema_ethiopia_leaf_blight_2022,leaf_blight,tlb_mean_severity_percent_for_reaction_class,arba_minch_ethiopia_2018_belg_field,percent_0_100_with_fisher_group_suffix,Lower values indicate a more favorable response,Screened genotype,Publicly available study source,13,13,0,13,13,13
ref_tesema_ethiopia_leaf_blight_2022,ref_tesema_ethiopia_leaf_blight_2022,leaf_blight,tlb_mean_severity_percent_for_reaction_class,arba_minch_ethiopia_2018_belg_field,percent_0_100_with_fisher_group_suffix,Lower values indicate a more favorable response,Susceptible check,Publicly available study source,1,1,0,1,1,0
ref_tesema_ethiopia_leaf_blight_2022,ref_tesema_ethiopia_leaf_blight_2022,leaf_blight,tlb_mean_severity_percent_for_reaction_class,derashe_ethiopia_2018_belg_field,percent_0_100_with_fisher_group_suffix,Lower values indicate a more favorable response,Screened genotype,Publicly available study source,13,13,0,13,13,13
ref_tesema_ethiopia_leaf_blight_2022,ref_tesema_ethiopia_leaf_blight_2022,leaf_blight,tlb_mean_severity_percent_for_reaction_class,derashe_ethiopia_2018_belg_field,percent_0_100_with_fisher_group_suffix,Lower values indicate a more favorable response,Susceptible check,Publicly available study source,1,1,0,1,1,0
ref_tesema_ethiopia_leaf_blight_2022,ref_tesema_ethiopia_leaf_blight_2022,leaf_blight,tlb_reported_reaction_type,arba_minch_ethiopia_2018_belg_field,reported_R_MR_S_HS_from_mean_severity_thresholds,Resistant classification is favorable,Screened genotype,Publicly available study source,13,13,0,13,0,13
ref_tesema_ethiopia_leaf_blight_2022,ref_tesema_ethiopia_leaf_blight_2022,leaf_blight,tlb_reported_reaction_type,arba_minch_ethiopia_2018_belg_field,reported_R_MR_S_HS_from_mean_severity_thresholds,Resistant classification is favorable,Susceptible check,Publicly available study source,1,1,0,1,0,0
ref_tesema_ethiopia_leaf_blight_2022,ref_tesema_ethiopia_leaf_blight_2022,leaf_blight,tlb_reported_reaction_type,derashe_ethiopia_2018_belg_field,reported_R_MR_S_HS_from_mean_severity_thresholds,Resistant classification is favorable,Screened genotype,Publicly available study source,13,13,0,13,0,13
ref_tesema_ethiopia_leaf_blight_2022,ref_tesema_ethiopia_leaf_blight_2022,leaf_blight,tlb_reported_reaction_type,derashe_ethiopia_2018_belg_field,reported_R_MR_S_HS_from_mean_severity_thresholds,Resistant classification is favorable,Susceptible check,Publicly available study source,1,1,0,1,0,0
ref_tesso_fusarium_stalk_rot_2009,ref_tesso_fusarium_stalk_rot_2009_protocol_2001,fusarium_stalk_rot,fusarium_stalk_rot_lesion_length_cm_mean,manhattan_kansas_field_2001_14_days_after_inoculation_marginal_across_inoculum_doses,mean_necrotic_lesion_length_cm,Lower values indicate less disease,Resistant hybrid,Publicly available study source,1,1,0,1,1,0
ref_tesso_fusarium_stalk_rot_2009,ref_tesso_fusarium_stalk_rot_2009_protocol_2001,fusarium_stalk_rot,fusarium_stalk_rot_lesion_length_cm_mean,manhattan_kansas_field_2001_14_days_after_inoculation_marginal_across_inoculum_doses,mean_necrotic_lesion_length_cm,Lower values indicate less disease,Susceptible hybrid,Publicly available study source,1,1,0,1,1,0
ref_tesso_fusarium_stalk_rot_2009,ref_tesso_fusarium_stalk_rot_2009_protocol_2001,fusarium_stalk_rot,fusarium_stalk_rot_lesion_length_cm_mean,manhattan_kansas_field_2001_21_days_after_inoculation_marginal_across_inoculum_doses,mean_necrotic_lesion_length_cm,Lower values indicate less disease,Resistant hybrid,Publicly available study source,1,1,0,1,1,0
ref_tesso_fusarium_stalk_rot_2009,ref_tesso_fusarium_stalk_rot_2009_protocol_2001,fusarium_stalk_rot,fusarium_stalk_rot_lesion_length_cm_mean,manhattan_kansas_field_2001_21_days_after_inoculation_marginal_across_inoculum_doses,mean_necrotic_lesion_length_cm,Lower values indicate less disease,Susceptible hybrid,Publicly available study source,1,1,0,1,1,0
ref_tesso_fusarium_stalk_rot_2009,ref_tesso_fusarium_stalk_rot_2009_protocol_2001,fusarium_stalk_rot,fusarium_stalk_rot_lesion_length_cm_mean,manhattan_kansas_field_2001_28_days_after_inoculation_marginal_across_inoculum_doses,mean_necrotic_lesion_length_cm,Lower values indicate less disease,Resistant hybrid,Publicly available study source,1,1,0,1,1,0
ref_tesso_fusarium_stalk_rot_2009,ref_tesso_fusarium_stalk_rot_2009_protocol_2001,fusarium_stalk_rot,fusarium_stalk_rot_lesion_length_cm_mean,manhattan_kansas_field_2001_28_days_after_inoculation_marginal_across_inoculum_doses,mean_necrotic_lesion_length_cm,Lower values indicate less disease,Susceptible hybrid,Publicly available study source,1,1,0,1,1,0
ref_tesso_fusarium_stalk_rot_2009,ref_tesso_fusarium_stalk_rot_2009_protocol_2001,fusarium_stalk_rot,fusarium_stalk_rot_lesion_length_cm_mean,manhattan_kansas_field_2001_35_days_after_inoculation_marginal_across_inoculum_doses,mean_necrotic_lesion_length_cm,Lower values indicate less disease,Resistant hybrid,Publicly available study source,1,1,0,1,1,0
ref_tesso_fusarium_stalk_rot_2009,ref_tesso_fusarium_stalk_rot_2009_protocol_2001,fusarium_stalk_rot,fusarium_stalk_rot_lesion_length_cm_mean,manhattan_kansas_field_2001_35_days_after_inoculation_marginal_across_inoculum_doses,mean_necrotic_lesion_length_cm,Lower values indicate less disease,Susceptible hybrid,Publicly available study source,1,1,0,1,1,0
ref_tesso_fusarium_stalk_rot_2009,ref_tesso_fusarium_stalk_rot_2009_protocol_2001,fusarium_stalk_rot,fusarium_stalk_rot_lesion_length_cm_mean,manhattan_kansas_field_2001_42_days_after_inoculation_marginal_across_inoculum_doses,mean_necrotic_lesion_length_cm,Lower values indicate less disease,Resistant hybrid,Publicly available study source,1,1,0,1,1,0
ref_tesso_fusarium_stalk_rot_2009,ref_tesso_fusarium_stalk_rot_2009_protocol_2001,fusarium_stalk_rot,fusarium_stalk_rot_lesion_length_cm_mean,manhattan_kansas_field_2001_42_days_after_inoculation_marginal_across_inoculum_doses,mean_necrotic_lesion_length_cm,Lower values indicate less disease,Susceptible hybrid,Publicly available study source,1,1,0,1,1,0
ref_tesso_fusarium_stalk_rot_2009,ref_tesso_fusarium_stalk_rot_2009_protocol_2001,fusarium_stalk_rot,fusarium_stalk_rot_lesion_length_cm_mean,manhattan_kansas_field_2001_inoculum_0_conidia_ml_marginal_across_incubation_periods,mean_necrotic_lesion_length_cm,Lower values indicate less disease,Resistant hybrid,Publicly available study source,1,1,0,1,1,0
ref_tesso_fusarium_stalk_rot_2009,ref_tesso_fusarium_stalk_rot_2009_protocol_2001,fusarium_stalk_rot,fusarium_stalk_rot_lesion_length_cm_mean,manhattan_kansas_field_2001_inoculum_0_conidia_ml_marginal_across_incubation_periods,mean_necrotic_lesion_length_cm,Lower values indicate less disease,Susceptible hybrid,Publicly available study source,1,1,0,1,1,0
ref_tesso_fusarium_stalk_rot_2009,ref_tesso_fusarium_stalk_rot_2009_protocol_2001,fusarium_stalk_rot,fusarium_stalk_rot_lesion_length_cm_mean,manhattan_kansas_field_2001_inoculum_1e3_conidia_ml_marginal_across_incubation_periods,mean_necrotic_lesion_length_cm,Lower values indicate less disease,Resistant hybrid,Publicly available study source,1,1,0,1,1,0
ref_tesso_fusarium_stalk_rot_2009,ref_tesso_fusarium_stalk_rot_2009_protocol_2001,fusarium_stalk_rot,fusarium_stalk_rot_lesion_length_cm_mean,manhattan_kansas_field_2001_inoculum_1e3_conidia_ml_marginal_across_incubation_periods,mean_necrotic_lesion_length_cm,Lower values indicate less disease,Susceptible hybrid,Publicly available study source,1,1,0,1,1,0
ref_tesso_fusarium_stalk_rot_2009,ref_tesso_fusarium_stalk_rot_2009_protocol_2001,fusarium_stalk_rot,fusarium_stalk_rot_lesion_length_cm_mean,manhattan_kansas_field_2001_inoculum_1e4_conidia_ml_marginal_across_incubation_periods,mean_necrotic_lesion_length_cm,Lower values indicate less disease,Resistant hybrid,Publicly available study source,1,1,0,1,1,0
ref_tesso_fusarium_stalk_rot_2009,ref_tesso_fusarium_stalk_rot_2009_protocol_2001,fusarium_stalk_rot,fusarium_stalk_rot_lesion_length_cm_mean,manhattan_kansas_field_2001_inoculum_1e4_conidia_ml_marginal_across_incubation_periods,mean_necrotic_lesion_length_cm,Lower values indicate less disease,Susceptible hybrid,Publicly available study source,1,1,0,1,1,0
ref_tesso_fusarium_stalk_rot_2009,ref_tesso_fusarium_stalk_rot_2009_protocol_2001,fusarium_stalk_rot,fusarium_stalk_rot_lesion_length_cm_mean,manhattan_kansas_field_2001_inoculum_1e5_conidia_ml_marginal_across_incubation_periods,mean_necrotic_lesion_length_cm,Lower values indicate less disease,Resistant hybrid,Publicly available study source,1,1,0,1,1,0
ref_tesso_fusarium_stalk_rot_2009,ref_tesso_fusarium_stalk_rot_2009_protocol_2001,fusarium_stalk_rot,fusarium_stalk_rot_lesion_length_cm_mean,manhattan_kansas_field_2001_inoculum_1e5_conidia_ml_marginal_across_incubation_periods,mean_necrotic_lesion_length_cm,Lower values indicate less disease,Susceptible hybrid,Publicly available study source,1,1,0,1,1,0
ref_tesso_fusarium_stalk_rot_2009,ref_tesso_fusarium_stalk_rot_2009_protocol_2001,fusarium_stalk_rot,fusarium_stalk_rot_lesion_length_cm_mean,manhattan_kansas_field_2001_inoculum_1e6_conidia_ml_marginal_across_incubation_periods,mean_necrotic_lesion_length_cm,Lower values indicate less disease,Resistant hybrid,Publicly available study source,1,1,0,1,1,0
ref_tesso_fusarium_stalk_rot_2009,ref_tesso_fusarium_stalk_rot_2009_protocol_2001,fusarium_stalk_rot,fusarium_stalk_rot_lesion_length_cm_mean,manhattan_kansas_field_2001_inoculum_1e6_conidia_ml_marginal_across_incubation_periods,mean_necrotic_lesion_length_cm,Lower values indicate less disease,Susceptible hybrid,Publicly available study source,1,1,0,1,1,0
ref_tesso_fusarium_stalk_rot_2009,ref_tesso_fusarium_stalk_rot_2009_protocol_2001,fusarium_stalk_rot,fusarium_stalk_rot_nodes_crossed_mean,manhattan_kansas_field_2001_14_days_after_inoculation_marginal_across_inoculum_doses,mean_number_of_nodes_within_necrotic_region,Lower values indicate less disease,Resistant hybrid,Publicly available study source,1,1,0,1,1,0
ref_tesso_fusarium_stalk_rot_2009,ref_tesso_fusarium_stalk_rot_2009_protocol_2001,fusarium_stalk_rot,fusarium_stalk_rot_nodes_crossed_mean,manhattan_kansas_field_2001_14_days_after_inoculation_marginal_across_inoculum_doses,mean_number_of_nodes_within_necrotic_region,Lower values indicate less disease,Susceptible hybrid,Publicly available study source,1,1,0,1,1,0
ref_tesso_fusarium_stalk_rot_2009,ref_tesso_fusarium_stalk_rot_2009_protocol_2001,fusarium_stalk_rot,fusarium_stalk_rot_nodes_crossed_mean,manhattan_kansas_field_2001_21_days_after_inoculation_marginal_across_inoculum_doses,mean_number_of_nodes_within_necrotic_region,Lower values indicate less disease,Resistant hybrid,Publicly available study source,1,1,0,1,1,0
ref_tesso_fusarium_stalk_rot_2009,ref_tesso_fusarium_stalk_rot_2009_protocol_2001,fusarium_stalk_rot,fusarium_stalk_rot_nodes_crossed_mean,manhattan_kansas_field_2001_21_days_after_inoculation_marginal_across_inoculum_doses,mean_number_of_nodes_within_necrotic_region,Lower values indicate less disease,Susceptible hybrid,Publicly available study source,1,1,0,1,1,0
ref_tesso_fusarium_stalk_rot_2009,ref_tesso_fusarium_stalk_rot_2009_protocol_2001,fusarium_stalk_rot,fusarium_stalk_rot_nodes_crossed_mean,manhattan_kansas_field_2001_28_days_after_inoculation_marginal_across_inoculum_doses,mean_number_of_nodes_within_necrotic_region,Lower values indicate less disease,Resistant hybrid,Publicly available study source,1,1,0,1,1,0
ref_tesso_fusarium_stalk_rot_2009,ref_tesso_fusarium_stalk_rot_2009_protocol_2001,fusarium_stalk_rot,fusarium_stalk_rot_nodes_crossed_mean,manhattan_kansas_field_2001_28_days_after_inoculation_marginal_across_inoculum_doses,mean_number_of_nodes_within_necrotic_region,Lower values indicate less disease,Susceptible hybrid,Publicly available study source,1,1,0,1,1,0
ref_tesso_fusarium_stalk_rot_2009,ref_tesso_fusarium_stalk_rot_2009_protocol_2001,fusarium_stalk_rot,fusarium_stalk_rot_nodes_crossed_mean,manhattan_kansas_field_2001_35_days_after_inoculation_marginal_across_inoculum_doses,mean_number_of_nodes_within_necrotic_region,Lower values indicate less disease,Resistant hybrid,Publicly available study source,1,1,0,1,1,0
ref_tesso_fusarium_stalk_rot_2009,ref_tesso_fusarium_stalk_rot_2009_protocol_2001,fusarium_stalk_rot,fusarium_stalk_rot_nodes_crossed_mean,manhattan_kansas_field_2001_35_days_after_inoculation_marginal_across_inoculum_doses,mean_number_of_nodes_within_necrotic_region,Lower values indicate less disease,Susceptible hybrid,Publicly available study source,1,1,0,1,1,0
ref_tesso_fusarium_stalk_rot_2009,ref_tesso_fusarium_stalk_rot_2009_protocol_2001,fusarium_stalk_rot,fusarium_stalk_rot_nodes_crossed_mean,manhattan_kansas_field_2001_42_days_after_inoculation_marginal_across_inoculum_doses,mean_number_of_nodes_within_necrotic_region,Lower values indicate less disease,Resistant hybrid,Publicly available study source,1,1,0,1,1,0
ref_tesso_fusarium_stalk_rot_2009,ref_tesso_fusarium_stalk_rot_2009_protocol_2001,fusarium_stalk_rot,fusarium_stalk_rot_nodes_crossed_mean,manhattan_kansas_field_2001_42_days_after_inoculation_marginal_across_inoculum_doses,mean_number_of_nodes_within_necrotic_region,Lower values indicate less disease,Susceptible hybrid,Publicly available study source,1,1,0,1,1,0
ref_tesso_fusarium_stalk_rot_2009,ref_tesso_fusarium_stalk_rot_2009_protocol_2001,fusarium_stalk_rot,fusarium_stalk_rot_nodes_crossed_mean,manhattan_kansas_field_2001_inoculum_0_conidia_ml_marginal_across_incubation_periods,mean_number_of_nodes_within_necrotic_region,Lower values indicate less disease,Resistant hybrid,Publicly available study source,1,1,0,1,1,0
ref_tesso_fusarium_stalk_rot_2009,ref_tesso_fusarium_stalk_rot_2009_protocol_2001,fusarium_stalk_rot,fusarium_stalk_rot_nodes_crossed_mean,manhattan_kansas_field_2001_inoculum_0_conidia_ml_marginal_across_incubation_periods,mean_number_of_nodes_within_necrotic_region,Lower values indicate less disease,Susceptible hybrid,Publicly available study source,1,1,0,1,1,0
ref_tesso_fusarium_stalk_rot_2009,ref_tesso_fusarium_stalk_rot_2009_protocol_2001,fusarium_stalk_rot,fusarium_stalk_rot_nodes_crossed_mean,manhattan_kansas_field_2001_inoculum_1e3_conidia_ml_marginal_across_incubation_periods,mean_number_of_nodes_within_necrotic_region,Lower values indicate less disease,Resistant hybrid,Publicly available study source,1,1,0,1,1,0
ref_tesso_fusarium_stalk_rot_2009,ref_tesso_fusarium_stalk_rot_2009_protocol_2001,fusarium_stalk_rot,fusarium_stalk_rot_nodes_crossed_mean,manhattan_kansas_field_2001_inoculum_1e3_conidia_ml_marginal_across_incubation_periods,mean_number_of_nodes_within_necrotic_region,Lower values indicate less disease,Susceptible hybrid,Publicly available study source,1,1,0,1,1,0
ref_tesso_fusarium_stalk_rot_2009,ref_tesso_fusarium_stalk_rot_2009_protocol_2001,fusarium_stalk_rot,fusarium_stalk_rot_nodes_crossed_mean,manhattan_kansas_field_2001_inoculum_1e4_conidia_ml_marginal_across_incubation_periods,mean_number_of_nodes_within_necrotic_region,Lower values indicate less disease,Resistant hybrid,Publicly available study source,1,1,0,1,1,0
ref_tesso_fusarium_stalk_rot_2009,ref_tesso_fusarium_stalk_rot_2009_protocol_2001,fusarium_stalk_rot,fusarium_stalk_rot_nodes_crossed_mean,manhattan_kansas_field_2001_inoculum_1e4_conidia_ml_marginal_across_incubation_periods,mean_number_of_nodes_within_necrotic_region,Lower values indicate less disease,Susceptible hybrid,Publicly available study source,1,1,0,1,1,0
ref_tesso_fusarium_stalk_rot_2009,ref_tesso_fusarium_stalk_rot_2009_protocol_2001,fusarium_stalk_rot,fusarium_stalk_rot_nodes_crossed_mean,manhattan_kansas_field_2001_inoculum_1e5_conidia_ml_marginal_across_incubation_periods,mean_number_of_nodes_within_necrotic_region,Lower values indicate less disease,Resistant hybrid,Publicly available study source,1,1,0,1,1,0
ref_tesso_fusarium_stalk_rot_2009,ref_tesso_fusarium_stalk_rot_2009_protocol_2001,fusarium_stalk_rot,fusarium_stalk_rot_nodes_crossed_mean,manhattan_kansas_field_2001_inoculum_1e5_conidia_ml_marginal_across_incubation_periods,mean_number_of_nodes_within_necrotic_region,Lower values indicate less disease,Susceptible hybrid,Publicly available study source,1,1,0,1,1,0
ref_tesso_fusarium_stalk_rot_2009,ref_tesso_fusarium_stalk_rot_2009_protocol_2001,fusarium_stalk_rot,fusarium_stalk_rot_nodes_crossed_mean,manhattan_kansas_field_2001_inoculum_1e6_conidia_ml_marginal_across_incubation_periods,mean_number_of_nodes_within_necrotic_region,Lower values indicate less disease,Resistant hybrid,Publicly available study source,1,1,0,1,1,0
ref_tesso_fusarium_stalk_rot_2009,ref_tesso_fusarium_stalk_rot_2009_protocol_2001,fusarium_stalk_rot,fusarium_stalk_rot_nodes_crossed_mean,manhattan_kansas_field_2001_inoculum_1e6_conidia_ml_marginal_across_incubation_periods,mean_number_of_nodes_within_necrotic_region,Lower values indicate less disease,Susceptible hybrid,Publicly available study source,1,1,0,1,1,0
ref_tesso_fusarium_stalk_rot_2009,ref_tesso_fusarium_stalk_rot_2009_protocol_2002,fusarium_stalk_rot,fusarium_stalk_rot_lesion_length_cm_mean,manhattan_kansas_field_2002_14_days_after_inoculation_marginal_across_inoculum_doses,mean_necrotic_lesion_length_cm,Lower values indicate less disease,Protocol development hybrid,Publicly available study source,10,10,0,10,10,0
ref_tesso_fusarium_stalk_rot_2009,ref_tesso_fusarium_stalk_rot_2009_protocol_2002,fusarium_stalk_rot,fusarium_stalk_rot_lesion_length_cm_mean,manhattan_kansas_field_2002_21_days_after_inoculation_marginal_across_inoculum_doses,mean_necrotic_lesion_length_cm,Lower values indicate less disease,Protocol development hybrid,Publicly available study source,10,10,0,10,10,0
ref_tesso_fusarium_stalk_rot_2009,ref_tesso_fusarium_stalk_rot_2009_protocol_2002,fusarium_stalk_rot,fusarium_stalk_rot_lesion_length_cm_mean,manhattan_kansas_field_2002_28_days_after_inoculation_marginal_across_inoculum_doses,mean_necrotic_lesion_length_cm,Lower values indicate less disease,Protocol development hybrid,Publicly available study source,10,10,0,10,10,0
ref_tesso_fusarium_stalk_rot_2009,ref_tesso_fusarium_stalk_rot_2009_protocol_2002,fusarium_stalk_rot,fusarium_stalk_rot_lesion_length_cm_mean,manhattan_kansas_field_2002_35_days_after_inoculation_marginal_across_inoculum_doses,mean_necrotic_lesion_length_cm,Lower values indicate less disease,Protocol development hybrid,Publicly available study source,10,10,0,10,10,0
ref_tesso_fusarium_stalk_rot_2009,ref_tesso_fusarium_stalk_rot_2009_protocol_2002,fusarium_stalk_rot,fusarium_stalk_rot_lesion_length_cm_mean,manhattan_kansas_field_2002_42_days_after_inoculation_marginal_across_inoculum_doses,mean_necrotic_lesion_length_cm,Lower values indicate less disease,Protocol development hybrid,Publicly available study source,10,10,0,10,10,0
ref_tesso_fusarium_stalk_rot_2009,ref_tesso_fusarium_stalk_rot_2009_protocol_2002,fusarium_stalk_rot,fusarium_stalk_rot_lesion_length_cm_mean,manhattan_kansas_field_2002_inoculum_0_conidia_ml_marginal_across_incubation_periods,mean_necrotic_lesion_length_cm,Lower values indicate less disease,Protocol development hybrid,Publicly available study source,10,10,0,10,10,0
ref_tesso_fusarium_stalk_rot_2009,ref_tesso_fusarium_stalk_rot_2009_protocol_2002,fusarium_stalk_rot,fusarium_stalk_rot_lesion_length_cm_mean,manhattan_kansas_field_2002_inoculum_1e3_conidia_ml_marginal_across_incubation_periods,mean_necrotic_lesion_length_cm,Lower values indicate less disease,Protocol development hybrid,Publicly available study source,10,10,0,10,10,0
ref_tesso_fusarium_stalk_rot_2009,ref_tesso_fusarium_stalk_rot_2009_protocol_2002,fusarium_stalk_rot,fusarium_stalk_rot_lesion_length_cm_mean,manhattan_kansas_field_2002_inoculum_1e4_conidia_ml_marginal_across_incubation_periods,mean_necrotic_lesion_length_cm,Lower values indicate less disease,Protocol development hybrid,Publicly available study source,10,10,0,10,10,0
ref_tesso_fusarium_stalk_rot_2009,ref_tesso_fusarium_stalk_rot_2009_protocol_2002,fusarium_stalk_rot,fusarium_stalk_rot_lesion_length_cm_mean,manhattan_kansas_field_2002_inoculum_1e5_conidia_ml_marginal_across_incubation_periods,mean_necrotic_lesion_length_cm,Lower values indicate less disease,Protocol development hybrid,Publicly available study source,10,10,0,10,10,0
ref_tesso_fusarium_stalk_rot_2009,ref_tesso_fusarium_stalk_rot_2009_protocol_2002,fusarium_stalk_rot,fusarium_stalk_rot_lesion_length_cm_mean,manhattan_kansas_field_2002_inoculum_1e6_conidia_ml_marginal_across_incubation_periods,mean_necrotic_lesion_length_cm,Lower values indicate less disease,Protocol development hybrid,Publicly available study source,10,10,0,10,10,0
ref_tesso_fusarium_stalk_rot_2009,ref_tesso_fusarium_stalk_rot_2009_protocol_2002,fusarium_stalk_rot,fusarium_stalk_rot_nodes_crossed_mean,manhattan_kansas_field_2002_14_days_after_inoculation_marginal_across_inoculum_doses,mean_number_of_nodes_within_necrotic_region,Lower values indicate less disease,Protocol development hybrid,Publicly available study source,10,10,0,10,10,0
ref_tesso_fusarium_stalk_rot_2009,ref_tesso_fusarium_stalk_rot_2009_protocol_2002,fusarium_stalk_rot,fusarium_stalk_rot_nodes_crossed_mean,manhattan_kansas_field_2002_21_days_after_inoculation_marginal_across_inoculum_doses,mean_number_of_nodes_within_necrotic_region,Lower values indicate less disease,Protocol development hybrid,Publicly available study source,10,10,0,10,10,0
ref_tesso_fusarium_stalk_rot_2009,ref_tesso_fusarium_stalk_rot_2009_protocol_2002,fusarium_stalk_rot,fusarium_stalk_rot_nodes_crossed_mean,manhattan_kansas_field_2002_28_days_after_inoculation_marginal_across_inoculum_doses,mean_number_of_nodes_within_necrotic_region,Lower values indicate less disease,Protocol development hybrid,Publicly available study source,10,10,0,10,10,0
ref_tesso_fusarium_stalk_rot_2009,ref_tesso_fusarium_stalk_rot_2009_protocol_2002,fusarium_stalk_rot,fusarium_stalk_rot_nodes_crossed_mean,manhattan_kansas_field_2002_35_days_after_inoculation_marginal_across_inoculum_doses,mean_number_of_nodes_within_necrotic_region,Lower values indicate less disease,Protocol development hybrid,Publicly available study source,10,10,0,10,10,0
ref_tesso_fusarium_stalk_rot_2009,ref_tesso_fusarium_stalk_rot_2009_protocol_2002,fusarium_stalk_rot,fusarium_stalk_rot_nodes_crossed_mean,manhattan_kansas_field_2002_42_days_after_inoculation_marginal_across_inoculum_doses,mean_number_of_nodes_within_necrotic_region,Lower values indicate less disease,Protocol development hybrid,Publicly available study source,10,10,0,10,10,0
ref_tesso_fusarium_stalk_rot_2009,ref_tesso_fusarium_stalk_rot_2009_protocol_2002,fusarium_stalk_rot,fusarium_stalk_rot_nodes_crossed_mean,manhattan_kansas_field_2002_inoculum_0_conidia_ml_marginal_across_incubation_periods,mean_number_of_nodes_within_necrotic_region,Lower values indicate less disease,Protocol development hybrid,Publicly available study source,10,10,0,10,10,0
ref_tesso_fusarium_stalk_rot_2009,ref_tesso_fusarium_stalk_rot_2009_protocol_2002,fusarium_stalk_rot,fusarium_stalk_rot_nodes_crossed_mean,manhattan_kansas_field_2002_inoculum_1e3_conidia_ml_marginal_across_incubation_periods,mean_number_of_nodes_within_necrotic_region,Lower values indicate less disease,Protocol development hybrid,Publicly available study source,10,10,0,10,10,0
ref_tesso_fusarium_stalk_rot_2009,ref_tesso_fusarium_stalk_rot_2009_protocol_2002,fusarium_stalk_rot,fusarium_stalk_rot_nodes_crossed_mean,manhattan_kansas_field_2002_inoculum_1e4_conidia_ml_marginal_across_incubation_periods,mean_number_of_nodes_within_necrotic_region,Lower values indicate less disease,Protocol development hybrid,Publicly available study source,10,10,0,10,10,0
ref_tesso_fusarium_stalk_rot_2009,ref_tesso_fusarium_stalk_rot_2009_protocol_2002,fusarium_stalk_rot,fusarium_stalk_rot_nodes_crossed_mean,manhattan_kansas_field_2002_inoculum_1e5_conidia_ml_marginal_across_incubation_periods,mean_number_of_nodes_within_necrotic_region,Lower values indicate less disease,Protocol development hybrid,Publicly available study source,10,10,0,10,10,0
ref_tesso_fusarium_stalk_rot_2009,ref_tesso_fusarium_stalk_rot_2009_protocol_2002,fusarium_stalk_rot,fusarium_stalk_rot_nodes_crossed_mean,manhattan_kansas_field_2002_inoculum_1e6_conidia_ml_marginal_across_incubation_periods,mean_number_of_nodes_within_necrotic_region,Lower values indicate less disease,Protocol development hybrid,Publicly available study source,10,10,0,10,10,0
ref_tesso_fusarium_stalk_rot_2009,ref_tesso_fusarium_stalk_rot_2009_validation_2008,fusarium_stalk_rot,fusarium_stalk_rot_lesion_length_cm_mean,manhattan_kansas_field_2008_f_thapsinum_1e5_conidia_ml_35_days_after_inoculation,mean_necrotic_lesion_length_cm,Lower values indicate less disease,Caudatum,Publicly available study source,9,9,0,9,9,9
ref_tesso_fusarium_stalk_rot_2009,ref_tesso_fusarium_stalk_rot_2009_validation_2008,fusarium_stalk_rot,fusarium_stalk_rot_lesion_length_cm_mean,manhattan_kansas_field_2008_f_thapsinum_1e5_conidia_ml_35_days_after_inoculation,mean_necrotic_lesion_length_cm,Lower values indicate less disease,Cultivar,Publicly available study source,9,9,0,9,9,9
ref_tesso_fusarium_stalk_rot_2009,ref_tesso_fusarium_stalk_rot_2009_validation_2008,fusarium_stalk_rot,fusarium_stalk_rot_lesion_length_cm_mean,manhattan_kansas_field_2008_f_thapsinum_1e5_conidia_ml_35_days_after_inoculation,mean_necrotic_lesion_length_cm,Lower values indicate less disease,Dura,Publicly available study source,5,5,0,5,5,5
ref_tesso_fusarium_stalk_rot_2009,ref_tesso_fusarium_stalk_rot_2009_validation_2008,fusarium_stalk_rot,fusarium_stalk_rot_lesion_length_cm_mean,manhattan_kansas_field_2008_f_thapsinum_1e5_conidia_ml_35_days_after_inoculation,mean_necrotic_lesion_length_cm,Lower values indicate less disease,Dura bicolor,Publicly available study source,1,1,0,1,1,1
ref_tesso_fusarium_stalk_rot_2009,ref_tesso_fusarium_stalk_rot_2009_validation_2008,fusarium_stalk_rot,fusarium_stalk_rot_lesion_length_cm_mean,manhattan_kansas_field_2008_f_thapsinum_1e5_conidia_ml_35_days_after_inoculation,mean_necrotic_lesion_length_cm,Lower values indicate less disease,Guinea,Publicly available study source,1,1,0,1,1,1
ref_tesso_fusarium_stalk_rot_2009,ref_tesso_fusarium_stalk_rot_2009_validation_2008,fusarium_stalk_rot,fusarium_stalk_rot_lesion_length_cm_mean,manhattan_kansas_field_2008_f_thapsinum_1e5_conidia_ml_35_days_after_inoculation,mean_necrotic_lesion_length_cm,Lower values indicate less disease,Guinea bicolor,Publicly available study source,2,2,0,2,2,2
ref_tesso_fusarium_stalk_rot_2009,ref_tesso_fusarium_stalk_rot_2009_validation_2008,fusarium_stalk_rot,fusarium_stalk_rot_lesion_length_cm_mean,manhattan_kansas_field_2008_f_thapsinum_1e5_conidia_ml_35_days_after_inoculation,mean_necrotic_lesion_length_cm,Lower values indicate less disease,Guinea kafir,Publicly available study source,1,1,0,1,1,1
ref_tesso_fusarium_stalk_rot_2009,ref_tesso_fusarium_stalk_rot_2009_validation_2008,fusarium_stalk_rot,fusarium_stalk_rot_lesion_length_cm_mean,manhattan_kansas_field_2008_f_thapsinum_1e5_conidia_ml_35_days_after_inoculation,mean_necrotic_lesion_length_cm,Lower values indicate less disease,Inbred line,Publicly available study source,20,20,0,20,20,20
ref_tesso_fusarium_stalk_rot_2009,ref_tesso_fusarium_stalk_rot_2009_validation_2008,fusarium_stalk_rot,fusarium_stalk_rot_lesion_length_cm_mean,manhattan_kansas_field_2008_f_thapsinum_1e5_conidia_ml_35_days_after_inoculation,mean_necrotic_lesion_length_cm,Lower values indicate less disease,Kafir,Publicly available study source,1,1,0,1,1,1
ref_tesso_fusarium_stalk_rot_2009,ref_tesso_fusarium_stalk_rot_2009_validation_2008,fusarium_stalk_rot,fusarium_stalk_rot_lesion_length_cm_mean,manhattan_kansas_field_2008_f_thapsinum_1e5_conidia_ml_35_days_after_inoculation,mean_necrotic_lesion_length_cm,Lower values indicate less disease,Kafir caudatum,Publicly available study source,1,1,0,1,1,1
ref_tesso_fusarium_stalk_rot_2009,ref_tesso_fusarium_stalk_rot_2009_validation_2008,fusarium_stalk_rot,fusarium_stalk_rot_lesion_length_cm_mean,manhattan_kansas_field_2008_f_thapsinum_1e5_conidia_ml_35_days_after_inoculation,mean_necrotic_lesion_length_cm,Lower values indicate less disease,Accession or line,Publicly available study source,9,9,0,9,9,0
ref_tesso_fusarium_stalk_rot_2009,ref_tesso_fusarium_stalk_rot_2009_validation_2008,fusarium_stalk_rot,fusarium_stalk_rot_nodes_crossed_mean,manhattan_kansas_field_2008_f_thapsinum_1e5_conidia_ml_35_days_after_inoculation,mean_number_of_nodes_within_necrotic_region,Lower values indicate less disease,Caudatum,Publicly available study source,9,9,0,9,9,9
ref_tesso_fusarium_stalk_rot_2009,ref_tesso_fusarium_stalk_rot_2009_validation_2008,fusarium_stalk_rot,fusarium_stalk_rot_nodes_crossed_mean,manhattan_kansas_field_2008_f_thapsinum_1e5_conidia_ml_35_days_after_inoculation,mean_number_of_nodes_within_necrotic_region,Lower values indicate less disease,Cultivar,Publicly available study source,9,9,0,9,9,9
ref_tesso_fusarium_stalk_rot_2009,ref_tesso_fusarium_stalk_rot_2009_validation_2008,fusarium_stalk_rot,fusarium_stalk_rot_nodes_crossed_mean,manhattan_kansas_field_2008_f_thapsinum_1e5_conidia_ml_35_days_after_inoculation,mean_number_of_nodes_within_necrotic_region,Lower values indicate less disease,Dura,Publicly available study source,5,5,0,5,5,5
ref_tesso_fusarium_stalk_rot_2009,ref_tesso_fusarium_stalk_rot_2009_validation_2008,fusarium_stalk_rot,fusarium_stalk_rot_nodes_crossed_mean,manhattan_kansas_field_2008_f_thapsinum_1e5_conidia_ml_35_days_after_inoculation,mean_number_of_nodes_within_necrotic_region,Lower values indicate less disease,Dura bicolor,Publicly available study source,1,1,0,1,1,1
ref_tesso_fusarium_stalk_rot_2009,ref_tesso_fusarium_stalk_rot_2009_validation_2008,fusarium_stalk_rot,fusarium_stalk_rot_nodes_crossed_mean,manhattan_kansas_field_2008_f_thapsinum_1e5_conidia_ml_35_days_after_inoculation,mean_number_of_nodes_within_necrotic_region,Lower values indicate less disease,Guinea,Publicly available study source,1,1,0,1,1,1
ref_tesso_fusarium_stalk_rot_2009,ref_tesso_fusarium_stalk_rot_2009_validation_2008,fusarium_stalk_rot,fusarium_stalk_rot_nodes_crossed_mean,manhattan_kansas_field_2008_f_thapsinum_1e5_conidia_ml_35_days_after_inoculation,mean_number_of_nodes_within_necrotic_region,Lower values indicate less disease,Guinea bicolor,Publicly available study source,2,2,0,2,2,2
ref_tesso_fusarium_stalk_rot_2009,ref_tesso_fusarium_stalk_rot_2009_validation_2008,fusarium_stalk_rot,fusarium_stalk_rot_nodes_crossed_mean,manhattan_kansas_field_2008_f_thapsinum_1e5_conidia_ml_35_days_after_inoculation,mean_number_of_nodes_within_necrotic_region,Lower values indicate less disease,Guinea kafir,Publicly available study source,1,1,0,1,1,1
ref_tesso_fusarium_stalk_rot_2009,ref_tesso_fusarium_stalk_rot_2009_validation_2008,fusarium_stalk_rot,fusarium_stalk_rot_nodes_crossed_mean,manhattan_kansas_field_2008_f_thapsinum_1e5_conidia_ml_35_days_after_inoculation,mean_number_of_nodes_within_necrotic_region,Lower values indicate less disease,Inbred line,Publicly available study source,20,20,0,20,20,20
ref_tesso_fusarium_stalk_rot_2009,ref_tesso_fusarium_stalk_rot_2009_validation_2008,fusarium_stalk_rot,fusarium_stalk_rot_nodes_crossed_mean,manhattan_kansas_field_2008_f_thapsinum_1e5_conidia_ml_35_days_after_inoculation,mean_number_of_nodes_within_necrotic_region,Lower values indicate less disease,Kafir,Publicly available study source,1,1,0,1,1,1
ref_tesso_fusarium_stalk_rot_2009,ref_tesso_fusarium_stalk_rot_2009_validation_2008,fusarium_stalk_rot,fusarium_stalk_rot_nodes_crossed_mean,manhattan_kansas_field_2008_f_thapsinum_1e5_conidia_ml_35_days_after_inoculation,mean_number_of_nodes_within_necrotic_region,Lower values indicate less disease,Kafir caudatum,Publicly available study source,1,1,0,1,1,1
ref_tesso_fusarium_stalk_rot_2009,ref_tesso_fusarium_stalk_rot_2009_validation_2008,fusarium_stalk_rot,fusarium_stalk_rot_nodes_crossed_mean,manhattan_kansas_field_2008_f_thapsinum_1e5_conidia_ml_35_days_after_inoculation,mean_number_of_nodes_within_necrotic_region,Lower values indicate less disease,Accession or line,Publicly available study source,9,9,0,9,9,0
ref_thakur_indian_anthracnose_populations_1998,ref_thakur_indian_anthracnose_populations_1998_field,anthracnose,disease_severity_score,dharwad_india_field_1992_1996_population_cs080,anthracnose_severity_score_1_9,Lower values indicate a more favorable response,Differential line,Publicly available study source,14,14,0,14,14,0
ref_thakur_indian_anthracnose_populations_1998,ref_thakur_indian_anthracnose_populations_1998_field,anthracnose,disease_severity_score,dharwad_india_field_1992_1996_population_cs080,anthracnose_severity_score_1_9,Lower values indicate a more favorable response,Susceptible check,Publicly available study source,1,1,0,1,1,0
ref_thakur_indian_anthracnose_populations_1998,ref_thakur_indian_anthracnose_populations_1998_field,anthracnose,disease_severity_score,indore_india_field_1992_1996_population_cs047,anthracnose_severity_score_1_9,Lower values indicate a more favorable response,Differential line,Publicly available study source,14,14,0,14,14,0
ref_thakur_indian_anthracnose_populations_1998,ref_thakur_indian_anthracnose_populations_1998_field,anthracnose,disease_severity_score,indore_india_field_1992_1996_population_cs047,anthracnose_severity_score_1_9,Lower values indicate a more favorable response,Susceptible check,Publicly available study source,1,1,0,1,1,0
ref_thakur_indian_anthracnose_populations_1998,ref_thakur_indian_anthracnose_populations_1998_field,anthracnose,disease_severity_score,pantnagar_india_field_1992_1996_population_cs079,anthracnose_severity_score_1_9,Lower values indicate a more favorable response,Differential line,Publicly available study source,14,14,0,14,14,0
ref_thakur_indian_anthracnose_populations_1998,ref_thakur_indian_anthracnose_populations_1998_field,anthracnose,disease_severity_score,pantnagar_india_field_1992_1996_population_cs079,anthracnose_severity_score_1_9,Lower values indicate a more favorable response,Susceptible check,Publicly available study source,1,1,0,1,1,0
ref_thakur_indian_anthracnose_populations_1998,ref_thakur_indian_anthracnose_populations_1998_field,anthracnose,disease_severity_score,patancheru_india_field_1992_1996_population_cs042,anthracnose_severity_score_1_9,Lower values indicate a more favorable response,Differential line,Publicly available study source,14,14,0,14,14,0
ref_thakur_indian_anthracnose_populations_1998,ref_thakur_indian_anthracnose_populations_1998_field,anthracnose,disease_severity_score,patancheru_india_field_1992_1996_population_cs042,anthracnose_severity_score_1_9,Lower values indicate a more favorable response,Susceptible check,Publicly available study source,1,1,0,1,1,0
ref_thakur_indian_anthracnose_populations_1998,ref_thakur_indian_anthracnose_populations_1998_field,anthracnose,disease_severity_score,surat_india_field_1992_1996_population_cs031,anthracnose_severity_score_1_9,Lower values indicate a more favorable response,Differential line,Publicly available study source,14,14,0,14,14,0
ref_thakur_indian_anthracnose_populations_1998,ref_thakur_indian_anthracnose_populations_1998_field,anthracnose,disease_severity_score,surat_india_field_1992_1996_population_cs031,anthracnose_severity_score_1_9,Lower values indicate a more favorable response,Susceptible check,Publicly available study source,1,1,0,1,1,0
ref_thakur_indian_anthracnose_populations_1998,ref_thakur_indian_anthracnose_populations_1998_field,anthracnose,disease_severity_score,udaipur_india_field_1992_1996_population_cs029,anthracnose_severity_score_1_9,Lower values indicate a more favorable response,Differential line,Publicly available study source,14,14,0,14,14,0
ref_thakur_indian_anthracnose_populations_1998,ref_thakur_indian_anthracnose_populations_1998_field,anthracnose,disease_severity_score,udaipur_india_field_1992_1996_population_cs029,anthracnose_severity_score_1_9,Lower values indicate a more favorable response,Susceptible check,Publicly available study source,1,1,0,1,1,0
ref_thakur_indian_anthracnose_populations_1998,ref_thakur_indian_anthracnose_populations_1998_field,anthracnose,reported_reaction,dharwad_india_field_1992_1996_population_cs080,reported_R_MR_S_reaction,Resistant classification is favorable,Differential line,Publicly available study source,14,14,0,14,0,0
ref_thakur_indian_anthracnose_populations_1998,ref_thakur_indian_anthracnose_populations_1998_field,anthracnose,reported_reaction,dharwad_india_field_1992_1996_population_cs080,reported_R_MR_S_reaction,Resistant classification is favorable,Susceptible check,Publicly available study source,1,1,0,1,0,0
ref_thakur_indian_anthracnose_populations_1998,ref_thakur_indian_anthracnose_populations_1998_field,anthracnose,reported_reaction,indore_india_field_1992_1996_population_cs047,reported_R_MR_S_reaction,Resistant classification is favorable,Differential line,Publicly available study source,14,14,0,14,0,0
ref_thakur_indian_anthracnose_populations_1998,ref_thakur_indian_anthracnose_populations_1998_field,anthracnose,reported_reaction,indore_india_field_1992_1996_population_cs047,reported_R_MR_S_reaction,Resistant classification is favorable,Susceptible check,Publicly available study source,1,1,0,1,0,0
ref_thakur_indian_anthracnose_populations_1998,ref_thakur_indian_anthracnose_populations_1998_field,anthracnose,reported_reaction,pantnagar_india_field_1992_1996_population_cs079,reported_R_MR_S_reaction,Resistant classification is favorable,Differential line,Publicly available study source,14,14,0,14,0,0
ref_thakur_indian_anthracnose_populations_1998,ref_thakur_indian_anthracnose_populations_1998_field,anthracnose,reported_reaction,pantnagar_india_field_1992_1996_population_cs079,reported_R_MR_S_reaction,Resistant classification is favorable,Susceptible check,Publicly available study source,1,1,0,1,0,0
ref_thakur_indian_anthracnose_populations_1998,ref_thakur_indian_anthracnose_populations_1998_field,anthracnose,reported_reaction,patancheru_india_field_1992_1996_population_cs042,reported_R_MR_S_reaction,Resistant classification is favorable,Differential line,Publicly available study source,14,14,0,14,0,0
ref_thakur_indian_anthracnose_populations_1998,ref_thakur_indian_anthracnose_populations_1998_field,anthracnose,reported_reaction,patancheru_india_field_1992_1996_population_cs042,reported_R_MR_S_reaction,Resistant classification is favorable,Susceptible check,Publicly available study source,1,1,0,1,0,0
ref_thakur_indian_anthracnose_populations_1998,ref_thakur_indian_anthracnose_populations_1998_field,anthracnose,reported_reaction,surat_india_field_1992_1996_population_cs031,reported_R_MR_S_reaction,Resistant classification is favorable,Differential line,Publicly available study source,14,14,0,14,0,0
ref_thakur_indian_anthracnose_populations_1998,ref_thakur_indian_anthracnose_populations_1998_field,anthracnose,reported_reaction,surat_india_field_1992_1996_population_cs031,reported_R_MR_S_reaction,Resistant classification is favorable,Susceptible check,Publicly available study source,1,1,0,1,0,0
ref_thakur_indian_anthracnose_populations_1998,ref_thakur_indian_anthracnose_populations_1998_field,anthracnose,reported_reaction,udaipur_india_field_1992_1996_population_cs029,reported_R_MR_S_reaction,Resistant classification is favorable,Differential line,Publicly available study source,14,14,0,14,0,0
ref_thakur_indian_anthracnose_populations_1998,ref_thakur_indian_anthracnose_populations_1998_field,anthracnose,reported_reaction,udaipur_india_field_1992_1996_population_cs029,reported_R_MR_S_reaction,Resistant classification is favorable,Susceptible check,Publicly available study source,1,1,0,1,0,0
ref_thakur_indian_anthracnose_populations_1998,ref_thakur_indian_anthracnose_populations_1998_greenhouse,anthracnose,disease_severity_score,greenhouse_isolate_cs029_udaipur,anthracnose_severity_score_1_9,Lower values indicate a more favorable response,Differential line,Publicly available study source,14,14,0,14,14,0
ref_thakur_indian_anthracnose_populations_1998,ref_thakur_indian_anthracnose_populations_1998_greenhouse,anthracnose,disease_severity_score,greenhouse_isolate_cs029_udaipur,anthracnose_severity_score_1_9,Lower values indicate a more favorable response,Resistant check,Publicly available study source,1,1,0,1,1,0
ref_thakur_indian_anthracnose_populations_1998,ref_thakur_indian_anthracnose_populations_1998_greenhouse,anthracnose,disease_severity_score,greenhouse_isolate_cs029_udaipur,anthracnose_severity_score_1_9,Lower values indicate a more favorable response,Susceptible check,Publicly available study source,1,1,0,1,1,0
ref_thakur_indian_anthracnose_populations_1998,ref_thakur_indian_anthracnose_populations_1998_greenhouse,anthracnose,disease_severity_score,greenhouse_isolate_cs031_surat,anthracnose_severity_score_1_9,Lower values indicate a more favorable response,Differential line,Publicly available study source,14,14,0,14,14,0
ref_thakur_indian_anthracnose_populations_1998,ref_thakur_indian_anthracnose_populations_1998_greenhouse,anthracnose,disease_severity_score,greenhouse_isolate_cs031_surat,anthracnose_severity_score_1_9,Lower values indicate a more favorable response,Resistant check,Publicly available study source,1,1,0,1,1,0
ref_thakur_indian_anthracnose_populations_1998,ref_thakur_indian_anthracnose_populations_1998_greenhouse,anthracnose,disease_severity_score,greenhouse_isolate_cs031_surat,anthracnose_severity_score_1_9,Lower values indicate a more favorable response,Susceptible check,Publicly available study source,1,1,0,1,1,0
ref_thakur_indian_anthracnose_populations_1998,ref_thakur_indian_anthracnose_populations_1998_greenhouse,anthracnose,disease_severity_score,greenhouse_isolate_cs042_patancheru,anthracnose_severity_score_1_9,Lower values indicate a more favorable response,Differential line,Publicly available study source,14,14,0,14,14,0
ref_thakur_indian_anthracnose_populations_1998,ref_thakur_indian_anthracnose_populations_1998_greenhouse,anthracnose,disease_severity_score,greenhouse_isolate_cs042_patancheru,anthracnose_severity_score_1_9,Lower values indicate a more favorable response,Resistant check,Publicly available study source,1,1,0,1,1,0
ref_thakur_indian_anthracnose_populations_1998,ref_thakur_indian_anthracnose_populations_1998_greenhouse,anthracnose,disease_severity_score,greenhouse_isolate_cs042_patancheru,anthracnose_severity_score_1_9,Lower values indicate a more favorable response,Susceptible check,Publicly available study source,1,1,0,1,1,0
ref_thakur_indian_anthracnose_populations_1998,ref_thakur_indian_anthracnose_populations_1998_greenhouse,anthracnose,disease_severity_score,greenhouse_isolate_cs047_indore,anthracnose_severity_score_1_9,Lower values indicate a more favorable response,Differential line,Publicly available study source,14,14,0,14,14,0
ref_thakur_indian_anthracnose_populations_1998,ref_thakur_indian_anthracnose_populations_1998_greenhouse,anthracnose,disease_severity_score,greenhouse_isolate_cs047_indore,anthracnose_severity_score_1_9,Lower values indicate a more favorable response,Resistant check,Publicly available study source,1,1,0,1,1,0
ref_thakur_indian_anthracnose_populations_1998,ref_thakur_indian_anthracnose_populations_1998_greenhouse,anthracnose,disease_severity_score,greenhouse_isolate_cs047_indore,anthracnose_severity_score_1_9,Lower values indicate a more favorable response,Susceptible check,Publicly available study source,1,1,0,1,1,0
ref_thakur_indian_anthracnose_populations_1998,ref_thakur_indian_anthracnose_populations_1998_greenhouse,anthracnose,disease_severity_score,greenhouse_isolate_cs079_pantnagar,anthracnose_severity_score_1_9,Lower values indicate a more favorable response,Differential line,Publicly available study source,14,14,0,14,14,0
ref_thakur_indian_anthracnose_populations_1998,ref_thakur_indian_anthracnose_populations_1998_greenhouse,anthracnose,disease_severity_score,greenhouse_isolate_cs079_pantnagar,anthracnose_severity_score_1_9,Lower values indicate a more favorable response,Resistant check,Publicly available study source,1,1,0,1,1,0
ref_thakur_indian_anthracnose_populations_1998,ref_thakur_indian_anthracnose_populations_1998_greenhouse,anthracnose,disease_severity_score,greenhouse_isolate_cs079_pantnagar,anthracnose_severity_score_1_9,Lower values indicate a more favorable response,Susceptible check,Publicly available study source,1,1,0,1,1,0
ref_thakur_indian_anthracnose_populations_1998,ref_thakur_indian_anthracnose_populations_1998_greenhouse,anthracnose,disease_severity_score,greenhouse_isolate_cs080_dharwad,anthracnose_severity_score_1_9,Lower values indicate a more favorable response,Differential line,Publicly available study source,14,14,0,14,14,0
ref_thakur_indian_anthracnose_populations_1998,ref_thakur_indian_anthracnose_populations_1998_greenhouse,anthracnose,disease_severity_score,greenhouse_isolate_cs080_dharwad,anthracnose_severity_score_1_9,Lower values indicate a more favorable response,Resistant check,Publicly available study source,1,1,0,1,1,0
ref_thakur_indian_anthracnose_populations_1998,ref_thakur_indian_anthracnose_populations_1998_greenhouse,anthracnose,disease_severity_score,greenhouse_isolate_cs080_dharwad,anthracnose_severity_score_1_9,Lower values indicate a more favorable response,Susceptible check,Publicly available study source,1,1,0,1,1,0
ref_thakur_indian_anthracnose_populations_1998,ref_thakur_indian_anthracnose_populations_1998_greenhouse,anthracnose,latent_period_days,greenhouse_isolate_cs029_udaipur,days_to_symptom_development,Higher values indicate a more favorable response,Differential line,Publicly available study source,14,14,0,10,10,0
ref_thakur_indian_anthracnose_populations_1998,ref_thakur_indian_anthracnose_populations_1998_greenhouse,anthracnose,latent_period_days,greenhouse_isolate_cs029_udaipur,days_to_symptom_development,Higher values indicate a more favorable response,Resistant check,Publicly available study source,1,1,0,0,0,0
ref_thakur_indian_anthracnose_populations_1998,ref_thakur_indian_anthracnose_populations_1998_greenhouse,anthracnose,latent_period_days,greenhouse_isolate_cs029_udaipur,days_to_symptom_development,Higher values indicate a more favorable response,Susceptible check,Publicly available study source,1,1,0,1,1,0
ref_thakur_indian_anthracnose_populations_1998,ref_thakur_indian_anthracnose_populations_1998_greenhouse,anthracnose,latent_period_days,greenhouse_isolate_cs031_surat,days_to_symptom_development,Higher values indicate a more favorable response,Differential line,Publicly available study source,14,14,0,12,12,0
ref_thakur_indian_anthracnose_populations_1998,ref_thakur_indian_anthracnose_populations_1998_greenhouse,anthracnose,latent_period_days,greenhouse_isolate_cs031_surat,days_to_symptom_development,Higher values indicate a more favorable response,Resistant check,Publicly available study source,1,1,0,0,0,0
ref_thakur_indian_anthracnose_populations_1998,ref_thakur_indian_anthracnose_populations_1998_greenhouse,anthracnose,latent_period_days,greenhouse_isolate_cs031_surat,days_to_symptom_development,Higher values indicate a more favorable response,Susceptible check,Publicly available study source,1,1,0,1,1,0
ref_thakur_indian_anthracnose_populations_1998,ref_thakur_indian_anthracnose_populations_1998_greenhouse,anthracnose,latent_period_days,greenhouse_isolate_cs042_patancheru,days_to_symptom_development,Higher values indicate a more favorable response,Differential line,Publicly available study source,14,14,0,14,14,0
ref_thakur_indian_anthracnose_populations_1998,ref_thakur_indian_anthracnose_populations_1998_greenhouse,anthracnose,latent_period_days,greenhouse_isolate_cs042_patancheru,days_to_symptom_development,Higher values indicate a more favorable response,Resistant check,Publicly available study source,1,1,0,0,0,0
ref_thakur_indian_anthracnose_populations_1998,ref_thakur_indian_anthracnose_populations_1998_greenhouse,anthracnose,latent_period_days,greenhouse_isolate_cs042_patancheru,days_to_symptom_development,Higher values indicate a more favorable response,Susceptible check,Publicly available study source,1,1,0,1,1,0
ref_thakur_indian_anthracnose_populations_1998,ref_thakur_indian_anthracnose_populations_1998_greenhouse,anthracnose,latent_period_days,greenhouse_isolate_cs047_indore,days_to_symptom_development,Higher values indicate a more favorable response,Differential line,Publicly available study source,14,14,0,14,14,0
ref_thakur_indian_anthracnose_populations_1998,ref_thakur_indian_anthracnose_populations_1998_greenhouse,anthracnose,latent_period_days,greenhouse_isolate_cs047_indore,days_to_symptom_development,Higher values indicate a more favorable response,Resistant check,Publicly available study source,1,1,0,0,0,0
ref_thakur_indian_anthracnose_populations_1998,ref_thakur_indian_anthracnose_populations_1998_greenhouse,anthracnose,latent_period_days,greenhouse_isolate_cs047_indore,days_to_symptom_development,Higher values indicate a more favorable response,Susceptible check,Publicly available study source,1,1,0,1,1,0
ref_thakur_indian_anthracnose_populations_1998,ref_thakur_indian_anthracnose_populations_1998_greenhouse,anthracnose,latent_period_days,greenhouse_isolate_cs079_pantnagar,days_to_symptom_development,Higher values indicate a more favorable response,Differential line,Publicly available study source,14,14,0,13,13,0
ref_thakur_indian_anthracnose_populations_1998,ref_thakur_indian_anthracnose_populations_1998_greenhouse,anthracnose,latent_period_days,greenhouse_isolate_cs079_pantnagar,days_to_symptom_development,Higher values indicate a more favorable response,Resistant check,Publicly available study source,1,1,0,0,0,0
ref_thakur_indian_anthracnose_populations_1998,ref_thakur_indian_anthracnose_populations_1998_greenhouse,anthracnose,latent_period_days,greenhouse_isolate_cs079_pantnagar,days_to_symptom_development,Higher values indicate a more favorable response,Susceptible check,Publicly available study source,1,1,0,1,1,0
ref_thakur_indian_anthracnose_populations_1998,ref_thakur_indian_anthracnose_populations_1998_greenhouse,anthracnose,latent_period_days,greenhouse_isolate_cs080_dharwad,days_to_symptom_development,Higher values indicate a more favorable response,Differential line,Publicly available study source,14,14,0,14,14,0
ref_thakur_indian_anthracnose_populations_1998,ref_thakur_indian_anthracnose_populations_1998_greenhouse,anthracnose,latent_period_days,greenhouse_isolate_cs080_dharwad,days_to_symptom_development,Higher values indicate a more favorable response,Resistant check,Publicly available study source,1,1,0,1,1,0
ref_thakur_indian_anthracnose_populations_1998,ref_thakur_indian_anthracnose_populations_1998_greenhouse,anthracnose,latent_period_days,greenhouse_isolate_cs080_dharwad,days_to_symptom_development,Higher values indicate a more favorable response,Susceptible check,Publicly available study source,1,1,0,1,1,0
ref_thakur_indian_anthracnose_populations_1998,ref_thakur_indian_anthracnose_populations_1998_greenhouse,anthracnose,reported_reaction,greenhouse_isolate_cs029_udaipur,reported_R_MR_S_reaction,Resistant classification is favorable,Differential line,Publicly available study source,14,14,0,14,0,0
ref_thakur_indian_anthracnose_populations_1998,ref_thakur_indian_anthracnose_populations_1998_greenhouse,anthracnose,reported_reaction,greenhouse_isolate_cs029_udaipur,reported_R_MR_S_reaction,Resistant classification is favorable,Resistant check,Publicly available study source,1,1,0,1,0,0
ref_thakur_indian_anthracnose_populations_1998,ref_thakur_indian_anthracnose_populations_1998_greenhouse,anthracnose,reported_reaction,greenhouse_isolate_cs029_udaipur,reported_R_MR_S_reaction,Resistant classification is favorable,Susceptible check,Publicly available study source,1,1,0,1,0,0
ref_thakur_indian_anthracnose_populations_1998,ref_thakur_indian_anthracnose_populations_1998_greenhouse,anthracnose,reported_reaction,greenhouse_isolate_cs031_surat,reported_R_MR_S_reaction,Resistant classification is favorable,Differential line,Publicly available study source,14,14,0,14,0,0
ref_thakur_indian_anthracnose_populations_1998,ref_thakur_indian_anthracnose_populations_1998_greenhouse,anthracnose,reported_reaction,greenhouse_isolate_cs031_surat,reported_R_MR_S_reaction,Resistant classification is favorable,Resistant check,Publicly available study source,1,1,0,1,0,0
ref_thakur_indian_anthracnose_populations_1998,ref_thakur_indian_anthracnose_populations_1998_greenhouse,anthracnose,reported_reaction,greenhouse_isolate_cs031_surat,reported_R_MR_S_reaction,Resistant classification is favorable,Susceptible check,Publicly available study source,1,1,0,1,0,0
ref_thakur_indian_anthracnose_populations_1998,ref_thakur_indian_anthracnose_populations_1998_greenhouse,anthracnose,reported_reaction,greenhouse_isolate_cs042_patancheru,reported_R_MR_S_reaction,Resistant classification is favorable,Differential line,Publicly available study source,14,14,0,14,0,0
ref_thakur_indian_anthracnose_populations_1998,ref_thakur_indian_anthracnose_populations_1998_greenhouse,anthracnose,reported_reaction,greenhouse_isolate_cs042_patancheru,reported_R_MR_S_reaction,Resistant classification is favorable,Resistant check,Publicly available study source,1,1,0,1,0,0
ref_thakur_indian_anthracnose_populations_1998,ref_thakur_indian_anthracnose_populations_1998_greenhouse,anthracnose,reported_reaction,greenhouse_isolate_cs042_patancheru,reported_R_MR_S_reaction,Resistant classification is favorable,Susceptible check,Publicly available study source,1,1,0,1,0,0
ref_thakur_indian_anthracnose_populations_1998,ref_thakur_indian_anthracnose_populations_1998_greenhouse,anthracnose,reported_reaction,greenhouse_isolate_cs047_indore,reported_R_MR_S_reaction,Resistant classification is favorable,Differential line,Publicly available study source,14,14,0,14,0,0
ref_thakur_indian_anthracnose_populations_1998,ref_thakur_indian_anthracnose_populations_1998_greenhouse,anthracnose,reported_reaction,greenhouse_isolate_cs047_indore,reported_R_MR_S_reaction,Resistant classification is favorable,Resistant check,Publicly available study source,1,1,0,1,0,0
ref_thakur_indian_anthracnose_populations_1998,ref_thakur_indian_anthracnose_populations_1998_greenhouse,anthracnose,reported_reaction,greenhouse_isolate_cs047_indore,reported_R_MR_S_reaction,Resistant classification is favorable,Susceptible check,Publicly available study source,1,1,0,1,0,0
ref_thakur_indian_anthracnose_populations_1998,ref_thakur_indian_anthracnose_populations_1998_greenhouse,anthracnose,reported_reaction,greenhouse_isolate_cs079_pantnagar,reported_R_MR_S_reaction,Resistant classification is favorable,Differential line,Publicly available study source,14,14,0,14,0,0
ref_thakur_indian_anthracnose_populations_1998,ref_thakur_indian_anthracnose_populations_1998_greenhouse,anthracnose,reported_reaction,greenhouse_isolate_cs079_pantnagar,reported_R_MR_S_reaction,Resistant classification is favorable,Resistant check,Publicly available study source,1,1,0,1,0,0
ref_thakur_indian_anthracnose_populations_1998,ref_thakur_indian_anthracnose_populations_1998_greenhouse,anthracnose,reported_reaction,greenhouse_isolate_cs079_pantnagar,reported_R_MR_S_reaction,Resistant classification is favorable,Susceptible check,Publicly available study source,1,1,0,1,0,0
ref_thakur_indian_anthracnose_populations_1998,ref_thakur_indian_anthracnose_populations_1998_greenhouse,anthracnose,reported_reaction,greenhouse_isolate_cs080_dharwad,reported_R_MR_S_reaction,Resistant classification is favorable,Differential line,Publicly available study source,14,14,0,14,0,0
ref_thakur_indian_anthracnose_populations_1998,ref_thakur_indian_anthracnose_populations_1998_greenhouse,anthracnose,reported_reaction,greenhouse_isolate_cs080_dharwad,reported_R_MR_S_reaction,Resistant classification is favorable,Resistant check,Publicly available study source,1,1,0,1,0,0
ref_thakur_indian_anthracnose_populations_1998,ref_thakur_indian_anthracnose_populations_1998_greenhouse,anthracnose,reported_reaction,greenhouse_isolate_cs080_dharwad,reported_R_MR_S_reaction,Resistant classification is favorable,Susceptible check,Publicly available study source,1,1,0,1,0,0
ref_thakur_indian_anthracnose_populations_1998,ref_thakur_indian_anthracnose_populations_1998_greenhouse,anthracnose,virulence_index,greenhouse_isolate_cs029_udaipur,reported_virulence_index,Descriptive endpoint,Differential line,Publicly available study source,14,14,0,14,14,0
ref_thakur_indian_anthracnose_populations_1998,ref_thakur_indian_anthracnose_populations_1998_greenhouse,anthracnose,virulence_index,greenhouse_isolate_cs029_udaipur,reported_virulence_index,Descriptive endpoint,Resistant check,Publicly available study source,1,1,0,1,1,0
ref_thakur_indian_anthracnose_populations_1998,ref_thakur_indian_anthracnose_populations_1998_greenhouse,anthracnose,virulence_index,greenhouse_isolate_cs029_udaipur,reported_virulence_index,Descriptive endpoint,Susceptible check,Publicly available study source,1,1,0,1,1,0
ref_thakur_indian_anthracnose_populations_1998,ref_thakur_indian_anthracnose_populations_1998_greenhouse,anthracnose,virulence_index,greenhouse_isolate_cs031_surat,reported_virulence_index,Descriptive endpoint,Differential line,Publicly available study source,14,14,0,14,14,0
ref_thakur_indian_anthracnose_populations_1998,ref_thakur_indian_anthracnose_populations_1998_greenhouse,anthracnose,virulence_index,greenhouse_isolate_cs031_surat,reported_virulence_index,Descriptive endpoint,Resistant check,Publicly available study source,1,1,0,1,1,0
ref_thakur_indian_anthracnose_populations_1998,ref_thakur_indian_anthracnose_populations_1998_greenhouse,anthracnose,virulence_index,greenhouse_isolate_cs031_surat,reported_virulence_index,Descriptive endpoint,Susceptible check,Publicly available study source,1,1,0,1,1,0
ref_thakur_indian_anthracnose_populations_1998,ref_thakur_indian_anthracnose_populations_1998_greenhouse,anthracnose,virulence_index,greenhouse_isolate_cs042_patancheru,reported_virulence_index,Descriptive endpoint,Differential line,Publicly available study source,14,14,0,14,14,0
ref_thakur_indian_anthracnose_populations_1998,ref_thakur_indian_anthracnose_populations_1998_greenhouse,anthracnose,virulence_index,greenhouse_isolate_cs042_patancheru,reported_virulence_index,Descriptive endpoint,Resistant check,Publicly available study source,1,1,0,1,1,0
ref_thakur_indian_anthracnose_populations_1998,ref_thakur_indian_anthracnose_populations_1998_greenhouse,anthracnose,virulence_index,greenhouse_isolate_cs042_patancheru,reported_virulence_index,Descriptive endpoint,Susceptible check,Publicly available study source,1,1,0,1,1,0
ref_thakur_indian_anthracnose_populations_1998,ref_thakur_indian_anthracnose_populations_1998_greenhouse,anthracnose,virulence_index,greenhouse_isolate_cs047_indore,reported_virulence_index,Descriptive endpoint,Differential line,Publicly available study source,14,14,0,14,14,0
ref_thakur_indian_anthracnose_populations_1998,ref_thakur_indian_anthracnose_populations_1998_greenhouse,anthracnose,virulence_index,greenhouse_isolate_cs047_indore,reported_virulence_index,Descriptive endpoint,Resistant check,Publicly available study source,1,1,0,1,1,0
ref_thakur_indian_anthracnose_populations_1998,ref_thakur_indian_anthracnose_populations_1998_greenhouse,anthracnose,virulence_index,greenhouse_isolate_cs047_indore,reported_virulence_index,Descriptive endpoint,Susceptible check,Publicly available study source,1,1,0,1,1,0
ref_thakur_indian_anthracnose_populations_1998,ref_thakur_indian_anthracnose_populations_1998_greenhouse,anthracnose,virulence_index,greenhouse_isolate_cs079_pantnagar,reported_virulence_index,Descriptive endpoint,Differential line,Publicly available study source,14,14,0,14,14,0
ref_thakur_indian_anthracnose_populations_1998,ref_thakur_indian_anthracnose_populations_1998_greenhouse,anthracnose,virulence_index,greenhouse_isolate_cs079_pantnagar,reported_virulence_index,Descriptive endpoint,Resistant check,Publicly available study source,1,1,0,1,1,0
ref_thakur_indian_anthracnose_populations_1998,ref_thakur_indian_anthracnose_populations_1998_greenhouse,anthracnose,virulence_index,greenhouse_isolate_cs079_pantnagar,reported_virulence_index,Descriptive endpoint,Susceptible check,Publicly available study source,1,1,0,1,1,0
ref_thakur_indian_anthracnose_populations_1998,ref_thakur_indian_anthracnose_populations_1998_greenhouse,anthracnose,virulence_index,greenhouse_isolate_cs080_dharwad,reported_virulence_index,Descriptive endpoint,Differential line,Publicly available study source,14,14,0,14,14,0
ref_thakur_indian_anthracnose_populations_1998,ref_thakur_indian_anthracnose_populations_1998_greenhouse,anthracnose,virulence_index,greenhouse_isolate_cs080_dharwad,reported_virulence_index,Descriptive endpoint,Resistant check,Publicly available study source,1,1,0,1,1,0
ref_thakur_indian_anthracnose_populations_1998,ref_thakur_indian_anthracnose_populations_1998_greenhouse,anthracnose,virulence_index,greenhouse_isolate_cs080_dharwad,reported_virulence_index,Descriptive endpoint,Susceptible check,Publicly available study source,1,1,0,1,1,0
ref_thakur_indian_anthracnose_populations_1998,ref_thakur_indian_anthracnose_populations_1998_pathotype_summary,anthracnose,putative_pathotype,field_and_greenhouse_assays_combined,putative_pathotype_P1_P6,Descriptive endpoint,Pathogen isolate,Publicly available study source,6,6,0,6,0,0
ref_tomar_kansas_grain_mold_controls_2016,ref_tomar_kansas_grain_mold_controls_2016,grain_mold,field_panicle_grain_mold_rating_mean,ksu_agronomy_research_farm_manhattan_kansas_2014_f_thapsinum_inoculated_bagged,grain_mold_rating_1_5_1_less_than_1_percent_5_more_than_50_percent_molded,Lower values indicate a more favorable response,Moderately resistant or susceptible check,Publicly available study source,3,3,0,3,3,0
ref_tomar_kansas_grain_mold_controls_2016,ref_tomar_kansas_grain_mold_controls_2016,grain_mold,field_panicle_grain_mold_rating_mean,ksu_agronomy_research_farm_manhattan_kansas_2014_f_thapsinum_inoculated_bagged,grain_mold_rating_1_5_1_less_than_1_percent_5_more_than_50_percent_molded,Lower values indicate a more favorable response,Resistant check,Publicly available study source,2,2,0,2,2,0
ref_tomar_kansas_grain_mold_controls_2016,ref_tomar_kansas_grain_mold_controls_2016,grain_mold,field_panicle_grain_mold_rating_mean,ksu_agronomy_research_farm_manhattan_kansas_2014_f_thapsinum_inoculated_bagged,grain_mold_rating_1_5_1_less_than_1_percent_5_more_than_50_percent_molded,Lower values indicate a more favorable response,Susceptible check,Publicly available study source,3,3,0,1,1,0
ref_tomar_kansas_grain_mold_controls_2016,ref_tomar_kansas_grain_mold_controls_2016,grain_mold,field_panicle_grain_mold_rating_mean,ksu_agronomy_research_farm_manhattan_kansas_2014_f_thapsinum_not_inoculated_bagged,grain_mold_rating_1_5_1_less_than_1_percent_5_more_than_50_percent_molded,Lower values indicate a more favorable response,Moderately resistant or susceptible check,Publicly available study source,3,3,0,3,3,0
ref_tomar_kansas_grain_mold_controls_2016,ref_tomar_kansas_grain_mold_controls_2016,grain_mold,field_panicle_grain_mold_rating_mean,ksu_agronomy_research_farm_manhattan_kansas_2014_f_thapsinum_not_inoculated_bagged,grain_mold_rating_1_5_1_less_than_1_percent_5_more_than_50_percent_molded,Lower values indicate a more favorable response,Resistant check,Publicly available study source,2,2,0,2,2,0
ref_tomar_kansas_grain_mold_controls_2016,ref_tomar_kansas_grain_mold_controls_2016,grain_mold,field_panicle_grain_mold_rating_mean,ksu_agronomy_research_farm_manhattan_kansas_2014_f_thapsinum_not_inoculated_bagged,grain_mold_rating_1_5_1_less_than_1_percent_5_more_than_50_percent_molded,Lower values indicate a more favorable response,Susceptible check,Publicly available study source,3,3,0,1,1,0
ref_tomar_kansas_grain_mold_controls_2016,ref_tomar_kansas_grain_mold_controls_2016,grain_mold,field_panicle_grain_mold_rating_mean,ksu_agronomy_research_farm_manhattan_kansas_2014_f_thapsinum_not_inoculated_not_bagged,grain_mold_rating_1_5_1_less_than_1_percent_5_more_than_50_percent_molded,Lower values indicate a more favorable response,Moderately resistant or susceptible check,Publicly available study source,3,3,0,3,3,0
ref_tomar_kansas_grain_mold_controls_2016,ref_tomar_kansas_grain_mold_controls_2016,grain_mold,field_panicle_grain_mold_rating_mean,ksu_agronomy_research_farm_manhattan_kansas_2014_f_thapsinum_not_inoculated_not_bagged,grain_mold_rating_1_5_1_less_than_1_percent_5_more_than_50_percent_molded,Lower values indicate a more favorable response,Resistant check,Publicly available study source,2,2,0,2,2,0
ref_tomar_kansas_grain_mold_controls_2016,ref_tomar_kansas_grain_mold_controls_2016,grain_mold,field_panicle_grain_mold_rating_mean,ksu_agronomy_research_farm_manhattan_kansas_2014_f_thapsinum_not_inoculated_not_bagged,grain_mold_rating_1_5_1_less_than_1_percent_5_more_than_50_percent_molded,Lower values indicate a more favorable response,Susceptible check,Publicly available study source,3,3,0,1,1,0
ref_tomar_kansas_grain_mold_controls_2016,ref_tomar_kansas_grain_mold_controls_2016,grain_mold,field_panicle_grain_mold_rating_mean,ksu_agronomy_research_farm_manhattan_kansas_2015_f_thapsinum_inoculated_bagged,grain_mold_rating_1_5_1_less_than_1_percent_5_more_than_50_percent_molded,Lower values indicate a more favorable response,Moderately resistant or susceptible check,Publicly available study source,3,3,0,3,3,0
ref_tomar_kansas_grain_mold_controls_2016,ref_tomar_kansas_grain_mold_controls_2016,grain_mold,field_panicle_grain_mold_rating_mean,ksu_agronomy_research_farm_manhattan_kansas_2015_f_thapsinum_inoculated_bagged,grain_mold_rating_1_5_1_less_than_1_percent_5_more_than_50_percent_molded,Lower values indicate a more favorable response,Resistant check,Publicly available study source,2,2,0,2,2,0
ref_tomar_kansas_grain_mold_controls_2016,ref_tomar_kansas_grain_mold_controls_2016,grain_mold,field_panicle_grain_mold_rating_mean,ksu_agronomy_research_farm_manhattan_kansas_2015_f_thapsinum_inoculated_bagged,grain_mold_rating_1_5_1_less_than_1_percent_5_more_than_50_percent_molded,Lower values indicate a more favorable response,Susceptible check,Publicly available study source,3,3,0,3,3,0
ref_tomar_kansas_grain_mold_controls_2016,ref_tomar_kansas_grain_mold_controls_2016,grain_mold,field_panicle_grain_mold_rating_mean,ksu_agronomy_research_farm_manhattan_kansas_2015_f_thapsinum_not_inoculated_bagged,grain_mold_rating_1_5_1_less_than_1_percent_5_more_than_50_percent_molded,Lower values indicate a more favorable response,Moderately resistant or susceptible check,Publicly available study source,3,3,0,3,3,0
ref_tomar_kansas_grain_mold_controls_2016,ref_tomar_kansas_grain_mold_controls_2016,grain_mold,field_panicle_grain_mold_rating_mean,ksu_agronomy_research_farm_manhattan_kansas_2015_f_thapsinum_not_inoculated_bagged,grain_mold_rating_1_5_1_less_than_1_percent_5_more_than_50_percent_molded,Lower values indicate a more favorable response,Resistant check,Publicly available study source,2,2,0,2,2,0
ref_tomar_kansas_grain_mold_controls_2016,ref_tomar_kansas_grain_mold_controls_2016,grain_mold,field_panicle_grain_mold_rating_mean,ksu_agronomy_research_farm_manhattan_kansas_2015_f_thapsinum_not_inoculated_bagged,grain_mold_rating_1_5_1_less_than_1_percent_5_more_than_50_percent_molded,Lower values indicate a more favorable response,Susceptible check,Publicly available study source,3,3,0,3,3,0
ref_tomar_kansas_grain_mold_controls_2016,ref_tomar_kansas_grain_mold_controls_2016,grain_mold,field_panicle_grain_mold_rating_mean,ksu_agronomy_research_farm_manhattan_kansas_2015_f_thapsinum_not_inoculated_not_bagged,grain_mold_rating_1_5_1_less_than_1_percent_5_more_than_50_percent_molded,Lower values indicate a more favorable response,Moderately resistant or susceptible check,Publicly available study source,3,3,0,3,3,0
ref_tomar_kansas_grain_mold_controls_2016,ref_tomar_kansas_grain_mold_controls_2016,grain_mold,field_panicle_grain_mold_rating_mean,ksu_agronomy_research_farm_manhattan_kansas_2015_f_thapsinum_not_inoculated_not_bagged,grain_mold_rating_1_5_1_less_than_1_percent_5_more_than_50_percent_molded,Lower values indicate a more favorable response,Resistant check,Publicly available study source,2,2,0,2,2,0
ref_tomar_kansas_grain_mold_controls_2016,ref_tomar_kansas_grain_mold_controls_2016,grain_mold,field_panicle_grain_mold_rating_mean,ksu_agronomy_research_farm_manhattan_kansas_2015_f_thapsinum_not_inoculated_not_bagged,grain_mold_rating_1_5_1_less_than_1_percent_5_more_than_50_percent_molded,Lower values indicate a more favorable response,Susceptible check,Publicly available study source,3,3,0,3,3,0
ref_tomar_kansas_grain_mold_controls_2016,ref_tomar_kansas_grain_mold_controls_2016,grain_mold,threshed_grain_mold_rating_mean,ksu_agronomy_research_farm_manhattan_kansas_2014_f_thapsinum_inoculated_bagged,grain_mold_rating_1_5_1_less_than_1_percent_5_more_than_50_percent_molded,Lower values indicate a more favorable response,Moderately resistant or susceptible check,Publicly available study source,3,3,0,3,3,0
ref_tomar_kansas_grain_mold_controls_2016,ref_tomar_kansas_grain_mold_controls_2016,grain_mold,threshed_grain_mold_rating_mean,ksu_agronomy_research_farm_manhattan_kansas_2014_f_thapsinum_inoculated_bagged,grain_mold_rating_1_5_1_less_than_1_percent_5_more_than_50_percent_molded,Lower values indicate a more favorable response,Resistant check,Publicly available study source,2,2,0,2,2,0
ref_tomar_kansas_grain_mold_controls_2016,ref_tomar_kansas_grain_mold_controls_2016,grain_mold,threshed_grain_mold_rating_mean,ksu_agronomy_research_farm_manhattan_kansas_2014_f_thapsinum_inoculated_bagged,grain_mold_rating_1_5_1_less_than_1_percent_5_more_than_50_percent_molded,Lower values indicate a more favorable response,Susceptible check,Publicly available study source,3,3,0,1,1,0
ref_tomar_kansas_grain_mold_controls_2016,ref_tomar_kansas_grain_mold_controls_2016,grain_mold,threshed_grain_mold_rating_mean,ksu_agronomy_research_farm_manhattan_kansas_2014_f_thapsinum_not_inoculated_bagged,grain_mold_rating_1_5_1_less_than_1_percent_5_more_than_50_percent_molded,Lower values indicate a more favorable response,Moderately resistant or susceptible check,Publicly available study source,3,3,0,3,3,0
ref_tomar_kansas_grain_mold_controls_2016,ref_tomar_kansas_grain_mold_controls_2016,grain_mold,threshed_grain_mold_rating_mean,ksu_agronomy_research_farm_manhattan_kansas_2014_f_thapsinum_not_inoculated_bagged,grain_mold_rating_1_5_1_less_than_1_percent_5_more_than_50_percent_molded,Lower values indicate a more favorable response,Resistant check,Publicly available study source,2,2,0,2,2,0
ref_tomar_kansas_grain_mold_controls_2016,ref_tomar_kansas_grain_mold_controls_2016,grain_mold,threshed_grain_mold_rating_mean,ksu_agronomy_research_farm_manhattan_kansas_2014_f_thapsinum_not_inoculated_bagged,grain_mold_rating_1_5_1_less_than_1_percent_5_more_than_50_percent_molded,Lower values indicate a more favorable response,Susceptible check,Publicly available study source,3,3,0,1,1,0
ref_tomar_kansas_grain_mold_controls_2016,ref_tomar_kansas_grain_mold_controls_2016,grain_mold,threshed_grain_mold_rating_mean,ksu_agronomy_research_farm_manhattan_kansas_2014_f_thapsinum_not_inoculated_not_bagged,grain_mold_rating_1_5_1_less_than_1_percent_5_more_than_50_percent_molded,Lower values indicate a more favorable response,Moderately resistant or susceptible check,Publicly available study source,3,3,0,3,3,0
ref_tomar_kansas_grain_mold_controls_2016,ref_tomar_kansas_grain_mold_controls_2016,grain_mold,threshed_grain_mold_rating_mean,ksu_agronomy_research_farm_manhattan_kansas_2014_f_thapsinum_not_inoculated_not_bagged,grain_mold_rating_1_5_1_less_than_1_percent_5_more_than_50_percent_molded,Lower values indicate a more favorable response,Resistant check,Publicly available study source,2,2,0,2,2,0
ref_tomar_kansas_grain_mold_controls_2016,ref_tomar_kansas_grain_mold_controls_2016,grain_mold,threshed_grain_mold_rating_mean,ksu_agronomy_research_farm_manhattan_kansas_2014_f_thapsinum_not_inoculated_not_bagged,grain_mold_rating_1_5_1_less_than_1_percent_5_more_than_50_percent_molded,Lower values indicate a more favorable response,Susceptible check,Publicly available study source,3,3,0,1,1,0
ref_tomar_kansas_grain_mold_controls_2016,ref_tomar_kansas_grain_mold_controls_2016,grain_mold,threshed_grain_mold_rating_mean,ksu_agronomy_research_farm_manhattan_kansas_2015_f_thapsinum_inoculated_bagged,grain_mold_rating_1_5_1_less_than_1_percent_5_more_than_50_percent_molded,Lower values indicate a more favorable response,Moderately resistant or susceptible check,Publicly available study source,3,3,0,3,3,0
ref_tomar_kansas_grain_mold_controls_2016,ref_tomar_kansas_grain_mold_controls_2016,grain_mold,threshed_grain_mold_rating_mean,ksu_agronomy_research_farm_manhattan_kansas_2015_f_thapsinum_inoculated_bagged,grain_mold_rating_1_5_1_less_than_1_percent_5_more_than_50_percent_molded,Lower values indicate a more favorable response,Resistant check,Publicly available study source,2,2,0,2,2,0
ref_tomar_kansas_grain_mold_controls_2016,ref_tomar_kansas_grain_mold_controls_2016,grain_mold,threshed_grain_mold_rating_mean,ksu_agronomy_research_farm_manhattan_kansas_2015_f_thapsinum_inoculated_bagged,grain_mold_rating_1_5_1_less_than_1_percent_5_more_than_50_percent_molded,Lower values indicate a more favorable response,Susceptible check,Publicly available study source,3,3,0,3,3,0
ref_tomar_kansas_grain_mold_controls_2016,ref_tomar_kansas_grain_mold_controls_2016,grain_mold,threshed_grain_mold_rating_mean,ksu_agronomy_research_farm_manhattan_kansas_2015_f_thapsinum_not_inoculated_bagged,grain_mold_rating_1_5_1_less_than_1_percent_5_more_than_50_percent_molded,Lower values indicate a more favorable response,Moderately resistant or susceptible check,Publicly available study source,3,3,0,3,3,0
ref_tomar_kansas_grain_mold_controls_2016,ref_tomar_kansas_grain_mold_controls_2016,grain_mold,threshed_grain_mold_rating_mean,ksu_agronomy_research_farm_manhattan_kansas_2015_f_thapsinum_not_inoculated_bagged,grain_mold_rating_1_5_1_less_than_1_percent_5_more_than_50_percent_molded,Lower values indicate a more favorable response,Resistant check,Publicly available study source,2,2,0,2,2,0
ref_tomar_kansas_grain_mold_controls_2016,ref_tomar_kansas_grain_mold_controls_2016,grain_mold,threshed_grain_mold_rating_mean,ksu_agronomy_research_farm_manhattan_kansas_2015_f_thapsinum_not_inoculated_bagged,grain_mold_rating_1_5_1_less_than_1_percent_5_more_than_50_percent_molded,Lower values indicate a more favorable response,Susceptible check,Publicly available study source,3,3,0,3,3,0
ref_tomar_kansas_grain_mold_controls_2016,ref_tomar_kansas_grain_mold_controls_2016,grain_mold,threshed_grain_mold_rating_mean,ksu_agronomy_research_farm_manhattan_kansas_2015_f_thapsinum_not_inoculated_not_bagged,grain_mold_rating_1_5_1_less_than_1_percent_5_more_than_50_percent_molded,Lower values indicate a more favorable response,Moderately resistant or susceptible check,Publicly available study source,3,3,0,3,3,0
ref_tomar_kansas_grain_mold_controls_2016,ref_tomar_kansas_grain_mold_controls_2016,grain_mold,threshed_grain_mold_rating_mean,ksu_agronomy_research_farm_manhattan_kansas_2015_f_thapsinum_not_inoculated_not_bagged,grain_mold_rating_1_5_1_less_than_1_percent_5_more_than_50_percent_molded,Lower values indicate a more favorable response,Resistant check,Publicly available study source,2,2,0,2,2,0
ref_tomar_kansas_grain_mold_controls_2016,ref_tomar_kansas_grain_mold_controls_2016,grain_mold,threshed_grain_mold_rating_mean,ksu_agronomy_research_farm_manhattan_kansas_2015_f_thapsinum_not_inoculated_not_bagged,grain_mold_rating_1_5_1_less_than_1_percent_5_more_than_50_percent_molded,Lower values indicate a more favorable response,Susceptible check,Publicly available study source,3,3,0,3,3,0
senegal_head_smut_pathotype5,ahn_2024_head_smut_p5,head_smut,head_smut_p5_experiment_percent_incidence,greenhouse_p5_2020_10,percent_incidence_0_100,Lower values indicate a more favorable response,Test accession,Cited publication and associated public data file,306,306,0,306,306,0
senegal_seedling_anthracnose,ahn_2022_seedling_anthracnose,anthracnose,anthracnose_excised_leaf_ordinal_score,controlled_excised_leaf_fsp53,ordinal_1_5_anthracnose_excised_leaf,Lower values indicate a more favorable response,Reference check,Cited publication and associated public data file,36,36,0,36,36,0
senegal_seedling_anthracnose,ahn_2022_seedling_anthracnose,anthracnose,anthracnose_excised_leaf_ordinal_score,controlled_excised_leaf_fsp53,ordinal_1_5_anthracnose_excised_leaf,Lower values indicate a more favorable response,Test accession,Cited publication and associated public data file,1431,1431,0,1431,1431,1431
