Bibliography identifier,Title,Year,DOI,Authors,Source platforms,Matching sources in Table S1 (n),Source identifiers in Table S1,Landing URLs,Maximum reference count reported by source metadata (n),Matching source identifiers,Role in this review,Review note,Reference-list source,References captured (n)
prombib_001,Barley Accessions Resistant to Fusarium Head Blight and the Accumulation of Deoxynivalenol,1997,10.1007/bf03543855,Louis K. Prom; Brian J. Steffenson; Bacilio Salas; T. G. Fetch; Howard H. Casper,Crossref; OpenAlex,2,10.1007/bf03543855; https://openalex.org/W2613293701,https://doi.org/10.1007/bf03543855,5,,Literature context for another crop,,Literature context,
prombib_002,Fusarium Species Pathogenic to Barley and their Associated Toxins,1997,10.1007/bf03543759,Bacilio Salas; Brian J. Steffenson; Howard H. Casper; Louis K. Prom,OpenAlex,1,https://openalex.org/W2005943489,https://doi.org/10.1007/bf03543759,29,,Literature context for another crop,,Literature context,
prombib_003,Races of Pseudomonas syringae pv. glycinea on Commercial Soybean in Eastern North Dakota,1997,10.1094/pdis.1997.81.5.541,Louis K. Prom; J. R. Venette,OpenAlex,1,https://openalex.org/W2140498856,https://doi.org/10.1094/pdis.1997.81.5.541,21,,Literature context for another crop,,Literature context,
prombib_004,Development of Fusarium Head Blight and Accumulation of Deoxynivalenol in Barley Sampled at Different Growth Stages,1999,10.1094/asbcj-57-0060,Louis K. Prom; Richard D. Horsley; Brian J. Steffenson; Paul Schwarz,Crossref; OpenAlex,2,10.1094/asbcj-57-0060; https://openalex.org/W85482695,https://doi.org/10.1094/asbcj-57-0060,12,,Literature context for another crop,,Literature context,
prombib_005,Does function follow form? Principal QTLs for Fusarium head blight (FHB) resistance are coincident with QTLs for inflorescence traits and plant height in a doubled-haploid population of barley,1999,10.1007/s001220051328,Huayu Zhu; L. Gilchrist; Patrick M. Hayes; A. Kleinhofs; David Kudrna; Zhe Liu; Louis K. Prom; Brian J. Steffenson; Theerayut Toojinda; H. Vivar,Crossref; OpenAlex,2,10.1007/s001220051328; https://openalex.org/W2004803020,https://doi.org/10.1007/s001220051328,33,,Literature context for another crop,,Literature context,
prombib_006,Fusarium Species Pathogenic to Barley and Their Associated Mycotoxins,1999,10.1094/pdis.1999.83.7.667,Bacilio Salas; Brian J. Steffenson; Howard H. Casper; Beth K. Tacke; Louis K. Prom; T. G. Fetch; Paul Schwarz,OpenAlex,1,https://openalex.org/W3198940963,https://doi.org/10.1094/pdis.1999.83.7.667,25,,Literature context for another crop,,Literature context,
prombib_007,Mapping of Quantitative Trait Loci for Fusarium Head Blight Resistance in Barley,2000,10.1094/phyto.2000.90.10.1079,Zhengqiang Ma; Brian J. Steffenson; Louis K. Prom; Nora L. V. Lapitan,Crossref; OpenAlex,2,10.1094/phyto.2000.90.10.1079; https://openalex.org/W2070847957,https://doi.org/10.1094/phyto.2000.90.10.1079,35,,Literature context for another crop,,Literature context,
prombib_008,Effect of Fusarium graminearum and F. Poae infection on barley and malt quality,2001,,Pul B. Schwarz; Jürgen Schwarz; Alice Y. Zhou; Louis K. Prom; Brian J. Steffenson,OpenAlex,1,https://openalex.org/W2226586992,https://openalex.org/W2226586992,0,,Literature context for another crop,,Literature context,
prombib_009,Erratum: Mapping of quantitative trait loci for fusarium head blight resistance in barley: (Phytopathology (2000) 90:10 (1079-1088)),2001,,Zhengqiang Ma; Brian J. Steffenson; Louis K. Prom; Nora L. V. Lapitan,OpenAlex,1,https://openalex.org/W2599176427,https://experts.umn.edu/en/publications/erratum-mapping-of-quantitative-trait-loci-for-fusarium-head-blig,0,,Literature context for another crop,,Literature context,
prombib_010,"Laboratory, Greenhouse, and Field Assessment of Fourteen Fungicides for Activity Against Claviceps africana, Causal Agent of Sorghum Ergot.",2003,10.1094/pdis.2003.87.3.252,Louis K. Prom; Thomas Isakeit,Crossref; OpenAlex; PubMed; USDA NAL PubAg,4,10.1094/pdis.2003.87.3.252; 30812756; https://na91.alma.exlibrisgroup.com/primaws/rest/pub/pnxs/L/9915826701407426; https://openalex.org/W2016767255,https://doi.org/10.1094/pdis.2003.87.3.252; https://na91.alma.exlibrisgroup.com/primaws/rest/pub/pnxs/L/9915826701407426; https://pubmed.ncbi.nlm.nih.gov/30812756/,22,,Bibliographic context,,Publisher reference list,22
prombib_011,"Response of eight sorghum cultivars inoculated with Fusarium thapsinum, Curvularia lunata, and a mixture of the two fungi",2003,10.1016/s0261-2194(02)00246-6,Louis K. Prom; Ralph D. Waniska; Abdourhamane I. Kollo; William L. Rooney,Crossref; OpenAlex; USDA NAL PubAg,3,10.1016/s0261-2194(02)00246-6; https://na91.alma.exlibrisgroup.com/primaws/rest/pub/pnxs/L/9915681353007426; https://openalex.org/W2046368984,https://doi.org/10.1016/s0261-2194(02)00246-6; https://na91.alma.exlibrisgroup.com/primaws/rest/pub/pnxs/L/9915681353007426,24,prom_eight_cultivars_fungal_inoculation_2003,Linked to a source described in Table S1,,Publisher reference list,21
prombib_012,"Transmission of Claviceps africana Spores from Diseased to Non-Infected Sorghum by Corn Earworm Moths, Helicoverpa zea",2003,10.1300/j064v21n04_05,Louis K. Prom; Juan D. Lopez; Mohamed A. Latheef,Crossref; OpenAlex; USDA NAL PubAg,3,10.1300/j064v21n04_05; https://na91.alma.exlibrisgroup.com/primaws/rest/pub/pnxs/L/9916043615907426; https://openalex.org/W2010078543,https://doi.org/10.1300/j064v21n04_05; https://na91.alma.exlibrisgroup.com/primaws/rest/pub/pnxs/L/9916043615907426,16,,Bibliographic context,,Publisher reference list,16
prombib_013,"Effects of storage time, temperature, and age of sphacelia on viability of Claviceps africana conidia",2004,,N. Montes; Thomas Isakeit; Louis K. Prom; G. N. Odvody,OpenAlex,1,https://openalex.org/W2925126353,https://eurekamag.com/research/066/176/066176356.php,0,,Literature context for another crop,,Literature context,
prombib_014,Evaluation of Malian Sorghum Germplasm for Resistance Against Anthracnose,2004,10.3923/ppj.2004.65.71,John E. Erpeldi; Louis K. Prom,OpenAlex,1,https://openalex.org/W2089470562,https://doi.org/10.3923/ppj.2004.65.71,21,prom_mali_anthracnose_2004,Linked to a source described in Table S1,,Publisher reference list,22
prombib_015,"The Effects of Fusarium thapsinum, Curvularia lunata , and Their Combination on Sorghum Germination and Seed Mycoflora",2004,10.1300/j153v06n01_03,Louis K. Prom,Crossref; OpenAlex,2,10.1300/j153v06n01_03; https://openalex.org/W2073779916,https://doi.org/10.1300/j153v06n01_03,24,prom_cultivar_fungal_germination_2004,Linked to a source described in Table S1,,Publisher reference list,20
prombib_016,"Viability of Claviceps africana spores ingested by adult corn earworm moths, Helicoverpa zea (Boddie) (Lepidoptera: Noctuidae).",2004,10.1093/jee/97.3.764,Louis K. Prom; J. D. López,OpenAlex; PubMed,3,15279250; https://openalex.org/W2021946930; https://openalex.org/W4242351177,https://doi.org/10.1093/jee/97.3.764; https://doi.org/10.1603/0022-0493(2004)097[0764:vocasi]2.0.co;2; https://pubmed.ncbi.nlm.nih.gov/15279250/,11,,Literature context for another crop,,Literature context,
prombib_017,Inoculation Techniques for Identifying Resistance in Sorghum Genotypes to Sorghum Ergot,2005,10.1300/j153v07n01_02,Louis K. Prom; John E. Erpelding; Thomas Isakeit; Noé Montes-García,Crossref; OpenAlex,2,10.1300/j153v07n01_02; https://openalex.org/W2122541242,https://doi.org/10.1300/j153v07n01_02,17,prom_ergot_inoculation_genotypes_2005,Linked to a source described in Table S1,,Publisher reference list,17
prombib_018,Role of chitinase and sormatin accumulation in the resistance of sorghum cultivars to grain mold.,2005,10.1021/jf050367t,Louis K. Prom; Ralph D. Waniska; Abdourhamane I. Kollo; William L. Rooney; Feliciano P. Bejosano,Crossref; OpenAlex; PubMed,3,10.1021/jf050367t; 15998115; https://openalex.org/W2025499251,https://doi.org/10.1021/jf050367t; https://pubmed.ncbi.nlm.nih.gov/15998115/,18,prom_grain_mold_cultivars_2005,Linked to a source described in Table S1,,Publisher reference list,18
prombib_019,Survival of Claviceps africana Within Sorghum Panicles at Several Texas Locations.,2005,10.1094/pd-89-0039,Louis K. Prom; Thomas Isakeit; G. N. Odvody; Charlie M. Rush; Harold W. Kaufman; Noé Montes-García,Crossref; OpenAlex; PubMed,3,10.1094/pd-89-0039; 30795282; https://openalex.org/W2020173491,https://doi.org/10.1094/pd-89-0039; https://pubmed.ncbi.nlm.nih.gov/30795282/,24,,Bibliographic context,,Publisher reference list,24
prombib_020,Claviceps africana Spore Germination as Influenced by Components of Sorghum Floral Extracts,2006,10.3923/ajppaj.2007.12.17,Louis K. Prom,Crossref; OpenAlex,2,10.3923/ajppaj.2007.12.17; https://openalex.org/W2051274655,https://doi.org/10.3923/ajppaj.2007.12.17,0,,Bibliographic context,,Bibliographic metadata,0
prombib_021,Ergot Response for the Sorghum Genotype IS8525,2006,10.3923/ppj.2006.216.220,Louis K. Prom; John E. Erpelding,Crossref; OpenAlex,2,10.3923/ppj.2006.216.220; https://openalex.org/W2021120341,https://doi.org/10.3923/ppj.2006.216.220,18,prom_ergot_is8525_2006,Linked to a source described in Table S1,,Publisher reference list,16
prombib_022,"Seed Mycoflora for Grain Mold from Natural Infection in Sorghum Germplasm Grown at Isabela, Puerto Rico and their Association with Kernel Weight and Germination",2006,10.3923/ppj.2006.106.112,John E. Erpelding; Louis K. Prom,Crossref; OpenAlex,2,10.3923/ppj.2006.106.112; https://openalex.org/W2067659737,https://doi.org/10.3923/ppj.2006.106.112,22,prom_seed_mycoflora_pr_2006,Linked to a source described in Table S1,,Publisher reference list,20
prombib_023,"Variation for Anthracnose Resistance within the Sorghum Germplasm Collection from Mozambique, Africa",2006,10.3923/ppj.2006.28.34,John E. Erpelding; Louis K. Prom,Crossref; OpenAlex,2,10.3923/ppj.2006.28.34; https://openalex.org/W2090775053,https://doi.org/10.3923/ppj.2006.28.34,28,prom_mozambique_anthracnose_2006,Linked to a source described in Table S1,,Publisher reference list,28
prombib_024,Assessing the vulnerability of selected sorghum lines from the United States of America to long smut (Sporisorium ehrenbergii Vánky) disease,2007,10.1016/j.cropro.2007.03.011,Louis K. Prom; Ndiaga Cisse; Ousmane Ndoye,Crossref; OpenAlex,2,10.1016/j.cropro.2007.03.011; https://openalex.org/W2094219496,https://doi.org/10.1016/j.cropro.2007.03.011,18,prom_us_lines_long_smut_2007,Linked to a source described in Table S1,,Publisher reference list,18
prombib_025,Chinese sorghum germplasm evaluated for resistance to downy mildew and anthracnose,2007,,Louis K. Prom; John E. Erpelding; Noé Montes-García,OpenAlex,1,https://openalex.org/W184172012,http://agrobiol.sggw.pl/~cbcs/articles/CBCS_2_1_4.pdf,18,prom_chinese_downy_anthracnose_2007,Linked to a source described in Table S1,,OpenAlex citation links,18
prombib_026,"Diversidad Genética de Aislamientos de Cornezuelo (Claviceps africana Frederickson, Mantle y de Milliano) de Sorgo [Sorghum bicolor (L.) Moench.] en México",2007,,Víctor Pecina‐Quintero; Noé Montes-García; Héctor Williams-Alanís; Sanjuana Hernández‐Delgado; Netzahualcóyotl Mayek-Pérez; Louis K. Prom,OpenAlex,1,https://openalex.org/W1779921342,http://www.redalyc.org/articulo.oa?id=61225106,16,,Bibliographic context,,OpenAlex citation links,16
prombib_027,Effect of Storage Temperature and Sphacelium Age on Claviceps africana Conidia Survival,2007,10.3923/ppj.2007.312.317,Noé Montes-García; Thomas Isakeit; G. N. Odvody; Louis K. Prom; William L. Ronney,OpenAlex,1,https://openalex.org/W2075659169,https://doi.org/10.3923/ppj.2007.312.317,1,,Literature context for another crop,,Literature context,
prombib_028,"Disease Severity and Susceptibility of Sorghum [Sorghum bicolor (L.) Moench.] to Infection by Claviceps africana Frederickson, Mantle and de Milliano in Mexico and the United States of America",2008,,Noé Montes-García; Héctor Williams-Alanís; Louis K. Prom; Thomas Isakeit; G. N. Odvody; J. Narro-Sánchez; William L. Ronney,OpenAlex,1,https://openalex.org/W1662864960,http://scielo.unam.mx/pdf//rmfi/v26n2/v26n2a4.pdf,38,,Bibliographic context,,OpenAlex citation links,38
prombib_029,"Evaluation of Sorghum Germplasm from China against Claviceps africana , Causal Agent of Sorghum Ergot",2008,10.1094/php-2008-0519-01-rs,Louis K. Prom; John E. Erpelding; Noe Montes-Garcia,Crossref; OpenAlex; USDA NAL PubAg,3,10.1094/php-2008-0519-01-rs; https://na91.alma.exlibrisgroup.com/primaws/rest/pub/pnxs/L/9916265948607426; https://openalex.org/W2052325834,https://doi.org/10.1094/php-2008-0519-01-rs; https://na91.alma.exlibrisgroup.com/primaws/rest/pub/pnxs/L/9916265948607426,17,prom_china_ergot_2008,Linked to a source described in Table S1,,OpenAlex citation links,17
prombib_030,"Leaf-footed Bug, Leptoglossus phyllopus (Hemiptera: Coreidae), as a Potential Vector of Sorghum Fungal Pathogens",2008,10.3958/0147-1724-33.2.161,Louis K. Prom; Ramasamy Perumal,Crossref; OpenAlex; USDA NAL PubAg,3,10.3958/0147-1724-33.2.161; https://na91.alma.exlibrisgroup.com/primaws/rest/pub/pnxs/L/9915802898307426; https://openalex.org/W2087517353,https://doi.org/10.3958/0147-1724-33.2.161; https://na91.alma.exlibrisgroup.com/primaws/rest/pub/pnxs/L/9915802898307426,12,,Bibliographic context,,Publisher reference list,12
prombib_031,"Molecular mapping of Cg1, a gene for resistance to anthracnose (Colletotrichum sublineolum) in sorghum",2008,10.1007/s10681-008-9791-5,P. Ramasamy; Monica A. Menz; P. J. Mehta; Seriba Ousmane Katile; L. A. Gutierrez-Rojas; Robert R. Klein; Patricia E. Klein; Louis K. Prom; Jessica A. Schlueter; William L. Rooney; Clint Magill,Crossref; OpenAlex,2,10.1007/s10681-008-9791-5; https://openalex.org/W2126673750,https://doi.org/10.1007/s10681-008-9791-5,41,prom_cg1_anthracnose_mapping_2008,Linked to a source described in Table S1,,Publisher reference list,41
prombib_032,Mycotoxigenic Potential of Ten Fusarium species Grown on Sorghum and in vitro,2008,10.3923/ppj.2008.183.186,Thomas Isakeit; Louis K. Prom; Michael H. Wheeler; Lorraine S. Puckhab; Jinggao Liu,Crossref; OpenAlex,2,10.3923/ppj.2008.183.186; https://openalex.org/W2056345442,https://doi.org/10.3923/ppj.2008.183.186,23,,Bibliographic context,,Publisher reference list,22
prombib_033,"Severidad de la enfermedad y susceptibilidad del sorgo [Sorghum bicolor (L.) Moench.] a la infección por Claviceps africana Frederickson, Mantle y de Milliano en México y Los Estados Unidos de América",2008,,Noé Montes-García; Héctor Williams-Alanís; Louis K. Prom; Thomas Isakeit; G. N. Odvody; J. Narro-Sánchez; William L. Ronney,OpenAlex,1,https://openalex.org/W1545339672,http://www.scielo.org.mx/scielo.php?pid=S0185-33092008000200004&script=sci_arttext,0,,Bibliographic context,,Bibliographic metadata,0
prombib_034,Simple sequence repeat markers useful for sorghum downy mildew (Peronosclerospora sorghi) and related species.,2008,10.1186/1471-2156-9-77,Ramasamy Perumal; Padmavathi Nimmakayala; Saradha R. Erattaimuthu; Eun‐Gyu No; Umesh K. Reddy; Louis K. Prom; G. N. Odvody; Douglas G. Luster; Clint Magill,Crossref; OpenAlex; PubMed; USDA NAL PubAg,4,10.1186/1471-2156-9-77; 19040756; https://na91.alma.exlibrisgroup.com/primaws/rest/pub/pnxs/L/9915812371707426; https://openalex.org/W1968050313,https://doi.org/10.1186/1471-2156-9-77; https://na91.alma.exlibrisgroup.com/primaws/rest/pub/pnxs/L/9915812371707426; https://pubmed.ncbi.nlm.nih.gov/19040756/,63,prom_downy_mildew_markers_pathotypes_2008,Linked to a source described in Table S1,,Publisher reference list,63
prombib_035,A Pictorial Technique for Mass Screening of Sorghum Germplasm for Anthracnose (Colletotrichum sublineolum) Resistance,2009,10.2174/1874331500903010020,Louis K. Prom; Ramasamy Perumal; John Erpelding; Thomas Isakeit; Noe Montes-Garcia; Clint W. Magill,Crossref; OpenAlex,2,10.2174/1874331500903010020; https://openalex.org/W2051319277,https://doi.org/10.2174/1874331500903010020,16,ref_prom_anthracnose_screening_method_2009,Linked to a source described in Table S1,,OpenAlex citation links,16
prombib_036,Effect of temperature and relative humidity on sorghum ergot development in northern Mexico,2009,10.1071/ap09049,Noé Montes-García; Louis K. Prom; Héctor Williams-Alanís; Thomas Isakeit,Crossref; OpenAlex,2,10.1071/ap09049; https://openalex.org/W2086755280,https://doi.org/10.1071/ap09049,24,,Bibliographic context,,Publisher reference list,20
prombib_037,Expression of pathogenesis-related protein PR-10 in sorghum floral tissues in response to inoculation with Fusarium thapsinum and Curvularia lunata.,2009,10.1111/j.1364-3703.2009.00580.x,Seriba Ousmane Katile; Ramasamy Perumal; William L. Rooney; Louis K. Prom; Clint Magill,Crossref; OpenAlex; PubMed; USDA NAL PubAg,4,10.1111/j.1364-3703.2009.00580.x; 20078779; https://na91.alma.exlibrisgroup.com/primaws/rest/pub/pnxs/L/9915652613407426; https://openalex.org/W1975676426,https://doi.org/10.1111/j.1364-3703.2009.00580.x; https://na91.alma.exlibrisgroup.com/primaws/rest/pub/pnxs/L/9915652613407426; https://pubmed.ncbi.nlm.nih.gov/20078779/,50,prom_pr10_grain_mold_defense_2009,Linked to a source described in Table S1,,Publisher reference list,50
prombib_038,NEW SOURCES OF GRAIN MOLD RESISTANCE AMONG SORGHUM ACCESSIONS FROM SUDAN,2009,,Louis K. Prom; John E. Erpelding,OpenAlex,1,https://openalex.org/W1571239444,https://doaj.org/article/0631ad81de1a4ab1be92e1b87d8f5266,0,prom_sudan_grain_mold_sources_2009,Linked to a source described in Table S1,,Bibliographic metadata,0
prombib_039,Respuesta de germoplasma de sorgo de Etiopía a la antracnosis.,2009,10.46429/jaupr.v93i3-4.5467,John E. Erpelding; Louis K. Prom,OpenAlex,1,https://openalex.org/W289973005,https://doi.org/10.46429/jaupr.v93i3-4.5467,13,prom_ethiopia_anthracnose_2009_spanish,Broader sorghum literature context,,Literature context,
prombib_040,Efecto de Fungicidas Sistémicos en el Control de la Micobiota Parasítica del Grano de Sorgo [Sorghum bicolor (L.) Moench],2010,,Noé Montes-García; Louis K. Prom; Noé Montes-Rodríguez; Miguel Ángel García-Gracia; Víctor Pecina‐Quintero; Arturo Díaz-Franco,OpenAlex,1,https://openalex.org/W1486698796,http://www.redalyc.org/articulo.oa?id=61218468008,0,,Broader sorghum literature context,,Literature context,
prombib_041,Effect of Host Genotypes and Weather Variables on the Severity and Temporal Dynamics of Sorghum Anthracnose in Ethiopia,2010,10.3923/ppj.2010.39.46,Alemayehu Chala; Tolcha Techane Alemu; Louis K. Prom; Anne Marte Tronsmo,Crossref; OpenAlex,2,10.3923/ppj.2010.39.46; https://openalex.org/W2019015180,https://doi.org/10.3923/ppj.2010.39.46,16,prom_ethiopia_anthracnose_weather_2010,Linked to a source described in Table S1,,Publisher reference list,16
prombib_042,Effect of Systemic Fungicides in the Control of Sorghum [Sorghum bicolor (L.) Moench] Grain Parasitic Mycoflora,2010,,Noé Montes-García; Louis K. Prom; Noé Montes-Rodríguez; Miguel Ángel García-Gracia; Víctor Pecina‐Quintero; Arturo Díaz-Franco,OpenAlex,1,https://openalex.org/W166896384,https://openalex.org/W166896384,0,,Bibliographic context,,Bibliographic metadata,0
prombib_043,"Response of sorghum accessions from Chad and Uganda to natural infection by the downy mildew pathogen, Peronosclerospora sorghi in Mexico and the USA",2010,10.1007/bf03356326,Louis K. Prom; Noé Montes-García; John E. Erpelding; Ramasamy Perumal; S. Medina-Ocegueda,Crossref; OpenAlex,2,10.1007/bf03356326; https://openalex.org/W18690695,https://doi.org/10.1007/bf03356326,17,prom_chad_uganda_downy_mildew_2010,Linked to a source described in Table S1,,Publisher reference list,17
prombib_044,Effect of chitinase and thaumatin on mycelial growth of five sorghum (Sorghum bicolor (L.) Moench) grain molding fungi under in vitro conditions,2011,,Louis K. Prom; Jonathan N. Egilla,OpenAlex,1,https://openalex.org/W2139756855,http://jtropag.kau.in/index.php/ojs2/article/download/242/242,4,,Bibliographic context,,OpenAlex citation links,4
prombib_045,Evaluation of the Ugandan sorghum accessions for grain mold and anthracnose resistance,2011,10.1016/j.cropro.2010.12.025,Louis K. Prom; Thomas Isakeit; Ramasamy Perumal; John E. Erpelding; William L. Rooney; Clint Magill,Crossref; OpenAlex; USDA NAL PubAg,3,10.1016/j.cropro.2010.12.025; https://na91.alma.exlibrisgroup.com/primaws/rest/pub/pnxs/L/9915792712307426; https://openalex.org/W2035567917,https://doi.org/10.1016/j.cropro.2010.12.025; https://na91.alma.exlibrisgroup.com/primaws/rest/pub/pnxs/L/9915792712307426,32,prom_uganda_grain_mold_anthracnose_2011,Linked to a source described in Table S1,,Publisher reference list,31
prombib_046,"Screening Exotic Sorghum Germplasm, Hybrids, and Elite Lines for Resistance to a New Virulent Pathotype (P6) of Peronosclerospora sorghi Causing Downy Mildew",2011,10.1094/php-2011-0323-01-rs,Ghada L. Radwan; Ramasamy Perumal; Thomas Isakeit; Clint W. Magill; Louis K. Prom; Christopher R. Little,Crossref; OpenAlex; USDA NAL PubAg,3,10.1094/php-2011-0323-01-rs; https://na91.alma.exlibrisgroup.com/primaws/rest/pub/pnxs/L/9916294022507426; https://openalex.org/W2329185343,https://doi.org/10.1094/php-2011-0323-01-rs; https://na91.alma.exlibrisgroup.com/primaws/rest/pub/pnxs/L/9916294022507426,18,ref_radwan_downy_mildew_p6_2011,Linked to a source described in Table S1,,OpenAlex citation links,18
prombib_047,"Sorghum pathology and biotechnology - a fungal disease perspective: Part I. Grain mold, head smut, and ergot",2011,,Christopher R. Little; Ramasamy Perumal; Tesfaye Tesso; Louis K. Prom; G. N. Odvody; Clint Magill,OpenAlex,1,https://openalex.org/W2294438484,http://hdl.handle.net/2097/18396,104,,Bibliographic context,,OpenAlex citation links,104
prombib_048,Virulence and Molecular Genotyping Studies of Sporisorium reilianum Isolates in Sorghum.,2011,10.1094/pdis-10-10-0720,Louis K. Prom; Ramasamy Perumal; Saradha R. Erattaimuthu; John E. Erpelding; Noe Montes; Gary N. Odvody; Charles Greenwald; Zheyu Jin; Richard Frederiksen; Clint W. Magill,Crossref; OpenAlex; PubMed; USDA NAL PubAg,5,10.1094/pdis-10-10-0720; 30731955; https://na91.alma.exlibrisgroup.com/primaws/rest/pub/pnxs/L/9915608937807426; https://openalex.org/W2160721542; https://openalex.org/W3025019260,https://doi.org/10.1094/pdis-10-10-0720; https://eurekamag.com/research/066/250/066250120.php; https://na91.alma.exlibrisgroup.com/primaws/rest/pub/pnxs/L/9915608937807426; https://pubmed.ncbi.nlm.nih.gov/30731955/,27,prom_head_smut_virulence_2011,Linked to a source described in Table S1,,Publisher reference list,27
prombib_049,"Frequency and Diversity of Fungal Genera Contaminating the External Body Parts of Leaffooted Bug, Leptoglossus phyllopus (Heteroptera: Coreidae)",2012,10.2174/1874407901206010013,Louis K. Prom,OpenAlex,1,https://openalex.org/W2149145293,https://doi.org/10.2174/1874407901206010013,19,,Literature context for another crop,,Literature context,
prombib_050,Genetic diversity and pathotype determination of Colletotrichum sublineolum isolates causing anthracnose in sorghum,2012,10.1007/s10658-012-9946-z,Louis K. Prom; Ramasamy Perumal; Saradha R. Erattaimuthu; Christopher R. Little; Eun‐Gyu No; John E. Erpelding; William L. Rooney; G. N. Odvody; Clint Magill,Crossref; OpenAlex,2,10.1007/s10658-012-9946-z; https://openalex.org/W1975590206,https://doi.org/10.1007/s10658-012-9946-z,44,prom_anthracnose_pathotypes_2012,Linked to a source described in Table S1,,Publisher reference list,43
prombib_051,Genetic diversity of sweet sorghum germplasm in Mexico using AFLP and SSR markers,2012,10.1590/s0100-204x2012000800009,"Pecina-Quintero, V.; Anaya-Lopez, J.; Zamarripa-Colmenero, A.; Montes-Garcia, N.; Nunez-Colin, C.; Solis-Bonilla, J.; Aguila-Rangel, M.; Prom, L.K.",Crossref; OpenAlex; USDA-ARS TEKTRAN,3,10.1590/s0100-204x2012000800009; 324138; https://openalex.org/W2069695667,https://doi.org/10.1590/s0100-204x2012000800009; https://www.ars.usda.gov/research/publications/publication/?seqNo115=324138,37,,Broader sorghum literature context,,Literature context,
prombib_052,Isolation and characterization of the grain mold fungi Cochliobolus and Alternaria spp. from sorghum using semiselective media and DNA sequence analyses.,2012,10.1139/cjm-2012-0649,Deanna L. Funnell-Harris; Louis K. Prom; Jeffrey F. Pedersen,Crossref; OpenAlex; PubMed; USDA NAL PubAg,4,10.1139/cjm-2012-0649; 23461515; https://na91.alma.exlibrisgroup.com/primaws/rest/pub/pnxs/L/9915615241907426; https://openalex.org/W1881638023,https://doi.org/10.1139/cjm-2012-0649; https://na91.alma.exlibrisgroup.com/primaws/rest/pub/pnxs/L/9915615241907426; https://pubmed.ncbi.nlm.nih.gov/23461515/,63,,Bibliographic context,,Publisher reference list,59
prombib_053,Reaction to Rust by a Subset of Sorghum Accessions from Zimbabwe,2012,10.3923/ajppaj.2012.33.40,Hugo E. Cuevas; Louis K. Prom; Clint Magill,Crossref; OpenAlex,2,10.3923/ajppaj.2012.33.40; https://openalex.org/W2323963418,https://doi.org/10.3923/ajppaj.2012.33.40,2,prom_zimbabwe_rust_2012,Linked to a source described in Table S1,,Publisher reference list,2
prombib_054,"Response of Sorghum Accessions from Four African Countries against Colletotrichum sublineolum, Causal Agent of Sorghum Anthracnose",2012,10.4236/ajps.2012.31014,Louis K. Prom; John E. Erpelding; Ramasamy Perumal; Thomas Isakeit; Hugo E. Cuevas,Crossref; OpenAlex,2,10.4236/ajps.2012.31014; https://openalex.org/W2119963164,https://doi.org/10.4236/ajps.2012.31014,12,prom_four_country_anthracnose_2012,Linked to a source described in Table S1,,Publisher reference list,12
prombib_055,"Sorghum pathology and biotechnology - a fungal disease perspective: Part II. Anthracnose, stalk rot, and downy mildew",2012,,"Tesfaye Tesso; Ramasamy Perumal; Christopher R. Little; Adedayo Adeyanju; Radwan, Ghada L.; Louis K. Prom; Clint Magill",OpenAlex,1,https://openalex.org/W2291867975,http://hdl.handle.net/2097/18397,124,,Bibliographic context,,OpenAlex citation links,124
prombib_056,Assessment of molecular diversity and population structure of the Ethiopian sorghum [Sorghum bicolor (L.) Moench] germplasm collection maintained by the USDA–ARS National Plant Germplasm System using SSR markers,2013,10.1007/s10722-013-9956-5,Hugo E. Cuevas; Louis K. Prom,Crossref; OpenAlex; USDA NAL PubAg,3,10.1007/s10722-013-9956-5; https://na91.alma.exlibrisgroup.com/primaws/rest/pub/pnxs/L/9916294812507426; https://openalex.org/W1981165458,https://doi.org/10.1007/s10722-013-9956-5; https://na91.alma.exlibrisgroup.com/primaws/rest/pub/pnxs/L/9916294812507426,66,,Broader sorghum literature context,,Literature context,
prombib_057,"Effect of Fungicides on the Reaction of Sorghum Hybrids to Anthracnose in Burleson County, Texas, 2012",2013,,"Isakeit, T.; Collins, D.D.; Rooney, W.L.; Prom, L.K.",USDA-ARS TEKTRAN,1,293387,https://www.ars.usda.gov/research/publications/publication/?seqNo115=293387,0,,Bibliographic context,,Bibliographic metadata,0
prombib_058,Evaluation of sorghum accessions from Ethiopia and Mali against Fusarium thapsinum,2013,,Louis K. Prom; John E. Erpelding,OpenAlex,1,https://openalex.org/W1814644823,http://jtropag.kau.in/index.php/ojs2/article/download/286/286,0,prom_ethiopia_mali_fusarium_2013,Linked to a source described in Table S1,,Bibliographic metadata,0
prombib_059,"Response of near isogenic sorghum lines, differing at the P locus for plant color, to grain mold and head smut fungi",2013,10.1111/aab.12037,"Funnell-Harris, D.L.; Prom, L.K.; Sattler, S.E.",Crossref; OpenAlex; USDA-ARS TEKTRAN,4,10.1111/aab.12037; 293352; 296371; https://openalex.org/W2148822523,https://doi.org/10.1111/aab.12037; https://www.ars.usda.gov/research/publications/publication/?seqNo115=293352; https://www.ars.usda.gov/research/publications/publication/?seqNo115=296371,49,prom_near_isogenic_grain_mold_head_smut_2013,Linked to a source described in Table S1,,Publisher reference list,45
prombib_060,The impacts of lignin modifications on fungal pathogen and insect interactions in sorghum,2013,,"Sattler, S.E.; Clemente, T.E.; Funnell-Harris, D.L.; Dowd, P.F.; Prom, L.K.; Huang, Y.",USDA-ARS TEKTRAN,1,296706,https://www.ars.usda.gov/research/publications/publication/?seqNo115=296706,0,,Bibliographic context,,Bibliographic metadata,0
prombib_061,Assessments of genetic diversity and anthracnose disease response among Zimbabwe sorghum germplasm.,2014,10.1111/pbr.12133,"Cuevas, H.E.; Prom, L.K.; Erpelding, J.E.; Brotons, V.",Crossref; OpenAlex; USDA NAL PubAg; USDA-ARS TEKTRAN,4,10.1111/pbr.12133; 294850; https://na91.alma.exlibrisgroup.com/primaws/rest/pub/pnxs/L/9915760994907426; https://openalex.org/W2129575901,https://doi.org/10.1111/pbr.12133; https://na91.alma.exlibrisgroup.com/primaws/rest/pub/pnxs/L/9915760994907426; https://www.ars.usda.gov/research/publications/publication/?seqNo115=294850,48,prom_zimbabwe_anthracnose_2014,Linked to a source described in Table S1,,Publisher reference list,48
prombib_062,"Effect of fungicides on sorghum anthracnose and grain mold in Burleson County, Texas, 2013",2014,,"Isakeit, T.; Collins, S.; Rooney, W.L.; Prom, L.K.",USDA-ARS TEKTRAN,1,301662,https://www.ars.usda.gov/research/publications/publication/?seqNo115=301662,0,,Bibliographic context,,Bibliographic metadata,0
prombib_063,"Evaluation of Gambian and Malian sorghum germplasm against downy mildew pathogen, Peronosclerospora sorghi, in Mexico and the USA",2014,10.1007/s10327-014-0557-8,"Prom, L.K.; Perumal, R.; Montes-Garcia, N.; Isakeit, T.; Odvody, G.N.; Rooney, W.L.; Little, C.R.; Magill, C.",Crossref; OpenAlex; USDA NAL PubAg; USDA-ARS TEKTRAN,4,10.1007/s10327-014-0557-8; 301876; https://na91.alma.exlibrisgroup.com/primaws/rest/pub/pnxs/L/9916249307307426; https://openalex.org/W2062833110,https://doi.org/10.1007/s10327-014-0557-8; https://na91.alma.exlibrisgroup.com/primaws/rest/pub/pnxs/L/9916249307307426; https://www.ars.usda.gov/research/publications/publication/?seqNo115=301876,28,prom_gambia_mali_downy_mildew_2014,Linked to a source described in Table S1,,Publisher reference list,28
prombib_064,"Evaluation of selected sorghum lines and hybrids for resistance to grain mold and long smut fungi in Senegal, West Africa",2014,10.1094/php-rs-13-0128,"Prom, L.K.; Perumal, R.; Cisse, N.; Little, C.R.",Crossref; OpenAlex; USDA NAL PubAg; USDA-ARS TEKTRAN,4,10.1094/php-rs-13-0128; 301664; https://na91.alma.exlibrisgroup.com/primaws/rest/pub/pnxs/L/9916003367607426; https://openalex.org/W2331841582,https://doi.org/10.1094/php-rs-13-0128; https://na91.alma.exlibrisgroup.com/primaws/rest/pub/pnxs/L/9916003367607426; https://www.ars.usda.gov/research/publications/publication/?seqNo115=301664,25,prom_senegal_grain_mold_long_smut_2014,Linked to a source described in Table S1,,OpenAlex citation links,25
prombib_065,"INFLUENCE OF PLANTING DEPTHS ON THE INCIDENCE OF SORGHUM HEAD SMUT, CAUSED BY Sporisorium reilianum",2014,10.56369/tsaes.1706,Louis K. Prom; Noé Montes-García; G. N. Odvody,Crossref; OpenAlex,3,10.56369/tsaes.1706; https://openalex.org/W1556220262; https://openalex.org/W4311840934,http://dx.doi.org/10.56369/tsaes.1706; http://www.redalyc.org/articulo.oa?id=93930735014; https://doi.org/10.56369/tsaes.1706,0,prom_planting_depth_head_smut_2014,Linked to a source described in Table S1,,Bibliographic metadata,0
prombib_066,Inheritance and molecular mapping of anthracnose resistance genes present in sorghum line SC112-14,2014,10.1007/s11032-014-0151-y,"Cuevas, H.E.; Prom, L.K.; Erpelding, J.E.",Crossref; OpenAlex; USDA NAL PubAg; USDA-ARS TEKTRAN,4,10.1007/s11032-014-0151-y; 301073; https://na91.alma.exlibrisgroup.com/primaws/rest/pub/pnxs/L/9916037183707426; https://openalex.org/W2050133443,https://doi.org/10.1007/s11032-014-0151-y; https://na91.alma.exlibrisgroup.com/primaws/rest/pub/pnxs/L/9916037183707426; https://www.ars.usda.gov/research/publications/publication/?seqNo115=301073,42,prom_sc112_inheritance_mapping_2014,Linked to a source described in Table S1,,Publisher reference list,41
prombib_067,Mycoflora analysis of hybrid sorghum grain collected from different locations in South Texas,2014,10.9734/ajea/2015/14590,"Prom, L.K.; Perumal, R.; Jin, Z.; Radwan, G.; Isakeit, T.; Magill, C.",Crossref; OpenAlex; USDA-ARS TEKTRAN,3,10.9734/ajea/2015/14590; 311673; https://openalex.org/W1972566348,https://doi.org/10.9734/ajea/2015/14590; https://www.ars.usda.gov/research/publications/publication/?seqNo115=311673,16,prom_hybrid_seed_mycoflora_texas_2014,Linked to a source described in Table S1,,OpenAlex citation links,16
prombib_068,Tapping the US sweet sorghum collection to identify biofuel germplasm,2014,10.1007/s12355-014-0349-7,"Cuevas, H.E.; Prom, L.K.; Erpelding, J.E.",Crossref; OpenAlex; USDA NAL PubAg; USDA-ARS TEKTRAN,4,10.1007/s12355-014-0349-7; 307914; https://na91.alma.exlibrisgroup.com/primaws/rest/pub/pnxs/L/9915924006707426; https://openalex.org/W1992869157,https://doi.org/10.1007/s12355-014-0349-7; https://na91.alma.exlibrisgroup.com/primaws/rest/pub/pnxs/L/9915924006707426; https://www.ars.usda.gov/research/publications/publication/?seqNo115=307914,37,,Aggregate sorghum disease results described by the official abstract,The official abstract reports 925 accessions initially screened and a two-year disease trial involving 56 accessions and 17 reference lines. Publicly available materials provide the aggregate description.,Publisher reference list,36
prombib_069,Assessment of sorghum germplasm from Burkina Faso and South Africa to identify new sources of resistance to grain mold and anthracnose,2015,10.1016/j.cropro.2015.10.007,"Cuevas, H.E.; Prom, L.K.; Isakeit, T.; Radwan, G.",Crossref; OpenAlex; USDA NAL PubAg; USDA-ARS TEKTRAN,4,10.1016/j.cropro.2015.10.007; 315007; https://na91.alma.exlibrisgroup.com/primaws/rest/pub/pnxs/L/9916322758807426; https://openalex.org/W2179424635,https://doi.org/10.1016/j.cropro.2015.10.007; https://na91.alma.exlibrisgroup.com/primaws/rest/pub/pnxs/L/9916322758807426; https://www.ars.usda.gov/research/publications/publication/?seqNo115=315007,46,prom_burkina_south_africa_anthracnose_grain_mold_2015,Linked to a source described in Table S1,,Publisher reference list,46
prombib_070,"Effect of fungicides on sorghum anthracnose and grain mold in Burleson County, Texas, 2014",2015,,"Isakeit, T.; Collins, D.; Rooney, W.; Prom, L.K.",USDA-ARS TEKTRAN,1,312837,https://www.ars.usda.gov/research/publications/publication/?seqNo115=312837,0,,Bibliographic context,,Bibliographic metadata,0
prombib_071,Excised leaf method for high volume evaluation of sorghum germplasm for resistance against Colletotrichum sublineolum,2015,10.3923/ppj.2016.11.16,"Prom, L.K.; Cuevas, H.E.; Isakeit, T.; Droleskey, R.E.",Crossref; OpenAlex; USDA-ARS TEKTRAN,3,10.3923/ppj.2016.11.16; 322746; https://openalex.org/W2547749161,https://doi.org/10.3923/ppj.2016.11.16; https://www.ars.usda.gov/research/publications/publication/?seqNo115=322746,10,prom_excised_leaf_screen_2015,Linked to a source described in Table S1,,Publisher reference list,10
prombib_072,Genomic dissection of anthracnose resistance response in sorghum [ Sorghum bicolor (L.) Moench],2015,10.2172/1483281,Hugo E. Cuevas; Louis K. Prom; Joseph E. Knoll; Wilfred Vermerris,Crossref; OpenAlex,6,10.2172/1483281; 10.2172/1483287; 10.2172/1483779; https://openalex.org/W2922121639; https://openalex.org/W4240295067; https://openalex.org/W4385783581,https://doi.org/10.2172/1483281; https://doi.org/10.2172/1483287; https://doi.org/10.2172/1483779,0,,Bibliographic context,,Bibliographic metadata,0
prombib_073,Reaction of sorghum lines to zonate leaf spot and rough leaf spot,2015,10.1094/php-rs-15-0040,"Prom, L.K.; Isakeit, T.; Cuevas, H.E.; Rooney, W.; Perumal, R.; Magill, C.",Crossref; OpenAlex; USDA NAL PubAg; USDA-ARS TEKTRAN,4,10.1094/php-rs-15-0040; 322838; https://na91.alma.exlibrisgroup.com/primaws/rest/pub/pnxs/L/9916003351607426; https://openalex.org/W2883683815,https://doi.org/10.1094/php-rs-15-0040; https://na91.alma.exlibrisgroup.com/primaws/rest/pub/pnxs/L/9916003351607426; https://www.ars.usda.gov/research/publications/publication/?seqNo115=322838,4,prom_zonate_rough_leaf_spot_2015,Linked to a source described in Table S1,,OpenAlex citation links,4
prombib_074,The impact of weather conditions on response of sorghum genotypes to anthracnose (Colletotrichum sublineola) infection,2015,10.9734/ajea/2015/14589,"Prom, L.K.; Perumal, R.; Isakeit, T.; Radwan, G.; Rooney, W.; Magill, C.",Crossref; OpenAlex; USDA-ARS TEKTRAN,3,10.9734/ajea/2015/14589; 311676; https://openalex.org/W2003750242,https://doi.org/10.9734/ajea/2015/14589; https://www.ars.usda.gov/research/publications/publication/?seqNo115=311676,16,prom_weather_anthracnose_genotypes_2015,Linked to a source described in Table S1,,OpenAlex citation links,16
prombib_075,Assessing the vulnerability of sorghum converted lines to anthracnose and downy mildew infection,2016,,"Prom, L.K.; Perumal, R.; Cuevas, H.E.; Radwan, G.; Katile, S.; Isakeit, T.; Magill, C.",OpenAlex; USDA-ARS TEKTRAN,2,334817; https://openalex.org/W2624936655,https://econpapers.repec.org/article/arpjacarp/2016_3ap_3a101-106.htm; https://www.ars.usda.gov/research/publications/publication/?seqNo115=334817,0,prom_converted_lines_anthracnose_downy_2016,Linked to a source described in Table S1,,Bibliographic metadata,0
prombib_076,Effects of inoculation of Fusarium thapsinum and Curvularia lunata on mycoflora of sorghum grain and seed germination,2016,,"Katile, S.; Prom, L.K.; Diourte, M.; Rooney, W.L.; Magill, C.",USDA-ARS TEKTRAN,1,331459,https://www.ars.usda.gov/research/publications/publication/?seqNo115=331459,0,,Bibliographic context,,Bibliographic metadata,0
prombib_077,Grain biodeterioration of sorghum converted lines inoculated with a mixture of Fusarium thapsinum and Curvularia lunata,2016,10.3923/ppj.2017.19.24,"Prom, L.K.; Radwan, G.; Perumal, R.; Cuevas, H.E.; Katile, S.; Isakeit, T.; Magill, C.",Crossref; OpenAlex; USDA-ARS TEKTRAN,3,10.3923/ppj.2017.19.24; 334819; https://openalex.org/W2561521561,https://doi.org/10.3923/ppj.2017.19.24; https://www.ars.usda.gov/research/publications/publication/?seqNo115=334819,14,prom_converted_lines_grain_biodeterioration_2016,Linked to a source described in Table S1,,Publisher reference list,14
prombib_078,A pictorial illustration of the inhibition of mycelial growth and spore germination of various sorghum fungal pathogens by a Bacillus species,2017,,"Prom, L.K.; Medrano, E.G.; Isakeit, T.; Jacobsen, R.; Droleskey, R.E.",OpenAlex; USDA-ARS TEKTRAN,2,346844; https://openalex.org/W2802771719,https://www.ars.usda.gov/research/publications/publication/?seqNo115=346844; https://www.imedpub.com/articles/a-pictorial-illustration-of-the-inhibition-of-mycelial-growth-and-spore-germination-of-various-sorghum-fungal-pathogens-by-a-bacil.pdf,0,,Bibliographic context,,Bibliographic metadata,0
prombib_079,Aggressiveness of loose kernel smut isolate from Johnson grass on sorghum line BTx643,2017,,"Prom, L.K.; Magill, C.; Droleskey, R.E.",OpenAlex; USDA-ARS TEKTRAN,2,346838; https://openalex.org/W3155500161,https://ideas.repec.org/a/arp/jacarp/2017p94-96.html; https://www.ars.usda.gov/research/publications/publication/?seqNo115=346838,0,,Bibliographic context,,Bibliographic metadata,0
prombib_080,"Effect of fungicides on anthracnose and grain mold of sorghum in Wharton County, Texas, 2016",2017,,"Isakeit, T.; Prom, L.K.; Janak, T.; Grichar, J.",USDA-ARS TEKTRAN,1,336698,https://www.ars.usda.gov/research/publications/publication/?seqNo115=336698,0,,Bibliographic context,,Bibliographic metadata,0
prombib_081,Screening of sorghum lines against long smut and grain mold pathogens,2017,10.3923/ijpp.2017.23.27,"Prom, L.K.; Cisse, N.; Perumal, R.; Cuevas, H.E.",Crossref; OpenAlex; USDA-ARS TEKTRAN,3,10.3923/ijpp.2017.23.27; 346839; https://openalex.org/W2768241814,https://doi.org/10.3923/ijpp.2017.23.27; https://www.ars.usda.gov/research/publications/publication/?seqNo115=346839,9,prom_lines_long_smut_grain_mold_2017,Linked to a source described in Table S1,,Publisher reference list,9
prombib_082,Sorghum production and anthracnose disease management in future global energy and food security,2017,,"Prom, L.K.",USDA-ARS TEKTRAN,1,346925,https://www.ars.usda.gov/research/publications/publication/?seqNo115=346925,0,,Bibliographic context,,Bibliographic metadata,0
prombib_083,The role of plant pathology and plant pathology journals in future food security,2017,,"Prom, L.K.",OpenAlex; USDA-ARS TEKTRAN,2,346926; https://openalex.org/W2785866295,https://www.ars.usda.gov/research/publications/publication/?seqNo115=346926; https://www.imedpub.com/articles/the-role-of-plant-pathology-and-plant-pathology-journals-in-future-food-security.pdf,2,,Literature context for another crop,,Literature context,
prombib_084,Defense responses against the sorghum anthracnose pathogen in leaf blade and midrib tissue of johnsongrass and sorghum,2018,10.1016/j.pmpp.2018.12.008,"Ahn, E.; Prom, L.K.; Odvody, G.; Magill, C.",Crossref; OpenAlex; USDA NAL PubAg; USDA-ARS TEKTRAN,4,10.1016/j.pmpp.2018.12.008; 360532; https://na91.alma.exlibrisgroup.com/primaws/rest/pub/pnxs/L/9915999884407426; https://openalex.org/W2906309971,https://doi.org/10.1016/j.pmpp.2018.12.008; https://na91.alma.exlibrisgroup.com/primaws/rest/pub/pnxs/L/9915999884407426; https://www.ars.usda.gov/research/publications/publication/?seqNo115=360532,15,prom_leaf_tissue_anthracnose_defense_2018,Linked to a source described in Table S1,,Publisher reference list,15
prombib_085,Estimation of plant health in a sorghum field infected with anthracnose using a fixed-wing unmanned aerial system,2018,10.1080/15427528.2018.1535462,"Pugh, N.; Han, X.; Collins, D.; Thomasson, A.; Cope, D.; Chang, A.; Jung, J.; Isakeit, T.; Prom, L.K.; Carvalho, G.; Gates, I.; Vree, A.; Bagnall, G.; Rooney, W.",Crossref; OpenAlex; USDA NAL PubAg; USDA-ARS TEKTRAN,4,10.1080/15427528.2018.1535462; 353328; https://na91.alma.exlibrisgroup.com/primaws/rest/pub/pnxs/L/9916018767307426; https://openalex.org/W2899294079,https://doi.org/10.1080/15427528.2018.1535462; https://na91.alma.exlibrisgroup.com/primaws/rest/pub/pnxs/L/9916018767307426; https://www.ars.usda.gov/research/publications/publication/?seqNo115=353328,41,prom_uav_anthracnose_health_2018,Linked to a source described in Table S1,,Publisher reference list,41
prombib_086,Genome-wide association mapping of anthracnose (Collectotrichum sublineolun) resistance in the U.S. sorghum association panel,2018,10.3835/plantgenome2017.11.0099,"Cuevas, H.E.; Prom, L.K.; Cooper, E.A.; Knoll, J.E.; Ni, X.",Crossref; OpenAlex; PubMed; USDA NAL PubAg; USDA-ARS TEKTRAN,7,10.3835/plantgenome2017.11.0099; 30025025; 345522; 349495; 357887; https://na91.alma.exlibrisgroup.com/primaws/rest/pub/pnxs/L/9916081761907426; https://openalex.org/W2794789721,https://doi.org/10.3835/plantgenome2017.11.0099; https://na91.alma.exlibrisgroup.com/primaws/rest/pub/pnxs/L/9916081761907426; https://pubmed.ncbi.nlm.nih.gov/30025025/; https://www.ars.usda.gov/research/publications/publication/?seqNo115=345522; https://www.ars.usda.gov/research/publications/publication/?seqNo115=349495; https://www.ars.usda.gov/research/publications/publication/?seqNo115=357887,78,prom_sap_anthracnose_2018,Linked to a source described in Table S1,,Publisher reference list,76
prombib_087,"Inheritance of resistance of three sorghum lines to pathotypes of Colletotrichum sublineola, causal agent of anthracnose",2018,10.3923/ppj.2018.75.79,"Prom, L.K.; Cuevas, H.E.; Perumal, R.; Isakeit, T.; Magill, C.",Crossref; OpenAlex; USDA-ARS TEKTRAN,3,10.3923/ppj.2018.75.79; 358508; https://openalex.org/W2901637120,https://doi.org/10.3923/ppj.2018.75.79; https://www.ars.usda.gov/research/publications/publication/?seqNo115=358508,13,prom_three_line_anthracnose_inheritance_2018,Linked to a source described in Table S1,,Publisher reference list,13
prombib_088,Mycoflora analysis and other measured parameters of sorghum seeds collected from Puerto Rico and Mexico,2018,10.3923/ppj.2018.80.86,"Prom, L.K.; Cuevas, H.E.; Isakeit, T.; Perumal, R.; Erathaimuthu, S.",Crossref; OpenAlex; USDA-ARS TEKTRAN,3,10.3923/ppj.2018.80.86; 358493; https://openalex.org/W2900822012,https://doi.org/10.3923/ppj.2018.80.86; https://www.ars.usda.gov/research/publications/publication/?seqNo115=358493,14,prom_pr_mexico_seed_mycoflora_2018,Linked to a source described in Table S1,,Publisher reference list,14
prombib_089,Population structure of the NPGS Senegalese sorghum collection and its evaluation to identify new disease resistant genes,2018,10.1371/journal.pone.0191877,"Cuevas, H.E.; Prom, L.K.; Rosa, G.M.",Ag Data Commons/Figshare; Crossref; OpenAlex; PubMed; USDA-ARS TEKTRAN,13,10.1371/journal.pone.0191877; 29444109; 339320; 5888377; 5888386; 5888395; 5888410; 5888422; 5888434; 5888446; 5888458; 5888467; https://openalex.org/W2793930843,https://doi.org/10.1371/journal.pone.0191877; https://plos.figshare.com/articles/dataset/Allelic_diversity_of_NPGS_Senegal_sorghum_germplasm_populations_/5888446; https://plos.figshare.com/articles/dataset/Pairwise_estimates_of_F_sub_ST_sub_in_NPGS_Senegal_sorghum_populations_based_on_the_analysis_of_221_SSR_alleles_/5888434; https://plos.figshare.com/articles/dataset/Phenotype_analysis_of_NPGS_Senegal_sorghum_germplasm_populations_/5888458; https://plos.figshare.com/articles/dataset/Population_structure_of_the_NPGS_Senegalese_sorghum_collection_and_its_evaluation_to_identify_new_disease_resistant_genes/5888377; https://plos.figshare.com/articles/dataset/Seed_quality_of_NPGS_Senegal_sorghum_accessions_resistant_to_grain_mold_/5888467; https://plos.figshare.com/articles/figure/Distribution_of_allele_sharing_genetic_distance_among_158_NPGS_Senegal_sorghum_accessions_/5888386; https://plos.figshare.com/articles/figure/Neighbor-joining_tree_of_158_NPGS_Senegalese_accessions_/5888410; https://plos.figshare.com/articles/figure/Population_structure_analysis_of_158_NPGS_Senegalese_sorghum_accessions_/5888395; https://plos.figshare.com/articles/figure/Seed_quality_distribution_of_158_NPGS_Senegal_sorghum_accessions_and_three_references_lines_/5888422; https://pubmed.ncbi.nlm.nih.gov/29444109/; https://www.ars.usda.gov/research/publications/publication/?seqNo115=339320,56,prom_senegal_seed_quality_2018,Linked to a source described in Table S1,,Publisher reference list,52
prombib_090,Response of sorghum lines and hybrids from the United States to long smut and grain mold,2018,10.32861/jac.411.152.156,"Prom, L.K.; Cisse, N.; Perumal, R.; Cuevas, H.E.",OpenAlex; USDA-ARS TEKTRAN,2,358498; https://openalex.org/W4249596584,https://doi.org/10.32861/jac.411.152.156; https://www.ars.usda.gov/research/publications/publication/?seqNo115=358498,16,prom_us_lines_long_smut_grain_mold_2018,Linked to a source described in Table S1,,OpenAlex citation links,16
prombib_091,Responses of Johnsongrass against sorghum anthracnose isolates,2018,10.4172/2157-7471.1000442,"Ahn, E.; Prom, L.K.; Odvody, G.; Magill, C.",USDA-ARS TEKTRAN,1,354783,https://www.ars.usda.gov/research/publications/publication/?seqNo115=354783,0,,Bibliographic context,,Bibliographic metadata,0
prombib_092,Sorghum breeding for biotic stress tolerance,2018,10.19103/as.2017.0015.10,Ramasamy Perumal; Clint W. Magill; Gary C. Peterson; Louis K. Prom; Elfadil M. Bashir; Tesfaye T. Tesso; Desalegn D. Serba; Christopher R. Little,Crossref; OpenAlex; USDA-ARS TEKTRAN,3,10.19103/as.2017.0015.10; 340548; https://openalex.org/W2829147403,https://doi.org/10.19103/as.2017.0015.10; https://www.ars.usda.gov/research/publications/publication/?seqNo115=340548,0,,Bibliographic context,,Bibliographic metadata,0
prombib_093,"Sorghum breeding for biotic stress tolerance Texas AM Gary C. Peterson, Texas A&M AgriLife Research and University, USA",2018,10.1201/9781351114462-11,Louis K. Prom; Tesfaye T. Tesso; Elfadil M. Bashir,OpenAlex,1,https://openalex.org/W3096211763,https://www.taylorfrancis.com/books/e/9781351114462/chapters/10.1201/9781351114462-11,0,,Broader sorghum literature context,,Literature context,
prombib_094,Uncovering novel sources of anthracnose resistance in populations of genetically diverse sorghums (Final Report),2018,10.2172/1901798,Hugo E. Cuevas; Louis K. Prom; Joseph Knoll; Wilfred Vermerris; Jason G. Wallace,Crossref; OpenAlex,2,10.2172/1901798; https://openalex.org/W4391718257,http://doi.org/10.2172/1901798; https://doi.org/10.2172/1901798,0,prom_anthracnose_final_report_2018,Linked to a source described in Table S1,,Bibliographic metadata,0
prombib_095,Anthracnose resistant response of the USDA-NPGS sweet sorghum [Sorghum bicolor (L.)] germplasm collection,2019,,"Cuevas, H.E.; Prom, L.K.; Knoll, J.E.; Vermerris, W.",USDA-ARS TEKTRAN,1,362672,https://www.ars.usda.gov/research/publications/publication/?seqNo115=362672,0,,Bibliographic context,,Bibliographic metadata,0
prombib_096,"Genome wide association analysis of sorghum mini core lines regarding anthracnose, downy mildew, and head smut",2019,10.1371/journal.pone.0216671,"Ahn, E.; Hu, Z.; Perumal, R.; Prom, L.K.; Odvody, G.; Upadhyaya, H.; Magill, C.",Ag Data Commons/Figshare; Crossref; OpenAlex; PubMed; USDA-ARS TEKTRAN,11,10.1371/journal.pone.0216671; 31086384; 360823; 8125778; 8125784; 8125790; 8125799; 8125805; 8125811; 8125817; https://openalex.org/W2946817813,https://doi.org/10.1371/journal.pone.0216671; https://plos.figshare.com/articles/dataset/Top_SNPs_associated_with_anthracnose_/8125805; https://plos.figshare.com/articles/dataset/Top_SNPs_associated_with_downy_mildew_/8125811; https://plos.figshare.com/articles/dataset/Top_SNPs_associated_with_head_smut_/8125817; https://plos.figshare.com/articles/figure/Genome-wide_association_analysis_for_anthracnose_in_sorghum_mini_core_collection_/8125784; https://plos.figshare.com/articles/figure/Genome-wide_association_analysis_for_downy_mildew_in_sorghum_mini_core_collection_/8125790; https://plos.figshare.com/articles/figure/Genome-wide_association_analysis_for_head_smut_in_sorghum_mini_core_collection_/8125799; https://plos.figshare.com/articles/journal_contribution/Genome_wide_association_analysis_of_sorghum_mini_core_lines_regarding_anthracnose_downy_mildew_and_head_smut/8125778; https://pubmed.ncbi.nlm.nih.gov/31086384/; https://www.ars.usda.gov/research/publications/publication/?seqNo115=360823,72,prom_minicore_multidisease_2019,Linked to a source described in Table S1,,Publisher reference list,72
prombib_097,Genome-wide association mapping of anthracnose (Colletotrichum sublineolum) resistance in NPGS Ethiopian sorghum germplasm,2019,10.1534/g3.119.400350,"Cuevas, H.E.; Prom, L.K.; Cruet-Burgos, C.",Ag Data Commons/Figshare; Crossref; OpenAlex; PubMed; USDA-ARS TEKTRAN,5,10.1534/g3.119.400350; 31289022; 356659; 8127200; https://openalex.org/W2959236652,https://doi.org/10.1534/g3.119.400350; https://gsajournals.figshare.com/articles/dataset/Supplemental_Material_for_Cuevas_Prom_and_Cruet-Burgos_2019/8127200; https://pubmed.ncbi.nlm.nih.gov/31289022/; https://www.ars.usda.gov/research/publications/publication/?seqNo115=356659,40,prom_ethiopia_anthracnose_2019,Linked to a source described in Table S1,,Publisher reference list,40
prombib_098,Genome-wide association mapping of grain mold resistance in the U.S. sorghum association panel,2019,10.3835/plantgenome2018.09.0070,"Cuevas, H.E.; Fermin-Perez, R.A.; Prom, L.K.; Cooper, E.; Bean, S.R.; Rooney, W.L.",Crossref; OpenAlex; PubMed; USDA NAL PubAg; USDA-ARS TEKTRAN,5,10.3835/plantgenome2018.09.0070; 31290917; 357756; https://na91.alma.exlibrisgroup.com/primaws/rest/pub/pnxs/L/9916221421807426; https://openalex.org/W2936158364,https://doi.org/10.3835/plantgenome2018.09.0070; https://na91.alma.exlibrisgroup.com/primaws/rest/pub/pnxs/L/9916221421807426; https://pubmed.ncbi.nlm.nih.gov/31290917/; https://www.ars.usda.gov/research/publications/publication/?seqNo115=357756,61,prom_sap_grain_mold_pr_2019,Linked to a source described in Table S1,,Publisher reference list,61
prombib_099,GWAS analysis of sorghum association panel lines identifies SNPs associated with disease response to Texas isolates of Colletotrichum sublineola,2019,10.1007/s00122-019-03285-5,"Prom, L.K.; Ahn, E.; Isakeit, T.; Magill, C.",Crossref; OpenAlex; PubMed; USDA NAL PubAg; USDA-ARS TEKTRAN,5,10.1007/s00122-019-03285-5; 30688991; 352734; https://na91.alma.exlibrisgroup.com/primaws/rest/pub/pnxs/L/9916313853507426; https://openalex.org/W2912922003,https://doi.org/10.1007/s00122-019-03285-5; https://na91.alma.exlibrisgroup.com/primaws/rest/pub/pnxs/L/9916313853507426; https://pubmed.ncbi.nlm.nih.gov/30688991/; https://www.ars.usda.gov/research/publications/publication/?seqNo115=352734,52,prom_sap_texas_anthracnose_2019,Linked to a source described in Table S1,,Publisher reference list,50
prombib_100,Mating type a locus alleles and genomic polymorphism in Sporisorium reilianum: Comparison of sorghum isolates to those from maize,2019,10.1007/s13313-018-0607-3,"Radwan, G.; Prom, L.K.; Odvody, G.; Magill, C.",Crossref; OpenAlex; USDA-ARS TEKTRAN,3,10.1007/s13313-018-0607-3; 350264; https://openalex.org/W2907758493,https://doi.org/10.1007/s13313-018-0607-3; https://www.ars.usda.gov/research/publications/publication/?seqNo115=350264,35,,Bibliographic context,,Publisher reference list,35
prombib_101,New sources of sorghum resistant genotypes to downy mildew diseases in Uganda,2019,10.13057/biodiv/d201136,"Kumi, F.; Badji, A.; Mwila, N.; Odong, T.; Ochwossemakula, M.; Tusiime, G.; Gibson, P.; Biruma, M.; Prom, L.K.; Cuevas, H.E.; Agbahoungba, S.; Rubaihayo, P.",OpenAlex; USDA NAL PubAg; USDA-ARS TEKTRAN,3,370061; https://na91.alma.exlibrisgroup.com/primaws/rest/pub/pnxs/L/9915808789707426; https://openalex.org/W3000584243,https://doi.org/10.13057/biodiv/d201136; https://na91.alma.exlibrisgroup.com/primaws/rest/pub/pnxs/L/9915808789707426; https://www.ars.usda.gov/research/publications/publication/?seqNo115=370061,19,prom_uganda_downy_mildew_2019,Linked to a source described in Table S1,,OpenAlex citation links,19
prombib_102,Response to anthracnose and germination rate of Colletotrichum sublineola acervuli of greenhouse-grown sorghum,2019,10.32861/jac.512.266.269,"Prom, L.K.; Isakeit, T.; Radwan, G.",USDA-ARS TEKTRAN,1,370076,https://www.ars.usda.gov/research/publications/publication/?seqNo115=370076,0,,Bibliographic context,,Bibliographic metadata,0
prombib_103,"Evaluation of genetic diversity, agronomic traits, and anthracnose resistance in the NPGS Sudan sorghum core collection",2020,10.1186/s12864-020-6489-0,"Cuevas, H.E.; Prom, L.K.",Ag Data Commons/Figshare; Crossref; OpenAlex; PubMed; USDA-ARS TEKTRAN,9,10.1186/s12864-020-6489-0; 11759763; 11759772; 11759775; 11759781; 31992189; 368083; https://openalex.org/W3005788711; https://openalex.org/W4394391601,https://doi.org/10.1186/s12864-020-6489-0; https://doi.org/10.6084/m9.figshare.11759763; https://pubmed.ncbi.nlm.nih.gov/31992189/; https://springernature.figshare.com/articles/dataset/Additional_file_1_of_Evaluation_of_genetic_diversity_agronomic_traits_and_anthracnose_resistance_in_the_NPGS_Sudan_Sorghum_Core_collection/11759763; https://springernature.figshare.com/articles/figure/Additional_file_2_of_Evaluation_of_genetic_diversity_agronomic_traits_and_anthracnose_resistance_in_the_NPGS_Sudan_Sorghum_Core_collection/11759772; https://springernature.figshare.com/articles/figure/Additional_file_3_of_Evaluation_of_genetic_diversity_agronomic_traits_and_anthracnose_resistance_in_the_NPGS_Sudan_Sorghum_Core_collection/11759775; https://springernature.figshare.com/articles/figure/Additional_file_4_of_Evaluation_of_genetic_diversity_agronomic_traits_and_anthracnose_resistance_in_the_NPGS_Sudan_Sorghum_Core_collection/11759781; https://www.ars.usda.gov/research/publications/publication/?seqNo115=368083,79,prom_sudan_anthracnose_2020,Linked to a source described in Table S1,,Publisher reference list,76
prombib_104,Genome-wide association analysis of anthracnose resistance response in the NPGS sweet sorghum collection,2020,,"Cuevas, H.E.; Prom, L.K.; Knoll, J.E.; Wallace, J.; Vermerris, W.",USDA-ARS TEKTRAN,1,371662,https://www.ars.usda.gov/research/publications/publication/?seqNo115=371662,0,,Bibliographic context,,Bibliographic metadata,0
prombib_105,"Genome-wide association study of grain mold resistance in sorghum association panel as affected by inoculation with Alternaria alternata alone and Alternaria alternata, Fusarium thapsinum, and Curvularia lunata combined",2020,10.1007/s10658-020-02036-3,"Prom, L.K.; Cuevas, H.E.; Ahn, E.; Isakeit, T.; Rooney, W.; Magill, C.",Crossref; OpenAlex; USDA NAL PubAg; USDA-ARS TEKTRAN,4,10.1007/s10658-020-02036-3; 370073; https://na91.alma.exlibrisgroup.com/primaws/rest/pub/pnxs/L/9916304914407426; https://openalex.org/W3040082478,https://doi.org/10.1007/s10658-020-02036-3; https://na91.alma.exlibrisgroup.com/primaws/rest/pub/pnxs/L/9916304914407426; https://www.ars.usda.gov/research/publications/publication/?seqNo115=370073,92,prom_sap_grain_mold_texas_2020,Linked to a source described in Table S1,,Publisher reference list,87
prombib_106,Genomic dissection of anthracnose (Colletotrichum sublineolum) resistance response in sorghum differential line SC112-14,2020,10.1534/g3.120.401121,"Cruet-Burgos, C.M.; Cuevas, H.E.; Prom, L.K.; Knoll, J.E.; Stutts, L.; Vermerris, W.",Ag Data Commons/Figshare; Crossref; OpenAlex; PubMed; USDA-ARS TEKTRAN,5,10.1534/g3.120.401121; 11794347; 32102832; 370440; https://openalex.org/W3006977527,https://doi.org/10.1534/g3.120.401121; https://gsajournals.figshare.com/articles/dataset/Supplemental_Material_for_Cruet-Burgos_et_al_2020/11794347; https://pubmed.ncbi.nlm.nih.gov/32102832/; https://www.ars.usda.gov/research/publications/publication/?seqNo115=370440,49,prom_sc112_ril_anthracnose_2020,Linked to a source described in Table S1,,Publisher reference list,48
prombib_107,Late growth stages of johnsongrass can act as an alternate host of Colletotrichum sublineola,2020,10.1094/php-11-19-0084-rs,"Ahn, E.; Odvody, G.; Prom, L.K.; Magill, C.",Crossref; OpenAlex; USDA NAL PubAg; USDA-ARS TEKTRAN,4,10.1094/php-11-19-0084-rs; 370952; https://na91.alma.exlibrisgroup.com/primaws/rest/pub/pnxs/L/9915856091407426; https://openalex.org/W3004754023,https://doi.org/10.1094/php-11-19-0084-rs; https://na91.alma.exlibrisgroup.com/primaws/rest/pub/pnxs/L/9915856091407426; https://www.ars.usda.gov/research/publications/publication/?seqNo115=370952,17,,Bibliographic context,,Publisher reference list,17
prombib_108,"Leaf angle distribution in Johnsongrass, leaf thickness in sorghum and Johnsongrass, and association with response to Colletotrichum sublineola.",2020,10.1038/s41598-020-79473-x,Ezekiel Ahn; G. N. Odvody; Louis K. Prom; Clint Magill,Crossref; OpenAlex; PubMed,3,10.1038/s41598-020-79473-x; 33339866; https://openalex.org/W3114599739,https://doi.org/10.1038/s41598-020-79473-x; https://pubmed.ncbi.nlm.nih.gov/33339866/,24,prom_leaf_traits_anthracnose_2020,Linked to a source described in Table S1,,Publisher reference list,24
prombib_109,Response of the set of anthracnose differentials to other foliar and panicle diseases in Niger,2020,10.32861/jac.61.1.4,"Prom, L.K.; Adamou, I.; Haougui, A.; Abdoulkadri, A.A.; Karimou, I.; Ali, O.; Magill, C.",OpenAlex; USDA NAL PubAg; USDA-ARS TEKTRAN,3,370940; https://na91.alma.exlibrisgroup.com/primaws/rest/pub/pnxs/L/9916168499507426; https://openalex.org/W3003332430,https://doi.org/10.32861/jac.61.1.4; https://na91.alma.exlibrisgroup.com/primaws/rest/pub/pnxs/L/9916168499507426; https://www.ars.usda.gov/research/publications/publication/?seqNo115=370940,9,prom_differentials_other_diseases_niger_2020,Linked to a source described in Table S1,,OpenAlex citation links,9
prombib_110,Screening sorghum accessions for resistance against anthracnose and grain mold through inoculating with pathogens,2020,10.9734/jeai/2020/v42i130453,"Prom, L.K.; Cuevas, H.E.; Isakeit, T.; Magill, C.",Crossref; OpenAlex; USDA NAL PubAg; USDA-ARS TEKTRAN,4,10.9734/jeai/2020/v42i130453; 370098; https://na91.alma.exlibrisgroup.com/primaws/rest/pub/pnxs/L/9916168492007426; https://openalex.org/W3048550785,https://doi.org/10.9734/jeai/2020/v42i130453; https://na91.alma.exlibrisgroup.com/primaws/rest/pub/pnxs/L/9916168492007426; https://www.ars.usda.gov/research/publications/publication/?seqNo115=370098,28,prom_accession_anthracnose_grain_mold_2020,Linked to a source described in Table S1,,OpenAlex citation links,28
prombib_111,"Sorghum seed fungal community and their association with grain mold severity, seed weight, and germination rate",2020,10.32861/jac.71.14.19,"Prom, L.K.; Isakeit, T.; Cuevas, H.E.; Erattaimuthu, S.; Jacobsen, R.",Crossref; OpenAlex; USDA NAL PubAg; USDA-ARS TEKTRAN,4,10.32861/jac.71.14.19; 379162; https://na91.alma.exlibrisgroup.com/primaws/rest/pub/pnxs/L/9915858772607426; https://openalex.org/W3108059130,https://doi.org/10.32861/jac.71.14.19; https://na91.alma.exlibrisgroup.com/primaws/rest/pub/pnxs/L/9915858772607426; https://www.ars.usda.gov/research/publications/publication/?seqNo115=379162,14,prom_sap_seed_fungal_community_2020,Linked to a source described in Table S1,,OpenAlex citation links,14
prombib_112,Survey of the prevalence and incidence of foliar and panicle diseases of sorghum across production fields in Niger,2020,10.3923/ppj.2020.106.113,"Prom, L.K.; Haougui, A.; Adamou, I.; Abdoulkadri, A.A.; Karimou, I.; Ali, O.; Magill, C.",Crossref; OpenAlex; USDA-ARS TEKTRAN,3,10.3923/ppj.2020.106.113; 370938; https://openalex.org/W3015861384,https://doi.org/10.3923/ppj.2020.106.113; https://www.ars.usda.gov/research/publications/publication/?seqNo115=370938,12,prom_niger_disease_survey_2020,Linked to a source described in Table S1,,Publisher reference list,12
prombib_113,"The occurrence and distribution of sorghum diseases in major production regions of Senegal, West Africa",2020,10.3923/ppj.2021.1.10,"Prom, L.K.; Sarr, M.; Diatta, C.; Ngom, A.; Aidara, O.; Cisse, N.; Magill, C.",Crossref; OpenAlex; USDA-ARS TEKTRAN,3,10.3923/ppj.2021.1.10; 379159; https://openalex.org/W3135462015,https://doi.org/10.3923/ppj.2021.1.10; https://www.ars.usda.gov/research/publications/publication/?seqNo115=379159,21,prom_senegal_disease_occurrence_2020,Linked to a source described in Table S1,,Publisher reference list,21
prombib_114,"Author Correction: Leaf angle distribution in Johnsongrass, leaf thickness in sorghum and Johnsongrass, and association with response to Colletotrichum sublineola.",2021,10.1038/s41598-021-89272-7,Ezekiel Ahn; G. N. Odvody; Louis K. Prom; Clint Magill,Crossref; OpenAlex; PubMed,3,10.1038/s41598-021-89272-7; 33963263; https://openalex.org/W3157949691,https://doi.org/10.1038/s41598-021-89272-7; https://pubmed.ncbi.nlm.nih.gov/33963263/,0,prom_leaf_angle_correction_2021,Linked to a source described in Table S1,,Bibliographic metadata,0
prombib_115,"Correlations among grain mold severity, seed weight, and germination rate of sorghum association panel lines inoculated with Alternaria alternata, Fusarium thapsinum, and Curvularia lunata",2021,10.32861/jac.81.7.11,"Prom, L.K.; Ahn, E.; Isakeit, T.; Magill, C.",Crossref; OpenAlex; USDA NAL PubAg; USDA-ARS TEKTRAN,4,10.32861/jac.81.7.11; 389001; https://na91.alma.exlibrisgroup.com/primaws/rest/pub/pnxs/L/9915617078407426; https://openalex.org/W3216090429,https://doi.org/10.32861/jac.81.7.11; https://na91.alma.exlibrisgroup.com/primaws/rest/pub/pnxs/L/9915617078407426; https://www.ars.usda.gov/research/publications/publication/?seqNo115=389001,15,prom_sap_grain_mold_correlations_2021,Linked to a source described in Table S1,,OpenAlex citation links,15
prombib_116,Diseases of Johnsongrass ( Sorghum halepense ): possible role as a reservoir of pathogens affecting other plants,2021,10.1017/wsc.2021.31,Ezekiel Ahn; Louis K. Prom; Clint Magill,Crossref; OpenAlex; USDA NAL PubAg,3,10.1017/wsc.2021.31; https://na91.alma.exlibrisgroup.com/primaws/rest/pub/pnxs/L/9915865595207426; https://openalex.org/W3155203953,https://doi.org/10.1017/wsc.2021.31; https://na91.alma.exlibrisgroup.com/primaws/rest/pub/pnxs/L/9915865595207426,141,,Bibliographic context,,Publisher reference list,137
prombib_117,Diversity and frequency of fungal genera from sorghum lines inoculated with Alternaria alternata alone and in combination with Curvularia lunata and Fusarium thapsinum in a field infected with anthracnose,2021,10.33495/jacr_v9i11.21.166,"Prom, L.K.; Isakeit, T.",Crossref; OpenAlex; USDA-ARS TEKTRAN,3,10.33495/jacr_v9i11.21.166; 389215; https://openalex.org/W4210378888,https://doi.org/10.33495/jacr_v9i11.21.166; https://www.ars.usda.gov/research/publications/publication/?seqNo115=389215,0,prom_sap_fungal_diversity_2021,Linked to a source described in Table S1,,Bibliographic metadata,0
prombib_118,"Effect of Bacillus velezensis and fungicides on sorghum anthracnose in Burleson County, Texas, 2020",2021,,"Isakeit, T.; Labar, S.; Rooney, W.L.; Prom, L.K.",USDA-ARS TEKTRAN,1,380304,https://www.ars.usda.gov/research/publications/publication/?seqNo115=380304,0,,Bibliographic context,,Bibliographic metadata,0
prombib_119,Genome-wide association analysis for response of Senegalese sorghum accessions to Texas isolates of anthracnose,2021,10.1002/tpg2.20097,"Ahn, E.; Prom, L.K.; Hu, Z.; Odvody, G.; Magill, C.",Crossref; OpenAlex; PubMed; USDA NAL PubAg; USDA-ARS TEKTRAN,5,10.1002/tpg2.20097; 33900689; 379329; https://na91.alma.exlibrisgroup.com/primaws/rest/pub/pnxs/L/9916047830907426; https://openalex.org/W3158324397,https://doi.org/10.1002/tpg2.20097; https://na91.alma.exlibrisgroup.com/primaws/rest/pub/pnxs/L/9916047830907426; https://pubmed.ncbi.nlm.nih.gov/33900689/; https://www.ars.usda.gov/research/publications/publication/?seqNo115=379329,52,prom_senegal_8leaf_anthracnose_2021,Linked to a source described in Table S1,,Publisher reference list,51
prombib_120,Genomic dissection of anthracnose resistance response in the sorghum nested association mapping populations,2021,,"Cuevas, H.E.; Prom, L.K.; Knoll, J.E.; Wallace, J.; Vermerris, W.; Stutts, L.",USDA-ARS TEKTRAN,1,381794,https://www.ars.usda.gov/research/publications/publication/?seqNo115=381794,0,,Bibliographic context,,Bibliographic metadata,0
prombib_121,RNA-Sequencing in Resistant (QL3) and Susceptible (Theis) Sorghum Cultivars Inoculated With Johnsongrass Isolates of Colletotrichum sublineola.,2021,10.3389/fgene.2021.722519,Purushothaman Natarajan; Ezekiel Ahn; Umesh K. Reddy; Ramasamy Perumal; Louis K. Prom; Clint Magill,Ag Data Commons/Figshare; Crossref; OpenAlex; PubMed,7,10.3389/fgene.2021.722519; 15146379; 15146382; 15146385; 15146388; 34456979; https://openalex.org/W3187780757,https://doi.org/10.3389/fgene.2021.722519; https://frontiersin.figshare.com/articles/dataset/Table_1_RNA-Sequencing_in_Resistant_QL3_and_Susceptible_Theis_Sorghum_Cultivars_Inoculated_With_Johnsongrass_Isolates_of_Colletotrichum_sublineola_XLSX/15146382; https://frontiersin.figshare.com/articles/dataset/Table_2_RNA-Sequencing_in_Resistant_QL3_and_Susceptible_Theis_Sorghum_Cultivars_Inoculated_With_Johnsongrass_Isolates_of_Colletotrichum_sublineola_XLSX/15146385; https://frontiersin.figshare.com/articles/dataset/Table_3_RNA-Sequencing_in_Resistant_QL3_and_Susceptible_Theis_Sorghum_Cultivars_Inoculated_With_Johnsongrass_Isolates_of_Colletotrichum_sublineola_XLSX/15146388; https://frontiersin.figshare.com/articles/figure/Image_1_RNA-Sequencing_in_Resistant_QL3_and_Susceptible_Theis_Sorghum_Cultivars_Inoculated_With_Johnsongrass_Isolates_of_Colletotrichum_sublineola_PNG/15146379; https://pubmed.ncbi.nlm.nih.gov/34456979/,54,prom_rna_seq_anthracnose_2021,Linked to a source described in Table S1,,Publisher reference list,53
prombib_122,"Incidence of zonate leaf spot on sorghum accessions under disease-conducive growing conditions Burleson County, Texas",2021,10.32861/jac.81.35.38,"Prom, L.K.; Isakeit, T.",Crossref; OpenAlex; USDA-ARS TEKTRAN,3,10.32861/jac.81.35.38; 389217; https://openalex.org/W4200228929,https://doi.org/10.32861/jac.81.35.38; https://www.ars.usda.gov/research/publications/publication/?seqNo115=389217,15,prom_zonate_leaf_spot_2021,Linked to a source described in Table S1,,OpenAlex citation links,15
prombib_123,"Pathogenic variability of Colletotrichum sublineolum isolates on sorghum differentials under greenhouse conditions in Jimma, Ethiopia",2021,10.1080/03235408.2021.1988842,Binyam Tsedaley; Girma Adugna; Fikre Lemessa; Louis K. Prom,Crossref; OpenAlex; USDA NAL PubAg; USDA-ARS TEKTRAN,4,10.1080/03235408.2021.1988842; 388825; https://na91.alma.exlibrisgroup.com/primaws/rest/pub/pnxs/L/9915708759607426; https://openalex.org/W3207746946,https://doi.org/10.1080/03235408.2021.1988842; https://na91.alma.exlibrisgroup.com/primaws/rest/pub/pnxs/L/9915708759607426; https://www.ars.usda.gov/research/publications/publication/?seqNo115=388825,33,prom_ethiopia_anthracnose_pathotypes_2021,Linked to a source described in Table S1,,Publisher reference list,33
prombib_124,"Response of sorghum accessions against newly documented pathotypes 5 and 6 of head smut pathogen, Sporisorium reilianum",2021,10.4236/ajps.2021.123028,"Prom, L.K.; Perumal, R.; Isakeit, T.; Erattaimuthu, S.; Magill, C.",Crossref; OpenAlex; USDA-ARS TEKTRAN,3,10.4236/ajps.2021.123028; 379168; https://openalex.org/W3149525521,https://doi.org/10.4236/ajps.2021.123028; https://www.ars.usda.gov/research/publications/publication/?seqNo115=379168,30,prom_sap_head_smut_p5_p6_2021,Linked to a source described in Table S1,,Publisher reference list,30
prombib_125,"SNPs that identify alleles with highest effect on grain mold ratings after inoculation with Alternaria alternata or with a mixture of Alternaria alternata, Fusarium thapsinum, and Curvularia lunata",2021,,"Prom, L.K.; Ahn, E.J.; Magill, C.W.",USDA-ARS TEKTRAN,1,381329,https://www.ars.usda.gov/research/publications/publication/?seqNo115=381329,0,prom_sap_grain_mold_snp_reanalysis_2021,Linked to a source described in Table S1,,Bibliographic metadata,0
prombib_126,The inheritance of anthracnose (Colletotrichum sublineola) resistance in sorghum differential lines QL3 and IS18760,2021,10.1038/s41598-021-99994-3,"Cuevas, H.E.; Cruet-Burgos, C.M.; Prom, L.K.; Knoll, J.E.; Stutts, L.R.; Vermerris, W.",Crossref; OpenAlex; PubMed; USDA NAL PubAg; USDA-ARS TEKTRAN,5,10.1038/s41598-021-99994-3; 34654899; 382390; https://na91.alma.exlibrisgroup.com/primaws/rest/pub/pnxs/L/9916057237707426; https://openalex.org/W3207168418,https://doi.org/10.1038/s41598-021-99994-3; https://na91.alma.exlibrisgroup.com/primaws/rest/pub/pnxs/L/9916057237707426; https://pubmed.ncbi.nlm.nih.gov/34654899/; https://www.ars.usda.gov/research/publications/publication/?seqNo115=382390,55,prom_ql3_is18760_anthracnose_inheritance_2021,Linked to a source described in Table S1,,Publisher reference list,54
prombib_127,The response of sorghum cultivars to mixtures of compatible and incompatible isolates and different conidia concentrations of Colletotrichum sublineola,2021,10.1016/j.pmpp.2021.101690,Ezekiel Ahn; Farrell Fan; Louis K. Prom; Gary Odvody; Clint Magill,Crossref; OpenAlex; USDA NAL PubAg,3,10.1016/j.pmpp.2021.101690; https://na91.alma.exlibrisgroup.com/primaws/rest/pub/pnxs/L/9915827621907426; https://openalex.org/W3186295704,https://doi.org/10.1016/j.pmpp.2021.101690; https://na91.alma.exlibrisgroup.com/primaws/rest/pub/pnxs/L/9915827621907426,22,prom_cultivar_isolate_anthracnose_2021,Linked to a source described in Table S1,,Publisher reference list,21
prombib_128,A Genome-Wide Association Study of Senegalese Sorghum Seedlings Responding to Pathotype 5 of Sporisorium reilianum.,2022,10.3390/plants11212999,Ezekiel Ahn; Coumba Fall; Louis K. Prom; Clint Magill,Crossref; OpenAlex; PubMed,3,10.3390/plants11212999; 36365456; https://openalex.org/W4308524654,https://doi.org/10.3390/plants11212999; https://pubmed.ncbi.nlm.nih.gov/36365456/,32,prom_senegal_seedling_head_smut_p5_2022,Linked to a source described in Table S1,,Publisher reference list,32
prombib_129,"Bacillus velezensis LP16S – a potential entomopathogen for southern green stink bug, Nezara viridula (L.)",2022,10.3958/059.047.0301,"Esquivel, Jesus F.; Yeater, Kathleen M.; Medrano, Enrique G.; Prom, Louis K.",OpenAlex; USDA NAL PubAg; USDA-ARS TEKTRAN,3,394161; https://na91.alma.exlibrisgroup.com/primaws/rest/pub/pnxs/L/9915596051807426; https://openalex.org/W4296284837,https://doi.org/10.3958/059.047.0301; https://na91.alma.exlibrisgroup.com/primaws/rest/pub/pnxs/L/9915596051807426; https://www.ars.usda.gov/research/publications/publication/?seqNo115=394161,19,,Bibliographic context,,Publisher reference list,33
prombib_130,Comparing the effects of grain weathering and presence of fungal communities on waxy and non-waxy sorghum hybrids grown across texas,2022,10.1002/csc2.20795,Mitchell A. Kent; Louis K. Prom; William L. Rooney,Crossref; OpenAlex; USDA NAL PubAg; USDA-ARS TEKTRAN,4,10.1002/csc2.20795; 392170; https://na91.alma.exlibrisgroup.com/primaws/rest/pub/pnxs/L/9915863628907426; https://openalex.org/W4281663114,https://doi.org/10.1002/csc2.20795; https://na91.alma.exlibrisgroup.com/primaws/rest/pub/pnxs/L/9915863628907426; https://www.ars.usda.gov/research/publications/publication/?seqNo115=392170,39,prom_texas_hybrid_weathering_fungi_2022,Linked to a source described in Table S1,,Publisher reference list,39
prombib_131,Evaluation of a subset of Ethiopia sorghum collection germplasm from the National Genetic Resources Program of the United States Department of Agriculture for anthracnose resistance,2022,10.4236/ajps.2022.1312095,"Prom, L.K.; Cuevas, H.E.; Ahn, E.J.; Isakeit, T.",Crossref; OpenAlex; USDA-ARS TEKTRAN,3,10.4236/ajps.2022.1312095; 399424; https://openalex.org/W4312723515,https://doi.org/10.4236/ajps.2022.1312095; https://www.ars.usda.gov/research/publications/publication/?seqNo115=399424,25,prom_ethiopia_anthracnose_subset_2022,Linked to a source described in Table S1,,Publisher reference list,25
prombib_132,"Genome Sequence Data of Bacillus sp. Strain LP16S, Which Is Capable of Inhibiting the Growth of Multiple Sorghum Fungal Pathogens.",2022,10.1094/mpmi-10-21-0246-a,Enrique G. Medrano; Louis K. Prom,Crossref; PubMed,2,10.1094/mpmi-10-21-0246-a; 35139661,https://doi.org/10.1094/mpmi-10-21-0246-a; https://pubmed.ncbi.nlm.nih.gov/35139661/,15,,Bibliographic context,,Publisher reference list,15
prombib_133,Genome-wide association study of Senegalese sorghum seedlings responding to a Texas isolate of Colletotrichum sublineola.,2022,10.1038/s41598-022-16844-6,Ezekiel Ahn; Coumba Fall; Louis K. Prom; Clint Magill,Crossref; OpenAlex; PubMed,3,10.1038/s41598-022-16844-6; 35906277; https://openalex.org/W4288535655,https://doi.org/10.1038/s41598-022-16844-6; https://pubmed.ncbi.nlm.nih.gov/35906277/,25,senegal_seedling_anthracnose,Linked to a source described in Table S1,,Publisher reference list,25
prombib_134,Johnsongrass rhizome tissue can be infected by Colletotrichum sublineola,2022,10.1016/j.pmpp.2022.101860,Ezekiel Ahn; Coumba Fall; Farrell Fan; Louis K. Prom; Clint Magill,Crossref; OpenAlex; USDA NAL PubAg,3,10.1016/j.pmpp.2022.101860; https://na91.alma.exlibrisgroup.com/primaws/rest/pub/pnxs/L/9915974463807426; https://openalex.org/W4285400596,https://doi.org/10.1016/j.pmpp.2022.101860; https://na91.alma.exlibrisgroup.com/primaws/rest/pub/pnxs/L/9915974463807426,17,,Bibliographic context,,Publisher reference list,17
prombib_135,Response of senegalese sorghum seedlings to pathotype 5 of Sporisorium reilianum,2022,10.3390/crops2020011,Ezekiel Ahn; Louis K. Prom; Coumba Fall; Clint Magill,Crossref; OpenAlex; USDA-ARS TEKTRAN,3,10.3390/crops2020011; 393570; https://openalex.org/W4225291820,https://doi.org/10.3390/crops2020011; https://www.ars.usda.gov/research/publications/publication/?seqNo115=393570,21,prom_senegal_head_smut_crops_2022,Linked to a source described in Table S1,,Publisher reference list,21
prombib_136,"Response of sorghum accessions from three African countries to anthracnose, grain mould, and rust",2022,10.3923/ppj.2022.12.23,"Prom, L.K.; Cuevas, H.E.; Ahn, E.; Isakeit, T.; Magill, C.",Crossref; OpenAlex; USDA-ARS TEKTRAN,3,10.3923/ppj.2022.12.23; 389004; https://openalex.org/W4206838255,https://doi.org/10.3923/ppj.2022.12.23; https://www.ars.usda.gov/research/publications/publication/?seqNo115=389004,25,panelA_pr_multidisease,Linked to a source described in Table S1,,Publisher reference list,25
prombib_137,"A genome-wide association study of Nigerien and Senegalese sorghum germplasms of Exserohilum turcicum, the causal agent of leaf blight",2023,10.3390/plants12234010,"Prom, L.K.; Botkin, J.R.; Ahn, E.J.; Sarr, M.; Diatta, C.; Fall, C.; Magill, C.W.",Crossref; OpenAlex; PubMed; USDA NAL PubAg; USDA-ARS TEKTRAN,5,10.3390/plants12234010; 38068647; 409620; https://na91.alma.exlibrisgroup.com/primaws/rest/pub/pnxs/L/9916440568507426; https://openalex.org/W4389142056,https://doi.org/10.3390/plants12234010; https://na91.alma.exlibrisgroup.com/primaws/rest/pub/pnxs/L/9916440568507426; https://pubmed.ncbi.nlm.nih.gov/38068647/; https://www.ars.usda.gov/research/publications/publication/?seqNo115=409620,50,panelB_wa_leafblight,Linked to a source described in Table S1,,Publisher reference list,50
prombib_138,"A survey of the major sorghum production regions for foliar and panicle diseases during the 2022 growing season in Senegal, West Africa",2023,10.4236/ajps.2023.148055,"Prom, L.K.; Sarr, M.P.; Diatta, C.; Sall, M.; Bodian, S.; Fall, C.; Dorego, G. S.; Magill, C.",Crossref; OpenAlex; USDA-ARS TEKTRAN,3,10.4236/ajps.2023.148055; 405150; https://openalex.org/W4385705258,https://doi.org/10.4236/ajps.2023.148055; https://www.ars.usda.gov/research/publications/publication/?seqNo115=405150,36,prom_senegal_disease_survey_2023,Linked to a source described in Table S1,,Publisher reference list,36
prombib_139,Frequency of isolation of four fungal species colonizing sorghum grain collected from six lines in an anthracnose-infected field,2023,10.32861/jac.91.137.140,"Prom, L.K.",Crossref; OpenAlex; USDA-ARS TEKTRAN,3,10.32861/jac.91.137.140; 399423; https://openalex.org/W4316035030,https://doi.org/10.32861/jac.91.137.140; https://www.ars.usda.gov/research/publications/publication/?seqNo115=399423,23,prom_six_line_fungal_isolation_2023,Linked to a source described in Table S1,,OpenAlex citation links,23
prombib_140,Genetic diversity and classification of Colletotrichum sublineola pathotypes using a standard set of sorghum differentials,2023,10.3390/jof10010003,"Prom, L.K.; Ahn, E.J.; Perumal, R.; Cuevas, H.E.; Rooney, W.L.; Isakeit, T.S.; Magill, C.W.",Crossref; OpenAlex; PubMed; USDA-ARS TEKTRAN,4,10.3390/jof10010003; 38276019; 410121; https://openalex.org/W4389993942,https://doi.org/10.3390/jof10010003; https://pubmed.ncbi.nlm.nih.gov/38276019/; https://www.ars.usda.gov/research/publications/publication/?seqNo115=410121,54,anthracnose_pathotype_differentials,Linked to a source described in Table S1,,Publisher reference list,54
prombib_141,"Genetic diversity, population structure and anthracnose resistance response in a novel sweet sorghum diversity panel",2023,10.3389/fpls.2023.1249555,"Cuevas, H.E.; Knoll, J.E.; Prom, L.K.; Stutts, L.R.; Vermerris, W.",Ag Data Commons/Figshare; Crossref; OpenAlex; PubMed; USDA-ARS TEKTRAN,7,10.3389/fpls.2023.1249555; 24407398; 24407401; 37929175; 399772; 406072; https://openalex.org/W4387822076,https://doi.org/10.3389/fpls.2023.1249555; https://frontiersin.figshare.com/articles/dataset/DataSheet_1_Genetic_diversity_population_structure_and_anthracnose_resistance_response_in_a_novel_sweet_sorghum_diversity_panel_docx/24407398; https://frontiersin.figshare.com/articles/dataset/Table_1_Genetic_diversity_population_structure_and_anthracnose_resistance_response_in_a_novel_sweet_sorghum_diversity_panel_xlsx/24407401; https://pubmed.ncbi.nlm.nih.gov/37929175/; https://www.ars.usda.gov/research/publications/publication/?seqNo115=399772; https://www.ars.usda.gov/research/publications/publication/?seqNo115=406072,55,sweet_sorghum_multilocation_anthracnose,Linked to a source described in Table S1,,Publisher reference list,55
prombib_142,Genome-wide association study of seed morphology traits in Senegalese sorghum cultivars,2023,10.3390/plants12122344,"Ahn, E.J.; Botkin, J.; Ellur, V.; Lee, Y.; Poudel, K.; Prom, L.K.; Magill, C.W.",Crossref; OpenAlex; PubMed; USDA NAL PubAg; USDA-ARS TEKTRAN,5,10.3390/plants12122344; 37375969; 405027; https://na91.alma.exlibrisgroup.com/primaws/rest/pub/pnxs/L/9916398626207426; https://openalex.org/W4380990690,https://doi.org/10.3390/plants12122344; https://na91.alma.exlibrisgroup.com/primaws/rest/pub/pnxs/L/9916398626207426; https://pubmed.ncbi.nlm.nih.gov/37375969/; https://www.ars.usda.gov/research/publications/publication/?seqNo115=405027,77,,Bibliographic context,,Publisher reference list,77
prombib_143,In vitro antagonistic action by Bacillus velezensis strain LP16S against cotton wilt pathogens,2023,10.32861/jac.93.372.375,"Prom, L.K.; Medrano, E.G.; Liu, J.",OpenAlex; USDA NAL PubAg; USDA-ARS TEKTRAN,3,403141; https://na91.alma.exlibrisgroup.com/primaws/rest/pub/pnxs/L/9916398659807426; https://openalex.org/W4377100689,https://doi.org/10.32861/jac.93.372.375; https://na91.alma.exlibrisgroup.com/primaws/rest/pub/pnxs/L/9916398659807426; https://www.ars.usda.gov/research/publications/publication/?seqNo115=403141,13,,Literature context for another crop,,Literature context,
prombib_144,"Incidence, severity, and prevalence of sorghum diseases in the major production regions in Niger",2023,10.5539/jps.v12n1p48,"Prom, L.K.; Haougui, A.; Ali, B.O.; Karimou, I.; Abdoulaye, A.; Oumarou, O.H.; Basso, A.; Fall, C.; Magill, C.",Crossref; OpenAlex; USDA-ARS TEKTRAN,3,10.5539/jps.v12n1p48; 402224; https://openalex.org/W4366782711,https://doi.org/10.5539/jps.v12n1p48; https://www.ars.usda.gov/research/publications/publication/?seqNo115=402224,0,prom_niger_disease_incidence_2023,Linked to a source described in Table S1,,Bibliographic metadata,0
prombib_145,"Inoculation and screening methods for major sorghum diseases caused by fungal pathogens: Claviceps africana, Colletotrichum sublineola, Sporisorium reilianum, Peronosclerospora sorghi and Macrophomina phaseolina",2023,10.3390/plants12091906,"Ahn, E.J.; Fall, C.; Botkin, J.; Curtin, S.J.; Prom, L.K.; Magill, C.W.",Crossref; OpenAlex; PubMed; USDA NAL PubAg; USDA-ARS TEKTRAN,5,10.3390/plants12091906; 37176964; 404469; https://na91.alma.exlibrisgroup.com/primaws/rest/pub/pnxs/L/9916398625307426; https://openalex.org/W4375866233,https://doi.org/10.3390/plants12091906; https://na91.alma.exlibrisgroup.com/primaws/rest/pub/pnxs/L/9916398625307426; https://pubmed.ncbi.nlm.nih.gov/37176964/; https://www.ars.usda.gov/research/publications/publication/?seqNo115=404469,58,prom_sorghum_disease_methods_2023,Linked to a source described in Table S1,,Publisher reference list,58
prombib_146,"Multi-trait Genome-wide Association Studies of Sorghum bicolor regarding resistance to anthracnose, downy mildew, grain mold and head smut",2023,10.3390/pathogens12060779,"Ahn, E.J.; Prom, L.K.; Magill, C.W.",Crossref; OpenAlex; PubMed; USDA NAL PubAg; USDA-ARS TEKTRAN,5,10.3390/pathogens12060779; 37375469; 404510; https://na91.alma.exlibrisgroup.com/primaws/rest/pub/pnxs/L/9916436663207426; https://openalex.org/W4378905687,https://doi.org/10.3390/pathogens12060779; https://na91.alma.exlibrisgroup.com/primaws/rest/pub/pnxs/L/9916436663207426; https://pubmed.ncbi.nlm.nih.gov/37375469/; https://www.ars.usda.gov/research/publications/publication/?seqNo115=404510,45,prom_multitrait_reanalysis_2023,Linked to a source described in Table S1,,Publisher reference list,43
prombib_147,Reaction of sorghum differentials to grain mold infection in Puerto Rico,2023,10.4236/ajps.2023.1411081,"Prom, L.K.; Cuevas, H.E.",Crossref; OpenAlex; USDA-ARS TEKTRAN,3,10.4236/ajps.2023.1411081; 409476; https://openalex.org/W4388428696,https://doi.org/10.4236/ajps.2023.1411081; https://www.ars.usda.gov/research/publications/publication/?seqNo115=409476,31,prom_grain_mold_differentials_pr_2023,Linked to a source described in Table S1,,Publisher reference list,31
prombib_148,Analyzing Medicago spp. seed morphology using GWAS and machine learning,2024,10.1038/s41598-024-67790-4,"Botkin, J.R.; Medina, C.A.; Park, S.; Poudel, K.; Cha, M.; Lee, Y.; Prom, L.K.; Curtin, S.J.; Xu, Z.; Ahn, E.J.",OpenAlex; USDA NAL PubAg; USDA-ARS TEKTRAN,3,414293; https://na91.alma.exlibrisgroup.com/primaws/rest/pub/pnxs/L/9916563943307426; https://openalex.org/W4401108442,https://doi.org/10.1038/s41598-024-67790-4; https://na91.alma.exlibrisgroup.com/primaws/rest/pub/pnxs/L/9916563943307426; https://www.ars.usda.gov/research/publications/publication/?seqNo115=414293,38,,Literature context for another crop,,Literature context,
prombib_149,Association analysis of grain mould resistance in a core collection of NPGS Ethiopian sorghum germplasm,2024,10.1017/s1479262124000157,"Cuevas, H.E.; Prom, L.K.",Crossref; OpenAlex; USDA-ARS TEKTRAN,3,10.1017/s1479262124000157; 410167; https://openalex.org/W4398210685,https://doi.org/10.1017/s1479262124000157; https://www.ars.usda.gov/research/publications/publication/?seqNo115=410167,60,prom_ethiopia_grain_mold_2024,Linked to a source described in Table S1,,Publisher reference list,60
prombib_150,"Association and interrelationship among agronomic traits and fungal diseases of sorghum, anthracnose and grain mold",2024,10.3390/crops4040045,"Prom, L.K.; Ahn, E.J.S.; Cuevas, H.E.; Liu, J.; Isakeit, T.S.; Magill, C.W.",Crossref; OpenAlex; USDA NAL PubAg; USDA-ARS TEKTRAN,4,10.3390/crops4040045; 419923; https://na91.alma.exlibrisgroup.com/primaws/rest/pub/pnxs/L/9916794035407426; https://openalex.org/W4405071296,https://doi.org/10.3390/crops4040045; https://na91.alma.exlibrisgroup.com/primaws/rest/pub/pnxs/L/9916794035407426; https://www.ars.usda.gov/research/publications/publication/?seqNo115=419923,74,prom_crops_anthracnose_grain_mold_2024,Linked to a source described in Table S1,,Publisher reference list,74
prombib_151,Correlations among agronomic traits obtained from sorghum accessions planted in a field infected with three important fungal diseases,2024,10.5539/jps.v13n1p11,"Prom, L.K.; Cuevas, H.E.; Ahn, E.J.; Isakeit, T.S.; Magill, C.W.",Crossref; OpenAlex; USDA NAL PubAg; USDA-ARS TEKTRAN,4,10.5539/jps.v13n1p11; 409770; https://na91.alma.exlibrisgroup.com/primaws/rest/pub/pnxs/L/9916481061707426; https://openalex.org/W4390686215,https://doi.org/10.5539/jps.v13n1p11; https://na91.alma.exlibrisgroup.com/primaws/rest/pub/pnxs/L/9916481061707426; https://www.ars.usda.gov/research/publications/publication/?seqNo115=409770,26,prom_panelA_correlation_2024,Linked to a source described in Table S1,,OpenAlex citation links,26
prombib_152,"Data from: A genome-wide association study of Nigerien and Senegalese sorghum germplasm of Exserohilum turcicum, the causal agent of leaf blight",2024,10.15482/usda.adc/25843822.v1,LOUIS PROM,Ag Data Commons/Figshare,1,25843822,https://agdatacommons.nal.usda.gov/articles/dataset/Data_from_A_genome-wide_association_study_of_Nigerien_and_Senegalese_sorghum_germplasm_of_Exserohilum_turcicum_the_causal_agent_of_leaf_blight/25843822,0,panelB_wa_leafblight,Linked to a source described in Table S1,,Bibliographic metadata,0
prombib_153,Data from: Correlations among agronomic traits obtained from sorghum accessions planted in a field infected with three important fungal diseases.,2024,10.15482/usda.adc/25707393.v1,LOUIS PROM; Hugo E. Cuevas; Ezekiel Ahn; Thomas Isakeit; Clint Magill,Ag Data Commons/Figshare,2,25707393; 25707396,https://agdatacommons.nal.usda.gov/articles/dataset/Data_from_Correlations_among_agronomic_traits_obtained_from_sorghum_accessions_planted_in_a_field_infected_with_three_important_fungal_diseases/25707396; https://agdatacommons.nal.usda.gov/articles/dataset/Data_from_Correlations_among_agronomic_traits_obtained_from_sorghum_accessions_planted_in_a_field_infected_with_three_important_fungal_diseases_/25707393,0,panelA_pr_multidisease,Linked to a source described in Table S1,,Bibliographic metadata,0
prombib_154,Data from: Genetic diversity and classification of Colletotrichum sublineola pathotypes using a standard set of sorghum differentials,2024,10.15482/usda.adc/25988122.v1,LOUIS PROM; Ezekiel Ahn; Ramasamy Perumal; Hugo Cuevas; William Rooney; Thomas Isakeit; Clint Magill,Ag Data Commons/Figshare,1,25988122,https://agdatacommons.nal.usda.gov/articles/dataset/Data_from_Genetic_diversity_and_classification_of_i_Colletotrichum_sublineola_i_pathotypes_using_a_standard_set_of_sorghum_differentials/25988122,0,anthracnose_pathotype_differentials,Linked to a source described in Table S1,,Bibliographic metadata,0
prombib_155,Exploiting genetic diversity to achieve sustainable Sorghum Anthracnose disease management,2024,,"Cuevas, H.E.; Vermerris, W.; Knoll, J.E.; Prom, L.K.; Wallace, J.E.",USDA-ARS TEKTRAN,1,402321,https://www.ars.usda.gov/research/publications/publication/?seqNo115=402321,0,,Bibliographic context,,Bibliographic metadata,0
prombib_156,Genetic and pathogenic variability among isolates of Sporisorium reilianum causing sorghum head smut,2024,10.3390/jof10010062,"Prom, L.K.; Ahn, E.J.; Perumal, R.; Isakeit, T.S.; Odvody, G.N.; Magill, C.W.",Crossref; OpenAlex; PubMed; USDA-ARS TEKTRAN,4,10.3390/jof10010062; 38248970; 410091; https://openalex.org/W4390788726,https://doi.org/10.3390/jof10010062; https://pubmed.ncbi.nlm.nih.gov/38248970/; https://www.ars.usda.gov/research/publications/publication/?seqNo115=410091,37,prom_head_smut_isolate_variability_2024,Linked to a source described in Table S1,,Publisher reference list,37
prombib_157,Genome-wide association analysis uncovers genes associated with resistance to head smut pathotype 5 in senegalese sorghum accessions,2024,10.3390/plants13070977,"Ahn, E.J.; Prom, L.K.; Park, S.; Hu, Z.; Magil, C.",Crossref; OpenAlex; PubMed; USDA NAL PubAg; USDA-ARS TEKTRAN,5,10.3390/plants13070977; 38611506; 413087; https://na91.alma.exlibrisgroup.com/primaws/rest/pub/pnxs/L/9916450632607426; https://openalex.org/W4393951213,https://doi.org/10.3390/plants13070977; https://na91.alma.exlibrisgroup.com/primaws/rest/pub/pnxs/L/9916450632607426; https://pubmed.ncbi.nlm.nih.gov/38611506/; https://www.ars.usda.gov/research/publications/publication/?seqNo115=413087,51,senegal_head_smut_pathotype5,Linked to a source described in Table S1,,Publisher reference list,51
prombib_158,Genome-wide association study of Nigerien and Senegalese sorghum genotypes for their response to downy mildew,2024,10.5539/jps.v14n1p1,"Prom, L.K.; Fall, C.; Isakeit, T.S.; Ahn, E.J.S.; Liu, J.; Magill, C.W.",Crossref; OpenAlex; USDA NAL PubAg; USDA-ARS TEKTRAN,4,10.5539/jps.v14n1p1; 419882; https://na91.alma.exlibrisgroup.com/primaws/rest/pub/pnxs/L/9916956417107426; https://openalex.org/W4405626398,https://doi.org/10.5539/jps.v14n1p1; https://na91.alma.exlibrisgroup.com/primaws/rest/pub/pnxs/L/9916956417107426; https://www.ars.usda.gov/research/publications/publication/?seqNo115=419882,39,prom_niger_senegal_downy_mildew_2024,Linked to a source described in Table S1,,OpenAlex citation links,39
prombib_159,Genome-wide association study of seed morphology-related traits in sorghum mini core and Senegalese lines,2024,10.20944/preprints202402.1209.v1,"Ahn, E.J.; Park, S.; Hu, Z.; Ellur, V.; Cha, M.; Yoonjung, L.; Prom, L.K.; Magill, C.",Crossref; OpenAlex; USDA NAL PubAg; USDA-ARS TEKTRAN,6,10.20944/preprints202402.1209.v1; 10.3390/crops4020012; 412532; https://na91.alma.exlibrisgroup.com/primaws/rest/pub/pnxs/L/9916955226207426; https://openalex.org/W4392053014; https://openalex.org/W4394716018,http://dx.doi.org/10.20944/preprints202402.1209.v1; https://doi.org/10.20944/preprints202402.1209.v1; https://doi.org/10.3390/crops4020012; https://na91.alma.exlibrisgroup.com/primaws/rest/pub/pnxs/L/9916955226207426; https://www.ars.usda.gov/research/publications/publication/?seqNo115=412532,57,,Bibliographic context,,OpenAlex citation links,41
prombib_160,Pathogen-specific stomatal responses in cacao leaves to Phytophthora megakarya and Rhizoctonia solani,2024,10.1038/s41598-025-94859-5,"Baek, I.; Lim, S.; Jang, J.; Hong, S.; Prom, L.K.; Kirubakaran, S.J.; Cohen, S.P.; Lakshman, D.K.; Kim, M.S.; Meinhardt, L.W.; Park, S.; Ahn, E.J.",OpenAlex; USDA NAL PubAg; USDA-ARS TEKTRAN,4,421395; https://na91.alma.exlibrisgroup.com/primaws/rest/pub/pnxs/L/9916864135007426; https://openalex.org/W4405911023; https://openalex.org/W4408887265,https://doi.org/10.1038/s41598-025-94859-5; https://doi.org/10.21203/rs.3.rs-5678749/v1; https://na91.alma.exlibrisgroup.com/primaws/rest/pub/pnxs/L/9916864135007426; https://www.ars.usda.gov/research/publications/publication/?seqNo115=421395,48,,Literature context for another crop,,Literature context,
prombib_161,The NPGS Sudanese sorghum core collection encloses novel grain mold resistant germplasm,2024,10.1007/s10722-024-02039-7,"Cuevas, H.E.; Prom, L.K.",Crossref; OpenAlex; USDA NAL PubAg; USDA-ARS TEKTRAN,4,10.1007/s10722-024-02039-7; 414666; https://na91.alma.exlibrisgroup.com/primaws/rest/pub/pnxs/L/9916552624307426; https://openalex.org/W4399691631,https://doi.org/10.1007/s10722-024-02039-7; https://na91.alma.exlibrisgroup.com/primaws/rest/pub/pnxs/L/9916552624307426; https://www.ars.usda.gov/research/publications/publication/?seqNo115=414666,56,prom_sudan_grain_mold_2024,Linked to a source described in Table S1,,Publisher reference list,56
prombib_162,A machine learning approach to genome-wide association mapping of disease resistance and geographic origin in sorghum,2025,10.1186/s12870-026-08468-z,"Ahn, E.J.; Baek, I.; Park, S.; Prom, L.K.; Lim, S.; Jang, J.; Hong, S.; Kim, M.S.; Meinhardt, L.W.; Magill, C.",Ag Data Commons/Figshare; Crossref; OpenAlex; PubMed; USDA-ARS TEKTRAN,12,10.1186/s12870-026-08468-z; 10.21203/rs.3.rs-6222361/v1; 31957587; 31957590; 41761085; 422306; https://openalex.org/W4409565432; https://openalex.org/W7131849343; https://openalex.org/W7151860850; https://openalex.org/W7151906457; https://openalex.org/W7151993243; https://openalex.org/W7152094661,https://doi.org/10.1186/s12870-026-08468-z; https://doi.org/10.21203/rs.3.rs-6222361/v1; https://doi.org/10.6084/m9.figshare.31957587; https://doi.org/10.6084/m9.figshare.31957587.v1; https://doi.org/10.6084/m9.figshare.31957590; https://doi.org/10.6084/m9.figshare.31957590.v1; https://pubmed.ncbi.nlm.nih.gov/41761085/; https://springernature.figshare.com/articles/dataset/Additional_file_2_of_A_machine_learning_approach_to_genome-wide_association_mapping_of_disease_resistance_and_geographic_origin_in_sorghum/31957590; https://springernature.figshare.com/articles/figure/Additional_file_1_of_A_machine_learning_approach_to_genome-wide_association_mapping_of_disease_resistance_and_geographic_origin_in_sorghum/31957587; https://www.ars.usda.gov/research/publications/publication/?seqNo115=422306,72,minicore_multidisease_reanalysis_2026,Linked to a source described in Table S1,,Publisher reference list,72
prombib_163,Agronomic traits and fungal diversity between commercial and non-commercial sorghum fields,2025,10.5539/jps.v14n1p10,"Prom, L.K.; Esquivel, J.F.; Liu, J.",Crossref; OpenAlex; USDA NAL PubAg; USDA-ARS TEKTRAN,4,10.5539/jps.v14n1p10; 424501; https://na91.alma.exlibrisgroup.com/primaws/rest/pub/pnxs/L/9916964737307426; https://openalex.org/W4411110143,https://doi.org/10.5539/jps.v14n1p10; https://na91.alma.exlibrisgroup.com/primaws/rest/pub/pnxs/L/9916964737307426; https://www.ars.usda.gov/research/publications/publication/?seqNo115=424501,0,prom_commercial_field_fungal_diversity_2025,Linked to a source described in Table S1,,Bibliographic metadata,0
prombib_164,Candidate genes for anthracnose resistance in Senegalese sorghum: a machine learning-based exploration,2025,10.1007/s10142-025-01797-6,"Ahn, E.J.; Baek, I.; Prom, L.K.; Park, S.; Kim, M.S.; Meinhardt, L.W.; Magill, C.",Crossref; OpenAlex; PubMed; USDA-ARS TEKTRAN,4,10.1007/s10142-025-01797-6; 41408459; 425026; https://openalex.org/W4417498048,https://doi.org/10.1007/s10142-025-01797-6; https://pubmed.ncbi.nlm.nih.gov/41408459/; https://www.ars.usda.gov/research/publications/publication/?seqNo115=425026,66,prom_senegal_anthracnose_ml_2025,Linked to a source described in Table S1,,Publisher reference list,66
prombib_165,Machine learning reveals complex genetics of fungal resistance in sorghum grain mold,2025,10.1038/s41437-025-00783-9,"Ahn, E.J.; Prom, L.K.; Park, S.; Lee, D.; Bhatt, J.; Ellur, V.; Lim, S.; Jang, J.; Lakshman, D.K.; Magill, C.",Crossref; OpenAlex; PubMed; USDA-ARS TEKTRAN,4,10.1038/s41437-025-00783-9; 40684039; 423500; https://openalex.org/W4412521755,https://doi.org/10.1038/s41437-025-00783-9; https://pubmed.ncbi.nlm.nih.gov/40684039/; https://www.ars.usda.gov/research/publications/publication/?seqNo115=423500,76,prom_grain_mold_ml_2025,Linked to a source described in Table S1,,Publisher reference list,76
prombib_166,"Multi-scale defense architecture in sorghum: Canopy geometry, midrib fortresses, and information-aligned immune portfolios for ecological resilience",2025,10.22541/au.176465574.45873415/v1,Ezekiel Ahn; Insuck Baek; Louis K. Prom; Seunghyun Lim; Sunchung Park; Moon S. Kim; Lyndel W. Meinhardt; Clint Magill,Crossref; OpenAlex,4,10.22541/au.176465574.45873415/v1; 10.22541/au.176477982.26936740/v1; https://openalex.org/W4416895596; https://openalex.org/W4416957353,https://doi.org/10.22541/au.176465574.45873415/v1; https://doi.org/10.22541/au.176477982.26936740/v1,0,,Broader sorghum literature context,,Literature context,
prombib_167,Seed quality drives grain yield in Ethiopian and Senegalese sorghum: Insights from machine learning,2025,10.1371/journal.pone.0329366,"Ahn, E.J.; Prom, L.K.; Jang, J.; Baek, I.; Tukuli, A.R.; Lim, S.; Hong, S.M.; Kim, M.S.; Meinhardt, L.W.; Park, S.; Magill, C.",Ag Data Commons/Figshare; Crossref; OpenAlex; PubMed; USDA NAL PubAg; USDA-ARS TEKTRAN,15,10.1371/journal.pone.0329366; 29914115; 29914118; 29914121; 29914124; 29914127; 29914130; 29914133; 29914139; 29914142; 29914145; 40811498; 420812; https://na91.alma.exlibrisgroup.com/primaws/rest/pub/pnxs/L/9917075990807426; https://openalex.org/W4413140623,https://doi.org/10.1371/journal.pone.0329366; https://na91.alma.exlibrisgroup.com/primaws/rest/pub/pnxs/L/9917075990807426; https://plos.figshare.com/articles/dataset/Comparison_of_phenotypic_traits_between_Ethiopian_and_Senegalese_accessions_/29914130; https://plos.figshare.com/articles/dataset/Feature_importance_scores_indicating_the_relative_contribution_of_different_traits_to_grain_yield_prediction_in_sorghum_/29914145; https://plos.figshare.com/articles/dataset/Performance_comparison_of_machine_learning_models_for_grain_yield_prediction_in_sorghum_accessions_/29914142; https://plos.figshare.com/articles/dataset/Performance_metrics_for_machine_learning_models_classifying_sorghum_accessions_into_four_clusters_on_an_ADASYN-oversampled_dataset_/29914139; https://plos.figshare.com/articles/dataset/Performance_of_machine_learning_models_on_the_cluster_classification_task_after_hyperparameter_tuning_with_5-fold_stratified_cross-validation_using_an_undersampled_dataset_/29914133; https://plos.figshare.com/articles/dataset/Summary_of_machine_learning_models_used_for_cluster_classification_/29914127; https://plos.figshare.com/articles/figure/Comparative_analysis_of_Ethiopian_and_Senegalese_accessions_clustering_using_various_machine_learning_and_statistical_techniques_/29914124; https://plos.figshare.com/articles/figure/Hierarchical_Clustering_Analysis_of_Sorghum_Accessions_and_Traits_/29914121; https://plos.figshare.com/articles/figure/Methodological_flowchart_outlining_the_study_s_workflow_/29914115; https://plos.figshare.com/articles/figure/Principal_component_analysis_of_Ethiopian_and_Senegalese_sorghum_accessions_/29914118; https://pubmed.ncbi.nlm.nih.gov/40811498/; https://www.ars.usda.gov/research/publications/publication/?seqNo115=420812,47,prom_seed_quality_ml_2025,Linked to a source described in Table S1,,Publisher reference list,47
prombib_168,The NPGS Sudan sorghum germplasm collection reveals a novel cluster of R genes associated with rust resistant.,2025,10.1002/tpg2.70113,Hugo E. Cuevas; Louis K. Prom,Crossref; OpenAlex; PubMed,3,10.1002/tpg2.70113; 40955042; https://openalex.org/W4414253711,https://doi.org/10.1002/tpg2.70113; https://pubmed.ncbi.nlm.nih.gov/40955042/,55,prom_sudan_rust_2025,Linked to a source described in Table S1,,Publisher reference list,55
prombib_169,Unveiling the potential role of dhurrin in sorghum during infection by the head smut pathogen sporisorium reilianum f. sp. reilianum,2025,10.3390/plants14050740,"Fall, C.; Lim, S.; Ahn, E.J.; Park, S.; Prom, L.K.; Magill, C.",Crossref; OpenAlex; PubMed; USDA NAL PubAg; USDA-ARS TEKTRAN,5,10.3390/plants14050740; 40094642; 422653; https://na91.alma.exlibrisgroup.com/primaws/rest/pub/pnxs/L/9916864138707426; https://openalex.org/W4408055629,https://doi.org/10.3390/plants14050740; https://na91.alma.exlibrisgroup.com/primaws/rest/pub/pnxs/L/9916864138707426; https://pubmed.ncbi.nlm.nih.gov/40094642/; https://www.ars.usda.gov/research/publications/publication/?seqNo115=422653,69,prom_dhurrin_head_smut_2025,Linked to a source described in Table S1,,Publisher reference list,69
prombib_170,A haplotype-layered GWAS identifies a multi-trait grain mold resistance hub on sorghum chromosome 5,2026,10.1007/s00122-026-05222-9,"Ahn, E.J.; Oh, S.; Prom, L.K.; Lim, S.; Meinhardt, L.W.; Magill, C.",Crossref; OpenAlex; PubMed; USDA-ARS TEKTRAN,4,10.1007/s00122-026-05222-9; 41949611; 431539; https://openalex.org/W7151914957,https://doi.org/10.1007/s00122-026-05222-9; https://pubmed.ncbi.nlm.nih.gov/41949611/; https://www.ars.usda.gov/research/publications/publication/?seqNo115=431539,45,prom_haplotype_grain_mold_2026,Linked to a source described in Table S1,,Publisher reference list,45
prombib_171,Agronomic traits of sorghum cultivars from the US and Senegal and their response to grain mold infection,2026,10.4236/ajps.2026.173020,"Prom, L.K.; Ahn, E.; Isakeit, T.; Magill, C.",Crossref; USDA-ARS TEKTRAN,2,10.4236/ajps.2026.173020; 432139,https://doi.org/10.4236/ajps.2026.173020; https://www.ars.usda.gov/research/publications/publication/?seqNo115=432139,56,,Quantitative sorghum disease results linked to Table S1,Table 2 reports 24 named cultivars or lines and pooled panicle and threshed-grain mold ratings from two Senegal locations.,Publisher reference list,56
prombib_172,Canopy leaf-angle architecture and leaf blade–midrib susceptibility are associated with anthracnose severity in sorghum and johnsongrass,2026,10.1094/pdis-04-26-0770-re,"Ahn, E.J.; Baek, I.; Prom, L.K.; Lim, S.; Park, S.; Kim, M.S.; Meinhardt, L.W.; Magill, C.",Crossref; OpenAlex; PubMed; USDA-ARS TEKTRAN,4,10.1094/pdis-04-26-0770-re; 42231868; 430351; https://openalex.org/W7163326442,https://doi.org/10.1094/pdis-04-26-0770-re; https://pubmed.ncbi.nlm.nih.gov/42231868/; https://www.ars.usda.gov/research/publications/publication/?seqNo115=430351,0,prom_canopy_anthracnose_2026,Linked to a source described in Table S1,,Bibliographic metadata,0
prombib_173,Decoupling the chemical and physical origins of the seed spectral manifold in sorghum,2026,10.1038/s41540-026-00728-w,"Baek, I.; Lim, S.; Hwang, C.; Kim, M.S.; Park, S.; Prom, L.K.; Magill, C.; Meinhardt, L.W.; Ahn, E.J.",Crossref; OpenAlex; PubMed; USDA-ARS TEKTRAN,4,10.1038/s41540-026-00728-w; 42115206; 430358; https://openalex.org/W7160775327,https://doi.org/10.1038/s41540-026-00728-w; https://pubmed.ncbi.nlm.nih.gov/42115206/; https://www.ars.usda.gov/research/publications/publication/?seqNo115=430358,0,,Broader sorghum literature context,,Literature context,
prombib_174,Genomic analysis of resistance to Exserohilum turcicum in Nigerien and Senegalese sorghum using GWAS and machine learning,2026,10.3390/pathogens15040389,"Prom, L.K.; Ahn, E.J.S.; Tukuli, A.R.; Botkin, J.R.; Park, S.; Perkin, L.C.; Magill, C.W.",Crossref; OpenAlex; PubMed; USDA-ARS TEKTRAN,4,10.3390/pathogens15040389; 42075717; 432687; https://openalex.org/W7150051187,https://doi.org/10.3390/pathogens15040389; https://pubmed.ncbi.nlm.nih.gov/42075717/; https://www.ars.usda.gov/research/publications/publication/?seqNo115=432687,57,prom_leaf_blight_ml_2026,Linked to a source described in Table S1,,Publisher reference list,57
prombib_175,High-density mutation tracks are associated with proton-beam irradiation patterns in Sorghum bicolor,2026,10.1002/tpg2.70267,"Ahn, E.J.; Baek, I.; Lim, S.; Prom, L.K.; Kim, M.S.; Meinhardt, L.W.; Magill, C.",Crossref; OpenAlex; PubMed; USDA-ARS TEKTRAN,4,10.1002/tpg2.70267; 42374555; 431303; https://openalex.org/W7166539882,https://doi.org/10.1002/tpg2.70267; https://pubmed.ncbi.nlm.nih.gov/42374555/; https://www.ars.usda.gov/research/publications/publication/?seqNo115=431303,37,,Broader sorghum literature context,,Literature context,
prombib_176,Diseases of johnsongrass: Possible role as a reservoir of pathogens to other plants,,,Ezekiel Ahn; Louis Prom; Clint Magill,USDA-ARS TEKTRAN,1,377245,https://www.ars.usda.gov/research/publications/publication/?seqNo115=377245,0,,Bibliographic context,,Bibliographic metadata,0
prombib_177,Genomic dissection of anthracnose resistance response in Sorghum bicolor (L.) Moench,,,Hugo Cuevas; Clara Cruet; Louis Prom; Joseph Knoll,USDA-ARS TEKTRAN,1,348120,https://www.ars.usda.gov/research/publications/publication/?seqNo115=348120,0,,Bibliographic context,,Bibliographic metadata,0
prombib_178,Genomic dissection of anthracnose resistant response in sorghum [Sorghum bicolor (L.)],,,Hugo Cuevas; Louis Prom; Joseph Knoll; Wilfred Vermerris,USDA-ARS TEKTRAN,1,337218,https://www.ars.usda.gov/research/publications/publication/?seqNo115=337218,0,,Bibliographic context,,Bibliographic metadata,0
prombib_179,Inheritance and molecular mapping of anthracnose resistance gene present in the differential line PI533918,,,Hugo Cuevas; Louis Prom; John Erpelding; Giseiry Rosa,USDA-ARS TEKTRAN,1,299921,https://www.ars.usda.gov/research/publications/publication/?seqNo115=299921,0,,Bibliographic context,,Bibliographic metadata,0
