Reference identifier,DOI,OpenAlex identifier,Citing Prom publications (n),Citing Prom bibliography identifiers,Citing Prom publication titles,Citation source,Search record URL,Search finding
Oa:W6602586571,,W6602586571,5,prombib_011; prombib_022; prombib_045; prombib_064; prombib_105,"Evaluation of selected sorghum lines and hybrids for resistance to grain mold and long smut fungi in Senegal, West Africa; Evaluation of the Ugandan sorghum accessions for grain mold and anthracnose resistance; Genome-wide association study of grain mold resistance in sorghum association panel as affected by inoculation with Alternaria alternata alone and Alternaria alternata, Fusarium thapsinum, and Curvularia lunata combined; Response of eight sorghum cultivars inoculated with Fusarium thapsinum, Curvularia lunata, and a mixture of the two fungi; Seed Mycoflora for Grain Mold from Natural Infection in Sorghum Germplasm Grown at Isabela, Puerto Rico and their Association with Kernel Weight and Germination",OpenAlex citation records,https://api.openalex.org/works?filter=openalex_id%3AW1875164193%7CW2182638063%7CW2275188307%7CW2470357444%7CW2612032254%7CW3022930123%7CW3125590945%7CW4206920689%7CW4206958471%7CW4285719527%7CW6601482391%7CW6602387169%7CW6602586571%7CW6603206069%7CW6603940800%7CW6605274338%7CW6606500284%7CW6607408362%7CW6608591213%7CW6609298465%7CW6609417635%7CW6610766001%7CW6611221950%7CW6612955938%7CW6615288153%7CW6621233215%7CW6622700980%7CW6624616687%7CW6628316086%7CW6630674337%7CW6630906916%7CW6630964377%7CW6634330782%7CW6634677644%7CW6634912077%7CW6636046727%7CW6636295136%7CW6640359030%7CW6645284547%7CW6645475247%7CW6659878711%7CW6666778901%7CW6674647444%7CW6677616063%7CW6678555805%7CW6678847611%7CW6679592256%7CW6681367416%7CW6682086512%7CW6683207008&per-page=100&select=id%2Cdoi%2Ctitle%2Cpublication_year%2Ctype%2Cauthorships,Crossref and OpenAlex supplied no title for this identifier on 14 July 2026.
Oa:W6611221950,,W6611221950,4,prombib_011; prombib_022; prombib_045; prombib_150,"Association and interrelationship among agronomic traits and fungal diseases of sorghum, anthracnose and grain mold; Evaluation of the Ugandan sorghum accessions for grain mold and anthracnose resistance; Response of eight sorghum cultivars inoculated with Fusarium thapsinum, Curvularia lunata, and a mixture of the two fungi; Seed Mycoflora for Grain Mold from Natural Infection in Sorghum Germplasm Grown at Isabela, Puerto Rico and their Association with Kernel Weight and Germination",OpenAlex citation records,https://api.openalex.org/works?filter=openalex_id%3AW1875164193%7CW2182638063%7CW2275188307%7CW2470357444%7CW2612032254%7CW3022930123%7CW3125590945%7CW4206920689%7CW4206958471%7CW4285719527%7CW6601482391%7CW6602387169%7CW6602586571%7CW6603206069%7CW6603940800%7CW6605274338%7CW6606500284%7CW6607408362%7CW6608591213%7CW6609298465%7CW6609417635%7CW6610766001%7CW6611221950%7CW6612955938%7CW6615288153%7CW6621233215%7CW6622700980%7CW6624616687%7CW6628316086%7CW6630674337%7CW6630906916%7CW6630964377%7CW6634330782%7CW6634677644%7CW6634912077%7CW6636046727%7CW6636295136%7CW6640359030%7CW6645284547%7CW6645475247%7CW6659878711%7CW6666778901%7CW6674647444%7CW6677616063%7CW6678555805%7CW6678847611%7CW6679592256%7CW6681367416%7CW6682086512%7CW6683207008&per-page=100&select=id%2Cdoi%2Ctitle%2Cpublication_year%2Ctype%2Cauthorships,Crossref and OpenAlex supplied no title for this identifier on 14 July 2026.
Oa:W6689350696,,W6689350696,1,prombib_011,"Response of eight sorghum cultivars inoculated with Fusarium thapsinum, Curvularia lunata, and a mixture of the two fungi",OpenAlex citation records,https://api.openalex.org/works?filter=openalex_id%3AW6683673603%7CW6683848932%7CW6685896491%7CW6687566270%7CW6689350696%7CW6692051148%7CW6692146016%7CW6692512456%7CW6693463408%7CW6696947097%7CW6703008615%7CW6712865866%7CW6717732383%7CW6725956750%7CW6727831295%7CW6739301629%7CW6746076884%7CW6748870641%7CW6751070255%7CW6753230755%7CW6753292358%7CW6753578924%7CW6756303833%7CW6774518529%7CW6786164076%7CW6794393417%7CW6796255830%7CW6803882144%7CW6806421124%7CW6807754091%7CW6810428222%7CW6836101573%7CW6844021140%7CW6847834653%7CW6869410255%7CW6881081297%7CW6922397887%7CW6958995990%7CW6981235383%7CW6987931530%7CW7053564776%7CW7073760023%7CW7074229912&per-page=100&select=id%2Cdoi%2Ctitle%2Cpublication_year%2Ctype%2Cauthorships,Crossref and OpenAlex supplied no title for this identifier on 14 July 2026.
Oa:W4285719527,,W4285719527,13,prombib_019; prombib_034; prombib_048; prombib_050; prombib_052; prombib_063; prombib_064; prombib_073; prombib_098; prombib_099; prombib_100; prombib_105; prombib_110,"Evaluation of Gambian and Malian sorghum germplasm against downy mildew pathogen, Peronosclerospora sorghi, in Mexico and the USA; Evaluation of selected sorghum lines and hybrids for resistance to grain mold and long smut fungi in Senegal, West Africa; GWAS analysis of sorghum association panel lines identifies SNPs associated with disease response to Texas isolates of Colletotrichum sublineola; Genetic diversity and pathotype determination of Colletotrichum sublineolum isolates causing anthracnose in sorghum; Genome-wide association mapping of grain mold resistance in the U.S. sorghum association panel; Genome-wide association study of grain mold resistance in sorghum association panel as affected by inoculation with Alternaria alternata alone and Alternaria alternata, Fusarium thapsinum, and Curvularia lunata combined; Isolation and characterization of the grain mold fungi Cochliobolus and Alternaria spp. from sorghum using semiselective media and DNA sequence analyses.; Mating type a locus alleles and genomic polymorphism in Sporisorium reilianum: Comparison of sorghum isolates to those from maize; Reaction of sorghum lines to zonate leaf spot and rough leaf spot; Screening sorghum accessions for resistance against anthracnose and grain mold through inoculating with pathogens; Simple sequence repeat markers useful for sorghum downy mildew (Peronosclerospora sorghi) and related species.; Survival of Claviceps africana Within Sorghum Panicles at Several Texas Locations.; Virulence and Molecular Genotyping Studies of Sporisorium reilianum Isolates in Sorghum.",OpenAlex citation records,https://api.openalex.org/works?filter=openalex_id%3AW1875164193%7CW2182638063%7CW2275188307%7CW2470357444%7CW2612032254%7CW3022930123%7CW3125590945%7CW4206920689%7CW4206958471%7CW4285719527%7CW6601482391%7CW6602387169%7CW6602586571%7CW6603206069%7CW6603940800%7CW6605274338%7CW6606500284%7CW6607408362%7CW6608591213%7CW6609298465%7CW6609417635%7CW6610766001%7CW6611221950%7CW6612955938%7CW6615288153%7CW6621233215%7CW6622700980%7CW6624616687%7CW6628316086%7CW6630674337%7CW6630906916%7CW6630964377%7CW6634330782%7CW6634677644%7CW6634912077%7CW6636046727%7CW6636295136%7CW6640359030%7CW6645284547%7CW6645475247%7CW6659878711%7CW6666778901%7CW6674647444%7CW6677616063%7CW6678555805%7CW6678847611%7CW6679592256%7CW6681367416%7CW6682086512%7CW6683207008&per-page=100&select=id%2Cdoi%2Ctitle%2Cpublication_year%2Ctype%2Cauthorships,Crossref and OpenAlex supplied no title for this identifier on 14 July 2026.
Oa:W6630674337,,W6630674337,1,prombib_019,Survival of Claviceps africana Within Sorghum Panicles at Several Texas Locations.,OpenAlex citation records,https://api.openalex.org/works?filter=openalex_id%3AW1875164193%7CW2182638063%7CW2275188307%7CW2470357444%7CW2612032254%7CW3022930123%7CW3125590945%7CW4206920689%7CW4206958471%7CW4285719527%7CW6601482391%7CW6602387169%7CW6602586571%7CW6603206069%7CW6603940800%7CW6605274338%7CW6606500284%7CW6607408362%7CW6608591213%7CW6609298465%7CW6609417635%7CW6610766001%7CW6611221950%7CW6612955938%7CW6615288153%7CW6621233215%7CW6622700980%7CW6624616687%7CW6628316086%7CW6630674337%7CW6630906916%7CW6630964377%7CW6634330782%7CW6634677644%7CW6634912077%7CW6636046727%7CW6636295136%7CW6640359030%7CW6645284547%7CW6645475247%7CW6659878711%7CW6666778901%7CW6674647444%7CW6677616063%7CW6678555805%7CW6678847611%7CW6679592256%7CW6681367416%7CW6682086512%7CW6683207008&per-page=100&select=id%2Cdoi%2Ctitle%2Cpublication_year%2Ctype%2Cauthorships,Crossref and OpenAlex supplied no title for this identifier on 14 July 2026.
Oa:W6622700980,,W6622700980,1,prombib_021,Ergot Response for the Sorghum Genotype IS8525,OpenAlex citation records,https://api.openalex.org/works?filter=openalex_id%3AW1875164193%7CW2182638063%7CW2275188307%7CW2470357444%7CW2612032254%7CW3022930123%7CW3125590945%7CW4206920689%7CW4206958471%7CW4285719527%7CW6601482391%7CW6602387169%7CW6602586571%7CW6603206069%7CW6603940800%7CW6605274338%7CW6606500284%7CW6607408362%7CW6608591213%7CW6609298465%7CW6609417635%7CW6610766001%7CW6611221950%7CW6612955938%7CW6615288153%7CW6621233215%7CW6622700980%7CW6624616687%7CW6628316086%7CW6630674337%7CW6630906916%7CW6630964377%7CW6634330782%7CW6634677644%7CW6634912077%7CW6636046727%7CW6636295136%7CW6640359030%7CW6645284547%7CW6645475247%7CW6659878711%7CW6666778901%7CW6674647444%7CW6677616063%7CW6678555805%7CW6678847611%7CW6679592256%7CW6681367416%7CW6682086512%7CW6683207008&per-page=100&select=id%2Cdoi%2Ctitle%2Cpublication_year%2Ctype%2Cauthorships,Crossref and OpenAlex supplied no title for this identifier on 14 July 2026.
Oa:W6636046727,,W6636046727,1,prombib_021,Ergot Response for the Sorghum Genotype IS8525,OpenAlex citation records,https://api.openalex.org/works?filter=openalex_id%3AW1875164193%7CW2182638063%7CW2275188307%7CW2470357444%7CW2612032254%7CW3022930123%7CW3125590945%7CW4206920689%7CW4206958471%7CW4285719527%7CW6601482391%7CW6602387169%7CW6602586571%7CW6603206069%7CW6603940800%7CW6605274338%7CW6606500284%7CW6607408362%7CW6608591213%7CW6609298465%7CW6609417635%7CW6610766001%7CW6611221950%7CW6612955938%7CW6615288153%7CW6621233215%7CW6622700980%7CW6624616687%7CW6628316086%7CW6630674337%7CW6630906916%7CW6630964377%7CW6634330782%7CW6634677644%7CW6634912077%7CW6636046727%7CW6636295136%7CW6640359030%7CW6645284547%7CW6645475247%7CW6659878711%7CW6666778901%7CW6674647444%7CW6677616063%7CW6678555805%7CW6678847611%7CW6679592256%7CW6681367416%7CW6682086512%7CW6683207008&per-page=100&select=id%2Cdoi%2Ctitle%2Cpublication_year%2Ctype%2Cauthorships,Crossref and OpenAlex supplied no title for this identifier on 14 July 2026.
Oa:W6608591213,,W6608591213,1,prombib_022,"Seed Mycoflora for Grain Mold from Natural Infection in Sorghum Germplasm Grown at Isabela, Puerto Rico and their Association with Kernel Weight and Germination",OpenAlex citation records,https://api.openalex.org/works?filter=openalex_id%3AW1875164193%7CW2182638063%7CW2275188307%7CW2470357444%7CW2612032254%7CW3022930123%7CW3125590945%7CW4206920689%7CW4206958471%7CW4285719527%7CW6601482391%7CW6602387169%7CW6602586571%7CW6603206069%7CW6603940800%7CW6605274338%7CW6606500284%7CW6607408362%7CW6608591213%7CW6609298465%7CW6609417635%7CW6610766001%7CW6611221950%7CW6612955938%7CW6615288153%7CW6621233215%7CW6622700980%7CW6624616687%7CW6628316086%7CW6630674337%7CW6630906916%7CW6630964377%7CW6634330782%7CW6634677644%7CW6634912077%7CW6636046727%7CW6636295136%7CW6640359030%7CW6645284547%7CW6645475247%7CW6659878711%7CW6666778901%7CW6674647444%7CW6677616063%7CW6678555805%7CW6678847611%7CW6679592256%7CW6681367416%7CW6682086512%7CW6683207008&per-page=100&select=id%2Cdoi%2Ctitle%2Cpublication_year%2Ctype%2Cauthorships,Crossref and OpenAlex supplied no title for this identifier on 14 July 2026.
Oa:W6683207008,,W6683207008,1,prombib_022,"Seed Mycoflora for Grain Mold from Natural Infection in Sorghum Germplasm Grown at Isabela, Puerto Rico and their Association with Kernel Weight and Germination",OpenAlex citation records,https://api.openalex.org/works?filter=openalex_id%3AW1875164193%7CW2182638063%7CW2275188307%7CW2470357444%7CW2612032254%7CW3022930123%7CW3125590945%7CW4206920689%7CW4206958471%7CW4285719527%7CW6601482391%7CW6602387169%7CW6602586571%7CW6603206069%7CW6603940800%7CW6605274338%7CW6606500284%7CW6607408362%7CW6608591213%7CW6609298465%7CW6609417635%7CW6610766001%7CW6611221950%7CW6612955938%7CW6615288153%7CW6621233215%7CW6622700980%7CW6624616687%7CW6628316086%7CW6630674337%7CW6630906916%7CW6630964377%7CW6634330782%7CW6634677644%7CW6634912077%7CW6636046727%7CW6636295136%7CW6640359030%7CW6645284547%7CW6645475247%7CW6659878711%7CW6666778901%7CW6674647444%7CW6677616063%7CW6678555805%7CW6678847611%7CW6679592256%7CW6681367416%7CW6682086512%7CW6683207008&per-page=100&select=id%2Cdoi%2Ctitle%2Cpublication_year%2Ctype%2Cauthorships,Crossref and OpenAlex supplied no title for this identifier on 14 July 2026.
Oa:W6624616687,,W6624616687,1,prombib_024,Assessing the vulnerability of selected sorghum lines from the United States of America to long smut (Sporisorium ehrenbergii Vánky) disease,OpenAlex citation records,https://api.openalex.org/works?filter=openalex_id%3AW1875164193%7CW2182638063%7CW2275188307%7CW2470357444%7CW2612032254%7CW3022930123%7CW3125590945%7CW4206920689%7CW4206958471%7CW4285719527%7CW6601482391%7CW6602387169%7CW6602586571%7CW6603206069%7CW6603940800%7CW6605274338%7CW6606500284%7CW6607408362%7CW6608591213%7CW6609298465%7CW6609417635%7CW6610766001%7CW6611221950%7CW6612955938%7CW6615288153%7CW6621233215%7CW6622700980%7CW6624616687%7CW6628316086%7CW6630674337%7CW6630906916%7CW6630964377%7CW6634330782%7CW6634677644%7CW6634912077%7CW6636046727%7CW6636295136%7CW6640359030%7CW6645284547%7CW6645475247%7CW6659878711%7CW6666778901%7CW6674647444%7CW6677616063%7CW6678555805%7CW6678847611%7CW6679592256%7CW6681367416%7CW6682086512%7CW6683207008&per-page=100&select=id%2Cdoi%2Ctitle%2Cpublication_year%2Ctype%2Cauthorships,Crossref and OpenAlex supplied no title for this identifier on 14 July 2026.
Oa:W6628316086,,W6628316086,1,prombib_024,Assessing the vulnerability of selected sorghum lines from the United States of America to long smut (Sporisorium ehrenbergii Vánky) disease,OpenAlex citation records,https://api.openalex.org/works?filter=openalex_id%3AW1875164193%7CW2182638063%7CW2275188307%7CW2470357444%7CW2612032254%7CW3022930123%7CW3125590945%7CW4206920689%7CW4206958471%7CW4285719527%7CW6601482391%7CW6602387169%7CW6602586571%7CW6603206069%7CW6603940800%7CW6605274338%7CW6606500284%7CW6607408362%7CW6608591213%7CW6609298465%7CW6609417635%7CW6610766001%7CW6611221950%7CW6612955938%7CW6615288153%7CW6621233215%7CW6622700980%7CW6624616687%7CW6628316086%7CW6630674337%7CW6630906916%7CW6630964377%7CW6634330782%7CW6634677644%7CW6634912077%7CW6636046727%7CW6636295136%7CW6640359030%7CW6645284547%7CW6645475247%7CW6659878711%7CW6666778901%7CW6674647444%7CW6677616063%7CW6678555805%7CW6678847611%7CW6679592256%7CW6681367416%7CW6682086512%7CW6683207008&per-page=100&select=id%2Cdoi%2Ctitle%2Cpublication_year%2Ctype%2Cauthorships,Crossref and OpenAlex supplied no title for this identifier on 14 July 2026.
Oa:W6630964377,,W6630964377,3,prombib_024; prombib_064; prombib_090,"Assessing the vulnerability of selected sorghum lines from the United States of America to long smut (Sporisorium ehrenbergii Vánky) disease; Evaluation of selected sorghum lines and hybrids for resistance to grain mold and long smut fungi in Senegal, West Africa; Response of sorghum lines and hybrids from the United States to long smut and grain mold",OpenAlex citation records,https://api.openalex.org/works?filter=openalex_id%3AW1875164193%7CW2182638063%7CW2275188307%7CW2470357444%7CW2612032254%7CW3022930123%7CW3125590945%7CW4206920689%7CW4206958471%7CW4285719527%7CW6601482391%7CW6602387169%7CW6602586571%7CW6603206069%7CW6603940800%7CW6605274338%7CW6606500284%7CW6607408362%7CW6608591213%7CW6609298465%7CW6609417635%7CW6610766001%7CW6611221950%7CW6612955938%7CW6615288153%7CW6621233215%7CW6622700980%7CW6624616687%7CW6628316086%7CW6630674337%7CW6630906916%7CW6630964377%7CW6634330782%7CW6634677644%7CW6634912077%7CW6636046727%7CW6636295136%7CW6640359030%7CW6645284547%7CW6645475247%7CW6659878711%7CW6666778901%7CW6674647444%7CW6677616063%7CW6678555805%7CW6678847611%7CW6679592256%7CW6681367416%7CW6682086512%7CW6683207008&per-page=100&select=id%2Cdoi%2Ctitle%2Cpublication_year%2Ctype%2Cauthorships,Crossref and OpenAlex supplied no title for this identifier on 14 July 2026.
Oa:W6636295136,,W6636295136,1,prombib_032,Mycotoxigenic Potential of Ten Fusarium species Grown on Sorghum and in vitro,OpenAlex citation records,https://api.openalex.org/works?filter=openalex_id%3AW1875164193%7CW2182638063%7CW2275188307%7CW2470357444%7CW2612032254%7CW3022930123%7CW3125590945%7CW4206920689%7CW4206958471%7CW4285719527%7CW6601482391%7CW6602387169%7CW6602586571%7CW6603206069%7CW6603940800%7CW6605274338%7CW6606500284%7CW6607408362%7CW6608591213%7CW6609298465%7CW6609417635%7CW6610766001%7CW6611221950%7CW6612955938%7CW6615288153%7CW6621233215%7CW6622700980%7CW6624616687%7CW6628316086%7CW6630674337%7CW6630906916%7CW6630964377%7CW6634330782%7CW6634677644%7CW6634912077%7CW6636046727%7CW6636295136%7CW6640359030%7CW6645284547%7CW6645475247%7CW6659878711%7CW6666778901%7CW6674647444%7CW6677616063%7CW6678555805%7CW6678847611%7CW6679592256%7CW6681367416%7CW6682086512%7CW6683207008&per-page=100&select=id%2Cdoi%2Ctitle%2Cpublication_year%2Ctype%2Cauthorships,Crossref and OpenAlex supplied no title for this identifier on 14 July 2026.
Oa:W2612032254,,W2612032254,2,prombib_034; prombib_050,Genetic diversity and pathotype determination of Colletotrichum sublineolum isolates causing anthracnose in sorghum; Simple sequence repeat markers useful for sorghum downy mildew (Peronosclerospora sorghi) and related species.,OpenAlex citation records,https://api.openalex.org/works?filter=openalex_id%3AW1875164193%7CW2182638063%7CW2275188307%7CW2470357444%7CW2612032254%7CW3022930123%7CW3125590945%7CW4206920689%7CW4206958471%7CW4285719527%7CW6601482391%7CW6602387169%7CW6602586571%7CW6603206069%7CW6603940800%7CW6605274338%7CW6606500284%7CW6607408362%7CW6608591213%7CW6609298465%7CW6609417635%7CW6610766001%7CW6611221950%7CW6612955938%7CW6615288153%7CW6621233215%7CW6622700980%7CW6624616687%7CW6628316086%7CW6630674337%7CW6630906916%7CW6630964377%7CW6634330782%7CW6634677644%7CW6634912077%7CW6636046727%7CW6636295136%7CW6640359030%7CW6645284547%7CW6645475247%7CW6659878711%7CW6666778901%7CW6674647444%7CW6677616063%7CW6678555805%7CW6678847611%7CW6679592256%7CW6681367416%7CW6682086512%7CW6683207008&per-page=100&select=id%2Cdoi%2Ctitle%2Cpublication_year%2Ctype%2Cauthorships,Crossref and OpenAlex supplied no title for this identifier on 14 July 2026.
Oa:W7053564776,,W7053564776,2,prombib_035; prombib_139,A Pictorial Technique for Mass Screening of Sorghum Germplasm for Anthracnose (Colletotrichum sublineolum) Resistance; Frequency of isolation of four fungal species colonizing sorghum grain collected from six lines in an anthracnose-infected field,OpenAlex citation records,https://api.openalex.org/works?filter=openalex_id%3AW6683673603%7CW6683848932%7CW6685896491%7CW6687566270%7CW6689350696%7CW6692051148%7CW6692146016%7CW6692512456%7CW6693463408%7CW6696947097%7CW6703008615%7CW6712865866%7CW6717732383%7CW6725956750%7CW6727831295%7CW6739301629%7CW6746076884%7CW6748870641%7CW6751070255%7CW6753230755%7CW6753292358%7CW6753578924%7CW6756303833%7CW6774518529%7CW6786164076%7CW6794393417%7CW6796255830%7CW6803882144%7CW6806421124%7CW6807754091%7CW6810428222%7CW6836101573%7CW6844021140%7CW6847834653%7CW6869410255%7CW6881081297%7CW6922397887%7CW6958995990%7CW6981235383%7CW6987931530%7CW7053564776%7CW7073760023%7CW7074229912&per-page=100&select=id%2Cdoi%2Ctitle%2Cpublication_year%2Ctype%2Cauthorships,Crossref and OpenAlex supplied no title for this identifier on 14 July 2026.
Oa:W7074229912,,W7074229912,1,prombib_035,A Pictorial Technique for Mass Screening of Sorghum Germplasm for Anthracnose (Colletotrichum sublineolum) Resistance,OpenAlex citation records,https://api.openalex.org/works?filter=openalex_id%3AW6683673603%7CW6683848932%7CW6685896491%7CW6687566270%7CW6689350696%7CW6692051148%7CW6692146016%7CW6692512456%7CW6693463408%7CW6696947097%7CW6703008615%7CW6712865866%7CW6717732383%7CW6725956750%7CW6727831295%7CW6739301629%7CW6746076884%7CW6748870641%7CW6751070255%7CW6753230755%7CW6753292358%7CW6753578924%7CW6756303833%7CW6774518529%7CW6786164076%7CW6794393417%7CW6796255830%7CW6803882144%7CW6806421124%7CW6807754091%7CW6810428222%7CW6836101573%7CW6844021140%7CW6847834653%7CW6869410255%7CW6881081297%7CW6922397887%7CW6958995990%7CW6981235383%7CW6987931530%7CW7053564776%7CW7073760023%7CW7074229912&per-page=100&select=id%2Cdoi%2Ctitle%2Cpublication_year%2Ctype%2Cauthorships,Crossref and OpenAlex supplied no title for this identifier on 14 July 2026.
Oa:W6603206069,,W6603206069,1,prombib_045,Evaluation of the Ugandan sorghum accessions for grain mold and anthracnose resistance,OpenAlex citation records,https://api.openalex.org/works?filter=openalex_id%3AW1875164193%7CW2182638063%7CW2275188307%7CW2470357444%7CW2612032254%7CW3022930123%7CW3125590945%7CW4206920689%7CW4206958471%7CW4285719527%7CW6601482391%7CW6602387169%7CW6602586571%7CW6603206069%7CW6603940800%7CW6605274338%7CW6606500284%7CW6607408362%7CW6608591213%7CW6609298465%7CW6609417635%7CW6610766001%7CW6611221950%7CW6612955938%7CW6615288153%7CW6621233215%7CW6622700980%7CW6624616687%7CW6628316086%7CW6630674337%7CW6630906916%7CW6630964377%7CW6634330782%7CW6634677644%7CW6634912077%7CW6636046727%7CW6636295136%7CW6640359030%7CW6645284547%7CW6645475247%7CW6659878711%7CW6666778901%7CW6674647444%7CW6677616063%7CW6678555805%7CW6678847611%7CW6679592256%7CW6681367416%7CW6682086512%7CW6683207008&per-page=100&select=id%2Cdoi%2Ctitle%2Cpublication_year%2Ctype%2Cauthorships,Crossref and OpenAlex supplied no title for this identifier on 14 July 2026.
Oa:W6609298465,,W6609298465,1,prombib_045,Evaluation of the Ugandan sorghum accessions for grain mold and anthracnose resistance,OpenAlex citation records,https://api.openalex.org/works?filter=openalex_id%3AW1875164193%7CW2182638063%7CW2275188307%7CW2470357444%7CW2612032254%7CW3022930123%7CW3125590945%7CW4206920689%7CW4206958471%7CW4285719527%7CW6601482391%7CW6602387169%7CW6602586571%7CW6603206069%7CW6603940800%7CW6605274338%7CW6606500284%7CW6607408362%7CW6608591213%7CW6609298465%7CW6609417635%7CW6610766001%7CW6611221950%7CW6612955938%7CW6615288153%7CW6621233215%7CW6622700980%7CW6624616687%7CW6628316086%7CW6630674337%7CW6630906916%7CW6630964377%7CW6634330782%7CW6634677644%7CW6634912077%7CW6636046727%7CW6636295136%7CW6640359030%7CW6645284547%7CW6645475247%7CW6659878711%7CW6666778901%7CW6674647444%7CW6677616063%7CW6678555805%7CW6678847611%7CW6679592256%7CW6681367416%7CW6682086512%7CW6683207008&per-page=100&select=id%2Cdoi%2Ctitle%2Cpublication_year%2Ctype%2Cauthorships,Crossref and OpenAlex supplied no title for this identifier on 14 July 2026.
Oa:W6725956750,,W6725956750,1,prombib_045,Evaluation of the Ugandan sorghum accessions for grain mold and anthracnose resistance,OpenAlex citation records,https://api.openalex.org/works?filter=openalex_id%3AW6683673603%7CW6683848932%7CW6685896491%7CW6687566270%7CW6689350696%7CW6692051148%7CW6692146016%7CW6692512456%7CW6693463408%7CW6696947097%7CW6703008615%7CW6712865866%7CW6717732383%7CW6725956750%7CW6727831295%7CW6739301629%7CW6746076884%7CW6748870641%7CW6751070255%7CW6753230755%7CW6753292358%7CW6753578924%7CW6756303833%7CW6774518529%7CW6786164076%7CW6794393417%7CW6796255830%7CW6803882144%7CW6806421124%7CW6807754091%7CW6810428222%7CW6836101573%7CW6844021140%7CW6847834653%7CW6869410255%7CW6881081297%7CW6922397887%7CW6958995990%7CW6981235383%7CW6987931530%7CW7053564776%7CW7073760023%7CW7074229912&per-page=100&select=id%2Cdoi%2Ctitle%2Cpublication_year%2Ctype%2Cauthorships,Crossref and OpenAlex supplied no title for this identifier on 14 July 2026.
Oa:W6727831295,,W6727831295,1,prombib_045,Evaluation of the Ugandan sorghum accessions for grain mold and anthracnose resistance,OpenAlex citation records,https://api.openalex.org/works?filter=openalex_id%3AW6683673603%7CW6683848932%7CW6685896491%7CW6687566270%7CW6689350696%7CW6692051148%7CW6692146016%7CW6692512456%7CW6693463408%7CW6696947097%7CW6703008615%7CW6712865866%7CW6717732383%7CW6725956750%7CW6727831295%7CW6739301629%7CW6746076884%7CW6748870641%7CW6751070255%7CW6753230755%7CW6753292358%7CW6753578924%7CW6756303833%7CW6774518529%7CW6786164076%7CW6794393417%7CW6796255830%7CW6803882144%7CW6806421124%7CW6807754091%7CW6810428222%7CW6836101573%7CW6844021140%7CW6847834653%7CW6869410255%7CW6881081297%7CW6922397887%7CW6958995990%7CW6981235383%7CW6987931530%7CW7053564776%7CW7073760023%7CW7074229912&per-page=100&select=id%2Cdoi%2Ctitle%2Cpublication_year%2Ctype%2Cauthorships,Crossref and OpenAlex supplied no title for this identifier on 14 July 2026.
Oa:W6807754091,,W6807754091,2,prombib_045; prombib_069,Assessment of sorghum germplasm from Burkina Faso and South Africa to identify new sources of resistance to grain mold and anthracnose; Evaluation of the Ugandan sorghum accessions for grain mold and anthracnose resistance,OpenAlex citation records,https://api.openalex.org/works?filter=openalex_id%3AW6683673603%7CW6683848932%7CW6685896491%7CW6687566270%7CW6689350696%7CW6692051148%7CW6692146016%7CW6692512456%7CW6693463408%7CW6696947097%7CW6703008615%7CW6712865866%7CW6717732383%7CW6725956750%7CW6727831295%7CW6739301629%7CW6746076884%7CW6748870641%7CW6751070255%7CW6753230755%7CW6753292358%7CW6753578924%7CW6756303833%7CW6774518529%7CW6786164076%7CW6794393417%7CW6796255830%7CW6803882144%7CW6806421124%7CW6807754091%7CW6810428222%7CW6836101573%7CW6844021140%7CW6847834653%7CW6869410255%7CW6881081297%7CW6922397887%7CW6958995990%7CW6981235383%7CW6987931530%7CW7053564776%7CW7073760023%7CW7074229912&per-page=100&select=id%2Cdoi%2Ctitle%2Cpublication_year%2Ctype%2Cauthorships,Crossref and OpenAlex supplied no title for this identifier on 14 July 2026.
Oa:W6987931530,,W6987931530,2,prombib_045; prombib_050,Evaluation of the Ugandan sorghum accessions for grain mold and anthracnose resistance; Genetic diversity and pathotype determination of Colletotrichum sublineolum isolates causing anthracnose in sorghum,OpenAlex citation records,https://api.openalex.org/works?filter=openalex_id%3AW6683673603%7CW6683848932%7CW6685896491%7CW6687566270%7CW6689350696%7CW6692051148%7CW6692146016%7CW6692512456%7CW6693463408%7CW6696947097%7CW6703008615%7CW6712865866%7CW6717732383%7CW6725956750%7CW6727831295%7CW6739301629%7CW6746076884%7CW6748870641%7CW6751070255%7CW6753230755%7CW6753292358%7CW6753578924%7CW6756303833%7CW6774518529%7CW6786164076%7CW6794393417%7CW6796255830%7CW6803882144%7CW6806421124%7CW6807754091%7CW6810428222%7CW6836101573%7CW6844021140%7CW6847834653%7CW6869410255%7CW6881081297%7CW6922397887%7CW6958995990%7CW6981235383%7CW6987931530%7CW7053564776%7CW7073760023%7CW7074229912&per-page=100&select=id%2Cdoi%2Ctitle%2Cpublication_year%2Ctype%2Cauthorships,Crossref and OpenAlex supplied no title for this identifier on 14 July 2026.
Oa:W6692051148,,W6692051148,2,prombib_048; prombib_156,Genetic and pathogenic variability among isolates of Sporisorium reilianum causing sorghum head smut; Virulence and Molecular Genotyping Studies of Sporisorium reilianum Isolates in Sorghum.,OpenAlex citation records,https://api.openalex.org/works?filter=openalex_id%3AW6683673603%7CW6683848932%7CW6685896491%7CW6687566270%7CW6689350696%7CW6692051148%7CW6692146016%7CW6692512456%7CW6693463408%7CW6696947097%7CW6703008615%7CW6712865866%7CW6717732383%7CW6725956750%7CW6727831295%7CW6739301629%7CW6746076884%7CW6748870641%7CW6751070255%7CW6753230755%7CW6753292358%7CW6753578924%7CW6756303833%7CW6774518529%7CW6786164076%7CW6794393417%7CW6796255830%7CW6803882144%7CW6806421124%7CW6807754091%7CW6810428222%7CW6836101573%7CW6844021140%7CW6847834653%7CW6869410255%7CW6881081297%7CW6922397887%7CW6958995990%7CW6981235383%7CW6987931530%7CW7053564776%7CW7073760023%7CW7074229912&per-page=100&select=id%2Cdoi%2Ctitle%2Cpublication_year%2Ctype%2Cauthorships,Crossref and OpenAlex supplied no title for this identifier on 14 July 2026.
Oa:W6806421124,,W6806421124,2,prombib_048; prombib_050,Genetic diversity and pathotype determination of Colletotrichum sublineolum isolates causing anthracnose in sorghum; Virulence and Molecular Genotyping Studies of Sporisorium reilianum Isolates in Sorghum.,OpenAlex citation records,https://api.openalex.org/works?filter=openalex_id%3AW6683673603%7CW6683848932%7CW6685896491%7CW6687566270%7CW6689350696%7CW6692051148%7CW6692146016%7CW6692512456%7CW6693463408%7CW6696947097%7CW6703008615%7CW6712865866%7CW6717732383%7CW6725956750%7CW6727831295%7CW6739301629%7CW6746076884%7CW6748870641%7CW6751070255%7CW6753230755%7CW6753292358%7CW6753578924%7CW6756303833%7CW6774518529%7CW6786164076%7CW6794393417%7CW6796255830%7CW6803882144%7CW6806421124%7CW6807754091%7CW6810428222%7CW6836101573%7CW6844021140%7CW6847834653%7CW6869410255%7CW6881081297%7CW6922397887%7CW6958995990%7CW6981235383%7CW6987931530%7CW7053564776%7CW7073760023%7CW7074229912&per-page=100&select=id%2Cdoi%2Ctitle%2Cpublication_year%2Ctype%2Cauthorships,Crossref and OpenAlex supplied no title for this identifier on 14 July 2026.
Oa:W2275188307,,W2275188307,2,prombib_052; prombib_059,"Isolation and characterization of the grain mold fungi Cochliobolus and Alternaria spp. from sorghum using semiselective media and DNA sequence analyses.; Response of near isogenic sorghum lines, differing at the P locus for plant color, to grain mold and head smut fungi",OpenAlex citation records,https://api.openalex.org/works?filter=openalex_id%3AW1875164193%7CW2182638063%7CW2275188307%7CW2470357444%7CW2612032254%7CW3022930123%7CW3125590945%7CW4206920689%7CW4206958471%7CW4285719527%7CW6601482391%7CW6602387169%7CW6602586571%7CW6603206069%7CW6603940800%7CW6605274338%7CW6606500284%7CW6607408362%7CW6608591213%7CW6609298465%7CW6609417635%7CW6610766001%7CW6611221950%7CW6612955938%7CW6615288153%7CW6621233215%7CW6622700980%7CW6624616687%7CW6628316086%7CW6630674337%7CW6630906916%7CW6630964377%7CW6634330782%7CW6634677644%7CW6634912077%7CW6636046727%7CW6636295136%7CW6640359030%7CW6645284547%7CW6645475247%7CW6659878711%7CW6666778901%7CW6674647444%7CW6677616063%7CW6678555805%7CW6678847611%7CW6679592256%7CW6681367416%7CW6682086512%7CW6683207008&per-page=100&select=id%2Cdoi%2Ctitle%2Cpublication_year%2Ctype%2Cauthorships,Crossref and OpenAlex supplied no title for this identifier on 14 July 2026.
Oa:W2470357444,,W2470357444,1,prombib_052,Isolation and characterization of the grain mold fungi Cochliobolus and Alternaria spp. from sorghum using semiselective media and DNA sequence analyses.,OpenAlex citation records,https://api.openalex.org/works?filter=openalex_id%3AW1875164193%7CW2182638063%7CW2275188307%7CW2470357444%7CW2612032254%7CW3022930123%7CW3125590945%7CW4206920689%7CW4206958471%7CW4285719527%7CW6601482391%7CW6602387169%7CW6602586571%7CW6603206069%7CW6603940800%7CW6605274338%7CW6606500284%7CW6607408362%7CW6608591213%7CW6609298465%7CW6609417635%7CW6610766001%7CW6611221950%7CW6612955938%7CW6615288153%7CW6621233215%7CW6622700980%7CW6624616687%7CW6628316086%7CW6630674337%7CW6630906916%7CW6630964377%7CW6634330782%7CW6634677644%7CW6634912077%7CW6636046727%7CW6636295136%7CW6640359030%7CW6645284547%7CW6645475247%7CW6659878711%7CW6666778901%7CW6674647444%7CW6677616063%7CW6678555805%7CW6678847611%7CW6679592256%7CW6681367416%7CW6682086512%7CW6683207008&per-page=100&select=id%2Cdoi%2Ctitle%2Cpublication_year%2Ctype%2Cauthorships,Crossref and OpenAlex supplied no title for this identifier on 14 July 2026.
Oa:W6678847611,,W6678847611,2,prombib_052; prombib_139,Frequency of isolation of four fungal species colonizing sorghum grain collected from six lines in an anthracnose-infected field; Isolation and characterization of the grain mold fungi Cochliobolus and Alternaria spp. from sorghum using semiselective media and DNA sequence analyses.,OpenAlex citation records,https://api.openalex.org/works?filter=openalex_id%3AW1875164193%7CW2182638063%7CW2275188307%7CW2470357444%7CW2612032254%7CW3022930123%7CW3125590945%7CW4206920689%7CW4206958471%7CW4285719527%7CW6601482391%7CW6602387169%7CW6602586571%7CW6603206069%7CW6603940800%7CW6605274338%7CW6606500284%7CW6607408362%7CW6608591213%7CW6609298465%7CW6609417635%7CW6610766001%7CW6611221950%7CW6612955938%7CW6615288153%7CW6621233215%7CW6622700980%7CW6624616687%7CW6628316086%7CW6630674337%7CW6630906916%7CW6630964377%7CW6634330782%7CW6634677644%7CW6634912077%7CW6636046727%7CW6636295136%7CW6640359030%7CW6645284547%7CW6645475247%7CW6659878711%7CW6666778901%7CW6674647444%7CW6677616063%7CW6678555805%7CW6678847611%7CW6679592256%7CW6681367416%7CW6682086512%7CW6683207008&per-page=100&select=id%2Cdoi%2Ctitle%2Cpublication_year%2Ctype%2Cauthorships,Crossref and OpenAlex supplied no title for this identifier on 14 July 2026.
Oa:W6659878711,,W6659878711,1,prombib_064,"Evaluation of selected sorghum lines and hybrids for resistance to grain mold and long smut fungi in Senegal, West Africa",OpenAlex citation records,https://api.openalex.org/works?filter=openalex_id%3AW1875164193%7CW2182638063%7CW2275188307%7CW2470357444%7CW2612032254%7CW3022930123%7CW3125590945%7CW4206920689%7CW4206958471%7CW4285719527%7CW6601482391%7CW6602387169%7CW6602586571%7CW6603206069%7CW6603940800%7CW6605274338%7CW6606500284%7CW6607408362%7CW6608591213%7CW6609298465%7CW6609417635%7CW6610766001%7CW6611221950%7CW6612955938%7CW6615288153%7CW6621233215%7CW6622700980%7CW6624616687%7CW6628316086%7CW6630674337%7CW6630906916%7CW6630964377%7CW6634330782%7CW6634677644%7CW6634912077%7CW6636046727%7CW6636295136%7CW6640359030%7CW6645284547%7CW6645475247%7CW6659878711%7CW6666778901%7CW6674647444%7CW6677616063%7CW6678555805%7CW6678847611%7CW6679592256%7CW6681367416%7CW6682086512%7CW6683207008&per-page=100&select=id%2Cdoi%2Ctitle%2Cpublication_year%2Ctype%2Cauthorships,Crossref and OpenAlex supplied no title for this identifier on 14 July 2026.
Oa:W6683848932,,W6683848932,2,prombib_064; prombib_105,"Evaluation of selected sorghum lines and hybrids for resistance to grain mold and long smut fungi in Senegal, West Africa; Genome-wide association study of grain mold resistance in sorghum association panel as affected by inoculation with Alternaria alternata alone and Alternaria alternata, Fusarium thapsinum, and Curvularia lunata combined",OpenAlex citation records,https://api.openalex.org/works?filter=openalex_id%3AW6683673603%7CW6683848932%7CW6685896491%7CW6687566270%7CW6689350696%7CW6692051148%7CW6692146016%7CW6692512456%7CW6693463408%7CW6696947097%7CW6703008615%7CW6712865866%7CW6717732383%7CW6725956750%7CW6727831295%7CW6739301629%7CW6746076884%7CW6748870641%7CW6751070255%7CW6753230755%7CW6753292358%7CW6753578924%7CW6756303833%7CW6774518529%7CW6786164076%7CW6794393417%7CW6796255830%7CW6803882144%7CW6806421124%7CW6807754091%7CW6810428222%7CW6836101573%7CW6844021140%7CW6847834653%7CW6869410255%7CW6881081297%7CW6922397887%7CW6958995990%7CW6981235383%7CW6987931530%7CW7053564776%7CW7073760023%7CW7074229912&per-page=100&select=id%2Cdoi%2Ctitle%2Cpublication_year%2Ctype%2Cauthorships,Crossref and OpenAlex supplied no title for this identifier on 14 July 2026.
Oa:W6634330782,,W6634330782,3,prombib_069; prombib_106; prombib_149,Assessment of sorghum germplasm from Burkina Faso and South Africa to identify new sources of resistance to grain mold and anthracnose; Association analysis of grain mould resistance in a core collection of NPGS Ethiopian sorghum germplasm; Genomic dissection of anthracnose (Colletotrichum sublineolum) resistance response in sorghum differential line SC112-14,OpenAlex citation records,https://api.openalex.org/works?filter=openalex_id%3AW1875164193%7CW2182638063%7CW2275188307%7CW2470357444%7CW2612032254%7CW3022930123%7CW3125590945%7CW4206920689%7CW4206958471%7CW4285719527%7CW6601482391%7CW6602387169%7CW6602586571%7CW6603206069%7CW6603940800%7CW6605274338%7CW6606500284%7CW6607408362%7CW6608591213%7CW6609298465%7CW6609417635%7CW6610766001%7CW6611221950%7CW6612955938%7CW6615288153%7CW6621233215%7CW6622700980%7CW6624616687%7CW6628316086%7CW6630674337%7CW6630906916%7CW6630964377%7CW6634330782%7CW6634677644%7CW6634912077%7CW6636046727%7CW6636295136%7CW6640359030%7CW6645284547%7CW6645475247%7CW6659878711%7CW6666778901%7CW6674647444%7CW6677616063%7CW6678555805%7CW6678847611%7CW6679592256%7CW6681367416%7CW6682086512%7CW6683207008&per-page=100&select=id%2Cdoi%2Ctitle%2Cpublication_year%2Ctype%2Cauthorships,Crossref and OpenAlex supplied no title for this identifier on 14 July 2026.
Oa:W6603940800,,W6603940800,1,prombib_086,Genome-wide association mapping of anthracnose (Collectotrichum sublineolun) resistance in the U.S. sorghum association panel,OpenAlex citation records,https://api.openalex.org/works?filter=openalex_id%3AW1875164193%7CW2182638063%7CW2275188307%7CW2470357444%7CW2612032254%7CW3022930123%7CW3125590945%7CW4206920689%7CW4206958471%7CW4285719527%7CW6601482391%7CW6602387169%7CW6602586571%7CW6603206069%7CW6603940800%7CW6605274338%7CW6606500284%7CW6607408362%7CW6608591213%7CW6609298465%7CW6609417635%7CW6610766001%7CW6611221950%7CW6612955938%7CW6615288153%7CW6621233215%7CW6622700980%7CW6624616687%7CW6628316086%7CW6630674337%7CW6630906916%7CW6630964377%7CW6634330782%7CW6634677644%7CW6634912077%7CW6636046727%7CW6636295136%7CW6640359030%7CW6645284547%7CW6645475247%7CW6659878711%7CW6666778901%7CW6674647444%7CW6677616063%7CW6678555805%7CW6678847611%7CW6679592256%7CW6681367416%7CW6682086512%7CW6683207008&per-page=100&select=id%2Cdoi%2Ctitle%2Cpublication_year%2Ctype%2Cauthorships,Crossref and OpenAlex supplied no title for this identifier on 14 July 2026.
Oa:W6612955938,,W6612955938,1,prombib_089,Population structure of the NPGS Senegalese sorghum collection and its evaluation to identify new disease resistant genes,OpenAlex citation records,https://api.openalex.org/works?filter=openalex_id%3AW1875164193%7CW2182638063%7CW2275188307%7CW2470357444%7CW2612032254%7CW3022930123%7CW3125590945%7CW4206920689%7CW4206958471%7CW4285719527%7CW6601482391%7CW6602387169%7CW6602586571%7CW6603206069%7CW6603940800%7CW6605274338%7CW6606500284%7CW6607408362%7CW6608591213%7CW6609298465%7CW6609417635%7CW6610766001%7CW6611221950%7CW6612955938%7CW6615288153%7CW6621233215%7CW6622700980%7CW6624616687%7CW6628316086%7CW6630674337%7CW6630906916%7CW6630964377%7CW6634330782%7CW6634677644%7CW6634912077%7CW6636046727%7CW6636295136%7CW6640359030%7CW6645284547%7CW6645475247%7CW6659878711%7CW6666778901%7CW6674647444%7CW6677616063%7CW6678555805%7CW6678847611%7CW6679592256%7CW6681367416%7CW6682086512%7CW6683207008&per-page=100&select=id%2Cdoi%2Ctitle%2Cpublication_year%2Ctype%2Cauthorships,Crossref and OpenAlex supplied no title for this identifier on 14 July 2026.
Oa:W6621233215,,W6621233215,1,prombib_089,Population structure of the NPGS Senegalese sorghum collection and its evaluation to identify new disease resistant genes,OpenAlex citation records,https://api.openalex.org/works?filter=openalex_id%3AW1875164193%7CW2182638063%7CW2275188307%7CW2470357444%7CW2612032254%7CW3022930123%7CW3125590945%7CW4206920689%7CW4206958471%7CW4285719527%7CW6601482391%7CW6602387169%7CW6602586571%7CW6603206069%7CW6603940800%7CW6605274338%7CW6606500284%7CW6607408362%7CW6608591213%7CW6609298465%7CW6609417635%7CW6610766001%7CW6611221950%7CW6612955938%7CW6615288153%7CW6621233215%7CW6622700980%7CW6624616687%7CW6628316086%7CW6630674337%7CW6630906916%7CW6630964377%7CW6634330782%7CW6634677644%7CW6634912077%7CW6636046727%7CW6636295136%7CW6640359030%7CW6645284547%7CW6645475247%7CW6659878711%7CW6666778901%7CW6674647444%7CW6677616063%7CW6678555805%7CW6678847611%7CW6679592256%7CW6681367416%7CW6682086512%7CW6683207008&per-page=100&select=id%2Cdoi%2Ctitle%2Cpublication_year%2Ctype%2Cauthorships,Crossref and OpenAlex supplied no title for this identifier on 14 July 2026.
Oa:W6739301629,,W6739301629,2,prombib_097; prombib_141,"Genetic diversity, population structure and anthracnose resistance response in a novel sweet sorghum diversity panel; Genome-wide association mapping of anthracnose (Colletotrichum sublineolum) resistance in NPGS Ethiopian sorghum germplasm",OpenAlex citation records,https://api.openalex.org/works?filter=openalex_id%3AW6683673603%7CW6683848932%7CW6685896491%7CW6687566270%7CW6689350696%7CW6692051148%7CW6692146016%7CW6692512456%7CW6693463408%7CW6696947097%7CW6703008615%7CW6712865866%7CW6717732383%7CW6725956750%7CW6727831295%7CW6739301629%7CW6746076884%7CW6748870641%7CW6751070255%7CW6753230755%7CW6753292358%7CW6753578924%7CW6756303833%7CW6774518529%7CW6786164076%7CW6794393417%7CW6796255830%7CW6803882144%7CW6806421124%7CW6807754091%7CW6810428222%7CW6836101573%7CW6844021140%7CW6847834653%7CW6869410255%7CW6881081297%7CW6922397887%7CW6958995990%7CW6981235383%7CW6987931530%7CW7053564776%7CW7073760023%7CW7074229912&per-page=100&select=id%2Cdoi%2Ctitle%2Cpublication_year%2Ctype%2Cauthorships,Crossref and OpenAlex supplied no title for this identifier on 14 July 2026.
Oa:W6645284547,,W6645284547,2,prombib_105; prombib_139,"Frequency of isolation of four fungal species colonizing sorghum grain collected from six lines in an anthracnose-infected field; Genome-wide association study of grain mold resistance in sorghum association panel as affected by inoculation with Alternaria alternata alone and Alternaria alternata, Fusarium thapsinum, and Curvularia lunata combined",OpenAlex citation records,https://api.openalex.org/works?filter=openalex_id%3AW1875164193%7CW2182638063%7CW2275188307%7CW2470357444%7CW2612032254%7CW3022930123%7CW3125590945%7CW4206920689%7CW4206958471%7CW4285719527%7CW6601482391%7CW6602387169%7CW6602586571%7CW6603206069%7CW6603940800%7CW6605274338%7CW6606500284%7CW6607408362%7CW6608591213%7CW6609298465%7CW6609417635%7CW6610766001%7CW6611221950%7CW6612955938%7CW6615288153%7CW6621233215%7CW6622700980%7CW6624616687%7CW6628316086%7CW6630674337%7CW6630906916%7CW6630964377%7CW6634330782%7CW6634677644%7CW6634912077%7CW6636046727%7CW6636295136%7CW6640359030%7CW6645284547%7CW6645475247%7CW6659878711%7CW6666778901%7CW6674647444%7CW6677616063%7CW6678555805%7CW6678847611%7CW6679592256%7CW6681367416%7CW6682086512%7CW6683207008&per-page=100&select=id%2Cdoi%2Ctitle%2Cpublication_year%2Ctype%2Cauthorships,Crossref and OpenAlex supplied no title for this identifier on 14 July 2026.
Oa:W6717732383,,W6717732383,2,prombib_105; prombib_139,"Frequency of isolation of four fungal species colonizing sorghum grain collected from six lines in an anthracnose-infected field; Genome-wide association study of grain mold resistance in sorghum association panel as affected by inoculation with Alternaria alternata alone and Alternaria alternata, Fusarium thapsinum, and Curvularia lunata combined",OpenAlex citation records,https://api.openalex.org/works?filter=openalex_id%3AW6683673603%7CW6683848932%7CW6685896491%7CW6687566270%7CW6689350696%7CW6692051148%7CW6692146016%7CW6692512456%7CW6693463408%7CW6696947097%7CW6703008615%7CW6712865866%7CW6717732383%7CW6725956750%7CW6727831295%7CW6739301629%7CW6746076884%7CW6748870641%7CW6751070255%7CW6753230755%7CW6753292358%7CW6753578924%7CW6756303833%7CW6774518529%7CW6786164076%7CW6794393417%7CW6796255830%7CW6803882144%7CW6806421124%7CW6807754091%7CW6810428222%7CW6836101573%7CW6844021140%7CW6847834653%7CW6869410255%7CW6881081297%7CW6922397887%7CW6958995990%7CW6981235383%7CW6987931530%7CW7053564776%7CW7073760023%7CW7074229912&per-page=100&select=id%2Cdoi%2Ctitle%2Cpublication_year%2Ctype%2Cauthorships,Crossref and OpenAlex supplied no title for this identifier on 14 July 2026.
Oa:W6746076884,,W6746076884,1,prombib_106,Genomic dissection of anthracnose (Colletotrichum sublineolum) resistance response in sorghum differential line SC112-14,OpenAlex citation records,https://api.openalex.org/works?filter=openalex_id%3AW6683673603%7CW6683848932%7CW6685896491%7CW6687566270%7CW6689350696%7CW6692051148%7CW6692146016%7CW6692512456%7CW6693463408%7CW6696947097%7CW6703008615%7CW6712865866%7CW6717732383%7CW6725956750%7CW6727831295%7CW6739301629%7CW6746076884%7CW6748870641%7CW6751070255%7CW6753230755%7CW6753292358%7CW6753578924%7CW6756303833%7CW6774518529%7CW6786164076%7CW6794393417%7CW6796255830%7CW6803882144%7CW6806421124%7CW6807754091%7CW6810428222%7CW6836101573%7CW6844021140%7CW6847834653%7CW6869410255%7CW6881081297%7CW6922397887%7CW6958995990%7CW6981235383%7CW6987931530%7CW7053564776%7CW7073760023%7CW7074229912&per-page=100&select=id%2Cdoi%2Ctitle%2Cpublication_year%2Ctype%2Cauthorships,Crossref and OpenAlex supplied no title for this identifier on 14 July 2026.
Oa:W2182638063,,W2182638063,1,prombib_111,"Sorghum seed fungal community and their association with grain mold severity, seed weight, and germination rate",OpenAlex citation records,https://api.openalex.org/works?filter=openalex_id%3AW1875164193%7CW2182638063%7CW2275188307%7CW2470357444%7CW2612032254%7CW3022930123%7CW3125590945%7CW4206920689%7CW4206958471%7CW4285719527%7CW6601482391%7CW6602387169%7CW6602586571%7CW6603206069%7CW6603940800%7CW6605274338%7CW6606500284%7CW6607408362%7CW6608591213%7CW6609298465%7CW6609417635%7CW6610766001%7CW6611221950%7CW6612955938%7CW6615288153%7CW6621233215%7CW6622700980%7CW6624616687%7CW6628316086%7CW6630674337%7CW6630906916%7CW6630964377%7CW6634330782%7CW6634677644%7CW6634912077%7CW6636046727%7CW6636295136%7CW6640359030%7CW6645284547%7CW6645475247%7CW6659878711%7CW6666778901%7CW6674647444%7CW6677616063%7CW6678555805%7CW6678847611%7CW6679592256%7CW6681367416%7CW6682086512%7CW6683207008&per-page=100&select=id%2Cdoi%2Ctitle%2Cpublication_year%2Ctype%2Cauthorships,Crossref and OpenAlex supplied no title for this identifier on 14 July 2026.
Oa:W6666778901,,W6666778901,1,prombib_111,"Sorghum seed fungal community and their association with grain mold severity, seed weight, and germination rate",OpenAlex citation records,https://api.openalex.org/works?filter=openalex_id%3AW1875164193%7CW2182638063%7CW2275188307%7CW2470357444%7CW2612032254%7CW3022930123%7CW3125590945%7CW4206920689%7CW4206958471%7CW4285719527%7CW6601482391%7CW6602387169%7CW6602586571%7CW6603206069%7CW6603940800%7CW6605274338%7CW6606500284%7CW6607408362%7CW6608591213%7CW6609298465%7CW6609417635%7CW6610766001%7CW6611221950%7CW6612955938%7CW6615288153%7CW6621233215%7CW6622700980%7CW6624616687%7CW6628316086%7CW6630674337%7CW6630906916%7CW6630964377%7CW6634330782%7CW6634677644%7CW6634912077%7CW6636046727%7CW6636295136%7CW6640359030%7CW6645284547%7CW6645475247%7CW6659878711%7CW6666778901%7CW6674647444%7CW6677616063%7CW6678555805%7CW6678847611%7CW6679592256%7CW6681367416%7CW6682086512%7CW6683207008&per-page=100&select=id%2Cdoi%2Ctitle%2Cpublication_year%2Ctype%2Cauthorships,Crossref and OpenAlex supplied no title for this identifier on 14 July 2026.
10.15226/jnhfs.2015.00157,10.15226/jnhfs.2015.00157,,1,prombib_113,"The occurrence and distribution of sorghum diseases in major production regions of Senegal, West Africa",Crossref publisher deposit,https://api.crossref.org/works/10.15226%2Fjnhfs.2015.00157,Crossref returned an HTTP error for this DOI on 14 July 2026; OpenAlex supplied no matching title.
Oa:W6922397887,,W6922397887,2,prombib_113; prombib_137,"A genome-wide association study of Nigerien and Senegalese sorghum germplasms of Exserohilum turcicum, the causal agent of leaf blight; The occurrence and distribution of sorghum diseases in major production regions of Senegal, West Africa",OpenAlex citation records,https://api.openalex.org/works?filter=openalex_id%3AW6683673603%7CW6683848932%7CW6685896491%7CW6687566270%7CW6689350696%7CW6692051148%7CW6692146016%7CW6692512456%7CW6693463408%7CW6696947097%7CW6703008615%7CW6712865866%7CW6717732383%7CW6725956750%7CW6727831295%7CW6739301629%7CW6746076884%7CW6748870641%7CW6751070255%7CW6753230755%7CW6753292358%7CW6753578924%7CW6756303833%7CW6774518529%7CW6786164076%7CW6794393417%7CW6796255830%7CW6803882144%7CW6806421124%7CW6807754091%7CW6810428222%7CW6836101573%7CW6844021140%7CW6847834653%7CW6869410255%7CW6881081297%7CW6922397887%7CW6958995990%7CW6981235383%7CW6987931530%7CW7053564776%7CW7073760023%7CW7074229912&per-page=100&select=id%2Cdoi%2Ctitle%2Cpublication_year%2Ctype%2Cauthorships,Crossref and OpenAlex supplied no title for this identifier on 14 July 2026.
Oa:W6605274338,,W6605274338,1,prombib_116,Diseases of Johnsongrass ( Sorghum halepense ): possible role as a reservoir of pathogens affecting other plants,OpenAlex citation records,https://api.openalex.org/works?filter=openalex_id%3AW1875164193%7CW2182638063%7CW2275188307%7CW2470357444%7CW2612032254%7CW3022930123%7CW3125590945%7CW4206920689%7CW4206958471%7CW4285719527%7CW6601482391%7CW6602387169%7CW6602586571%7CW6603206069%7CW6603940800%7CW6605274338%7CW6606500284%7CW6607408362%7CW6608591213%7CW6609298465%7CW6609417635%7CW6610766001%7CW6611221950%7CW6612955938%7CW6615288153%7CW6621233215%7CW6622700980%7CW6624616687%7CW6628316086%7CW6630674337%7CW6630906916%7CW6630964377%7CW6634330782%7CW6634677644%7CW6634912077%7CW6636046727%7CW6636295136%7CW6640359030%7CW6645284547%7CW6645475247%7CW6659878711%7CW6666778901%7CW6674647444%7CW6677616063%7CW6678555805%7CW6678847611%7CW6679592256%7CW6681367416%7CW6682086512%7CW6683207008&per-page=100&select=id%2Cdoi%2Ctitle%2Cpublication_year%2Ctype%2Cauthorships,Crossref and OpenAlex supplied no title for this identifier on 14 July 2026.
Oa:W6606500284,,W6606500284,1,prombib_116,Diseases of Johnsongrass ( Sorghum halepense ): possible role as a reservoir of pathogens affecting other plants,OpenAlex citation records,https://api.openalex.org/works?filter=openalex_id%3AW1875164193%7CW2182638063%7CW2275188307%7CW2470357444%7CW2612032254%7CW3022930123%7CW3125590945%7CW4206920689%7CW4206958471%7CW4285719527%7CW6601482391%7CW6602387169%7CW6602586571%7CW6603206069%7CW6603940800%7CW6605274338%7CW6606500284%7CW6607408362%7CW6608591213%7CW6609298465%7CW6609417635%7CW6610766001%7CW6611221950%7CW6612955938%7CW6615288153%7CW6621233215%7CW6622700980%7CW6624616687%7CW6628316086%7CW6630674337%7CW6630906916%7CW6630964377%7CW6634330782%7CW6634677644%7CW6634912077%7CW6636046727%7CW6636295136%7CW6640359030%7CW6645284547%7CW6645475247%7CW6659878711%7CW6666778901%7CW6674647444%7CW6677616063%7CW6678555805%7CW6678847611%7CW6679592256%7CW6681367416%7CW6682086512%7CW6683207008&per-page=100&select=id%2Cdoi%2Ctitle%2Cpublication_year%2Ctype%2Cauthorships,Crossref and OpenAlex supplied no title for this identifier on 14 July 2026.
Oa:W6610766001,,W6610766001,1,prombib_116,Diseases of Johnsongrass ( Sorghum halepense ): possible role as a reservoir of pathogens affecting other plants,OpenAlex citation records,https://api.openalex.org/works?filter=openalex_id%3AW1875164193%7CW2182638063%7CW2275188307%7CW2470357444%7CW2612032254%7CW3022930123%7CW3125590945%7CW4206920689%7CW4206958471%7CW4285719527%7CW6601482391%7CW6602387169%7CW6602586571%7CW6603206069%7CW6603940800%7CW6605274338%7CW6606500284%7CW6607408362%7CW6608591213%7CW6609298465%7CW6609417635%7CW6610766001%7CW6611221950%7CW6612955938%7CW6615288153%7CW6621233215%7CW6622700980%7CW6624616687%7CW6628316086%7CW6630674337%7CW6630906916%7CW6630964377%7CW6634330782%7CW6634677644%7CW6634912077%7CW6636046727%7CW6636295136%7CW6640359030%7CW6645284547%7CW6645475247%7CW6659878711%7CW6666778901%7CW6674647444%7CW6677616063%7CW6678555805%7CW6678847611%7CW6679592256%7CW6681367416%7CW6682086512%7CW6683207008&per-page=100&select=id%2Cdoi%2Ctitle%2Cpublication_year%2Ctype%2Cauthorships,Crossref and OpenAlex supplied no title for this identifier on 14 July 2026.
Oa:W6615288153,,W6615288153,1,prombib_116,Diseases of Johnsongrass ( Sorghum halepense ): possible role as a reservoir of pathogens affecting other plants,OpenAlex citation records,https://api.openalex.org/works?filter=openalex_id%3AW1875164193%7CW2182638063%7CW2275188307%7CW2470357444%7CW2612032254%7CW3022930123%7CW3125590945%7CW4206920689%7CW4206958471%7CW4285719527%7CW6601482391%7CW6602387169%7CW6602586571%7CW6603206069%7CW6603940800%7CW6605274338%7CW6606500284%7CW6607408362%7CW6608591213%7CW6609298465%7CW6609417635%7CW6610766001%7CW6611221950%7CW6612955938%7CW6615288153%7CW6621233215%7CW6622700980%7CW6624616687%7CW6628316086%7CW6630674337%7CW6630906916%7CW6630964377%7CW6634330782%7CW6634677644%7CW6634912077%7CW6636046727%7CW6636295136%7CW6640359030%7CW6645284547%7CW6645475247%7CW6659878711%7CW6666778901%7CW6674647444%7CW6677616063%7CW6678555805%7CW6678847611%7CW6679592256%7CW6681367416%7CW6682086512%7CW6683207008&per-page=100&select=id%2Cdoi%2Ctitle%2Cpublication_year%2Ctype%2Cauthorships,Crossref and OpenAlex supplied no title for this identifier on 14 July 2026.
Oa:W6677616063,,W6677616063,1,prombib_116,Diseases of Johnsongrass ( Sorghum halepense ): possible role as a reservoir of pathogens affecting other plants,OpenAlex citation records,https://api.openalex.org/works?filter=openalex_id%3AW1875164193%7CW2182638063%7CW2275188307%7CW2470357444%7CW2612032254%7CW3022930123%7CW3125590945%7CW4206920689%7CW4206958471%7CW4285719527%7CW6601482391%7CW6602387169%7CW6602586571%7CW6603206069%7CW6603940800%7CW6605274338%7CW6606500284%7CW6607408362%7CW6608591213%7CW6609298465%7CW6609417635%7CW6610766001%7CW6611221950%7CW6612955938%7CW6615288153%7CW6621233215%7CW6622700980%7CW6624616687%7CW6628316086%7CW6630674337%7CW6630906916%7CW6630964377%7CW6634330782%7CW6634677644%7CW6634912077%7CW6636046727%7CW6636295136%7CW6640359030%7CW6645284547%7CW6645475247%7CW6659878711%7CW6666778901%7CW6674647444%7CW6677616063%7CW6678555805%7CW6678847611%7CW6679592256%7CW6681367416%7CW6682086512%7CW6683207008&per-page=100&select=id%2Cdoi%2Ctitle%2Cpublication_year%2Ctype%2Cauthorships,Crossref and OpenAlex supplied no title for this identifier on 14 July 2026.
Oa:W6685896491,,W6685896491,1,prombib_116,Diseases of Johnsongrass ( Sorghum halepense ): possible role as a reservoir of pathogens affecting other plants,OpenAlex citation records,https://api.openalex.org/works?filter=openalex_id%3AW6683673603%7CW6683848932%7CW6685896491%7CW6687566270%7CW6689350696%7CW6692051148%7CW6692146016%7CW6692512456%7CW6693463408%7CW6696947097%7CW6703008615%7CW6712865866%7CW6717732383%7CW6725956750%7CW6727831295%7CW6739301629%7CW6746076884%7CW6748870641%7CW6751070255%7CW6753230755%7CW6753292358%7CW6753578924%7CW6756303833%7CW6774518529%7CW6786164076%7CW6794393417%7CW6796255830%7CW6803882144%7CW6806421124%7CW6807754091%7CW6810428222%7CW6836101573%7CW6844021140%7CW6847834653%7CW6869410255%7CW6881081297%7CW6922397887%7CW6958995990%7CW6981235383%7CW6987931530%7CW7053564776%7CW7073760023%7CW7074229912&per-page=100&select=id%2Cdoi%2Ctitle%2Cpublication_year%2Ctype%2Cauthorships,Crossref and OpenAlex supplied no title for this identifier on 14 July 2026.
Oa:W6692146016,,W6692146016,1,prombib_116,Diseases of Johnsongrass ( Sorghum halepense ): possible role as a reservoir of pathogens affecting other plants,OpenAlex citation records,https://api.openalex.org/works?filter=openalex_id%3AW6683673603%7CW6683848932%7CW6685896491%7CW6687566270%7CW6689350696%7CW6692051148%7CW6692146016%7CW6692512456%7CW6693463408%7CW6696947097%7CW6703008615%7CW6712865866%7CW6717732383%7CW6725956750%7CW6727831295%7CW6739301629%7CW6746076884%7CW6748870641%7CW6751070255%7CW6753230755%7CW6753292358%7CW6753578924%7CW6756303833%7CW6774518529%7CW6786164076%7CW6794393417%7CW6796255830%7CW6803882144%7CW6806421124%7CW6807754091%7CW6810428222%7CW6836101573%7CW6844021140%7CW6847834653%7CW6869410255%7CW6881081297%7CW6922397887%7CW6958995990%7CW6981235383%7CW6987931530%7CW7053564776%7CW7073760023%7CW7074229912&per-page=100&select=id%2Cdoi%2Ctitle%2Cpublication_year%2Ctype%2Cauthorships,Crossref and OpenAlex supplied no title for this identifier on 14 July 2026.
Oa:W6712865866,,W6712865866,1,prombib_116,Diseases of Johnsongrass ( Sorghum halepense ): possible role as a reservoir of pathogens affecting other plants,OpenAlex citation records,https://api.openalex.org/works?filter=openalex_id%3AW6683673603%7CW6683848932%7CW6685896491%7CW6687566270%7CW6689350696%7CW6692051148%7CW6692146016%7CW6692512456%7CW6693463408%7CW6696947097%7CW6703008615%7CW6712865866%7CW6717732383%7CW6725956750%7CW6727831295%7CW6739301629%7CW6746076884%7CW6748870641%7CW6751070255%7CW6753230755%7CW6753292358%7CW6753578924%7CW6756303833%7CW6774518529%7CW6786164076%7CW6794393417%7CW6796255830%7CW6803882144%7CW6806421124%7CW6807754091%7CW6810428222%7CW6836101573%7CW6844021140%7CW6847834653%7CW6869410255%7CW6881081297%7CW6922397887%7CW6958995990%7CW6981235383%7CW6987931530%7CW7053564776%7CW7073760023%7CW7074229912&per-page=100&select=id%2Cdoi%2Ctitle%2Cpublication_year%2Ctype%2Cauthorships,Crossref and OpenAlex supplied no title for this identifier on 14 July 2026.
Oa:W6753230755,,W6753230755,1,prombib_116,Diseases of Johnsongrass ( Sorghum halepense ): possible role as a reservoir of pathogens affecting other plants,OpenAlex citation records,https://api.openalex.org/works?filter=openalex_id%3AW6683673603%7CW6683848932%7CW6685896491%7CW6687566270%7CW6689350696%7CW6692051148%7CW6692146016%7CW6692512456%7CW6693463408%7CW6696947097%7CW6703008615%7CW6712865866%7CW6717732383%7CW6725956750%7CW6727831295%7CW6739301629%7CW6746076884%7CW6748870641%7CW6751070255%7CW6753230755%7CW6753292358%7CW6753578924%7CW6756303833%7CW6774518529%7CW6786164076%7CW6794393417%7CW6796255830%7CW6803882144%7CW6806421124%7CW6807754091%7CW6810428222%7CW6836101573%7CW6844021140%7CW6847834653%7CW6869410255%7CW6881081297%7CW6922397887%7CW6958995990%7CW6981235383%7CW6987931530%7CW7053564776%7CW7073760023%7CW7074229912&per-page=100&select=id%2Cdoi%2Ctitle%2Cpublication_year%2Ctype%2Cauthorships,Crossref and OpenAlex supplied no title for this identifier on 14 July 2026.
Oa:W6753292358,,W6753292358,1,prombib_116,Diseases of Johnsongrass ( Sorghum halepense ): possible role as a reservoir of pathogens affecting other plants,OpenAlex citation records,https://api.openalex.org/works?filter=openalex_id%3AW6683673603%7CW6683848932%7CW6685896491%7CW6687566270%7CW6689350696%7CW6692051148%7CW6692146016%7CW6692512456%7CW6693463408%7CW6696947097%7CW6703008615%7CW6712865866%7CW6717732383%7CW6725956750%7CW6727831295%7CW6739301629%7CW6746076884%7CW6748870641%7CW6751070255%7CW6753230755%7CW6753292358%7CW6753578924%7CW6756303833%7CW6774518529%7CW6786164076%7CW6794393417%7CW6796255830%7CW6803882144%7CW6806421124%7CW6807754091%7CW6810428222%7CW6836101573%7CW6844021140%7CW6847834653%7CW6869410255%7CW6881081297%7CW6922397887%7CW6958995990%7CW6981235383%7CW6987931530%7CW7053564776%7CW7073760023%7CW7074229912&per-page=100&select=id%2Cdoi%2Ctitle%2Cpublication_year%2Ctype%2Cauthorships,Crossref and OpenAlex supplied no title for this identifier on 14 July 2026.
Oa:W6774518529,,W6774518529,1,prombib_116,Diseases of Johnsongrass ( Sorghum halepense ): possible role as a reservoir of pathogens affecting other plants,OpenAlex citation records,https://api.openalex.org/works?filter=openalex_id%3AW6683673603%7CW6683848932%7CW6685896491%7CW6687566270%7CW6689350696%7CW6692051148%7CW6692146016%7CW6692512456%7CW6693463408%7CW6696947097%7CW6703008615%7CW6712865866%7CW6717732383%7CW6725956750%7CW6727831295%7CW6739301629%7CW6746076884%7CW6748870641%7CW6751070255%7CW6753230755%7CW6753292358%7CW6753578924%7CW6756303833%7CW6774518529%7CW6786164076%7CW6794393417%7CW6796255830%7CW6803882144%7CW6806421124%7CW6807754091%7CW6810428222%7CW6836101573%7CW6844021140%7CW6847834653%7CW6869410255%7CW6881081297%7CW6922397887%7CW6958995990%7CW6981235383%7CW6987931530%7CW7053564776%7CW7073760023%7CW7074229912&per-page=100&select=id%2Cdoi%2Ctitle%2Cpublication_year%2Ctype%2Cauthorships,Crossref and OpenAlex supplied no title for this identifier on 14 July 2026.
Oa:W6794393417,,W6794393417,1,prombib_116,Diseases of Johnsongrass ( Sorghum halepense ): possible role as a reservoir of pathogens affecting other plants,OpenAlex citation records,https://api.openalex.org/works?filter=openalex_id%3AW6683673603%7CW6683848932%7CW6685896491%7CW6687566270%7CW6689350696%7CW6692051148%7CW6692146016%7CW6692512456%7CW6693463408%7CW6696947097%7CW6703008615%7CW6712865866%7CW6717732383%7CW6725956750%7CW6727831295%7CW6739301629%7CW6746076884%7CW6748870641%7CW6751070255%7CW6753230755%7CW6753292358%7CW6753578924%7CW6756303833%7CW6774518529%7CW6786164076%7CW6794393417%7CW6796255830%7CW6803882144%7CW6806421124%7CW6807754091%7CW6810428222%7CW6836101573%7CW6844021140%7CW6847834653%7CW6869410255%7CW6881081297%7CW6922397887%7CW6958995990%7CW6981235383%7CW6987931530%7CW7053564776%7CW7073760023%7CW7074229912&per-page=100&select=id%2Cdoi%2Ctitle%2Cpublication_year%2Ctype%2Cauthorships,Crossref and OpenAlex supplied no title for this identifier on 14 July 2026.
Oa:W6682086512,,W6682086512,1,prombib_119,Genome-wide association analysis for response of Senegalese sorghum accessions to Texas isolates of anthracnose,OpenAlex citation records,https://api.openalex.org/works?filter=openalex_id%3AW1875164193%7CW2182638063%7CW2275188307%7CW2470357444%7CW2612032254%7CW3022930123%7CW3125590945%7CW4206920689%7CW4206958471%7CW4285719527%7CW6601482391%7CW6602387169%7CW6602586571%7CW6603206069%7CW6603940800%7CW6605274338%7CW6606500284%7CW6607408362%7CW6608591213%7CW6609298465%7CW6609417635%7CW6610766001%7CW6611221950%7CW6612955938%7CW6615288153%7CW6621233215%7CW6622700980%7CW6624616687%7CW6628316086%7CW6630674337%7CW6630906916%7CW6630964377%7CW6634330782%7CW6634677644%7CW6634912077%7CW6636046727%7CW6636295136%7CW6640359030%7CW6645284547%7CW6645475247%7CW6659878711%7CW6666778901%7CW6674647444%7CW6677616063%7CW6678555805%7CW6678847611%7CW6679592256%7CW6681367416%7CW6682086512%7CW6683207008&per-page=100&select=id%2Cdoi%2Ctitle%2Cpublication_year%2Ctype%2Cauthorships,Crossref and OpenAlex supplied no title for this identifier on 14 July 2026.
Oa:W1875164193,,W1875164193,2,prombib_124; prombib_138,"A survey of the major sorghum production regions for foliar and panicle diseases during the 2022 growing season in Senegal, West Africa; Response of sorghum accessions against newly documented pathotypes 5 and 6 of head smut pathogen, Sporisorium reilianum",OpenAlex citation records,https://api.openalex.org/works?filter=openalex_id%3AW1875164193%7CW2182638063%7CW2275188307%7CW2470357444%7CW2612032254%7CW3022930123%7CW3125590945%7CW4206920689%7CW4206958471%7CW4285719527%7CW6601482391%7CW6602387169%7CW6602586571%7CW6603206069%7CW6603940800%7CW6605274338%7CW6606500284%7CW6607408362%7CW6608591213%7CW6609298465%7CW6609417635%7CW6610766001%7CW6611221950%7CW6612955938%7CW6615288153%7CW6621233215%7CW6622700980%7CW6624616687%7CW6628316086%7CW6630674337%7CW6630906916%7CW6630964377%7CW6634330782%7CW6634677644%7CW6634912077%7CW6636046727%7CW6636295136%7CW6640359030%7CW6645284547%7CW6645475247%7CW6659878711%7CW6666778901%7CW6674647444%7CW6677616063%7CW6678555805%7CW6678847611%7CW6679592256%7CW6681367416%7CW6682086512%7CW6683207008&per-page=100&select=id%2Cdoi%2Ctitle%2Cpublication_year%2Ctype%2Cauthorships,Crossref and OpenAlex supplied no title for this identifier on 14 July 2026.
Oa:W3022930123,,W3022930123,1,prombib_126,The inheritance of anthracnose (Colletotrichum sublineola) resistance in sorghum differential lines QL3 and IS18760,OpenAlex citation records,https://api.openalex.org/works?filter=openalex_id%3AW1875164193%7CW2182638063%7CW2275188307%7CW2470357444%7CW2612032254%7CW3022930123%7CW3125590945%7CW4206920689%7CW4206958471%7CW4285719527%7CW6601482391%7CW6602387169%7CW6602586571%7CW6603206069%7CW6603940800%7CW6605274338%7CW6606500284%7CW6607408362%7CW6608591213%7CW6609298465%7CW6609417635%7CW6610766001%7CW6611221950%7CW6612955938%7CW6615288153%7CW6621233215%7CW6622700980%7CW6624616687%7CW6628316086%7CW6630674337%7CW6630906916%7CW6630964377%7CW6634330782%7CW6634677644%7CW6634912077%7CW6636046727%7CW6636295136%7CW6640359030%7CW6645284547%7CW6645475247%7CW6659878711%7CW6666778901%7CW6674647444%7CW6677616063%7CW6678555805%7CW6678847611%7CW6679592256%7CW6681367416%7CW6682086512%7CW6683207008&per-page=100&select=id%2Cdoi%2Ctitle%2Cpublication_year%2Ctype%2Cauthorships,Crossref and OpenAlex supplied no title for this identifier on 14 July 2026.
Oa:W6607408362,,W6607408362,1,prombib_127,The response of sorghum cultivars to mixtures of compatible and incompatible isolates and different conidia concentrations of Colletotrichum sublineola,OpenAlex citation records,https://api.openalex.org/works?filter=openalex_id%3AW1875164193%7CW2182638063%7CW2275188307%7CW2470357444%7CW2612032254%7CW3022930123%7CW3125590945%7CW4206920689%7CW4206958471%7CW4285719527%7CW6601482391%7CW6602387169%7CW6602586571%7CW6603206069%7CW6603940800%7CW6605274338%7CW6606500284%7CW6607408362%7CW6608591213%7CW6609298465%7CW6609417635%7CW6610766001%7CW6611221950%7CW6612955938%7CW6615288153%7CW6621233215%7CW6622700980%7CW6624616687%7CW6628316086%7CW6630674337%7CW6630906916%7CW6630964377%7CW6634330782%7CW6634677644%7CW6634912077%7CW6636046727%7CW6636295136%7CW6640359030%7CW6645284547%7CW6645475247%7CW6659878711%7CW6666778901%7CW6674647444%7CW6677616063%7CW6678555805%7CW6678847611%7CW6679592256%7CW6681367416%7CW6682086512%7CW6683207008&per-page=100&select=id%2Cdoi%2Ctitle%2Cpublication_year%2Ctype%2Cauthorships,Crossref and OpenAlex supplied no title for this identifier on 14 July 2026.
Oa:W6630906916,,W6630906916,1,prombib_127,The response of sorghum cultivars to mixtures of compatible and incompatible isolates and different conidia concentrations of Colletotrichum sublineola,OpenAlex citation records,https://api.openalex.org/works?filter=openalex_id%3AW1875164193%7CW2182638063%7CW2275188307%7CW2470357444%7CW2612032254%7CW3022930123%7CW3125590945%7CW4206920689%7CW4206958471%7CW4285719527%7CW6601482391%7CW6602387169%7CW6602586571%7CW6603206069%7CW6603940800%7CW6605274338%7CW6606500284%7CW6607408362%7CW6608591213%7CW6609298465%7CW6609417635%7CW6610766001%7CW6611221950%7CW6612955938%7CW6615288153%7CW6621233215%7CW6622700980%7CW6624616687%7CW6628316086%7CW6630674337%7CW6630906916%7CW6630964377%7CW6634330782%7CW6634677644%7CW6634912077%7CW6636046727%7CW6636295136%7CW6640359030%7CW6645284547%7CW6645475247%7CW6659878711%7CW6666778901%7CW6674647444%7CW6677616063%7CW6678555805%7CW6678847611%7CW6679592256%7CW6681367416%7CW6682086512%7CW6683207008&per-page=100&select=id%2Cdoi%2Ctitle%2Cpublication_year%2Ctype%2Cauthorships,Crossref and OpenAlex supplied no title for this identifier on 14 July 2026.
Oa:W6751070255,,W6751070255,1,prombib_134,Johnsongrass rhizome tissue can be infected by Colletotrichum sublineola,OpenAlex citation records,https://api.openalex.org/works?filter=openalex_id%3AW6683673603%7CW6683848932%7CW6685896491%7CW6687566270%7CW6689350696%7CW6692051148%7CW6692146016%7CW6692512456%7CW6693463408%7CW6696947097%7CW6703008615%7CW6712865866%7CW6717732383%7CW6725956750%7CW6727831295%7CW6739301629%7CW6746076884%7CW6748870641%7CW6751070255%7CW6753230755%7CW6753292358%7CW6753578924%7CW6756303833%7CW6774518529%7CW6786164076%7CW6794393417%7CW6796255830%7CW6803882144%7CW6806421124%7CW6807754091%7CW6810428222%7CW6836101573%7CW6844021140%7CW6847834653%7CW6869410255%7CW6881081297%7CW6922397887%7CW6958995990%7CW6981235383%7CW6987931530%7CW7053564776%7CW7073760023%7CW7074229912&per-page=100&select=id%2Cdoi%2Ctitle%2Cpublication_year%2Ctype%2Cauthorships,Crossref and OpenAlex supplied no title for this identifier on 14 July 2026.
Oa:W6687566270,,W6687566270,1,prombib_137,"A genome-wide association study of Nigerien and Senegalese sorghum germplasms of Exserohilum turcicum, the causal agent of leaf blight",OpenAlex citation records,https://api.openalex.org/works?filter=openalex_id%3AW6683673603%7CW6683848932%7CW6685896491%7CW6687566270%7CW6689350696%7CW6692051148%7CW6692146016%7CW6692512456%7CW6693463408%7CW6696947097%7CW6703008615%7CW6712865866%7CW6717732383%7CW6725956750%7CW6727831295%7CW6739301629%7CW6746076884%7CW6748870641%7CW6751070255%7CW6753230755%7CW6753292358%7CW6753578924%7CW6756303833%7CW6774518529%7CW6786164076%7CW6794393417%7CW6796255830%7CW6803882144%7CW6806421124%7CW6807754091%7CW6810428222%7CW6836101573%7CW6844021140%7CW6847834653%7CW6869410255%7CW6881081297%7CW6922397887%7CW6958995990%7CW6981235383%7CW6987931530%7CW7053564776%7CW7073760023%7CW7074229912&per-page=100&select=id%2Cdoi%2Ctitle%2Cpublication_year%2Ctype%2Cauthorships,Crossref and OpenAlex supplied no title for this identifier on 14 July 2026.
Oa:W6634912077,,W6634912077,1,prombib_139,Frequency of isolation of four fungal species colonizing sorghum grain collected from six lines in an anthracnose-infected field,OpenAlex citation records,https://api.openalex.org/works?filter=openalex_id%3AW1875164193%7CW2182638063%7CW2275188307%7CW2470357444%7CW2612032254%7CW3022930123%7CW3125590945%7CW4206920689%7CW4206958471%7CW4285719527%7CW6601482391%7CW6602387169%7CW6602586571%7CW6603206069%7CW6603940800%7CW6605274338%7CW6606500284%7CW6607408362%7CW6608591213%7CW6609298465%7CW6609417635%7CW6610766001%7CW6611221950%7CW6612955938%7CW6615288153%7CW6621233215%7CW6622700980%7CW6624616687%7CW6628316086%7CW6630674337%7CW6630906916%7CW6630964377%7CW6634330782%7CW6634677644%7CW6634912077%7CW6636046727%7CW6636295136%7CW6640359030%7CW6645284547%7CW6645475247%7CW6659878711%7CW6666778901%7CW6674647444%7CW6677616063%7CW6678555805%7CW6678847611%7CW6679592256%7CW6681367416%7CW6682086512%7CW6683207008&per-page=100&select=id%2Cdoi%2Ctitle%2Cpublication_year%2Ctype%2Cauthorships,Crossref and OpenAlex supplied no title for this identifier on 14 July 2026.
Oa:W6645475247,,W6645475247,1,prombib_140,Genetic diversity and classification of Colletotrichum sublineola pathotypes using a standard set of sorghum differentials,OpenAlex citation records,https://api.openalex.org/works?filter=openalex_id%3AW1875164193%7CW2182638063%7CW2275188307%7CW2470357444%7CW2612032254%7CW3022930123%7CW3125590945%7CW4206920689%7CW4206958471%7CW4285719527%7CW6601482391%7CW6602387169%7CW6602586571%7CW6603206069%7CW6603940800%7CW6605274338%7CW6606500284%7CW6607408362%7CW6608591213%7CW6609298465%7CW6609417635%7CW6610766001%7CW6611221950%7CW6612955938%7CW6615288153%7CW6621233215%7CW6622700980%7CW6624616687%7CW6628316086%7CW6630674337%7CW6630906916%7CW6630964377%7CW6634330782%7CW6634677644%7CW6634912077%7CW6636046727%7CW6636295136%7CW6640359030%7CW6645284547%7CW6645475247%7CW6659878711%7CW6666778901%7CW6674647444%7CW6677616063%7CW6678555805%7CW6678847611%7CW6679592256%7CW6681367416%7CW6682086512%7CW6683207008&per-page=100&select=id%2Cdoi%2Ctitle%2Cpublication_year%2Ctype%2Cauthorships,Crossref and OpenAlex supplied no title for this identifier on 14 July 2026.
Oa:W6678555805,,W6678555805,1,prombib_140,Genetic diversity and classification of Colletotrichum sublineola pathotypes using a standard set of sorghum differentials,OpenAlex citation records,https://api.openalex.org/works?filter=openalex_id%3AW1875164193%7CW2182638063%7CW2275188307%7CW2470357444%7CW2612032254%7CW3022930123%7CW3125590945%7CW4206920689%7CW4206958471%7CW4285719527%7CW6601482391%7CW6602387169%7CW6602586571%7CW6603206069%7CW6603940800%7CW6605274338%7CW6606500284%7CW6607408362%7CW6608591213%7CW6609298465%7CW6609417635%7CW6610766001%7CW6611221950%7CW6612955938%7CW6615288153%7CW6621233215%7CW6622700980%7CW6624616687%7CW6628316086%7CW6630674337%7CW6630906916%7CW6630964377%7CW6634330782%7CW6634677644%7CW6634912077%7CW6636046727%7CW6636295136%7CW6640359030%7CW6645284547%7CW6645475247%7CW6659878711%7CW6666778901%7CW6674647444%7CW6677616063%7CW6678555805%7CW6678847611%7CW6679592256%7CW6681367416%7CW6682086512%7CW6683207008&per-page=100&select=id%2Cdoi%2Ctitle%2Cpublication_year%2Ctype%2Cauthorships,Crossref and OpenAlex supplied no title for this identifier on 14 July 2026.
Oa:W6679592256,,W6679592256,1,prombib_140,Genetic diversity and classification of Colletotrichum sublineola pathotypes using a standard set of sorghum differentials,OpenAlex citation records,https://api.openalex.org/works?filter=openalex_id%3AW1875164193%7CW2182638063%7CW2275188307%7CW2470357444%7CW2612032254%7CW3022930123%7CW3125590945%7CW4206920689%7CW4206958471%7CW4285719527%7CW6601482391%7CW6602387169%7CW6602586571%7CW6603206069%7CW6603940800%7CW6605274338%7CW6606500284%7CW6607408362%7CW6608591213%7CW6609298465%7CW6609417635%7CW6610766001%7CW6611221950%7CW6612955938%7CW6615288153%7CW6621233215%7CW6622700980%7CW6624616687%7CW6628316086%7CW6630674337%7CW6630906916%7CW6630964377%7CW6634330782%7CW6634677644%7CW6634912077%7CW6636046727%7CW6636295136%7CW6640359030%7CW6645284547%7CW6645475247%7CW6659878711%7CW6666778901%7CW6674647444%7CW6677616063%7CW6678555805%7CW6678847611%7CW6679592256%7CW6681367416%7CW6682086512%7CW6683207008&per-page=100&select=id%2Cdoi%2Ctitle%2Cpublication_year%2Ctype%2Cauthorships,Crossref and OpenAlex supplied no title for this identifier on 14 July 2026.
Oa:W6748870641,,W6748870641,2,prombib_140; prombib_156,Genetic and pathogenic variability among isolates of Sporisorium reilianum causing sorghum head smut; Genetic diversity and classification of Colletotrichum sublineola pathotypes using a standard set of sorghum differentials,OpenAlex citation records,https://api.openalex.org/works?filter=openalex_id%3AW6683673603%7CW6683848932%7CW6685896491%7CW6687566270%7CW6689350696%7CW6692051148%7CW6692146016%7CW6692512456%7CW6693463408%7CW6696947097%7CW6703008615%7CW6712865866%7CW6717732383%7CW6725956750%7CW6727831295%7CW6739301629%7CW6746076884%7CW6748870641%7CW6751070255%7CW6753230755%7CW6753292358%7CW6753578924%7CW6756303833%7CW6774518529%7CW6786164076%7CW6794393417%7CW6796255830%7CW6803882144%7CW6806421124%7CW6807754091%7CW6810428222%7CW6836101573%7CW6844021140%7CW6847834653%7CW6869410255%7CW6881081297%7CW6922397887%7CW6958995990%7CW6981235383%7CW6987931530%7CW7053564776%7CW7073760023%7CW7074229912&per-page=100&select=id%2Cdoi%2Ctitle%2Cpublication_year%2Ctype%2Cauthorships,Crossref and OpenAlex supplied no title for this identifier on 14 July 2026.
Oa:W6810428222,,W6810428222,2,prombib_140; prombib_150,"Association and interrelationship among agronomic traits and fungal diseases of sorghum, anthracnose and grain mold; Genetic diversity and classification of Colletotrichum sublineola pathotypes using a standard set of sorghum differentials",OpenAlex citation records,https://api.openalex.org/works?filter=openalex_id%3AW6683673603%7CW6683848932%7CW6685896491%7CW6687566270%7CW6689350696%7CW6692051148%7CW6692146016%7CW6692512456%7CW6693463408%7CW6696947097%7CW6703008615%7CW6712865866%7CW6717732383%7CW6725956750%7CW6727831295%7CW6739301629%7CW6746076884%7CW6748870641%7CW6751070255%7CW6753230755%7CW6753292358%7CW6753578924%7CW6756303833%7CW6774518529%7CW6786164076%7CW6794393417%7CW6796255830%7CW6803882144%7CW6806421124%7CW6807754091%7CW6810428222%7CW6836101573%7CW6844021140%7CW6847834653%7CW6869410255%7CW6881081297%7CW6922397887%7CW6958995990%7CW6981235383%7CW6987931530%7CW7053564776%7CW7073760023%7CW7074229912&per-page=100&select=id%2Cdoi%2Ctitle%2Cpublication_year%2Ctype%2Cauthorships,Crossref and OpenAlex supplied no title for this identifier on 14 July 2026.
Oa:W6844021140,,W6844021140,2,prombib_140; prombib_150,"Association and interrelationship among agronomic traits and fungal diseases of sorghum, anthracnose and grain mold; Genetic diversity and classification of Colletotrichum sublineola pathotypes using a standard set of sorghum differentials",OpenAlex citation records,https://api.openalex.org/works?filter=openalex_id%3AW6683673603%7CW6683848932%7CW6685896491%7CW6687566270%7CW6689350696%7CW6692051148%7CW6692146016%7CW6692512456%7CW6693463408%7CW6696947097%7CW6703008615%7CW6712865866%7CW6717732383%7CW6725956750%7CW6727831295%7CW6739301629%7CW6746076884%7CW6748870641%7CW6751070255%7CW6753230755%7CW6753292358%7CW6753578924%7CW6756303833%7CW6774518529%7CW6786164076%7CW6794393417%7CW6796255830%7CW6803882144%7CW6806421124%7CW6807754091%7CW6810428222%7CW6836101573%7CW6844021140%7CW6847834653%7CW6869410255%7CW6881081297%7CW6922397887%7CW6958995990%7CW6981235383%7CW6987931530%7CW7053564776%7CW7073760023%7CW7074229912&per-page=100&select=id%2Cdoi%2Ctitle%2Cpublication_year%2Ctype%2Cauthorships,Crossref and OpenAlex supplied no title for this identifier on 14 July 2026.
Oa:W4206920689,,W4206920689,1,prombib_142,Genome-wide association study of seed morphology traits in Senegalese sorghum cultivars,OpenAlex citation records,https://api.openalex.org/works?filter=openalex_id%3AW1875164193%7CW2182638063%7CW2275188307%7CW2470357444%7CW2612032254%7CW3022930123%7CW3125590945%7CW4206920689%7CW4206958471%7CW4285719527%7CW6601482391%7CW6602387169%7CW6602586571%7CW6603206069%7CW6603940800%7CW6605274338%7CW6606500284%7CW6607408362%7CW6608591213%7CW6609298465%7CW6609417635%7CW6610766001%7CW6611221950%7CW6612955938%7CW6615288153%7CW6621233215%7CW6622700980%7CW6624616687%7CW6628316086%7CW6630674337%7CW6630906916%7CW6630964377%7CW6634330782%7CW6634677644%7CW6634912077%7CW6636046727%7CW6636295136%7CW6640359030%7CW6645284547%7CW6645475247%7CW6659878711%7CW6666778901%7CW6674647444%7CW6677616063%7CW6678555805%7CW6678847611%7CW6679592256%7CW6681367416%7CW6682086512%7CW6683207008&per-page=100&select=id%2Cdoi%2Ctitle%2Cpublication_year%2Ctype%2Cauthorships,Crossref and OpenAlex supplied no title for this identifier on 14 July 2026.
Oa:W6693463408,,W6693463408,1,prombib_142,Genome-wide association study of seed morphology traits in Senegalese sorghum cultivars,OpenAlex citation records,https://api.openalex.org/works?filter=openalex_id%3AW6683673603%7CW6683848932%7CW6685896491%7CW6687566270%7CW6689350696%7CW6692051148%7CW6692146016%7CW6692512456%7CW6693463408%7CW6696947097%7CW6703008615%7CW6712865866%7CW6717732383%7CW6725956750%7CW6727831295%7CW6739301629%7CW6746076884%7CW6748870641%7CW6751070255%7CW6753230755%7CW6753292358%7CW6753578924%7CW6756303833%7CW6774518529%7CW6786164076%7CW6794393417%7CW6796255830%7CW6803882144%7CW6806421124%7CW6807754091%7CW6810428222%7CW6836101573%7CW6844021140%7CW6847834653%7CW6869410255%7CW6881081297%7CW6922397887%7CW6958995990%7CW6981235383%7CW6987931530%7CW7053564776%7CW7073760023%7CW7074229912&per-page=100&select=id%2Cdoi%2Ctitle%2Cpublication_year%2Ctype%2Cauthorships,Crossref and OpenAlex supplied no title for this identifier on 14 July 2026.
Oa:W6958995990,,W6958995990,1,prombib_142,Genome-wide association study of seed morphology traits in Senegalese sorghum cultivars,OpenAlex citation records,https://api.openalex.org/works?filter=openalex_id%3AW6683673603%7CW6683848932%7CW6685896491%7CW6687566270%7CW6689350696%7CW6692051148%7CW6692146016%7CW6692512456%7CW6693463408%7CW6696947097%7CW6703008615%7CW6712865866%7CW6717732383%7CW6725956750%7CW6727831295%7CW6739301629%7CW6746076884%7CW6748870641%7CW6751070255%7CW6753230755%7CW6753292358%7CW6753578924%7CW6756303833%7CW6774518529%7CW6786164076%7CW6794393417%7CW6796255830%7CW6803882144%7CW6806421124%7CW6807754091%7CW6810428222%7CW6836101573%7CW6844021140%7CW6847834653%7CW6869410255%7CW6881081297%7CW6922397887%7CW6958995990%7CW6981235383%7CW6987931530%7CW7053564776%7CW7073760023%7CW7074229912&per-page=100&select=id%2Cdoi%2Ctitle%2Cpublication_year%2Ctype%2Cauthorships,Crossref and OpenAlex supplied no title for this identifier on 14 July 2026.
Oa:W3125590945,,W3125590945,1,prombib_145,"Inoculation and screening methods for major sorghum diseases caused by fungal pathogens: Claviceps africana, Colletotrichum sublineola, Sporisorium reilianum, Peronosclerospora sorghi and Macrophomina phaseolina",OpenAlex citation records,https://api.openalex.org/works?filter=openalex_id%3AW1875164193%7CW2182638063%7CW2275188307%7CW2470357444%7CW2612032254%7CW3022930123%7CW3125590945%7CW4206920689%7CW4206958471%7CW4285719527%7CW6601482391%7CW6602387169%7CW6602586571%7CW6603206069%7CW6603940800%7CW6605274338%7CW6606500284%7CW6607408362%7CW6608591213%7CW6609298465%7CW6609417635%7CW6610766001%7CW6611221950%7CW6612955938%7CW6615288153%7CW6621233215%7CW6622700980%7CW6624616687%7CW6628316086%7CW6630674337%7CW6630906916%7CW6630964377%7CW6634330782%7CW6634677644%7CW6634912077%7CW6636046727%7CW6636295136%7CW6640359030%7CW6645284547%7CW6645475247%7CW6659878711%7CW6666778901%7CW6674647444%7CW6677616063%7CW6678555805%7CW6678847611%7CW6679592256%7CW6681367416%7CW6682086512%7CW6683207008&per-page=100&select=id%2Cdoi%2Ctitle%2Cpublication_year%2Ctype%2Cauthorships,Crossref and OpenAlex supplied no title for this identifier on 14 July 2026.
Oa:W6602387169,,W6602387169,1,prombib_145,"Inoculation and screening methods for major sorghum diseases caused by fungal pathogens: Claviceps africana, Colletotrichum sublineola, Sporisorium reilianum, Peronosclerospora sorghi and Macrophomina phaseolina",OpenAlex citation records,https://api.openalex.org/works?filter=openalex_id%3AW1875164193%7CW2182638063%7CW2275188307%7CW2470357444%7CW2612032254%7CW3022930123%7CW3125590945%7CW4206920689%7CW4206958471%7CW4285719527%7CW6601482391%7CW6602387169%7CW6602586571%7CW6603206069%7CW6603940800%7CW6605274338%7CW6606500284%7CW6607408362%7CW6608591213%7CW6609298465%7CW6609417635%7CW6610766001%7CW6611221950%7CW6612955938%7CW6615288153%7CW6621233215%7CW6622700980%7CW6624616687%7CW6628316086%7CW6630674337%7CW6630906916%7CW6630964377%7CW6634330782%7CW6634677644%7CW6634912077%7CW6636046727%7CW6636295136%7CW6640359030%7CW6645284547%7CW6645475247%7CW6659878711%7CW6666778901%7CW6674647444%7CW6677616063%7CW6678555805%7CW6678847611%7CW6679592256%7CW6681367416%7CW6682086512%7CW6683207008&per-page=100&select=id%2Cdoi%2Ctitle%2Cpublication_year%2Ctype%2Cauthorships,Crossref and OpenAlex supplied no title for this identifier on 14 July 2026.
Oa:W6640359030,,W6640359030,1,prombib_145,"Inoculation and screening methods for major sorghum diseases caused by fungal pathogens: Claviceps africana, Colletotrichum sublineola, Sporisorium reilianum, Peronosclerospora sorghi and Macrophomina phaseolina",OpenAlex citation records,https://api.openalex.org/works?filter=openalex_id%3AW1875164193%7CW2182638063%7CW2275188307%7CW2470357444%7CW2612032254%7CW3022930123%7CW3125590945%7CW4206920689%7CW4206958471%7CW4285719527%7CW6601482391%7CW6602387169%7CW6602586571%7CW6603206069%7CW6603940800%7CW6605274338%7CW6606500284%7CW6607408362%7CW6608591213%7CW6609298465%7CW6609417635%7CW6610766001%7CW6611221950%7CW6612955938%7CW6615288153%7CW6621233215%7CW6622700980%7CW6624616687%7CW6628316086%7CW6630674337%7CW6630906916%7CW6630964377%7CW6634330782%7CW6634677644%7CW6634912077%7CW6636046727%7CW6636295136%7CW6640359030%7CW6645284547%7CW6645475247%7CW6659878711%7CW6666778901%7CW6674647444%7CW6677616063%7CW6678555805%7CW6678847611%7CW6679592256%7CW6681367416%7CW6682086512%7CW6683207008&per-page=100&select=id%2Cdoi%2Ctitle%2Cpublication_year%2Ctype%2Cauthorships,Crossref and OpenAlex supplied no title for this identifier on 14 July 2026.
Oa:W6703008615,,W6703008615,1,prombib_145,"Inoculation and screening methods for major sorghum diseases caused by fungal pathogens: Claviceps africana, Colletotrichum sublineola, Sporisorium reilianum, Peronosclerospora sorghi and Macrophomina phaseolina",OpenAlex citation records,https://api.openalex.org/works?filter=openalex_id%3AW6683673603%7CW6683848932%7CW6685896491%7CW6687566270%7CW6689350696%7CW6692051148%7CW6692146016%7CW6692512456%7CW6693463408%7CW6696947097%7CW6703008615%7CW6712865866%7CW6717732383%7CW6725956750%7CW6727831295%7CW6739301629%7CW6746076884%7CW6748870641%7CW6751070255%7CW6753230755%7CW6753292358%7CW6753578924%7CW6756303833%7CW6774518529%7CW6786164076%7CW6794393417%7CW6796255830%7CW6803882144%7CW6806421124%7CW6807754091%7CW6810428222%7CW6836101573%7CW6844021140%7CW6847834653%7CW6869410255%7CW6881081297%7CW6922397887%7CW6958995990%7CW6981235383%7CW6987931530%7CW7053564776%7CW7073760023%7CW7074229912&per-page=100&select=id%2Cdoi%2Ctitle%2Cpublication_year%2Ctype%2Cauthorships,Crossref and OpenAlex supplied no title for this identifier on 14 July 2026.
Oa:W6796255830,,W6796255830,1,prombib_146,"Multi-trait Genome-wide Association Studies of Sorghum bicolor regarding resistance to anthracnose, downy mildew, grain mold and head smut",OpenAlex citation records,https://api.openalex.org/works?filter=openalex_id%3AW6683673603%7CW6683848932%7CW6685896491%7CW6687566270%7CW6689350696%7CW6692051148%7CW6692146016%7CW6692512456%7CW6693463408%7CW6696947097%7CW6703008615%7CW6712865866%7CW6717732383%7CW6725956750%7CW6727831295%7CW6739301629%7CW6746076884%7CW6748870641%7CW6751070255%7CW6753230755%7CW6753292358%7CW6753578924%7CW6756303833%7CW6774518529%7CW6786164076%7CW6794393417%7CW6796255830%7CW6803882144%7CW6806421124%7CW6807754091%7CW6810428222%7CW6836101573%7CW6844021140%7CW6847834653%7CW6869410255%7CW6881081297%7CW6922397887%7CW6958995990%7CW6981235383%7CW6987931530%7CW7053564776%7CW7073760023%7CW7074229912&per-page=100&select=id%2Cdoi%2Ctitle%2Cpublication_year%2Ctype%2Cauthorships,Crossref and OpenAlex supplied no title for this identifier on 14 July 2026.
Oa:W6683673603,,W6683673603,1,prombib_149,Association analysis of grain mould resistance in a core collection of NPGS Ethiopian sorghum germplasm,OpenAlex citation records,https://api.openalex.org/works?filter=openalex_id%3AW6683673603%7CW6683848932%7CW6685896491%7CW6687566270%7CW6689350696%7CW6692051148%7CW6692146016%7CW6692512456%7CW6693463408%7CW6696947097%7CW6703008615%7CW6712865866%7CW6717732383%7CW6725956750%7CW6727831295%7CW6739301629%7CW6746076884%7CW6748870641%7CW6751070255%7CW6753230755%7CW6753292358%7CW6753578924%7CW6756303833%7CW6774518529%7CW6786164076%7CW6794393417%7CW6796255830%7CW6803882144%7CW6806421124%7CW6807754091%7CW6810428222%7CW6836101573%7CW6844021140%7CW6847834653%7CW6869410255%7CW6881081297%7CW6922397887%7CW6958995990%7CW6981235383%7CW6987931530%7CW7053564776%7CW7073760023%7CW7074229912&per-page=100&select=id%2Cdoi%2Ctitle%2Cpublication_year%2Ctype%2Cauthorships,Crossref and OpenAlex supplied no title for this identifier on 14 July 2026.
Oa:W6692512456,,W6692512456,1,prombib_150,"Association and interrelationship among agronomic traits and fungal diseases of sorghum, anthracnose and grain mold",OpenAlex citation records,https://api.openalex.org/works?filter=openalex_id%3AW6683673603%7CW6683848932%7CW6685896491%7CW6687566270%7CW6689350696%7CW6692051148%7CW6692146016%7CW6692512456%7CW6693463408%7CW6696947097%7CW6703008615%7CW6712865866%7CW6717732383%7CW6725956750%7CW6727831295%7CW6739301629%7CW6746076884%7CW6748870641%7CW6751070255%7CW6753230755%7CW6753292358%7CW6753578924%7CW6756303833%7CW6774518529%7CW6786164076%7CW6794393417%7CW6796255830%7CW6803882144%7CW6806421124%7CW6807754091%7CW6810428222%7CW6836101573%7CW6844021140%7CW6847834653%7CW6869410255%7CW6881081297%7CW6922397887%7CW6958995990%7CW6981235383%7CW6987931530%7CW7053564776%7CW7073760023%7CW7074229912&per-page=100&select=id%2Cdoi%2Ctitle%2Cpublication_year%2Ctype%2Cauthorships,Crossref and OpenAlex supplied no title for this identifier on 14 July 2026.
Oa:W6696947097,,W6696947097,1,prombib_150,"Association and interrelationship among agronomic traits and fungal diseases of sorghum, anthracnose and grain mold",OpenAlex citation records,https://api.openalex.org/works?filter=openalex_id%3AW6683673603%7CW6683848932%7CW6685896491%7CW6687566270%7CW6689350696%7CW6692051148%7CW6692146016%7CW6692512456%7CW6693463408%7CW6696947097%7CW6703008615%7CW6712865866%7CW6717732383%7CW6725956750%7CW6727831295%7CW6739301629%7CW6746076884%7CW6748870641%7CW6751070255%7CW6753230755%7CW6753292358%7CW6753578924%7CW6756303833%7CW6774518529%7CW6786164076%7CW6794393417%7CW6796255830%7CW6803882144%7CW6806421124%7CW6807754091%7CW6810428222%7CW6836101573%7CW6844021140%7CW6847834653%7CW6869410255%7CW6881081297%7CW6922397887%7CW6958995990%7CW6981235383%7CW6987931530%7CW7053564776%7CW7073760023%7CW7074229912&per-page=100&select=id%2Cdoi%2Ctitle%2Cpublication_year%2Ctype%2Cauthorships,Crossref and OpenAlex supplied no title for this identifier on 14 July 2026.
Oa:W6786164076,,W6786164076,1,prombib_150,"Association and interrelationship among agronomic traits and fungal diseases of sorghum, anthracnose and grain mold",OpenAlex citation records,https://api.openalex.org/works?filter=openalex_id%3AW6683673603%7CW6683848932%7CW6685896491%7CW6687566270%7CW6689350696%7CW6692051148%7CW6692146016%7CW6692512456%7CW6693463408%7CW6696947097%7CW6703008615%7CW6712865866%7CW6717732383%7CW6725956750%7CW6727831295%7CW6739301629%7CW6746076884%7CW6748870641%7CW6751070255%7CW6753230755%7CW6753292358%7CW6753578924%7CW6756303833%7CW6774518529%7CW6786164076%7CW6794393417%7CW6796255830%7CW6803882144%7CW6806421124%7CW6807754091%7CW6810428222%7CW6836101573%7CW6844021140%7CW6847834653%7CW6869410255%7CW6881081297%7CW6922397887%7CW6958995990%7CW6981235383%7CW6987931530%7CW7053564776%7CW7073760023%7CW7074229912&per-page=100&select=id%2Cdoi%2Ctitle%2Cpublication_year%2Ctype%2Cauthorships,Crossref and OpenAlex supplied no title for this identifier on 14 July 2026.
Oa:W6803882144,,W6803882144,1,prombib_150,"Association and interrelationship among agronomic traits and fungal diseases of sorghum, anthracnose and grain mold",OpenAlex citation records,https://api.openalex.org/works?filter=openalex_id%3AW6683673603%7CW6683848932%7CW6685896491%7CW6687566270%7CW6689350696%7CW6692051148%7CW6692146016%7CW6692512456%7CW6693463408%7CW6696947097%7CW6703008615%7CW6712865866%7CW6717732383%7CW6725956750%7CW6727831295%7CW6739301629%7CW6746076884%7CW6748870641%7CW6751070255%7CW6753230755%7CW6753292358%7CW6753578924%7CW6756303833%7CW6774518529%7CW6786164076%7CW6794393417%7CW6796255830%7CW6803882144%7CW6806421124%7CW6807754091%7CW6810428222%7CW6836101573%7CW6844021140%7CW6847834653%7CW6869410255%7CW6881081297%7CW6922397887%7CW6958995990%7CW6981235383%7CW6987931530%7CW7053564776%7CW7073760023%7CW7074229912&per-page=100&select=id%2Cdoi%2Ctitle%2Cpublication_year%2Ctype%2Cauthorships,Crossref and OpenAlex supplied no title for this identifier on 14 July 2026.
Oa:W6753578924,,W6753578924,1,prombib_151,Correlations among agronomic traits obtained from sorghum accessions planted in a field infected with three important fungal diseases,OpenAlex citation records,https://api.openalex.org/works?filter=openalex_id%3AW6683673603%7CW6683848932%7CW6685896491%7CW6687566270%7CW6689350696%7CW6692051148%7CW6692146016%7CW6692512456%7CW6693463408%7CW6696947097%7CW6703008615%7CW6712865866%7CW6717732383%7CW6725956750%7CW6727831295%7CW6739301629%7CW6746076884%7CW6748870641%7CW6751070255%7CW6753230755%7CW6753292358%7CW6753578924%7CW6756303833%7CW6774518529%7CW6786164076%7CW6794393417%7CW6796255830%7CW6803882144%7CW6806421124%7CW6807754091%7CW6810428222%7CW6836101573%7CW6844021140%7CW6847834653%7CW6869410255%7CW6881081297%7CW6922397887%7CW6958995990%7CW6981235383%7CW6987931530%7CW7053564776%7CW7073760023%7CW7074229912&per-page=100&select=id%2Cdoi%2Ctitle%2Cpublication_year%2Ctype%2Cauthorships,Crossref and OpenAlex supplied no title for this identifier on 14 July 2026.
Oa:W6609417635,,W6609417635,1,prombib_156,Genetic and pathogenic variability among isolates of Sporisorium reilianum causing sorghum head smut,OpenAlex citation records,https://api.openalex.org/works?filter=openalex_id%3AW1875164193%7CW2182638063%7CW2275188307%7CW2470357444%7CW2612032254%7CW3022930123%7CW3125590945%7CW4206920689%7CW4206958471%7CW4285719527%7CW6601482391%7CW6602387169%7CW6602586571%7CW6603206069%7CW6603940800%7CW6605274338%7CW6606500284%7CW6607408362%7CW6608591213%7CW6609298465%7CW6609417635%7CW6610766001%7CW6611221950%7CW6612955938%7CW6615288153%7CW6621233215%7CW6622700980%7CW6624616687%7CW6628316086%7CW6630674337%7CW6630906916%7CW6630964377%7CW6634330782%7CW6634677644%7CW6634912077%7CW6636046727%7CW6636295136%7CW6640359030%7CW6645284547%7CW6645475247%7CW6659878711%7CW6666778901%7CW6674647444%7CW6677616063%7CW6678555805%7CW6678847611%7CW6679592256%7CW6681367416%7CW6682086512%7CW6683207008&per-page=100&select=id%2Cdoi%2Ctitle%2Cpublication_year%2Ctype%2Cauthorships,Crossref and OpenAlex supplied no title for this identifier on 14 July 2026.
Oa:W6674647444,,W6674647444,1,prombib_156,Genetic and pathogenic variability among isolates of Sporisorium reilianum causing sorghum head smut,OpenAlex citation records,https://api.openalex.org/works?filter=openalex_id%3AW1875164193%7CW2182638063%7CW2275188307%7CW2470357444%7CW2612032254%7CW3022930123%7CW3125590945%7CW4206920689%7CW4206958471%7CW4285719527%7CW6601482391%7CW6602387169%7CW6602586571%7CW6603206069%7CW6603940800%7CW6605274338%7CW6606500284%7CW6607408362%7CW6608591213%7CW6609298465%7CW6609417635%7CW6610766001%7CW6611221950%7CW6612955938%7CW6615288153%7CW6621233215%7CW6622700980%7CW6624616687%7CW6628316086%7CW6630674337%7CW6630906916%7CW6630964377%7CW6634330782%7CW6634677644%7CW6634912077%7CW6636046727%7CW6636295136%7CW6640359030%7CW6645284547%7CW6645475247%7CW6659878711%7CW6666778901%7CW6674647444%7CW6677616063%7CW6678555805%7CW6678847611%7CW6679592256%7CW6681367416%7CW6682086512%7CW6683207008&per-page=100&select=id%2Cdoi%2Ctitle%2Cpublication_year%2Ctype%2Cauthorships,Crossref and OpenAlex supplied no title for this identifier on 14 July 2026.
Oa:W6681367416,,W6681367416,1,prombib_156,Genetic and pathogenic variability among isolates of Sporisorium reilianum causing sorghum head smut,OpenAlex citation records,https://api.openalex.org/works?filter=openalex_id%3AW1875164193%7CW2182638063%7CW2275188307%7CW2470357444%7CW2612032254%7CW3022930123%7CW3125590945%7CW4206920689%7CW4206958471%7CW4285719527%7CW6601482391%7CW6602387169%7CW6602586571%7CW6603206069%7CW6603940800%7CW6605274338%7CW6606500284%7CW6607408362%7CW6608591213%7CW6609298465%7CW6609417635%7CW6610766001%7CW6611221950%7CW6612955938%7CW6615288153%7CW6621233215%7CW6622700980%7CW6624616687%7CW6628316086%7CW6630674337%7CW6630906916%7CW6630964377%7CW6634330782%7CW6634677644%7CW6634912077%7CW6636046727%7CW6636295136%7CW6640359030%7CW6645284547%7CW6645475247%7CW6659878711%7CW6666778901%7CW6674647444%7CW6677616063%7CW6678555805%7CW6678847611%7CW6679592256%7CW6681367416%7CW6682086512%7CW6683207008&per-page=100&select=id%2Cdoi%2Ctitle%2Cpublication_year%2Ctype%2Cauthorships,Crossref and OpenAlex supplied no title for this identifier on 14 July 2026.
Oa:W6847834653,,W6847834653,1,prombib_156,Genetic and pathogenic variability among isolates of Sporisorium reilianum causing sorghum head smut,OpenAlex citation records,https://api.openalex.org/works?filter=openalex_id%3AW6683673603%7CW6683848932%7CW6685896491%7CW6687566270%7CW6689350696%7CW6692051148%7CW6692146016%7CW6692512456%7CW6693463408%7CW6696947097%7CW6703008615%7CW6712865866%7CW6717732383%7CW6725956750%7CW6727831295%7CW6739301629%7CW6746076884%7CW6748870641%7CW6751070255%7CW6753230755%7CW6753292358%7CW6753578924%7CW6756303833%7CW6774518529%7CW6786164076%7CW6794393417%7CW6796255830%7CW6803882144%7CW6806421124%7CW6807754091%7CW6810428222%7CW6836101573%7CW6844021140%7CW6847834653%7CW6869410255%7CW6881081297%7CW6922397887%7CW6958995990%7CW6981235383%7CW6987931530%7CW7053564776%7CW7073760023%7CW7074229912&per-page=100&select=id%2Cdoi%2Ctitle%2Cpublication_year%2Ctype%2Cauthorships,Crossref and OpenAlex supplied no title for this identifier on 14 July 2026.
Oa:W6601482391,,W6601482391,1,prombib_157,Genome-wide association analysis uncovers genes associated with resistance to head smut pathotype 5 in senegalese sorghum accessions,OpenAlex citation records,https://api.openalex.org/works?filter=openalex_id%3AW1875164193%7CW2182638063%7CW2275188307%7CW2470357444%7CW2612032254%7CW3022930123%7CW3125590945%7CW4206920689%7CW4206958471%7CW4285719527%7CW6601482391%7CW6602387169%7CW6602586571%7CW6603206069%7CW6603940800%7CW6605274338%7CW6606500284%7CW6607408362%7CW6608591213%7CW6609298465%7CW6609417635%7CW6610766001%7CW6611221950%7CW6612955938%7CW6615288153%7CW6621233215%7CW6622700980%7CW6624616687%7CW6628316086%7CW6630674337%7CW6630906916%7CW6630964377%7CW6634330782%7CW6634677644%7CW6634912077%7CW6636046727%7CW6636295136%7CW6640359030%7CW6645284547%7CW6645475247%7CW6659878711%7CW6666778901%7CW6674647444%7CW6677616063%7CW6678555805%7CW6678847611%7CW6679592256%7CW6681367416%7CW6682086512%7CW6683207008&per-page=100&select=id%2Cdoi%2Ctitle%2Cpublication_year%2Ctype%2Cauthorships,Crossref and OpenAlex supplied no title for this identifier on 14 July 2026.
Oa:W6756303833,,W6756303833,1,prombib_157,Genome-wide association analysis uncovers genes associated with resistance to head smut pathotype 5 in senegalese sorghum accessions,OpenAlex citation records,https://api.openalex.org/works?filter=openalex_id%3AW6683673603%7CW6683848932%7CW6685896491%7CW6687566270%7CW6689350696%7CW6692051148%7CW6692146016%7CW6692512456%7CW6693463408%7CW6696947097%7CW6703008615%7CW6712865866%7CW6717732383%7CW6725956750%7CW6727831295%7CW6739301629%7CW6746076884%7CW6748870641%7CW6751070255%7CW6753230755%7CW6753292358%7CW6753578924%7CW6756303833%7CW6774518529%7CW6786164076%7CW6794393417%7CW6796255830%7CW6803882144%7CW6806421124%7CW6807754091%7CW6810428222%7CW6836101573%7CW6844021140%7CW6847834653%7CW6869410255%7CW6881081297%7CW6922397887%7CW6958995990%7CW6981235383%7CW6987931530%7CW7053564776%7CW7073760023%7CW7074229912&per-page=100&select=id%2Cdoi%2Ctitle%2Cpublication_year%2Ctype%2Cauthorships,Crossref and OpenAlex supplied no title for this identifier on 14 July 2026.
Oa:W6869410255,,W6869410255,1,prombib_158,Genome-wide association study of Nigerien and Senegalese sorghum genotypes for their response to downy mildew,OpenAlex citation records,https://api.openalex.org/works?filter=openalex_id%3AW6683673603%7CW6683848932%7CW6685896491%7CW6687566270%7CW6689350696%7CW6692051148%7CW6692146016%7CW6692512456%7CW6693463408%7CW6696947097%7CW6703008615%7CW6712865866%7CW6717732383%7CW6725956750%7CW6727831295%7CW6739301629%7CW6746076884%7CW6748870641%7CW6751070255%7CW6753230755%7CW6753292358%7CW6753578924%7CW6756303833%7CW6774518529%7CW6786164076%7CW6794393417%7CW6796255830%7CW6803882144%7CW6806421124%7CW6807754091%7CW6810428222%7CW6836101573%7CW6844021140%7CW6847834653%7CW6869410255%7CW6881081297%7CW6922397887%7CW6958995990%7CW6981235383%7CW6987931530%7CW7053564776%7CW7073760023%7CW7074229912&per-page=100&select=id%2Cdoi%2Ctitle%2Cpublication_year%2Ctype%2Cauthorships,Crossref and OpenAlex supplied no title for this identifier on 14 July 2026.
Oa:W6981235383,,W6981235383,1,prombib_158,Genome-wide association study of Nigerien and Senegalese sorghum genotypes for their response to downy mildew,OpenAlex citation records,https://api.openalex.org/works?filter=openalex_id%3AW6683673603%7CW6683848932%7CW6685896491%7CW6687566270%7CW6689350696%7CW6692051148%7CW6692146016%7CW6692512456%7CW6693463408%7CW6696947097%7CW6703008615%7CW6712865866%7CW6717732383%7CW6725956750%7CW6727831295%7CW6739301629%7CW6746076884%7CW6748870641%7CW6751070255%7CW6753230755%7CW6753292358%7CW6753578924%7CW6756303833%7CW6774518529%7CW6786164076%7CW6794393417%7CW6796255830%7CW6803882144%7CW6806421124%7CW6807754091%7CW6810428222%7CW6836101573%7CW6844021140%7CW6847834653%7CW6869410255%7CW6881081297%7CW6922397887%7CW6958995990%7CW6981235383%7CW6987931530%7CW7053564776%7CW7073760023%7CW7074229912&per-page=100&select=id%2Cdoi%2Ctitle%2Cpublication_year%2Ctype%2Cauthorships,Crossref and OpenAlex supplied no title for this identifier on 14 July 2026.
Oa:W7073760023,,W7073760023,1,prombib_159,Genome-wide association study of seed morphology-related traits in sorghum mini core and Senegalese lines,OpenAlex citation records,https://api.openalex.org/works?filter=openalex_id%3AW6683673603%7CW6683848932%7CW6685896491%7CW6687566270%7CW6689350696%7CW6692051148%7CW6692146016%7CW6692512456%7CW6693463408%7CW6696947097%7CW6703008615%7CW6712865866%7CW6717732383%7CW6725956750%7CW6727831295%7CW6739301629%7CW6746076884%7CW6748870641%7CW6751070255%7CW6753230755%7CW6753292358%7CW6753578924%7CW6756303833%7CW6774518529%7CW6786164076%7CW6794393417%7CW6796255830%7CW6803882144%7CW6806421124%7CW6807754091%7CW6810428222%7CW6836101573%7CW6844021140%7CW6847834653%7CW6869410255%7CW6881081297%7CW6922397887%7CW6958995990%7CW6981235383%7CW6987931530%7CW7053564776%7CW7073760023%7CW7074229912&per-page=100&select=id%2Cdoi%2Ctitle%2Cpublication_year%2Ctype%2Cauthorships,Crossref and OpenAlex supplied no title for this identifier on 14 July 2026.
Oa:W6634677644,,W6634677644,1,prombib_165,Machine learning reveals complex genetics of fungal resistance in sorghum grain mold,OpenAlex citation records,https://api.openalex.org/works?filter=openalex_id%3AW1875164193%7CW2182638063%7CW2275188307%7CW2470357444%7CW2612032254%7CW3022930123%7CW3125590945%7CW4206920689%7CW4206958471%7CW4285719527%7CW6601482391%7CW6602387169%7CW6602586571%7CW6603206069%7CW6603940800%7CW6605274338%7CW6606500284%7CW6607408362%7CW6608591213%7CW6609298465%7CW6609417635%7CW6610766001%7CW6611221950%7CW6612955938%7CW6615288153%7CW6621233215%7CW6622700980%7CW6624616687%7CW6628316086%7CW6630674337%7CW6630906916%7CW6630964377%7CW6634330782%7CW6634677644%7CW6634912077%7CW6636046727%7CW6636295136%7CW6640359030%7CW6645284547%7CW6645475247%7CW6659878711%7CW6666778901%7CW6674647444%7CW6677616063%7CW6678555805%7CW6678847611%7CW6679592256%7CW6681367416%7CW6682086512%7CW6683207008&per-page=100&select=id%2Cdoi%2Ctitle%2Cpublication_year%2Ctype%2Cauthorships,Crossref and OpenAlex supplied no title for this identifier on 14 July 2026.
Oa:W6836101573,,W6836101573,1,prombib_165,Machine learning reveals complex genetics of fungal resistance in sorghum grain mold,OpenAlex citation records,https://api.openalex.org/works?filter=openalex_id%3AW6683673603%7CW6683848932%7CW6685896491%7CW6687566270%7CW6689350696%7CW6692051148%7CW6692146016%7CW6692512456%7CW6693463408%7CW6696947097%7CW6703008615%7CW6712865866%7CW6717732383%7CW6725956750%7CW6727831295%7CW6739301629%7CW6746076884%7CW6748870641%7CW6751070255%7CW6753230755%7CW6753292358%7CW6753578924%7CW6756303833%7CW6774518529%7CW6786164076%7CW6794393417%7CW6796255830%7CW6803882144%7CW6806421124%7CW6807754091%7CW6810428222%7CW6836101573%7CW6844021140%7CW6847834653%7CW6869410255%7CW6881081297%7CW6922397887%7CW6958995990%7CW6981235383%7CW6987931530%7CW7053564776%7CW7073760023%7CW7074229912&per-page=100&select=id%2Cdoi%2Ctitle%2Cpublication_year%2Ctype%2Cauthorships,Crossref and OpenAlex supplied no title for this identifier on 14 July 2026.
Oa:W6881081297,,W6881081297,1,prombib_165,Machine learning reveals complex genetics of fungal resistance in sorghum grain mold,OpenAlex citation records,https://api.openalex.org/works?filter=openalex_id%3AW6683673603%7CW6683848932%7CW6685896491%7CW6687566270%7CW6689350696%7CW6692051148%7CW6692146016%7CW6692512456%7CW6693463408%7CW6696947097%7CW6703008615%7CW6712865866%7CW6717732383%7CW6725956750%7CW6727831295%7CW6739301629%7CW6746076884%7CW6748870641%7CW6751070255%7CW6753230755%7CW6753292358%7CW6753578924%7CW6756303833%7CW6774518529%7CW6786164076%7CW6794393417%7CW6796255830%7CW6803882144%7CW6806421124%7CW6807754091%7CW6810428222%7CW6836101573%7CW6844021140%7CW6847834653%7CW6869410255%7CW6881081297%7CW6922397887%7CW6958995990%7CW6981235383%7CW6987931530%7CW7053564776%7CW7073760023%7CW7074229912&per-page=100&select=id%2Cdoi%2Ctitle%2Cpublication_year%2Ctype%2Cauthorships,Crossref and OpenAlex supplied no title for this identifier on 14 July 2026.
Oa:W4206958471,,W4206958471,1,prombib_169,Unveiling the potential role of dhurrin in sorghum during infection by the head smut pathogen sporisorium reilianum f. sp. reilianum,OpenAlex citation records,https://api.openalex.org/works?filter=openalex_id%3AW1875164193%7CW2182638063%7CW2275188307%7CW2470357444%7CW2612032254%7CW3022930123%7CW3125590945%7CW4206920689%7CW4206958471%7CW4285719527%7CW6601482391%7CW6602387169%7CW6602586571%7CW6603206069%7CW6603940800%7CW6605274338%7CW6606500284%7CW6607408362%7CW6608591213%7CW6609298465%7CW6609417635%7CW6610766001%7CW6611221950%7CW6612955938%7CW6615288153%7CW6621233215%7CW6622700980%7CW6624616687%7CW6628316086%7CW6630674337%7CW6630906916%7CW6630964377%7CW6634330782%7CW6634677644%7CW6634912077%7CW6636046727%7CW6636295136%7CW6640359030%7CW6645284547%7CW6645475247%7CW6659878711%7CW6666778901%7CW6674647444%7CW6677616063%7CW6678555805%7CW6678847611%7CW6679592256%7CW6681367416%7CW6682086512%7CW6683207008&per-page=100&select=id%2Cdoi%2Ctitle%2Cpublication_year%2Ctype%2Cauthorships,Crossref and OpenAlex supplied no title for this identifier on 14 July 2026.
