normalized_accession_or_line_id,canonical_identity_key,identity_basis,reported_label_variants,recurrence_pattern,qualifying_evidence_set_n,qualifying_evidence_set_ids,disease_categories,same_disease_recurrence_categories,qualifying_source_n,source_ids,source_citation_keys,source_citations,source_urls,source_doi_or_repository_ids,source_redistribution_statuses,source_provenance_statuses
ETSL 100016,line:etsl_100016,reviewed_exact_line_identity,ETSL 100016 | ETSL_100016,cross_disease_only,2,experiment:ethiopian_field_anthracnose_multisite | experiment:ref_girma_ethiopian_head_smut_2019,anthracnose | head_smut,,2,ethiopian_field_anthracnose_multisite | ref_girma_ethiopian_head_smut_2019,Birhanu et al. 2024 | Girma et al. 2019,Birhanu et al. (2024). Exploring the genetic basis of anthracnose resistance in Ethiopian sorghum through a genome-wide association study. BMC Genomics 25:677. https://doi.org/10.1186/s12864-024-10545-2 || Girma et al. (2019). A Large-Scale Genome-Wide Association Analyses of Ethiopian Sorghum Landrace Collection Reveal Loci Associated With Important Traits. Frontiers in Plant Science 10:691. https://doi.org/10.3389/fpls.2019.00691,https://doi.org/10.1186/s12864-024-10545-2 | https://doi.org/10.3389/fpls.2019.00691,10.1186/s12864-024-10545-2 | 10.3389/fpls.2019.00691|10.4231/PYQV-AT79,permitted | permitted,verified:verified_cc_by_4_0:permitted | verified:verified_cc_by_3_0:permitted
ETSL 100063,line:etsl_100063,reviewed_exact_line_identity,ETSL 100063 | ETSL_100063,cross_disease_only,2,experiment:ethiopian_field_anthracnose_multisite | experiment:ref_girma_ethiopian_head_smut_2019,anthracnose | head_smut,,2,ethiopian_field_anthracnose_multisite | ref_girma_ethiopian_head_smut_2019,Birhanu et al. 2024 | Girma et al. 2019,Birhanu et al. (2024). Exploring the genetic basis of anthracnose resistance in Ethiopian sorghum through a genome-wide association study. BMC Genomics 25:677. https://doi.org/10.1186/s12864-024-10545-2 || Girma et al. (2019). A Large-Scale Genome-Wide Association Analyses of Ethiopian Sorghum Landrace Collection Reveal Loci Associated With Important Traits. Frontiers in Plant Science 10:691. https://doi.org/10.3389/fpls.2019.00691,https://doi.org/10.1186/s12864-024-10545-2 | https://doi.org/10.3389/fpls.2019.00691,10.1186/s12864-024-10545-2 | 10.3389/fpls.2019.00691|10.4231/PYQV-AT79,permitted | permitted,verified:verified_cc_by_4_0:permitted | verified:verified_cc_by_3_0:permitted
ETSL 100064,line:etsl_100064,reviewed_exact_line_identity,ETSL 100064 | ETSL_100064,cross_disease_only,2,experiment:ethiopian_field_anthracnose_multisite | experiment:ref_girma_ethiopian_head_smut_2019,anthracnose | head_smut,,2,ethiopian_field_anthracnose_multisite | ref_girma_ethiopian_head_smut_2019,Birhanu et al. 2024 | Girma et al. 2019,Birhanu et al. (2024). Exploring the genetic basis of anthracnose resistance in Ethiopian sorghum through a genome-wide association study. BMC Genomics 25:677. https://doi.org/10.1186/s12864-024-10545-2 || Girma et al. (2019). A Large-Scale Genome-Wide Association Analyses of Ethiopian Sorghum Landrace Collection Reveal Loci Associated With Important Traits. Frontiers in Plant Science 10:691. https://doi.org/10.3389/fpls.2019.00691,https://doi.org/10.1186/s12864-024-10545-2 | https://doi.org/10.3389/fpls.2019.00691,10.1186/s12864-024-10545-2 | 10.3389/fpls.2019.00691|10.4231/PYQV-AT79,permitted | permitted,verified:verified_cc_by_4_0:permitted | verified:verified_cc_by_3_0:permitted
ETSL 100169,line:etsl_100169,reviewed_exact_line_identity,ETSL 100169 | ETSL_100169,cross_disease_only,2,experiment:ethiopian_field_anthracnose_multisite | experiment:ref_girma_ethiopian_head_smut_2019,anthracnose | head_smut,,2,ethiopian_field_anthracnose_multisite | ref_girma_ethiopian_head_smut_2019,Birhanu et al. 2024 | Girma et al. 2019,Birhanu et al. (2024). Exploring the genetic basis of anthracnose resistance in Ethiopian sorghum through a genome-wide association study. BMC Genomics 25:677. https://doi.org/10.1186/s12864-024-10545-2 || Girma et al. (2019). A Large-Scale Genome-Wide Association Analyses of Ethiopian Sorghum Landrace Collection Reveal Loci Associated With Important Traits. Frontiers in Plant Science 10:691. https://doi.org/10.3389/fpls.2019.00691,https://doi.org/10.1186/s12864-024-10545-2 | https://doi.org/10.3389/fpls.2019.00691,10.1186/s12864-024-10545-2 | 10.3389/fpls.2019.00691|10.4231/PYQV-AT79,permitted | permitted,verified:verified_cc_by_4_0:permitted | verified:verified_cc_by_3_0:permitted
ETSL 100246,line:etsl_100246,reviewed_exact_line_identity,ETSL 100246 | ETSL_100246,cross_disease_only,2,experiment:ethiopian_field_anthracnose_multisite | experiment:ref_girma_ethiopian_head_smut_2019,anthracnose | head_smut,,2,ethiopian_field_anthracnose_multisite | ref_girma_ethiopian_head_smut_2019,Birhanu et al. 2024 | Girma et al. 2019,Birhanu et al. (2024). Exploring the genetic basis of anthracnose resistance in Ethiopian sorghum through a genome-wide association study. BMC Genomics 25:677. https://doi.org/10.1186/s12864-024-10545-2 || Girma et al. (2019). A Large-Scale Genome-Wide Association Analyses of Ethiopian Sorghum Landrace Collection Reveal Loci Associated With Important Traits. Frontiers in Plant Science 10:691. https://doi.org/10.3389/fpls.2019.00691,https://doi.org/10.1186/s12864-024-10545-2 | https://doi.org/10.3389/fpls.2019.00691,10.1186/s12864-024-10545-2 | 10.3389/fpls.2019.00691|10.4231/PYQV-AT79,permitted | permitted,verified:verified_cc_by_4_0:permitted | verified:verified_cc_by_3_0:permitted
ETSL 100249,line:etsl_100249,reviewed_exact_line_identity,ETSL 100249 | ETSL_100249,cross_disease_only,2,experiment:ethiopian_field_anthracnose_multisite | experiment:ref_girma_ethiopian_head_smut_2019,anthracnose | head_smut,,2,ethiopian_field_anthracnose_multisite | ref_girma_ethiopian_head_smut_2019,Birhanu et al. 2024 | Girma et al. 2019,Birhanu et al. (2024). Exploring the genetic basis of anthracnose resistance in Ethiopian sorghum through a genome-wide association study. BMC Genomics 25:677. https://doi.org/10.1186/s12864-024-10545-2 || Girma et al. (2019). A Large-Scale Genome-Wide Association Analyses of Ethiopian Sorghum Landrace Collection Reveal Loci Associated With Important Traits. Frontiers in Plant Science 10:691. https://doi.org/10.3389/fpls.2019.00691,https://doi.org/10.1186/s12864-024-10545-2 | https://doi.org/10.3389/fpls.2019.00691,10.1186/s12864-024-10545-2 | 10.3389/fpls.2019.00691|10.4231/PYQV-AT79,permitted | permitted,verified:verified_cc_by_4_0:permitted | verified:verified_cc_by_3_0:permitted
ETSL 100252,line:etsl_100252,reviewed_exact_line_identity,ETSL 100252,cross_disease_only,2,experiment:ref_aragaw_terefe_eastern_ethiopia_anthracnose_2024 | experiment:ref_girma_ethiopian_head_smut_2019,anthracnose | head_smut,,2,ref_aragaw_terefe_eastern_ethiopia_anthracnose_2024 | ref_girma_ethiopian_head_smut_2019,Aragaw and Terefe 2024 | Girma et al. 2019,Aragaw and Terefe (2024). Response of sorghum genotypes to anthracnose (Colletotrichum sublineolum) resistance under field conditions in eastern Ethiopia. PLOS ONE 19:e0316016. https://doi.org/10.1371/journal.pone.0316016 || Girma et al. (2019). A Large-Scale Genome-Wide Association Analyses of Ethiopian Sorghum Landrace Collection Reveal Loci Associated With Important Traits. Frontiers in Plant Science 10:691. https://doi.org/10.3389/fpls.2019.00691,https://doi.org/10.1371/journal.pone.0316016 | https://doi.org/10.3389/fpls.2019.00691,10.1371/journal.pone.0316016 | 10.3389/fpls.2019.00691|10.4231/PYQV-AT79,permitted | permitted,verified:verified_cc_by_4_0:permitted | verified:verified_cc_by_3_0:permitted
ETSL 100267,line:etsl_100267,reviewed_exact_line_identity,ETSL 100267 | ETSL_100267,cross_disease_only,2,experiment:ethiopian_field_anthracnose_multisite | experiment:ref_girma_ethiopian_head_smut_2019,anthracnose | head_smut,,2,ethiopian_field_anthracnose_multisite | ref_girma_ethiopian_head_smut_2019,Birhanu et al. 2024 | Girma et al. 2019,Birhanu et al. (2024). Exploring the genetic basis of anthracnose resistance in Ethiopian sorghum through a genome-wide association study. BMC Genomics 25:677. https://doi.org/10.1186/s12864-024-10545-2 || Girma et al. (2019). A Large-Scale Genome-Wide Association Analyses of Ethiopian Sorghum Landrace Collection Reveal Loci Associated With Important Traits. Frontiers in Plant Science 10:691. https://doi.org/10.3389/fpls.2019.00691,https://doi.org/10.1186/s12864-024-10545-2 | https://doi.org/10.3389/fpls.2019.00691,10.1186/s12864-024-10545-2 | 10.3389/fpls.2019.00691|10.4231/PYQV-AT79,permitted | permitted,verified:verified_cc_by_4_0:permitted | verified:verified_cc_by_3_0:permitted
ETSL 100309,line:etsl_100309,reviewed_exact_line_identity,ETSL 100309,cross_disease_only,2,experiment:ref_aragaw_terefe_eastern_ethiopia_anthracnose_2024 | experiment:ref_girma_ethiopian_head_smut_2019,anthracnose | head_smut,,2,ref_aragaw_terefe_eastern_ethiopia_anthracnose_2024 | ref_girma_ethiopian_head_smut_2019,Aragaw and Terefe 2024 | Girma et al. 2019,Aragaw and Terefe (2024). Response of sorghum genotypes to anthracnose (Colletotrichum sublineolum) resistance under field conditions in eastern Ethiopia. PLOS ONE 19:e0316016. https://doi.org/10.1371/journal.pone.0316016 || Girma et al. (2019). A Large-Scale Genome-Wide Association Analyses of Ethiopian Sorghum Landrace Collection Reveal Loci Associated With Important Traits. Frontiers in Plant Science 10:691. https://doi.org/10.3389/fpls.2019.00691,https://doi.org/10.1371/journal.pone.0316016 | https://doi.org/10.3389/fpls.2019.00691,10.1371/journal.pone.0316016 | 10.3389/fpls.2019.00691|10.4231/PYQV-AT79,permitted | permitted,verified:verified_cc_by_4_0:permitted | verified:verified_cc_by_3_0:permitted
ETSL 100438,line:etsl_100438,reviewed_exact_line_identity,ETSL 100438 | ETSL_100438,cross_disease_only,2,experiment:ethiopian_field_anthracnose_multisite | experiment:ref_girma_ethiopian_head_smut_2019,anthracnose | head_smut,,2,ethiopian_field_anthracnose_multisite | ref_girma_ethiopian_head_smut_2019,Birhanu et al. 2024 | Girma et al. 2019,Birhanu et al. (2024). Exploring the genetic basis of anthracnose resistance in Ethiopian sorghum through a genome-wide association study. BMC Genomics 25:677. https://doi.org/10.1186/s12864-024-10545-2 || Girma et al. (2019). A Large-Scale Genome-Wide Association Analyses of Ethiopian Sorghum Landrace Collection Reveal Loci Associated With Important Traits. Frontiers in Plant Science 10:691. https://doi.org/10.3389/fpls.2019.00691,https://doi.org/10.1186/s12864-024-10545-2 | https://doi.org/10.3389/fpls.2019.00691,10.1186/s12864-024-10545-2 | 10.3389/fpls.2019.00691|10.4231/PYQV-AT79,permitted | permitted,verified:verified_cc_by_4_0:permitted | verified:verified_cc_by_3_0:permitted
ETSL 100450,line:etsl_100450,reviewed_exact_line_identity,ETSL 100450 | ETSL_100450,cross_disease_only,2,experiment:ethiopian_field_anthracnose_multisite | experiment:ref_girma_ethiopian_head_smut_2019,anthracnose | head_smut,,2,ethiopian_field_anthracnose_multisite | ref_girma_ethiopian_head_smut_2019,Birhanu et al. 2024 | Girma et al. 2019,Birhanu et al. (2024). Exploring the genetic basis of anthracnose resistance in Ethiopian sorghum through a genome-wide association study. BMC Genomics 25:677. https://doi.org/10.1186/s12864-024-10545-2 || Girma et al. (2019). A Large-Scale Genome-Wide Association Analyses of Ethiopian Sorghum Landrace Collection Reveal Loci Associated With Important Traits. Frontiers in Plant Science 10:691. https://doi.org/10.3389/fpls.2019.00691,https://doi.org/10.1186/s12864-024-10545-2 | https://doi.org/10.3389/fpls.2019.00691,10.1186/s12864-024-10545-2 | 10.3389/fpls.2019.00691|10.4231/PYQV-AT79,permitted | permitted,verified:verified_cc_by_4_0:permitted | verified:verified_cc_by_3_0:permitted
ETSL 100498,line:etsl_100498,reviewed_exact_line_identity,ETSL 100498,cross_disease_only,2,experiment:ref_aragaw_terefe_eastern_ethiopia_anthracnose_2024 | experiment:ref_girma_ethiopian_head_smut_2019,anthracnose | head_smut,,2,ref_aragaw_terefe_eastern_ethiopia_anthracnose_2024 | ref_girma_ethiopian_head_smut_2019,Aragaw and Terefe 2024 | Girma et al. 2019,Aragaw and Terefe (2024). Response of sorghum genotypes to anthracnose (Colletotrichum sublineolum) resistance under field conditions in eastern Ethiopia. PLOS ONE 19:e0316016. https://doi.org/10.1371/journal.pone.0316016 || Girma et al. (2019). A Large-Scale Genome-Wide Association Analyses of Ethiopian Sorghum Landrace Collection Reveal Loci Associated With Important Traits. Frontiers in Plant Science 10:691. https://doi.org/10.3389/fpls.2019.00691,https://doi.org/10.1371/journal.pone.0316016 | https://doi.org/10.3389/fpls.2019.00691,10.1371/journal.pone.0316016 | 10.3389/fpls.2019.00691|10.4231/PYQV-AT79,permitted | permitted,verified:verified_cc_by_4_0:permitted | verified:verified_cc_by_3_0:permitted
ETSL 100502,line:etsl_100502,reviewed_exact_line_identity,ETSL 100502 | ETSL_100502,cross_disease_only,2,experiment:ethiopian_field_anthracnose_multisite | experiment:ref_girma_ethiopian_head_smut_2019,anthracnose | head_smut,,2,ethiopian_field_anthracnose_multisite | ref_girma_ethiopian_head_smut_2019,Birhanu et al. 2024 | Girma et al. 2019,Birhanu et al. (2024). Exploring the genetic basis of anthracnose resistance in Ethiopian sorghum through a genome-wide association study. BMC Genomics 25:677. https://doi.org/10.1186/s12864-024-10545-2 || Girma et al. (2019). A Large-Scale Genome-Wide Association Analyses of Ethiopian Sorghum Landrace Collection Reveal Loci Associated With Important Traits. Frontiers in Plant Science 10:691. https://doi.org/10.3389/fpls.2019.00691,https://doi.org/10.1186/s12864-024-10545-2 | https://doi.org/10.3389/fpls.2019.00691,10.1186/s12864-024-10545-2 | 10.3389/fpls.2019.00691|10.4231/PYQV-AT79,permitted | permitted,verified:verified_cc_by_4_0:permitted | verified:verified_cc_by_3_0:permitted
ETSL 100523,line:etsl_100523,reviewed_exact_line_identity,ETSL 100523,cross_disease_only,2,experiment:ref_aragaw_terefe_eastern_ethiopia_anthracnose_2024 | experiment:ref_girma_ethiopian_head_smut_2019,anthracnose | head_smut,,2,ref_aragaw_terefe_eastern_ethiopia_anthracnose_2024 | ref_girma_ethiopian_head_smut_2019,Aragaw and Terefe 2024 | Girma et al. 2019,Aragaw and Terefe (2024). Response of sorghum genotypes to anthracnose (Colletotrichum sublineolum) resistance under field conditions in eastern Ethiopia. PLOS ONE 19:e0316016. https://doi.org/10.1371/journal.pone.0316016 || Girma et al. (2019). A Large-Scale Genome-Wide Association Analyses of Ethiopian Sorghum Landrace Collection Reveal Loci Associated With Important Traits. Frontiers in Plant Science 10:691. https://doi.org/10.3389/fpls.2019.00691,https://doi.org/10.1371/journal.pone.0316016 | https://doi.org/10.3389/fpls.2019.00691,10.1371/journal.pone.0316016 | 10.3389/fpls.2019.00691|10.4231/PYQV-AT79,permitted | permitted,verified:verified_cc_by_4_0:permitted | verified:verified_cc_by_3_0:permitted
ETSL 100565,line:etsl_100565,reviewed_exact_line_identity,ETSL 100565 | ETSL_100565,cross_disease_only,2,experiment:ethiopian_field_anthracnose_multisite | experiment:ref_girma_ethiopian_head_smut_2019,anthracnose | head_smut,,2,ethiopian_field_anthracnose_multisite | ref_girma_ethiopian_head_smut_2019,Birhanu et al. 2024 | Girma et al. 2019,Birhanu et al. (2024). Exploring the genetic basis of anthracnose resistance in Ethiopian sorghum through a genome-wide association study. BMC Genomics 25:677. https://doi.org/10.1186/s12864-024-10545-2 || Girma et al. (2019). A Large-Scale Genome-Wide Association Analyses of Ethiopian Sorghum Landrace Collection Reveal Loci Associated With Important Traits. Frontiers in Plant Science 10:691. https://doi.org/10.3389/fpls.2019.00691,https://doi.org/10.1186/s12864-024-10545-2 | https://doi.org/10.3389/fpls.2019.00691,10.1186/s12864-024-10545-2 | 10.3389/fpls.2019.00691|10.4231/PYQV-AT79,permitted | permitted,verified:verified_cc_by_4_0:permitted | verified:verified_cc_by_3_0:permitted
ETSL 100579,line:etsl_100579,reviewed_exact_line_identity,ETSL 100579,cross_disease_only,2,experiment:ref_aragaw_terefe_eastern_ethiopia_anthracnose_2024 | experiment:ref_girma_ethiopian_head_smut_2019,anthracnose | head_smut,,2,ref_aragaw_terefe_eastern_ethiopia_anthracnose_2024 | ref_girma_ethiopian_head_smut_2019,Aragaw and Terefe 2024 | Girma et al. 2019,Aragaw and Terefe (2024). Response of sorghum genotypes to anthracnose (Colletotrichum sublineolum) resistance under field conditions in eastern Ethiopia. PLOS ONE 19:e0316016. https://doi.org/10.1371/journal.pone.0316016 || Girma et al. (2019). A Large-Scale Genome-Wide Association Analyses of Ethiopian Sorghum Landrace Collection Reveal Loci Associated With Important Traits. Frontiers in Plant Science 10:691. https://doi.org/10.3389/fpls.2019.00691,https://doi.org/10.1371/journal.pone.0316016 | https://doi.org/10.3389/fpls.2019.00691,10.1371/journal.pone.0316016 | 10.3389/fpls.2019.00691|10.4231/PYQV-AT79,permitted | permitted,verified:verified_cc_by_4_0:permitted | verified:verified_cc_by_3_0:permitted
ETSL 100584,line:etsl_100584,reviewed_exact_line_identity,ETSL 100584 | ETSL_100584,cross_disease_only,2,experiment:ethiopian_field_anthracnose_multisite | experiment:ref_girma_ethiopian_head_smut_2019,anthracnose | head_smut,,2,ethiopian_field_anthracnose_multisite | ref_girma_ethiopian_head_smut_2019,Birhanu et al. 2024 | Girma et al. 2019,Birhanu et al. (2024). Exploring the genetic basis of anthracnose resistance in Ethiopian sorghum through a genome-wide association study. BMC Genomics 25:677. https://doi.org/10.1186/s12864-024-10545-2 || Girma et al. (2019). A Large-Scale Genome-Wide Association Analyses of Ethiopian Sorghum Landrace Collection Reveal Loci Associated With Important Traits. Frontiers in Plant Science 10:691. https://doi.org/10.3389/fpls.2019.00691,https://doi.org/10.1186/s12864-024-10545-2 | https://doi.org/10.3389/fpls.2019.00691,10.1186/s12864-024-10545-2 | 10.3389/fpls.2019.00691|10.4231/PYQV-AT79,permitted | permitted,verified:verified_cc_by_4_0:permitted | verified:verified_cc_by_3_0:permitted
ETSL 100597,line:etsl_100597,reviewed_exact_line_identity,ETSL 100597,cross_disease_only,2,experiment:ref_aragaw_terefe_eastern_ethiopia_anthracnose_2024 | experiment:ref_girma_ethiopian_head_smut_2019,anthracnose | head_smut,,2,ref_aragaw_terefe_eastern_ethiopia_anthracnose_2024 | ref_girma_ethiopian_head_smut_2019,Aragaw and Terefe 2024 | Girma et al. 2019,Aragaw and Terefe (2024). Response of sorghum genotypes to anthracnose (Colletotrichum sublineolum) resistance under field conditions in eastern Ethiopia. PLOS ONE 19:e0316016. https://doi.org/10.1371/journal.pone.0316016 || Girma et al. (2019). A Large-Scale Genome-Wide Association Analyses of Ethiopian Sorghum Landrace Collection Reveal Loci Associated With Important Traits. Frontiers in Plant Science 10:691. https://doi.org/10.3389/fpls.2019.00691,https://doi.org/10.1371/journal.pone.0316016 | https://doi.org/10.3389/fpls.2019.00691,10.1371/journal.pone.0316016 | 10.3389/fpls.2019.00691|10.4231/PYQV-AT79,permitted | permitted,verified:verified_cc_by_4_0:permitted | verified:verified_cc_by_3_0:permitted
ETSL 100619,line:etsl_100619,reviewed_exact_line_identity,ETSL 100619 | ETSL_100619,cross_disease_only,2,experiment:ethiopian_field_anthracnose_multisite | experiment:ref_girma_ethiopian_head_smut_2019,anthracnose | head_smut,,2,ethiopian_field_anthracnose_multisite | ref_girma_ethiopian_head_smut_2019,Birhanu et al. 2024 | Girma et al. 2019,Birhanu et al. (2024). Exploring the genetic basis of anthracnose resistance in Ethiopian sorghum through a genome-wide association study. BMC Genomics 25:677. https://doi.org/10.1186/s12864-024-10545-2 || Girma et al. (2019). A Large-Scale Genome-Wide Association Analyses of Ethiopian Sorghum Landrace Collection Reveal Loci Associated With Important Traits. Frontiers in Plant Science 10:691. https://doi.org/10.3389/fpls.2019.00691,https://doi.org/10.1186/s12864-024-10545-2 | https://doi.org/10.3389/fpls.2019.00691,10.1186/s12864-024-10545-2 | 10.3389/fpls.2019.00691|10.4231/PYQV-AT79,permitted | permitted,verified:verified_cc_by_4_0:permitted | verified:verified_cc_by_3_0:permitted
ETSL 100702,line:etsl_100702,reviewed_exact_line_identity,ETSL 100702 | ETSL_100702,cross_disease_only,2,experiment:ethiopian_field_anthracnose_multisite | experiment:ref_girma_ethiopian_head_smut_2019,anthracnose | head_smut,,2,ethiopian_field_anthracnose_multisite | ref_girma_ethiopian_head_smut_2019,Birhanu et al. 2024 | Girma et al. 2019,Birhanu et al. (2024). Exploring the genetic basis of anthracnose resistance in Ethiopian sorghum through a genome-wide association study. BMC Genomics 25:677. https://doi.org/10.1186/s12864-024-10545-2 || Girma et al. (2019). A Large-Scale Genome-Wide Association Analyses of Ethiopian Sorghum Landrace Collection Reveal Loci Associated With Important Traits. Frontiers in Plant Science 10:691. https://doi.org/10.3389/fpls.2019.00691,https://doi.org/10.1186/s12864-024-10545-2 | https://doi.org/10.3389/fpls.2019.00691,10.1186/s12864-024-10545-2 | 10.3389/fpls.2019.00691|10.4231/PYQV-AT79,permitted | permitted,verified:verified_cc_by_4_0:permitted | verified:verified_cc_by_3_0:permitted
ETSL 100709,line:etsl_100709,reviewed_exact_line_identity,ETSL 100709,cross_disease_only,2,experiment:ref_aragaw_terefe_eastern_ethiopia_anthracnose_2024 | experiment:ref_girma_ethiopian_head_smut_2019,anthracnose | head_smut,,2,ref_aragaw_terefe_eastern_ethiopia_anthracnose_2024 | ref_girma_ethiopian_head_smut_2019,Aragaw and Terefe 2024 | Girma et al. 2019,Aragaw and Terefe (2024). Response of sorghum genotypes to anthracnose (Colletotrichum sublineolum) resistance under field conditions in eastern Ethiopia. PLOS ONE 19:e0316016. https://doi.org/10.1371/journal.pone.0316016 || Girma et al. (2019). A Large-Scale Genome-Wide Association Analyses of Ethiopian Sorghum Landrace Collection Reveal Loci Associated With Important Traits. Frontiers in Plant Science 10:691. https://doi.org/10.3389/fpls.2019.00691,https://doi.org/10.1371/journal.pone.0316016 | https://doi.org/10.3389/fpls.2019.00691,10.1371/journal.pone.0316016 | 10.3389/fpls.2019.00691|10.4231/PYQV-AT79,permitted | permitted,verified:verified_cc_by_4_0:permitted | verified:verified_cc_by_3_0:permitted
ETSL 100763,line:etsl_100763,reviewed_exact_line_identity,ETSL 100763 | ETSL_100763,cross_disease_only,2,experiment:ethiopian_field_anthracnose_multisite | experiment:ref_girma_ethiopian_head_smut_2019,anthracnose | head_smut,,2,ethiopian_field_anthracnose_multisite | ref_girma_ethiopian_head_smut_2019,Birhanu et al. 2024 | Girma et al. 2019,Birhanu et al. (2024). Exploring the genetic basis of anthracnose resistance in Ethiopian sorghum through a genome-wide association study. BMC Genomics 25:677. https://doi.org/10.1186/s12864-024-10545-2 || Girma et al. (2019). A Large-Scale Genome-Wide Association Analyses of Ethiopian Sorghum Landrace Collection Reveal Loci Associated With Important Traits. Frontiers in Plant Science 10:691. https://doi.org/10.3389/fpls.2019.00691,https://doi.org/10.1186/s12864-024-10545-2 | https://doi.org/10.3389/fpls.2019.00691,10.1186/s12864-024-10545-2 | 10.3389/fpls.2019.00691|10.4231/PYQV-AT79,permitted | permitted,verified:verified_cc_by_4_0:permitted | verified:verified_cc_by_3_0:permitted
ETSL 100797,line:etsl_100797,reviewed_exact_line_identity,ETSL 100797 | ETSL_100797,cross_disease_only,2,experiment:ethiopian_field_anthracnose_multisite | experiment:ref_girma_ethiopian_head_smut_2019,anthracnose | head_smut,,2,ethiopian_field_anthracnose_multisite | ref_girma_ethiopian_head_smut_2019,Birhanu et al. 2024 | Girma et al. 2019,Birhanu et al. (2024). Exploring the genetic basis of anthracnose resistance in Ethiopian sorghum through a genome-wide association study. BMC Genomics 25:677. https://doi.org/10.1186/s12864-024-10545-2 || Girma et al. (2019). A Large-Scale Genome-Wide Association Analyses of Ethiopian Sorghum Landrace Collection Reveal Loci Associated With Important Traits. Frontiers in Plant Science 10:691. https://doi.org/10.3389/fpls.2019.00691,https://doi.org/10.1186/s12864-024-10545-2 | https://doi.org/10.3389/fpls.2019.00691,10.1186/s12864-024-10545-2 | 10.3389/fpls.2019.00691|10.4231/PYQV-AT79,permitted | permitted,verified:verified_cc_by_4_0:permitted | verified:verified_cc_by_3_0:permitted
ETSL 100798,line:etsl_100798,reviewed_exact_line_identity,ETSL 100798 | ETSL_100798,cross_disease_only,2,experiment:ethiopian_field_anthracnose_multisite | experiment:ref_girma_ethiopian_head_smut_2019,anthracnose | head_smut,,2,ethiopian_field_anthracnose_multisite | ref_girma_ethiopian_head_smut_2019,Birhanu et al. 2024 | Girma et al. 2019,Birhanu et al. (2024). Exploring the genetic basis of anthracnose resistance in Ethiopian sorghum through a genome-wide association study. BMC Genomics 25:677. https://doi.org/10.1186/s12864-024-10545-2 || Girma et al. (2019). A Large-Scale Genome-Wide Association Analyses of Ethiopian Sorghum Landrace Collection Reveal Loci Associated With Important Traits. Frontiers in Plant Science 10:691. https://doi.org/10.3389/fpls.2019.00691,https://doi.org/10.1186/s12864-024-10545-2 | https://doi.org/10.3389/fpls.2019.00691,10.1186/s12864-024-10545-2 | 10.3389/fpls.2019.00691|10.4231/PYQV-AT79,permitted | permitted,verified:verified_cc_by_4_0:permitted | verified:verified_cc_by_3_0:permitted
ETSL 100876,line:etsl_100876,reviewed_exact_line_identity,ETSL 100876 | ETSL_100876,cross_disease_only,2,experiment:ethiopian_field_anthracnose_multisite | experiment:ref_girma_ethiopian_head_smut_2019,anthracnose | head_smut,,2,ethiopian_field_anthracnose_multisite | ref_girma_ethiopian_head_smut_2019,Birhanu et al. 2024 | Girma et al. 2019,Birhanu et al. (2024). Exploring the genetic basis of anthracnose resistance in Ethiopian sorghum through a genome-wide association study. BMC Genomics 25:677. https://doi.org/10.1186/s12864-024-10545-2 || Girma et al. (2019). A Large-Scale Genome-Wide Association Analyses of Ethiopian Sorghum Landrace Collection Reveal Loci Associated With Important Traits. Frontiers in Plant Science 10:691. https://doi.org/10.3389/fpls.2019.00691,https://doi.org/10.1186/s12864-024-10545-2 | https://doi.org/10.3389/fpls.2019.00691,10.1186/s12864-024-10545-2 | 10.3389/fpls.2019.00691|10.4231/PYQV-AT79,permitted | permitted,verified:verified_cc_by_4_0:permitted | verified:verified_cc_by_3_0:permitted
ETSL 100928,line:etsl_100928,reviewed_exact_line_identity,ETSL 100928 | ETSL_100928,cross_disease_only,2,experiment:ethiopian_field_anthracnose_multisite | experiment:ref_girma_ethiopian_head_smut_2019,anthracnose | head_smut,,2,ethiopian_field_anthracnose_multisite | ref_girma_ethiopian_head_smut_2019,Birhanu et al. 2024 | Girma et al. 2019,Birhanu et al. (2024). Exploring the genetic basis of anthracnose resistance in Ethiopian sorghum through a genome-wide association study. BMC Genomics 25:677. https://doi.org/10.1186/s12864-024-10545-2 || Girma et al. (2019). A Large-Scale Genome-Wide Association Analyses of Ethiopian Sorghum Landrace Collection Reveal Loci Associated With Important Traits. Frontiers in Plant Science 10:691. https://doi.org/10.3389/fpls.2019.00691,https://doi.org/10.1186/s12864-024-10545-2 | https://doi.org/10.3389/fpls.2019.00691,10.1186/s12864-024-10545-2 | 10.3389/fpls.2019.00691|10.4231/PYQV-AT79,permitted | permitted,verified:verified_cc_by_4_0:permitted | verified:verified_cc_by_3_0:permitted
ETSL 100978,line:etsl_100978,reviewed_exact_line_identity,ETSL 100978 | ETSL_100978,cross_disease_only,2,experiment:ethiopian_field_anthracnose_multisite | experiment:ref_girma_ethiopian_head_smut_2019,anthracnose | head_smut,,2,ethiopian_field_anthracnose_multisite | ref_girma_ethiopian_head_smut_2019,Birhanu et al. 2024 | Girma et al. 2019,Birhanu et al. (2024). Exploring the genetic basis of anthracnose resistance in Ethiopian sorghum through a genome-wide association study. BMC Genomics 25:677. https://doi.org/10.1186/s12864-024-10545-2 || Girma et al. (2019). A Large-Scale Genome-Wide Association Analyses of Ethiopian Sorghum Landrace Collection Reveal Loci Associated With Important Traits. Frontiers in Plant Science 10:691. https://doi.org/10.3389/fpls.2019.00691,https://doi.org/10.1186/s12864-024-10545-2 | https://doi.org/10.3389/fpls.2019.00691,10.1186/s12864-024-10545-2 | 10.3389/fpls.2019.00691|10.4231/PYQV-AT79,permitted | permitted,verified:verified_cc_by_4_0:permitted | verified:verified_cc_by_3_0:permitted
ETSL 100989,line:etsl_100989,reviewed_exact_line_identity,ETSL 100989,cross_disease_only,2,experiment:ref_aragaw_terefe_eastern_ethiopia_anthracnose_2024 | experiment:ref_girma_ethiopian_head_smut_2019,anthracnose | head_smut,,2,ref_aragaw_terefe_eastern_ethiopia_anthracnose_2024 | ref_girma_ethiopian_head_smut_2019,Aragaw and Terefe 2024 | Girma et al. 2019,Aragaw and Terefe (2024). Response of sorghum genotypes to anthracnose (Colletotrichum sublineolum) resistance under field conditions in eastern Ethiopia. PLOS ONE 19:e0316016. https://doi.org/10.1371/journal.pone.0316016 || Girma et al. (2019). A Large-Scale Genome-Wide Association Analyses of Ethiopian Sorghum Landrace Collection Reveal Loci Associated With Important Traits. Frontiers in Plant Science 10:691. https://doi.org/10.3389/fpls.2019.00691,https://doi.org/10.1371/journal.pone.0316016 | https://doi.org/10.3389/fpls.2019.00691,10.1371/journal.pone.0316016 | 10.3389/fpls.2019.00691|10.4231/PYQV-AT79,permitted | permitted,verified:verified_cc_by_4_0:permitted | verified:verified_cc_by_3_0:permitted
ETSL 101000,line:etsl_101000,reviewed_exact_line_identity,ETSL 101000,cross_disease_only,2,experiment:ref_aragaw_terefe_eastern_ethiopia_anthracnose_2024 | experiment:ref_girma_ethiopian_head_smut_2019,anthracnose | head_smut,,2,ref_aragaw_terefe_eastern_ethiopia_anthracnose_2024 | ref_girma_ethiopian_head_smut_2019,Aragaw and Terefe 2024 | Girma et al. 2019,Aragaw and Terefe (2024). Response of sorghum genotypes to anthracnose (Colletotrichum sublineolum) resistance under field conditions in eastern Ethiopia. PLOS ONE 19:e0316016. https://doi.org/10.1371/journal.pone.0316016 || Girma et al. (2019). A Large-Scale Genome-Wide Association Analyses of Ethiopian Sorghum Landrace Collection Reveal Loci Associated With Important Traits. Frontiers in Plant Science 10:691. https://doi.org/10.3389/fpls.2019.00691,https://doi.org/10.1371/journal.pone.0316016 | https://doi.org/10.3389/fpls.2019.00691,10.1371/journal.pone.0316016 | 10.3389/fpls.2019.00691|10.4231/PYQV-AT79,permitted | permitted,verified:verified_cc_by_4_0:permitted | verified:verified_cc_by_3_0:permitted
ETSL 101008,line:etsl_101008,reviewed_exact_line_identity,ETSL 101008,cross_disease_only,2,experiment:ref_aragaw_terefe_eastern_ethiopia_anthracnose_2024 | experiment:ref_girma_ethiopian_head_smut_2019,anthracnose | head_smut,,2,ref_aragaw_terefe_eastern_ethiopia_anthracnose_2024 | ref_girma_ethiopian_head_smut_2019,Aragaw and Terefe 2024 | Girma et al. 2019,Aragaw and Terefe (2024). Response of sorghum genotypes to anthracnose (Colletotrichum sublineolum) resistance under field conditions in eastern Ethiopia. PLOS ONE 19:e0316016. https://doi.org/10.1371/journal.pone.0316016 || Girma et al. (2019). A Large-Scale Genome-Wide Association Analyses of Ethiopian Sorghum Landrace Collection Reveal Loci Associated With Important Traits. Frontiers in Plant Science 10:691. https://doi.org/10.3389/fpls.2019.00691,https://doi.org/10.1371/journal.pone.0316016 | https://doi.org/10.3389/fpls.2019.00691,10.1371/journal.pone.0316016 | 10.3389/fpls.2019.00691|10.4231/PYQV-AT79,permitted | permitted,verified:verified_cc_by_4_0:permitted | verified:verified_cc_by_3_0:permitted
ETSL 101029,line:etsl_101029,reviewed_exact_line_identity,ETSL 101029 | ETSL_101029,cross_disease_only,2,experiment:ethiopian_field_anthracnose_multisite | experiment:ref_girma_ethiopian_head_smut_2019,anthracnose | head_smut,,2,ethiopian_field_anthracnose_multisite | ref_girma_ethiopian_head_smut_2019,Birhanu et al. 2024 | Girma et al. 2019,Birhanu et al. (2024). Exploring the genetic basis of anthracnose resistance in Ethiopian sorghum through a genome-wide association study. BMC Genomics 25:677. https://doi.org/10.1186/s12864-024-10545-2 || Girma et al. (2019). A Large-Scale Genome-Wide Association Analyses of Ethiopian Sorghum Landrace Collection Reveal Loci Associated With Important Traits. Frontiers in Plant Science 10:691. https://doi.org/10.3389/fpls.2019.00691,https://doi.org/10.1186/s12864-024-10545-2 | https://doi.org/10.3389/fpls.2019.00691,10.1186/s12864-024-10545-2 | 10.3389/fpls.2019.00691|10.4231/PYQV-AT79,permitted | permitted,verified:verified_cc_by_4_0:permitted | verified:verified_cc_by_3_0:permitted
ETSL 101038,line:etsl_101038,reviewed_exact_line_identity,ETSL 101038,cross_disease_only,2,experiment:ref_aragaw_terefe_eastern_ethiopia_anthracnose_2024 | experiment:ref_girma_ethiopian_head_smut_2019,anthracnose | head_smut,,2,ref_aragaw_terefe_eastern_ethiopia_anthracnose_2024 | ref_girma_ethiopian_head_smut_2019,Aragaw and Terefe 2024 | Girma et al. 2019,Aragaw and Terefe (2024). Response of sorghum genotypes to anthracnose (Colletotrichum sublineolum) resistance under field conditions in eastern Ethiopia. PLOS ONE 19:e0316016. https://doi.org/10.1371/journal.pone.0316016 || Girma et al. (2019). A Large-Scale Genome-Wide Association Analyses of Ethiopian Sorghum Landrace Collection Reveal Loci Associated With Important Traits. Frontiers in Plant Science 10:691. https://doi.org/10.3389/fpls.2019.00691,https://doi.org/10.1371/journal.pone.0316016 | https://doi.org/10.3389/fpls.2019.00691,10.1371/journal.pone.0316016 | 10.3389/fpls.2019.00691|10.4231/PYQV-AT79,permitted | permitted,verified:verified_cc_by_4_0:permitted | verified:verified_cc_by_3_0:permitted
ETSL 101142,line:etsl_101142,reviewed_exact_line_identity,ETSL 101142 | ETSL_101142,cross_disease_only,2,experiment:ethiopian_field_anthracnose_multisite | experiment:ref_girma_ethiopian_head_smut_2019,anthracnose | head_smut,,2,ethiopian_field_anthracnose_multisite | ref_girma_ethiopian_head_smut_2019,Birhanu et al. 2024 | Girma et al. 2019,Birhanu et al. (2024). Exploring the genetic basis of anthracnose resistance in Ethiopian sorghum through a genome-wide association study. BMC Genomics 25:677. https://doi.org/10.1186/s12864-024-10545-2 || Girma et al. (2019). A Large-Scale Genome-Wide Association Analyses of Ethiopian Sorghum Landrace Collection Reveal Loci Associated With Important Traits. Frontiers in Plant Science 10:691. https://doi.org/10.3389/fpls.2019.00691,https://doi.org/10.1186/s12864-024-10545-2 | https://doi.org/10.3389/fpls.2019.00691,10.1186/s12864-024-10545-2 | 10.3389/fpls.2019.00691|10.4231/PYQV-AT79,permitted | permitted,verified:verified_cc_by_4_0:permitted | verified:verified_cc_by_3_0:permitted
ETSL 101160,line:etsl_101160,reviewed_exact_line_identity,ETSL 101160 | ETSL_101160,cross_disease_only,2,experiment:ethiopian_field_anthracnose_multisite | experiment:ref_girma_ethiopian_head_smut_2019,anthracnose | head_smut,,2,ethiopian_field_anthracnose_multisite | ref_girma_ethiopian_head_smut_2019,Birhanu et al. 2024 | Girma et al. 2019,Birhanu et al. (2024). Exploring the genetic basis of anthracnose resistance in Ethiopian sorghum through a genome-wide association study. BMC Genomics 25:677. https://doi.org/10.1186/s12864-024-10545-2 || Girma et al. (2019). A Large-Scale Genome-Wide Association Analyses of Ethiopian Sorghum Landrace Collection Reveal Loci Associated With Important Traits. Frontiers in Plant Science 10:691. https://doi.org/10.3389/fpls.2019.00691,https://doi.org/10.1186/s12864-024-10545-2 | https://doi.org/10.3389/fpls.2019.00691,10.1186/s12864-024-10545-2 | 10.3389/fpls.2019.00691|10.4231/PYQV-AT79,permitted | permitted,verified:verified_cc_by_4_0:permitted | verified:verified_cc_by_3_0:permitted
ETSL 101163,line:etsl_101163,reviewed_exact_line_identity,ETSL 101163 | ETSL_101163,cross_disease_only,2,experiment:ethiopian_field_anthracnose_multisite | experiment:ref_girma_ethiopian_head_smut_2019,anthracnose | head_smut,,2,ethiopian_field_anthracnose_multisite | ref_girma_ethiopian_head_smut_2019,Birhanu et al. 2024 | Girma et al. 2019,Birhanu et al. (2024). Exploring the genetic basis of anthracnose resistance in Ethiopian sorghum through a genome-wide association study. BMC Genomics 25:677. https://doi.org/10.1186/s12864-024-10545-2 || Girma et al. (2019). A Large-Scale Genome-Wide Association Analyses of Ethiopian Sorghum Landrace Collection Reveal Loci Associated With Important Traits. Frontiers in Plant Science 10:691. https://doi.org/10.3389/fpls.2019.00691,https://doi.org/10.1186/s12864-024-10545-2 | https://doi.org/10.3389/fpls.2019.00691,10.1186/s12864-024-10545-2 | 10.3389/fpls.2019.00691|10.4231/PYQV-AT79,permitted | permitted,verified:verified_cc_by_4_0:permitted | verified:verified_cc_by_3_0:permitted
ETSL 101224,line:etsl_101224,reviewed_exact_line_identity,ETSL 101224 | ETSL_101224,cross_disease_only,2,experiment:ethiopian_field_anthracnose_multisite | experiment:ref_girma_ethiopian_head_smut_2019,anthracnose | head_smut,,2,ethiopian_field_anthracnose_multisite | ref_girma_ethiopian_head_smut_2019,Birhanu et al. 2024 | Girma et al. 2019,Birhanu et al. (2024). Exploring the genetic basis of anthracnose resistance in Ethiopian sorghum through a genome-wide association study. BMC Genomics 25:677. https://doi.org/10.1186/s12864-024-10545-2 || Girma et al. (2019). A Large-Scale Genome-Wide Association Analyses of Ethiopian Sorghum Landrace Collection Reveal Loci Associated With Important Traits. Frontiers in Plant Science 10:691. https://doi.org/10.3389/fpls.2019.00691,https://doi.org/10.1186/s12864-024-10545-2 | https://doi.org/10.3389/fpls.2019.00691,10.1186/s12864-024-10545-2 | 10.3389/fpls.2019.00691|10.4231/PYQV-AT79,permitted | permitted,verified:verified_cc_by_4_0:permitted | verified:verified_cc_by_3_0:permitted
ETSL 101246,line:etsl_101246,reviewed_exact_line_identity,ETSL 101246 | ETSL_101246,cross_disease_only,2,experiment:ethiopian_field_anthracnose_multisite | experiment:ref_girma_ethiopian_head_smut_2019,anthracnose | head_smut,,2,ethiopian_field_anthracnose_multisite | ref_girma_ethiopian_head_smut_2019,Birhanu et al. 2024 | Girma et al. 2019,Birhanu et al. (2024). Exploring the genetic basis of anthracnose resistance in Ethiopian sorghum through a genome-wide association study. BMC Genomics 25:677. https://doi.org/10.1186/s12864-024-10545-2 || Girma et al. (2019). A Large-Scale Genome-Wide Association Analyses of Ethiopian Sorghum Landrace Collection Reveal Loci Associated With Important Traits. Frontiers in Plant Science 10:691. https://doi.org/10.3389/fpls.2019.00691,https://doi.org/10.1186/s12864-024-10545-2 | https://doi.org/10.3389/fpls.2019.00691,10.1186/s12864-024-10545-2 | 10.3389/fpls.2019.00691|10.4231/PYQV-AT79,permitted | permitted,verified:verified_cc_by_4_0:permitted | verified:verified_cc_by_3_0:permitted
ETSL 101389,line:etsl_101389,reviewed_exact_line_identity,ETSL 101389 | ETSL_101389,cross_disease_only,2,experiment:ethiopian_field_anthracnose_multisite | experiment:ref_girma_ethiopian_head_smut_2019,anthracnose | head_smut,,2,ethiopian_field_anthracnose_multisite | ref_girma_ethiopian_head_smut_2019,Birhanu et al. 2024 | Girma et al. 2019,Birhanu et al. (2024). Exploring the genetic basis of anthracnose resistance in Ethiopian sorghum through a genome-wide association study. BMC Genomics 25:677. https://doi.org/10.1186/s12864-024-10545-2 || Girma et al. (2019). A Large-Scale Genome-Wide Association Analyses of Ethiopian Sorghum Landrace Collection Reveal Loci Associated With Important Traits. Frontiers in Plant Science 10:691. https://doi.org/10.3389/fpls.2019.00691,https://doi.org/10.1186/s12864-024-10545-2 | https://doi.org/10.3389/fpls.2019.00691,10.1186/s12864-024-10545-2 | 10.3389/fpls.2019.00691|10.4231/PYQV-AT79,permitted | permitted,verified:verified_cc_by_4_0:permitted | verified:verified_cc_by_3_0:permitted
ETSL 101408,line:etsl_101408,reviewed_exact_line_identity,ETSL 101408 | ETSL_101408,cross_disease_only,2,experiment:ethiopian_field_anthracnose_multisite | experiment:ref_girma_ethiopian_head_smut_2019,anthracnose | head_smut,,2,ethiopian_field_anthracnose_multisite | ref_girma_ethiopian_head_smut_2019,Birhanu et al. 2024 | Girma et al. 2019,Birhanu et al. (2024). Exploring the genetic basis of anthracnose resistance in Ethiopian sorghum through a genome-wide association study. BMC Genomics 25:677. https://doi.org/10.1186/s12864-024-10545-2 || Girma et al. (2019). A Large-Scale Genome-Wide Association Analyses of Ethiopian Sorghum Landrace Collection Reveal Loci Associated With Important Traits. Frontiers in Plant Science 10:691. https://doi.org/10.3389/fpls.2019.00691,https://doi.org/10.1186/s12864-024-10545-2 | https://doi.org/10.3389/fpls.2019.00691,10.1186/s12864-024-10545-2 | 10.3389/fpls.2019.00691|10.4231/PYQV-AT79,permitted | permitted,verified:verified_cc_by_4_0:permitted | verified:verified_cc_by_3_0:permitted
ETSL 101470,line:etsl_101470,reviewed_exact_line_identity,ETSL 101470,cross_disease_only,2,experiment:ref_aragaw_terefe_eastern_ethiopia_anthracnose_2024 | experiment:ref_girma_ethiopian_head_smut_2019,anthracnose | head_smut,,2,ref_aragaw_terefe_eastern_ethiopia_anthracnose_2024 | ref_girma_ethiopian_head_smut_2019,Aragaw and Terefe 2024 | Girma et al. 2019,Aragaw and Terefe (2024). Response of sorghum genotypes to anthracnose (Colletotrichum sublineolum) resistance under field conditions in eastern Ethiopia. PLOS ONE 19:e0316016. https://doi.org/10.1371/journal.pone.0316016 || Girma et al. (2019). A Large-Scale Genome-Wide Association Analyses of Ethiopian Sorghum Landrace Collection Reveal Loci Associated With Important Traits. Frontiers in Plant Science 10:691. https://doi.org/10.3389/fpls.2019.00691,https://doi.org/10.1371/journal.pone.0316016 | https://doi.org/10.3389/fpls.2019.00691,10.1371/journal.pone.0316016 | 10.3389/fpls.2019.00691|10.4231/PYQV-AT79,permitted | permitted,verified:verified_cc_by_4_0:permitted | verified:verified_cc_by_3_0:permitted
ETSL 101474,line:etsl_101474,reviewed_exact_line_identity,ETSL 101474,cross_disease_only,2,experiment:ref_aragaw_terefe_eastern_ethiopia_anthracnose_2024 | experiment:ref_girma_ethiopian_head_smut_2019,anthracnose | head_smut,,2,ref_aragaw_terefe_eastern_ethiopia_anthracnose_2024 | ref_girma_ethiopian_head_smut_2019,Aragaw and Terefe 2024 | Girma et al. 2019,Aragaw and Terefe (2024). Response of sorghum genotypes to anthracnose (Colletotrichum sublineolum) resistance under field conditions in eastern Ethiopia. PLOS ONE 19:e0316016. https://doi.org/10.1371/journal.pone.0316016 || Girma et al. (2019). A Large-Scale Genome-Wide Association Analyses of Ethiopian Sorghum Landrace Collection Reveal Loci Associated With Important Traits. Frontiers in Plant Science 10:691. https://doi.org/10.3389/fpls.2019.00691,https://doi.org/10.1371/journal.pone.0316016 | https://doi.org/10.3389/fpls.2019.00691,10.1371/journal.pone.0316016 | 10.3389/fpls.2019.00691|10.4231/PYQV-AT79,permitted | permitted,verified:verified_cc_by_4_0:permitted | verified:verified_cc_by_3_0:permitted
ETSL 101523,line:etsl_101523,reviewed_exact_line_identity,ETSL 101523,cross_disease_only,2,experiment:ref_aragaw_terefe_eastern_ethiopia_anthracnose_2024 | experiment:ref_girma_ethiopian_head_smut_2019,anthracnose | head_smut,,2,ref_aragaw_terefe_eastern_ethiopia_anthracnose_2024 | ref_girma_ethiopian_head_smut_2019,Aragaw and Terefe 2024 | Girma et al. 2019,Aragaw and Terefe (2024). Response of sorghum genotypes to anthracnose (Colletotrichum sublineolum) resistance under field conditions in eastern Ethiopia. PLOS ONE 19:e0316016. https://doi.org/10.1371/journal.pone.0316016 || Girma et al. (2019). A Large-Scale Genome-Wide Association Analyses of Ethiopian Sorghum Landrace Collection Reveal Loci Associated With Important Traits. Frontiers in Plant Science 10:691. https://doi.org/10.3389/fpls.2019.00691,https://doi.org/10.1371/journal.pone.0316016 | https://doi.org/10.3389/fpls.2019.00691,10.1371/journal.pone.0316016 | 10.3389/fpls.2019.00691|10.4231/PYQV-AT79,permitted | permitted,verified:verified_cc_by_4_0:permitted | verified:verified_cc_by_3_0:permitted
IS 38306,line:is_38306,reviewed_exact_line_identity,IS 38306 | IS_38306,cross_disease_only,2,experiment:ethiopian_field_anthracnose_multisite | experiment:ref_girma_ethiopian_head_smut_2019,anthracnose | head_smut,,2,ethiopian_field_anthracnose_multisite | ref_girma_ethiopian_head_smut_2019,Birhanu et al. 2024 | Girma et al. 2019,Birhanu et al. (2024). Exploring the genetic basis of anthracnose resistance in Ethiopian sorghum through a genome-wide association study. BMC Genomics 25:677. https://doi.org/10.1186/s12864-024-10545-2 || Girma et al. (2019). A Large-Scale Genome-Wide Association Analyses of Ethiopian Sorghum Landrace Collection Reveal Loci Associated With Important Traits. Frontiers in Plant Science 10:691. https://doi.org/10.3389/fpls.2019.00691,https://doi.org/10.1186/s12864-024-10545-2 | https://doi.org/10.3389/fpls.2019.00691,10.1186/s12864-024-10545-2 | 10.3389/fpls.2019.00691|10.4231/PYQV-AT79,permitted | permitted,verified:verified_cc_by_4_0:permitted | verified:verified_cc_by_3_0:permitted
PI 148101,pi148101,normalized_PI_identifier,PI148101,cross_disease_only,2,experiment:panelA_pr_multidisease | experiment:prom_zonate_leaf_spot_burleson_2021,rust | zonate_leaf_spot,,2,panelA_pr_multidisease | prom_zonate_leaf_spot_2021,Prom et al. 2022 | Prom and Isakeit 2022,"Prom et al. (2022). Response of Sorghum Accessions from Three African Countries to Anthracnose, Grain Mould and Rust. Plant Pathology Journal 21:12-23. https://doi.org/10.3923/ppj.2022.12.23 || Prom and Isakeit (2022). Incidence of Zonate Leaf Spot on Sorghum Accessions Under Disease-Conducive Growing Conditions Burleson County, Texas. Journal of Agriculture and Crops 8:35-38. https://doi.org/10.32861/jac.81.35.38",https://doi.org/10.3923/ppj.2022.12.23 | https://doi.org/10.32861/jac.81.35.38,10.3923/ppj.2022.12.23|10.15482/USDA.ADC/25707396.v1 | 10.32861/jac.81.35.38,permitted | permitted,verified:verified_public_domain:permitted | verified:verified_cc_by_4_0:permitted
PI 330255,pi330255,normalized_PI_identifier,PI330255,cross_disease_only,2,experiment:panelA_pr_multidisease | experiment:prom_zonate_leaf_spot_burleson_2021,anthracnose | zonate_leaf_spot,,2,panelA_pr_multidisease | prom_zonate_leaf_spot_2021,Prom et al. 2022 | Prom and Isakeit 2022,"Prom et al. (2022). Response of Sorghum Accessions from Three African Countries to Anthracnose, Grain Mould and Rust. Plant Pathology Journal 21:12-23. https://doi.org/10.3923/ppj.2022.12.23 || Prom and Isakeit (2022). Incidence of Zonate Leaf Spot on Sorghum Accessions Under Disease-Conducive Growing Conditions Burleson County, Texas. Journal of Agriculture and Crops 8:35-38. https://doi.org/10.32861/jac.81.35.38",https://doi.org/10.3923/ppj.2022.12.23 | https://doi.org/10.32861/jac.81.35.38,10.3923/ppj.2022.12.23|10.15482/USDA.ADC/25707396.v1 | 10.32861/jac.81.35.38,permitted | permitted,verified:verified_public_domain:permitted | verified:verified_cc_by_4_0:permitted
PI 514338,pi514338,normalized_PI_identifier,PI514338 | PI_514338,cross_disease_only,2,experiment:prom_senegal_seed_quality_2018 | experiment:senegal_seedling_anthracnose,anthracnose | grain_mold,,2,prom_senegal_seed_quality_2018 | senegal_seedling_anthracnose,Cuevas et al. 2018 | Ahn et al. 2022,Cuevas et al. (2018). Population structure of the NPGS Senegalese sorghum collection and its evaluation to identify new disease resistant genes. PLOS ONE 13:e0191877. https://doi.org/10.1371/journal.pone.0191877 || Ahn et al. (2022). Genome-wide association study of Senegalese sorghum seedlings responding to a Texas isolate of Colletotrichum sublineola. Scientific Reports 12:13025. https://doi.org/10.1038/s41598-022-16844-6,https://doi.org/10.1371/journal.pone.0191877 | https://doi.org/10.1038/s41598-022-16844-6,10.1371/journal.pone.0191877 | 10.1038/s41598-022-16844-6,permitted | permitted,verified:verified_cc0_1_0:permitted | verified:verified_cc_by_4_0:permitted
PI 514367,pi514367,normalized_PI_identifier,PI514367,cross_disease_only,2,experiment:prom_senegal_seedling_head_smut_p5_2022 | experiment:senegal_seedling_anthracnose,anthracnose | head_smut_seedling_spot,,2,prom_senegal_seedling_head_smut_p5_2022 | senegal_seedling_anthracnose,Ahn et al. 2022 | Ahn et al. 2022,Ahn et al. (2022). A Genome-Wide Association Study of Senegalese Sorghum Seedlings Responding to Pathotype 5 of Sporisorium reilianum. Plants 11:2999. https://doi.org/10.3390/plants11212999 || Ahn et al. (2022). Genome-wide association study of Senegalese sorghum seedlings responding to a Texas isolate of Colletotrichum sublineola. Scientific Reports 12:13025. https://doi.org/10.1038/s41598-022-16844-6,https://doi.org/10.3390/plants11212999 | https://doi.org/10.1038/s41598-022-16844-6,10.3390/plants11212999 | 10.1038/s41598-022-16844-6,permitted | permitted,verified:verified_cc_by_4_0:permitted | verified:verified_cc_by_4_0:permitted
PI 514380,pi514380,normalized_PI_identifier,PI514380 | PI_514380,cross_disease_only,2,experiment:prom_senegal_seed_quality_2018 | experiment:senegal_seedling_anthracnose,anthracnose | grain_mold,,2,prom_senegal_seed_quality_2018 | senegal_seedling_anthracnose,Cuevas et al. 2018 | Ahn et al. 2022,Cuevas et al. (2018). Population structure of the NPGS Senegalese sorghum collection and its evaluation to identify new disease resistant genes. PLOS ONE 13:e0191877. https://doi.org/10.1371/journal.pone.0191877 || Ahn et al. (2022). Genome-wide association study of Senegalese sorghum seedlings responding to a Texas isolate of Colletotrichum sublineola. Scientific Reports 12:13025. https://doi.org/10.1038/s41598-022-16844-6,https://doi.org/10.1371/journal.pone.0191877 | https://doi.org/10.1038/s41598-022-16844-6,10.1371/journal.pone.0191877 | 10.1038/s41598-022-16844-6,permitted | permitted,verified:verified_cc0_1_0:permitted | verified:verified_cc_by_4_0:permitted
PI 514390,pi514390,normalized_PI_identifier,PI514390,cross_disease_only,2,experiment:prom_senegal_seedling_head_smut_p5_2022 | experiment:senegal_seedling_anthracnose,anthracnose | head_smut_seedling_spot,,2,prom_senegal_seedling_head_smut_p5_2022 | senegal_seedling_anthracnose,Ahn et al. 2022 | Ahn et al. 2022,Ahn et al. (2022). A Genome-Wide Association Study of Senegalese Sorghum Seedlings Responding to Pathotype 5 of Sporisorium reilianum. Plants 11:2999. https://doi.org/10.3390/plants11212999 || Ahn et al. (2022). Genome-wide association study of Senegalese sorghum seedlings responding to a Texas isolate of Colletotrichum sublineola. Scientific Reports 12:13025. https://doi.org/10.1038/s41598-022-16844-6,https://doi.org/10.3390/plants11212999 | https://doi.org/10.1038/s41598-022-16844-6,10.3390/plants11212999 | 10.1038/s41598-022-16844-6,permitted | permitted,verified:verified_cc_by_4_0:permitted | verified:verified_cc_by_4_0:permitted
PI 514391,pi514391,normalized_PI_identifier,PI514391 | PI_514391,cross_disease_only,2,experiment:prom_senegal_seed_quality_2018 | experiment:senegal_seedling_anthracnose,anthracnose | grain_mold,,2,prom_senegal_seed_quality_2018 | senegal_seedling_anthracnose,Cuevas et al. 2018 | Ahn et al. 2022,Cuevas et al. (2018). Population structure of the NPGS Senegalese sorghum collection and its evaluation to identify new disease resistant genes. PLOS ONE 13:e0191877. https://doi.org/10.1371/journal.pone.0191877 || Ahn et al. (2022). Genome-wide association study of Senegalese sorghum seedlings responding to a Texas isolate of Colletotrichum sublineola. Scientific Reports 12:13025. https://doi.org/10.1038/s41598-022-16844-6,https://doi.org/10.1371/journal.pone.0191877 | https://doi.org/10.1038/s41598-022-16844-6,10.1371/journal.pone.0191877 | 10.1038/s41598-022-16844-6,permitted | permitted,verified:verified_cc0_1_0:permitted | verified:verified_cc_by_4_0:permitted
PI 514417,pi514417,normalized_PI_identifier,PI514417,cross_disease_only,2,experiment:prom_senegal_seedling_head_smut_p5_2022 | experiment:senegal_seedling_anthracnose,anthracnose | head_smut_seedling_spot,,2,prom_senegal_seedling_head_smut_p5_2022 | senegal_seedling_anthracnose,Ahn et al. 2022 | Ahn et al. 2022,Ahn et al. (2022). A Genome-Wide Association Study of Senegalese Sorghum Seedlings Responding to Pathotype 5 of Sporisorium reilianum. Plants 11:2999. https://doi.org/10.3390/plants11212999 || Ahn et al. (2022). Genome-wide association study of Senegalese sorghum seedlings responding to a Texas isolate of Colletotrichum sublineola. Scientific Reports 12:13025. https://doi.org/10.1038/s41598-022-16844-6,https://doi.org/10.3390/plants11212999 | https://doi.org/10.1038/s41598-022-16844-6,10.3390/plants11212999 | 10.1038/s41598-022-16844-6,permitted | permitted,verified:verified_cc_by_4_0:permitted | verified:verified_cc_by_4_0:permitted
PI 514420,pi514420,normalized_PI_identifier,PI514420 | PI_514420,cross_disease_only,2,experiment:prom_senegal_seed_quality_2018 | experiment:senegal_seedling_anthracnose,anthracnose | grain_mold,,2,prom_senegal_seed_quality_2018 | senegal_seedling_anthracnose,Cuevas et al. 2018 | Ahn et al. 2022,Cuevas et al. (2018). Population structure of the NPGS Senegalese sorghum collection and its evaluation to identify new disease resistant genes. PLOS ONE 13:e0191877. https://doi.org/10.1371/journal.pone.0191877 || Ahn et al. (2022). Genome-wide association study of Senegalese sorghum seedlings responding to a Texas isolate of Colletotrichum sublineola. Scientific Reports 12:13025. https://doi.org/10.1038/s41598-022-16844-6,https://doi.org/10.1371/journal.pone.0191877 | https://doi.org/10.1038/s41598-022-16844-6,10.1371/journal.pone.0191877 | 10.1038/s41598-022-16844-6,permitted | permitted,verified:verified_cc0_1_0:permitted | verified:verified_cc_by_4_0:permitted
PI 514430,pi514430,normalized_PI_identifier,PI514430,cross_disease_only,2,experiment:prom_senegal_seedling_head_smut_p5_2022 | experiment:senegal_seedling_anthracnose,anthracnose | head_smut_seedling_spot,,2,prom_senegal_seedling_head_smut_p5_2022 | senegal_seedling_anthracnose,Ahn et al. 2022 | Ahn et al. 2022,Ahn et al. (2022). A Genome-Wide Association Study of Senegalese Sorghum Seedlings Responding to Pathotype 5 of Sporisorium reilianum. Plants 11:2999. https://doi.org/10.3390/plants11212999 || Ahn et al. (2022). Genome-wide association study of Senegalese sorghum seedlings responding to a Texas isolate of Colletotrichum sublineola. Scientific Reports 12:13025. https://doi.org/10.1038/s41598-022-16844-6,https://doi.org/10.3390/plants11212999 | https://doi.org/10.1038/s41598-022-16844-6,10.3390/plants11212999 | 10.1038/s41598-022-16844-6,permitted | permitted,verified:verified_cc_by_4_0:permitted | verified:verified_cc_by_4_0:permitted
PI 514456,pi514456,normalized_PI_identifier,PI514456 | PI_514456,cross_disease_only,2,experiment:prom_senegal_seed_quality_2018 | experiment:senegal_seedling_anthracnose,anthracnose | grain_mold,,2,prom_senegal_seed_quality_2018 | senegal_seedling_anthracnose,Cuevas et al. 2018 | Ahn et al. 2022,Cuevas et al. (2018). Population structure of the NPGS Senegalese sorghum collection and its evaluation to identify new disease resistant genes. PLOS ONE 13:e0191877. https://doi.org/10.1371/journal.pone.0191877 || Ahn et al. (2022). Genome-wide association study of Senegalese sorghum seedlings responding to a Texas isolate of Colletotrichum sublineola. Scientific Reports 12:13025. https://doi.org/10.1038/s41598-022-16844-6,https://doi.org/10.1371/journal.pone.0191877 | https://doi.org/10.1038/s41598-022-16844-6,10.1371/journal.pone.0191877 | 10.1038/s41598-022-16844-6,permitted | permitted,verified:verified_cc0_1_0:permitted | verified:verified_cc_by_4_0:permitted
PI 514460,pi514460,normalized_PI_identifier,PI514460,cross_disease_only,2,experiment:prom_senegal_seedling_head_smut_p5_2022 | experiment:senegal_seedling_anthracnose,anthracnose | head_smut_seedling_spot,,2,prom_senegal_seedling_head_smut_p5_2022 | senegal_seedling_anthracnose,Ahn et al. 2022 | Ahn et al. 2022,Ahn et al. (2022). A Genome-Wide Association Study of Senegalese Sorghum Seedlings Responding to Pathotype 5 of Sporisorium reilianum. Plants 11:2999. https://doi.org/10.3390/plants11212999 || Ahn et al. (2022). Genome-wide association study of Senegalese sorghum seedlings responding to a Texas isolate of Colletotrichum sublineola. Scientific Reports 12:13025. https://doi.org/10.1038/s41598-022-16844-6,https://doi.org/10.3390/plants11212999 | https://doi.org/10.1038/s41598-022-16844-6,10.3390/plants11212999 | 10.1038/s41598-022-16844-6,permitted | permitted,verified:verified_cc_by_4_0:permitted | verified:verified_cc_by_4_0:permitted
PI 514462,pi514462,normalized_PI_identifier,PI514462,cross_disease_only,2,experiment:prom_senegal_seedling_head_smut_p5_2022 | experiment:senegal_seedling_anthracnose,anthracnose | head_smut_seedling_spot,,2,prom_senegal_seedling_head_smut_p5_2022 | senegal_seedling_anthracnose,Ahn et al. 2022 | Ahn et al. 2022,Ahn et al. (2022). A Genome-Wide Association Study of Senegalese Sorghum Seedlings Responding to Pathotype 5 of Sporisorium reilianum. Plants 11:2999. https://doi.org/10.3390/plants11212999 || Ahn et al. (2022). Genome-wide association study of Senegalese sorghum seedlings responding to a Texas isolate of Colletotrichum sublineola. Scientific Reports 12:13025. https://doi.org/10.1038/s41598-022-16844-6,https://doi.org/10.3390/plants11212999 | https://doi.org/10.1038/s41598-022-16844-6,10.3390/plants11212999 | 10.1038/s41598-022-16844-6,permitted | permitted,verified:verified_cc_by_4_0:permitted | verified:verified_cc_by_4_0:permitted
PI 514463,pi514463,normalized_PI_identifier,PI514463,cross_disease_only,2,experiment:prom_senegal_seedling_head_smut_p5_2022 | experiment:senegal_seedling_anthracnose,anthracnose | head_smut_seedling_spot,,2,prom_senegal_seedling_head_smut_p5_2022 | senegal_seedling_anthracnose,Ahn et al. 2022 | Ahn et al. 2022,Ahn et al. (2022). A Genome-Wide Association Study of Senegalese Sorghum Seedlings Responding to Pathotype 5 of Sporisorium reilianum. Plants 11:2999. https://doi.org/10.3390/plants11212999 || Ahn et al. (2022). Genome-wide association study of Senegalese sorghum seedlings responding to a Texas isolate of Colletotrichum sublineola. Scientific Reports 12:13025. https://doi.org/10.1038/s41598-022-16844-6,https://doi.org/10.3390/plants11212999 | https://doi.org/10.1038/s41598-022-16844-6,10.3390/plants11212999 | 10.1038/s41598-022-16844-6,permitted | permitted,verified:verified_cc_by_4_0:permitted | verified:verified_cc_by_4_0:permitted
PI 514464,pi514464,normalized_PI_identifier,PI514464,cross_disease_only,2,experiment:prom_senegal_seedling_head_smut_p5_2022 | experiment:senegal_seedling_anthracnose,anthracnose | head_smut_seedling_spot,,2,prom_senegal_seedling_head_smut_p5_2022 | senegal_seedling_anthracnose,Ahn et al. 2022 | Ahn et al. 2022,Ahn et al. (2022). A Genome-Wide Association Study of Senegalese Sorghum Seedlings Responding to Pathotype 5 of Sporisorium reilianum. Plants 11:2999. https://doi.org/10.3390/plants11212999 || Ahn et al. (2022). Genome-wide association study of Senegalese sorghum seedlings responding to a Texas isolate of Colletotrichum sublineola. Scientific Reports 12:13025. https://doi.org/10.1038/s41598-022-16844-6,https://doi.org/10.3390/plants11212999 | https://doi.org/10.1038/s41598-022-16844-6,10.3390/plants11212999 | 10.1038/s41598-022-16844-6,permitted | permitted,verified:verified_cc_by_4_0:permitted | verified:verified_cc_by_4_0:permitted
PI 514468,pi514468,normalized_PI_identifier,PI514468,cross_disease_only,2,experiment:prom_senegal_seedling_head_smut_p5_2022 | experiment:senegal_seedling_anthracnose,anthracnose | head_smut_seedling_spot,,2,prom_senegal_seedling_head_smut_p5_2022 | senegal_seedling_anthracnose,Ahn et al. 2022 | Ahn et al. 2022,Ahn et al. (2022). A Genome-Wide Association Study of Senegalese Sorghum Seedlings Responding to Pathotype 5 of Sporisorium reilianum. Plants 11:2999. https://doi.org/10.3390/plants11212999 || Ahn et al. (2022). Genome-wide association study of Senegalese sorghum seedlings responding to a Texas isolate of Colletotrichum sublineola. Scientific Reports 12:13025. https://doi.org/10.1038/s41598-022-16844-6,https://doi.org/10.3390/plants11212999 | https://doi.org/10.1038/s41598-022-16844-6,10.3390/plants11212999 | 10.1038/s41598-022-16844-6,permitted | permitted,verified:verified_cc_by_4_0:permitted | verified:verified_cc_by_4_0:permitted
PI 514469,pi514469,normalized_PI_identifier,PI514469,cross_disease_only,2,experiment:prom_senegal_seedling_head_smut_p5_2022 | experiment:senegal_seedling_anthracnose,anthracnose | head_smut_seedling_spot,,2,prom_senegal_seedling_head_smut_p5_2022 | senegal_seedling_anthracnose,Ahn et al. 2022 | Ahn et al. 2022,Ahn et al. (2022). A Genome-Wide Association Study of Senegalese Sorghum Seedlings Responding to Pathotype 5 of Sporisorium reilianum. Plants 11:2999. https://doi.org/10.3390/plants11212999 || Ahn et al. (2022). Genome-wide association study of Senegalese sorghum seedlings responding to a Texas isolate of Colletotrichum sublineola. Scientific Reports 12:13025. https://doi.org/10.1038/s41598-022-16844-6,https://doi.org/10.3390/plants11212999 | https://doi.org/10.1038/s41598-022-16844-6,10.3390/plants11212999 | 10.1038/s41598-022-16844-6,permitted | permitted,verified:verified_cc_by_4_0:permitted | verified:verified_cc_by_4_0:permitted
PI 514471,pi514471,normalized_PI_identifier,PI514471,cross_disease_only,2,experiment:prom_senegal_seedling_head_smut_p5_2022 | experiment:senegal_seedling_anthracnose,anthracnose | head_smut_seedling_spot,,2,prom_senegal_seedling_head_smut_p5_2022 | senegal_seedling_anthracnose,Ahn et al. 2022 | Ahn et al. 2022,Ahn et al. (2022). A Genome-Wide Association Study of Senegalese Sorghum Seedlings Responding to Pathotype 5 of Sporisorium reilianum. Plants 11:2999. https://doi.org/10.3390/plants11212999 || Ahn et al. (2022). Genome-wide association study of Senegalese sorghum seedlings responding to a Texas isolate of Colletotrichum sublineola. Scientific Reports 12:13025. https://doi.org/10.1038/s41598-022-16844-6,https://doi.org/10.3390/plants11212999 | https://doi.org/10.1038/s41598-022-16844-6,10.3390/plants11212999 | 10.1038/s41598-022-16844-6,permitted | permitted,verified:verified_cc_by_4_0:permitted | verified:verified_cc_by_4_0:permitted
PI 514475,pi514475,normalized_PI_identifier,PI514475,cross_disease_only,2,experiment:prom_senegal_seedling_head_smut_p5_2022 | experiment:senegal_seedling_anthracnose,anthracnose | head_smut_seedling_spot,,2,prom_senegal_seedling_head_smut_p5_2022 | senegal_seedling_anthracnose,Ahn et al. 2022 | Ahn et al. 2022,Ahn et al. (2022). A Genome-Wide Association Study of Senegalese Sorghum Seedlings Responding to Pathotype 5 of Sporisorium reilianum. Plants 11:2999. https://doi.org/10.3390/plants11212999 || Ahn et al. (2022). Genome-wide association study of Senegalese sorghum seedlings responding to a Texas isolate of Colletotrichum sublineola. Scientific Reports 12:13025. https://doi.org/10.1038/s41598-022-16844-6,https://doi.org/10.3390/plants11212999 | https://doi.org/10.1038/s41598-022-16844-6,10.3390/plants11212999 | 10.1038/s41598-022-16844-6,permitted | permitted,verified:verified_cc_by_4_0:permitted | verified:verified_cc_by_4_0:permitted
PI 533792,pi533792,normalized_PI_identifier,PI533792,cross_disease_only,2,experiment:prom_sap_head_smut_p5_p6_2021 | experiment:prom_zonate_leaf_spot_burleson_2021,head_smut_p5 | zonate_leaf_spot,,2,prom_sap_head_smut_p5_p6_2021 | prom_zonate_leaf_spot_2021,Prom et al. 2021 | Prom and Isakeit 2022,"Prom et al. (2021). Response of Sorghum Accessions against Newly Documented Pathotypes 5 and 6 of Head Smut Pathogen, Sporisorium reilianum. American Journal of Plant Sciences 12:432-443. https://doi.org/10.4236/ajps.2021.123028 || Prom and Isakeit (2022). Incidence of Zonate Leaf Spot on Sorghum Accessions Under Disease-Conducive Growing Conditions Burleson County, Texas. Journal of Agriculture and Crops 8:35-38. https://doi.org/10.32861/jac.81.35.38",https://doi.org/10.4236/ajps.2021.123028 | https://doi.org/10.32861/jac.81.35.38,10.4236/ajps.2021.123028 | 10.32861/jac.81.35.38,permitted | permitted,verified:verified_cc_by_4_0:permitted | verified:verified_cc_by_4_0:permitted
PI 533821,pi533821,normalized_PI_identifier,PI 533821 | PI533821,cross_disease_only,2,experiment:prom_sap_head_smut_p5_p6_2021 | experiment:prom_sap_texas_anthracnose_2019,anthracnose | head_smut_p5 | head_smut_p6,,2,prom_sap_head_smut_p5_p6_2021 | prom_sap_texas_anthracnose_2019,Prom et al. 2021 | Prom et al. 2019,"Prom et al. (2021). Response of Sorghum Accessions against Newly Documented Pathotypes 5 and 6 of Head Smut Pathogen, Sporisorium reilianum. American Journal of Plant Sciences 12:432-443. https://doi.org/10.4236/ajps.2021.123028 || Prom et al. (2019). GWAS analysis of sorghum association panel lines identifies SNPs associated with disease response to Texas isolates of Colletotrichum sublineola. Theoretical and Applied Genetics 132:1389-1396. https://doi.org/10.1007/s00122-019-03285-5",https://doi.org/10.4236/ajps.2021.123028 | https://doi.org/10.1007/s00122-019-03285-5,10.4236/ajps.2021.123028 | 10.1007/s00122-019-03285-5,permitted | unresolved,verified:verified_cc_by_4_0:permitted | verified:unresolved:unresolved
PI 533869,pi533869,normalized_PI_identifier,PI 533869 | PI533869,cross_disease_only,2,experiment:prom_sap_head_smut_p5_p6_2021 | experiment:prom_sap_texas_anthracnose_2019,anthracnose | head_smut_p5,,2,prom_sap_head_smut_p5_p6_2021 | prom_sap_texas_anthracnose_2019,Prom et al. 2021 | Prom et al. 2019,"Prom et al. (2021). Response of Sorghum Accessions against Newly Documented Pathotypes 5 and 6 of Head Smut Pathogen, Sporisorium reilianum. American Journal of Plant Sciences 12:432-443. https://doi.org/10.4236/ajps.2021.123028 || Prom et al. (2019). GWAS analysis of sorghum association panel lines identifies SNPs associated with disease response to Texas isolates of Colletotrichum sublineola. Theoretical and Applied Genetics 132:1389-1396. https://doi.org/10.1007/s00122-019-03285-5",https://doi.org/10.4236/ajps.2021.123028 | https://doi.org/10.1007/s00122-019-03285-5,10.4236/ajps.2021.123028 | 10.1007/s00122-019-03285-5,permitted | unresolved,verified:verified_cc_by_4_0:permitted | verified:unresolved:unresolved
PI 533871,pi533871,normalized_PI_identifier,PI 533871 | PI533871,cross_disease_only,2,experiment:prom_sap_grain_mold_texas_2020 | experiment:prom_sap_texas_anthracnose_2019,anthracnose | grain_mold,,2,prom_sap_grain_mold_texas_2020 | prom_sap_texas_anthracnose_2019,Prom et al. 2020 | Prom et al. 2019,"Prom et al. (2020). Genome-wide association study of grain mold resistance in sorghum association panel as affected by inoculation with Alternaria alternata alone and Alternaria alternata, Fusarium thapsinum, and Curvularia lunata combined. European Journal of Plant Pathology 157:783-798. https://doi.org/10.1007/s10658-020-02036-3 || Prom et al. (2019). GWAS analysis of sorghum association panel lines identifies SNPs associated with disease response to Texas isolates of Colletotrichum sublineola. Theoretical and Applied Genetics 132:1389-1396. https://doi.org/10.1007/s00122-019-03285-5",https://doi.org/10.1007/s10658-020-02036-3 | https://doi.org/10.1007/s00122-019-03285-5,10.1007/s10658-020-02036-3 | 10.1007/s00122-019-03285-5,unresolved | unresolved,verified:unresolved:unresolved | verified:unresolved:unresolved
PI 533919,pi533919,normalized_PI_identifier,PI 533919 | PI533919,cross_disease_only,2,experiment:prom_sap_head_smut_p5_p6_2021 | experiment:prom_sap_texas_anthracnose_2019,anthracnose | head_smut_p5 | head_smut_p6,,2,prom_sap_head_smut_p5_p6_2021 | prom_sap_texas_anthracnose_2019,Prom et al. 2021 | Prom et al. 2019,"Prom et al. (2021). Response of Sorghum Accessions against Newly Documented Pathotypes 5 and 6 of Head Smut Pathogen, Sporisorium reilianum. American Journal of Plant Sciences 12:432-443. https://doi.org/10.4236/ajps.2021.123028 || Prom et al. (2019). GWAS analysis of sorghum association panel lines identifies SNPs associated with disease response to Texas isolates of Colletotrichum sublineola. Theoretical and Applied Genetics 132:1389-1396. https://doi.org/10.1007/s00122-019-03285-5",https://doi.org/10.4236/ajps.2021.123028 | https://doi.org/10.1007/s00122-019-03285-5,10.4236/ajps.2021.123028 | 10.1007/s00122-019-03285-5,permitted | unresolved,verified:verified_cc_by_4_0:permitted | verified:unresolved:unresolved
PI 533927,pi533927,normalized_PI_identifier,PI 533927 | PI533927,cross_disease_only,2,experiment:prom_sap_head_smut_p5_p6_2021 | experiment:prom_sap_texas_anthracnose_2019,anthracnose | head_smut_p5 | head_smut_p6,,2,prom_sap_head_smut_p5_p6_2021 | prom_sap_texas_anthracnose_2019,Prom et al. 2021 | Prom et al. 2019,"Prom et al. (2021). Response of Sorghum Accessions against Newly Documented Pathotypes 5 and 6 of Head Smut Pathogen, Sporisorium reilianum. American Journal of Plant Sciences 12:432-443. https://doi.org/10.4236/ajps.2021.123028 || Prom et al. (2019). GWAS analysis of sorghum association panel lines identifies SNPs associated with disease response to Texas isolates of Colletotrichum sublineola. Theoretical and Applied Genetics 132:1389-1396. https://doi.org/10.1007/s00122-019-03285-5",https://doi.org/10.4236/ajps.2021.123028 | https://doi.org/10.1007/s00122-019-03285-5,10.4236/ajps.2021.123028 | 10.1007/s00122-019-03285-5,permitted | unresolved,verified:verified_cc_by_4_0:permitted | verified:unresolved:unresolved
PI 533965,pi533965,normalized_PI_identifier,PI 533965 | PI533965,cross_disease_only,2,experiment:prom_sap_head_smut_p5_p6_2021 | experiment:prom_sap_texas_anthracnose_2019,anthracnose | head_smut_p6,,2,prom_sap_head_smut_p5_p6_2021 | prom_sap_texas_anthracnose_2019,Prom et al. 2021 | Prom et al. 2019,"Prom et al. (2021). Response of Sorghum Accessions against Newly Documented Pathotypes 5 and 6 of Head Smut Pathogen, Sporisorium reilianum. American Journal of Plant Sciences 12:432-443. https://doi.org/10.4236/ajps.2021.123028 || Prom et al. (2019). GWAS analysis of sorghum association panel lines identifies SNPs associated with disease response to Texas isolates of Colletotrichum sublineola. Theoretical and Applied Genetics 132:1389-1396. https://doi.org/10.1007/s00122-019-03285-5",https://doi.org/10.4236/ajps.2021.123028 | https://doi.org/10.1007/s00122-019-03285-5,10.4236/ajps.2021.123028 | 10.1007/s00122-019-03285-5,permitted | unresolved,verified:verified_cc_by_4_0:permitted | verified:unresolved:unresolved
PI 534145,pi534145,normalized_PI_identifier,PI 534145 | PI534145 | SC 91,cross_disease_only,3,experiment:prom_converted_panel_texas_2008_2009 | experiment:prom_sap_head_smut_p5_p6_2021 | experiment:prom_sap_texas_anthracnose_2019,anthracnose | grain_mold | head_smut_p5 | head_smut_p6,,3,prom_converted_lines_grain_biodeterioration_2016 | prom_sap_head_smut_p5_p6_2021 | prom_sap_texas_anthracnose_2019,Prom et al. 2017 | Prom et al. 2021 | Prom et al. 2019,"Prom et al. (2017). Grain Biodeterioration of Sorghum Converted Lines Inoculated with a Mixture of Fusarium thapsinum and Curvularia lunata. Plant Pathology Journal 16:19-24. https://doi.org/10.3923/ppj.2017.19.24 || Prom et al. (2021). Response of Sorghum Accessions against Newly Documented Pathotypes 5 and 6 of Head Smut Pathogen, Sporisorium reilianum. American Journal of Plant Sciences 12:432-443. https://doi.org/10.4236/ajps.2021.123028 || Prom et al. (2019). GWAS analysis of sorghum association panel lines identifies SNPs associated with disease response to Texas isolates of Colletotrichum sublineola. Theoretical and Applied Genetics 132:1389-1396. https://doi.org/10.1007/s00122-019-03285-5",https://doi.org/10.3923/ppj.2017.19.24 | https://doi.org/10.4236/ajps.2021.123028 | https://doi.org/10.1007/s00122-019-03285-5,10.3923/ppj.2017.19.24 | 10.4236/ajps.2021.123028 | 10.1007/s00122-019-03285-5,unresolved | permitted | unresolved,verified:unresolved:unresolved | verified:verified_cc_by_4_0:permitted | verified:unresolved:unresolved
PI 534157,pi534157,normalized_PI_identifier,PI534157,cross_disease_only,2,experiment:panelA_pr_multidisease | experiment:prom_zonate_leaf_spot_burleson_2021,rust | zonate_leaf_spot,,2,panelA_pr_multidisease | prom_zonate_leaf_spot_2021,Prom et al. 2022 | Prom and Isakeit 2022,"Prom et al. (2022). Response of Sorghum Accessions from Three African Countries to Anthracnose, Grain Mould and Rust. Plant Pathology Journal 21:12-23. https://doi.org/10.3923/ppj.2022.12.23 || Prom and Isakeit (2022). Incidence of Zonate Leaf Spot on Sorghum Accessions Under Disease-Conducive Growing Conditions Burleson County, Texas. Journal of Agriculture and Crops 8:35-38. https://doi.org/10.32861/jac.81.35.38",https://doi.org/10.3923/ppj.2022.12.23 | https://doi.org/10.32861/jac.81.35.38,10.3923/ppj.2022.12.23|10.15482/USDA.ADC/25707396.v1 | 10.32861/jac.81.35.38,permitted | permitted,verified:verified_public_domain:permitted | verified:verified_cc_by_4_0:permitted
PI 562941,pi562941,normalized_PI_identifier,PI562941,cross_disease_only,2,experiment:prom_sudan_anthracnose_2020 | experiment:prom_sudan_rust_2025,anthracnose | rust,,2,prom_sudan_anthracnose_2020 | prom_sudan_rust_2025,Cuevas and Prom 2020 | Cuevas and Prom 2025,"Cuevas and Prom (2020). Evaluation of genetic diversity, agronomic traits, and anthracnose resistance in the NPGS Sudan Sorghum Core collection. BMC Genomics 21:88. https://doi.org/10.1186/s12864-020-6489-0 || Cuevas and Prom (2025). The NPGS Sudan sorghum germplasm collection reveals a novel cluster of R genes associated with rust resistant. The Plant Genome 18:e70113. https://doi.org/10.1002/tpg2.70113",https://doi.org/10.1186/s12864-020-6489-0 | https://doi.org/10.1002/tpg2.70113,10.1186/s12864-020-6489-0|10.6084/m9.figshare.11759763 | 10.1002/tpg2.70113,permitted | permitted,verified:verified_cc_by_4_0:permitted | verified:verified_cc_by_4_0:permitted
PI 568398,pi568398,normalized_PI_identifier,PI568398,cross_disease_only,2,experiment:prom_sudan_anthracnose_2020 | experiment:prom_sudan_rust_2025,anthracnose | rust,,2,prom_sudan_anthracnose_2020 | prom_sudan_rust_2025,Cuevas and Prom 2020 | Cuevas and Prom 2025,"Cuevas and Prom (2020). Evaluation of genetic diversity, agronomic traits, and anthracnose resistance in the NPGS Sudan Sorghum Core collection. BMC Genomics 21:88. https://doi.org/10.1186/s12864-020-6489-0 || Cuevas and Prom (2025). The NPGS Sudan sorghum germplasm collection reveals a novel cluster of R genes associated with rust resistant. The Plant Genome 18:e70113. https://doi.org/10.1002/tpg2.70113",https://doi.org/10.1186/s12864-020-6489-0 | https://doi.org/10.1002/tpg2.70113,10.1186/s12864-020-6489-0|10.6084/m9.figshare.11759763 | 10.1002/tpg2.70113,permitted | permitted,verified:verified_cc_by_4_0:permitted | verified:verified_cc_by_4_0:permitted
PI 568557,pi568557,normalized_PI_identifier,PI568557,cross_disease_only,2,experiment:prom_sudan_anthracnose_2020 | experiment:prom_sudan_rust_2025,anthracnose | rust,,2,prom_sudan_anthracnose_2020 | prom_sudan_rust_2025,Cuevas and Prom 2020 | Cuevas and Prom 2025,"Cuevas and Prom (2020). Evaluation of genetic diversity, agronomic traits, and anthracnose resistance in the NPGS Sudan Sorghum Core collection. BMC Genomics 21:88. https://doi.org/10.1186/s12864-020-6489-0 || Cuevas and Prom (2025). The NPGS Sudan sorghum germplasm collection reveals a novel cluster of R genes associated with rust resistant. The Plant Genome 18:e70113. https://doi.org/10.1002/tpg2.70113",https://doi.org/10.1186/s12864-020-6489-0 | https://doi.org/10.1002/tpg2.70113,10.1186/s12864-020-6489-0|10.6084/m9.figshare.11759763 | 10.1002/tpg2.70113,permitted | permitted,verified:verified_cc_by_4_0:permitted | verified:verified_cc_by_4_0:permitted
PI 568621,pi568621,normalized_PI_identifier,PI568621,cross_disease_only,2,experiment:prom_sudan_anthracnose_2020 | experiment:prom_sudan_rust_2025,anthracnose | rust,,2,prom_sudan_anthracnose_2020 | prom_sudan_rust_2025,Cuevas and Prom 2020 | Cuevas and Prom 2025,"Cuevas and Prom (2020). Evaluation of genetic diversity, agronomic traits, and anthracnose resistance in the NPGS Sudan Sorghum Core collection. BMC Genomics 21:88. https://doi.org/10.1186/s12864-020-6489-0 || Cuevas and Prom (2025). The NPGS Sudan sorghum germplasm collection reveals a novel cluster of R genes associated with rust resistant. The Plant Genome 18:e70113. https://doi.org/10.1002/tpg2.70113",https://doi.org/10.1186/s12864-020-6489-0 | https://doi.org/10.1002/tpg2.70113,10.1186/s12864-020-6489-0|10.6084/m9.figshare.11759763 | 10.1002/tpg2.70113,permitted | permitted,verified:verified_cc_by_4_0:permitted | verified:verified_cc_by_4_0:permitted
PI 569993,pi569993,normalized_PI_identifier,PI569993,cross_disease_only,2,experiment:prom_sudan_anthracnose_2020 | experiment:prom_sudan_rust_2025,anthracnose | rust,,2,prom_sudan_anthracnose_2020 | prom_sudan_rust_2025,Cuevas and Prom 2020 | Cuevas and Prom 2025,"Cuevas and Prom (2020). Evaluation of genetic diversity, agronomic traits, and anthracnose resistance in the NPGS Sudan Sorghum Core collection. BMC Genomics 21:88. https://doi.org/10.1186/s12864-020-6489-0 || Cuevas and Prom (2025). The NPGS Sudan sorghum germplasm collection reveals a novel cluster of R genes associated with rust resistant. The Plant Genome 18:e70113. https://doi.org/10.1002/tpg2.70113",https://doi.org/10.1186/s12864-020-6489-0 | https://doi.org/10.1002/tpg2.70113,10.1186/s12864-020-6489-0|10.6084/m9.figshare.11759763 | 10.1002/tpg2.70113,permitted | permitted,verified:verified_cc_by_4_0:permitted | verified:verified_cc_by_4_0:permitted
PI 570213,pi570213,normalized_PI_identifier,PI570213,cross_disease_only,2,experiment:prom_sudan_anthracnose_2020 | experiment:prom_sudan_rust_2025,anthracnose | rust,,2,prom_sudan_anthracnose_2020 | prom_sudan_rust_2025,Cuevas and Prom 2020 | Cuevas and Prom 2025,"Cuevas and Prom (2020). Evaluation of genetic diversity, agronomic traits, and anthracnose resistance in the NPGS Sudan Sorghum Core collection. BMC Genomics 21:88. https://doi.org/10.1186/s12864-020-6489-0 || Cuevas and Prom (2025). The NPGS Sudan sorghum germplasm collection reveals a novel cluster of R genes associated with rust resistant. The Plant Genome 18:e70113. https://doi.org/10.1002/tpg2.70113",https://doi.org/10.1186/s12864-020-6489-0 | https://doi.org/10.1002/tpg2.70113,10.1186/s12864-020-6489-0|10.6084/m9.figshare.11759763 | 10.1002/tpg2.70113,permitted | permitted,verified:verified_cc_by_4_0:permitted | verified:verified_cc_by_4_0:permitted
PI 570548,pi570548,normalized_PI_identifier,PI570548,cross_disease_only,2,experiment:prom_sudan_anthracnose_2020 | experiment:prom_sudan_rust_2025,anthracnose | rust,,2,prom_sudan_anthracnose_2020 | prom_sudan_rust_2025,Cuevas and Prom 2020 | Cuevas and Prom 2025,"Cuevas and Prom (2020). Evaluation of genetic diversity, agronomic traits, and anthracnose resistance in the NPGS Sudan Sorghum Core collection. BMC Genomics 21:88. https://doi.org/10.1186/s12864-020-6489-0 || Cuevas and Prom (2025). The NPGS Sudan sorghum germplasm collection reveals a novel cluster of R genes associated with rust resistant. The Plant Genome 18:e70113. https://doi.org/10.1002/tpg2.70113",https://doi.org/10.1186/s12864-020-6489-0 | https://doi.org/10.1002/tpg2.70113,10.1186/s12864-020-6489-0|10.6084/m9.figshare.11759763 | 10.1002/tpg2.70113,permitted | permitted,verified:verified_cc_by_4_0:permitted | verified:verified_cc_by_4_0:permitted
PI 570705,pi570705,normalized_PI_identifier,PI570705,cross_disease_only,2,experiment:prom_sudan_anthracnose_2020 | experiment:prom_sudan_rust_2025,anthracnose | rust,,2,prom_sudan_anthracnose_2020 | prom_sudan_rust_2025,Cuevas and Prom 2020 | Cuevas and Prom 2025,"Cuevas and Prom (2020). Evaluation of genetic diversity, agronomic traits, and anthracnose resistance in the NPGS Sudan Sorghum Core collection. BMC Genomics 21:88. https://doi.org/10.1186/s12864-020-6489-0 || Cuevas and Prom (2025). The NPGS Sudan sorghum germplasm collection reveals a novel cluster of R genes associated with rust resistant. The Plant Genome 18:e70113. https://doi.org/10.1002/tpg2.70113",https://doi.org/10.1186/s12864-020-6489-0 | https://doi.org/10.1002/tpg2.70113,10.1186/s12864-020-6489-0|10.6084/m9.figshare.11759763 | 10.1002/tpg2.70113,permitted | permitted,verified:verified_cc_by_4_0:permitted | verified:verified_cc_by_4_0:permitted
PI 570708,pi570708,normalized_PI_identifier,PI570708,cross_disease_only,2,experiment:prom_sudan_anthracnose_2020 | experiment:prom_sudan_rust_2025,anthracnose | rust,,2,prom_sudan_anthracnose_2020 | prom_sudan_rust_2025,Cuevas and Prom 2020 | Cuevas and Prom 2025,"Cuevas and Prom (2020). Evaluation of genetic diversity, agronomic traits, and anthracnose resistance in the NPGS Sudan Sorghum Core collection. BMC Genomics 21:88. https://doi.org/10.1186/s12864-020-6489-0 || Cuevas and Prom (2025). The NPGS Sudan sorghum germplasm collection reveals a novel cluster of R genes associated with rust resistant. The Plant Genome 18:e70113. https://doi.org/10.1002/tpg2.70113",https://doi.org/10.1186/s12864-020-6489-0 | https://doi.org/10.1002/tpg2.70113,10.1186/s12864-020-6489-0|10.6084/m9.figshare.11759763 | 10.1002/tpg2.70113,permitted | permitted,verified:verified_cc_by_4_0:permitted | verified:verified_cc_by_4_0:permitted
PI 570726,pi570726,normalized_PI_identifier,PI570726,cross_disease_only,2,experiment:prom_converted_panel_texas_2008_2009 | experiment:prom_zonate_leaf_spot_burleson_2021,downy_mildew | zonate_leaf_spot,,2,prom_converted_lines_anthracnose_downy_2016 | prom_zonate_leaf_spot_2021,Prom et al. 2016 | Prom and Isakeit 2022,"Prom et al. (2016). Assessing the Vulnerability of Sorghum Converted Lines to Anthracnose and Downy Mildew Infection. Journal of Agriculture and Crops 2:101-106. https://econpapers.repec.org/article/arpjacarp/2016_3ap_3a101-106.htm || Prom and Isakeit (2022). Incidence of Zonate Leaf Spot on Sorghum Accessions Under Disease-Conducive Growing Conditions Burleson County, Texas. Journal of Agriculture and Crops 8:35-38. https://doi.org/10.32861/jac.81.35.38",https://econpapers.repec.org/article/arpjacarp/2016_3ap_3a101-106.htm | https://doi.org/10.32861/jac.81.35.38,URL:https://econpapers.repec.org/article/arpjacarp/2016_3ap_3a101-106.htm | 10.32861/jac.81.35.38,permitted | permitted,verified:verified_cc_by_4_0:permitted | verified:verified_cc_by_4_0:permitted
PI 570841,pi570841,normalized_PI_identifier,PI570841,cross_disease_only,2,experiment:prom_senegal_grain_mold_2022_two_location_trial | experiment:prom_zonate_leaf_spot_burleson_2021,grain_mold | zonate_leaf_spot,,2,prom_agronomic_grain_mold_senegal_2026 | prom_zonate_leaf_spot_2021,Prom et al. 2026 | Prom and Isakeit 2022,"Prom et al. (2026). Agronomic Traits of Sorghum Cultivars from the US and Senegal and Their Response to Grain Mold Infection. American Journal of Plant Sciences 17:302-319. https://doi.org/10.4236/ajps.2026.173020 || Prom and Isakeit (2022). Incidence of Zonate Leaf Spot on Sorghum Accessions Under Disease-Conducive Growing Conditions Burleson County, Texas. Journal of Agriculture and Crops 8:35-38. https://doi.org/10.32861/jac.81.35.38",https://doi.org/10.4236/ajps.2026.173020 | https://doi.org/10.32861/jac.81.35.38,10.4236/ajps.2026.173020 | 10.32861/jac.81.35.38,permitted | permitted,verified:verified_cc_by_4_0:permitted | verified:verified_cc_by_4_0:permitted
PI 585814,pi585814,normalized_PI_identifier,PI 585814 | PI585814,cross_disease_only,2,experiment:erpelding_isabela_mali_anthracnose_2004_2005_campaign | experiment:prom_fusarium_grain_mold_panels_isabela_2006,anthracnose | grain_mold,,2,prom_ethiopia_mali_fusarium_2013 | ref_erpelding_sikasso_mali_anthracnose_2008,Prom and Erpelding 2013 | Erpelding 2008,Prom and Erpelding (2013). Evaluation of sorghum accessions from Ethiopia and Mali against Fusarium thapsinum. Journal of Tropical Agriculture 51:92-97. https://jtropag.kau.in/index.php/ojs2/article/view/286 || Erpelding (2008). Field Evaluation of Anthracnose Resistance for Sorghum Germplasm from the Sikasso Region of Mali. The Open Agriculture Journal 2:113-120. https://doi.org/10.2174/1874331500802010113,https://jtropag.kau.in/index.php/ojs2/article/view/286 | https://doi.org/10.2174/1874331500802010113,URL:https://jtropag.kau.in/index.php/ojs2/article/view/286 | 10.2174/1874331500802010113,unresolved | permitted_with_noncommercial_restriction,verified:unresolved:unresolved | verified:verified_cc_by_nc_3_0:permitted_with_noncommercial_restriction
PI 609251,pi609251,normalized_PI_identifier,PI609251,cross_disease_only,2,experiment:panelA_pr_multidisease | experiment:prom_zonate_leaf_spot_burleson_2021,rust | zonate_leaf_spot,,2,panelA_pr_multidisease | prom_zonate_leaf_spot_2021,Prom et al. 2022 | Prom and Isakeit 2022,"Prom et al. (2022). Response of Sorghum Accessions from Three African Countries to Anthracnose, Grain Mould and Rust. Plant Pathology Journal 21:12-23. https://doi.org/10.3923/ppj.2022.12.23 || Prom and Isakeit (2022). Incidence of Zonate Leaf Spot on Sorghum Accessions Under Disease-Conducive Growing Conditions Burleson County, Texas. Journal of Agriculture and Crops 8:35-38. https://doi.org/10.32861/jac.81.35.38",https://doi.org/10.3923/ppj.2022.12.23 | https://doi.org/10.32861/jac.81.35.38,10.3923/ppj.2022.12.23|10.15482/USDA.ADC/25707396.v1 | 10.32861/jac.81.35.38,permitted | permitted,verified:verified_public_domain:permitted | verified:verified_cc_by_4_0:permitted
PI 655990,pi655990,normalized_PI_identifier,PI 655990,cross_disease_only,2,experiment:prom_sap_texas_anthracnose_2019 | experiment:uganda_downy_mildew_two_location_2016,anthracnose | downy_mildew,,2,prom_sap_texas_anthracnose_2019 | prom_uganda_downy_mildew_2019,Prom et al. 2019 | Kumi et al. 2019,Prom et al. (2019). GWAS analysis of sorghum association panel lines identifies SNPs associated with disease response to Texas isolates of Colletotrichum sublineola. Theoretical and Applied Genetics 132:1389-1396. https://doi.org/10.1007/s00122-019-03285-5 || Kumi et al. (2019). New sources of sorghum resistant genotypes to downy mildew disease in Uganda. Biodiversitas 20:3391-3397. https://doi.org/10.13057/biodiv/d201136,https://doi.org/10.1007/s00122-019-03285-5 | https://doi.org/10.13057/biodiv/d201136,10.1007/s00122-019-03285-5 | 10.13057/biodiv/d201136,unresolved | unresolved,verified:unresolved:unresolved | verified:unresolved:unresolved
PI 656010,pi656010,normalized_PI_identifier,PI656010 | RTx2536 (PI656010),cross_disease_only,2,experiment:panelA_pr_multidisease | experiment:prom_sap_head_smut_p5_p6_2021,anthracnose | head_smut_p5 | head_smut_p6,,2,panelA_pr_multidisease | prom_sap_head_smut_p5_p6_2021,Prom et al. 2022 | Prom et al. 2021,"Prom et al. (2022). Response of Sorghum Accessions from Three African Countries to Anthracnose, Grain Mould and Rust. Plant Pathology Journal 21:12-23. https://doi.org/10.3923/ppj.2022.12.23 || Prom et al. (2021). Response of Sorghum Accessions against Newly Documented Pathotypes 5 and 6 of Head Smut Pathogen, Sporisorium reilianum. American Journal of Plant Sciences 12:432-443. https://doi.org/10.4236/ajps.2021.123028",https://doi.org/10.3923/ppj.2022.12.23 | https://doi.org/10.4236/ajps.2021.123028,10.3923/ppj.2022.12.23|10.15482/USDA.ADC/25707396.v1 | 10.4236/ajps.2021.123028,permitted | permitted,verified:verified_public_domain:permitted | verified:verified_cc_by_4_0:permitted
PI 656018,pi656018,normalized_PI_identifier,PI 656018 | PI656018,cross_disease_only,2,experiment:prom_sap_head_smut_p5_p6_2021 | experiment:prom_sap_texas_anthracnose_2019,anthracnose | head_smut_p5,,2,prom_sap_head_smut_p5_p6_2021 | prom_sap_texas_anthracnose_2019,Prom et al. 2021 | Prom et al. 2019,"Prom et al. (2021). Response of Sorghum Accessions against Newly Documented Pathotypes 5 and 6 of Head Smut Pathogen, Sporisorium reilianum. American Journal of Plant Sciences 12:432-443. https://doi.org/10.4236/ajps.2021.123028 || Prom et al. (2019). GWAS analysis of sorghum association panel lines identifies SNPs associated with disease response to Texas isolates of Colletotrichum sublineola. Theoretical and Applied Genetics 132:1389-1396. https://doi.org/10.1007/s00122-019-03285-5",https://doi.org/10.4236/ajps.2021.123028 | https://doi.org/10.1007/s00122-019-03285-5,10.4236/ajps.2021.123028 | 10.1007/s00122-019-03285-5,permitted | unresolved,verified:verified_cc_by_4_0:permitted | verified:unresolved:unresolved
PI 656033,pi656033,normalized_PI_identifier,PI 656033 | PI656033,cross_disease_only,2,experiment:prom_sap_head_smut_p5_p6_2021 | experiment:prom_sap_texas_anthracnose_2019,anthracnose | head_smut_p5,,2,prom_sap_head_smut_p5_p6_2021 | prom_sap_texas_anthracnose_2019,Prom et al. 2021 | Prom et al. 2019,"Prom et al. (2021). Response of Sorghum Accessions against Newly Documented Pathotypes 5 and 6 of Head Smut Pathogen, Sporisorium reilianum. American Journal of Plant Sciences 12:432-443. https://doi.org/10.4236/ajps.2021.123028 || Prom et al. (2019). GWAS analysis of sorghum association panel lines identifies SNPs associated with disease response to Texas isolates of Colletotrichum sublineola. Theoretical and Applied Genetics 132:1389-1396. https://doi.org/10.1007/s00122-019-03285-5",https://doi.org/10.4236/ajps.2021.123028 | https://doi.org/10.1007/s00122-019-03285-5,10.4236/ajps.2021.123028 | 10.1007/s00122-019-03285-5,permitted | unresolved,verified:verified_cc_by_4_0:permitted | verified:unresolved:unresolved
PI 656071,pi656071,normalized_PI_identifier,PI 656071 | PI656071,cross_disease_only,2,experiment:prom_sap_head_smut_p5_p6_2021 | experiment:prom_sap_texas_anthracnose_2019,anthracnose | head_smut_p5 | head_smut_p6,,2,prom_sap_head_smut_p5_p6_2021 | prom_sap_texas_anthracnose_2019,Prom et al. 2021 | Prom et al. 2019,"Prom et al. (2021). Response of Sorghum Accessions against Newly Documented Pathotypes 5 and 6 of Head Smut Pathogen, Sporisorium reilianum. American Journal of Plant Sciences 12:432-443. https://doi.org/10.4236/ajps.2021.123028 || Prom et al. (2019). GWAS analysis of sorghum association panel lines identifies SNPs associated with disease response to Texas isolates of Colletotrichum sublineola. Theoretical and Applied Genetics 132:1389-1396. https://doi.org/10.1007/s00122-019-03285-5",https://doi.org/10.4236/ajps.2021.123028 | https://doi.org/10.1007/s00122-019-03285-5,10.4236/ajps.2021.123028 | 10.1007/s00122-019-03285-5,permitted | unresolved,verified:verified_cc_by_4_0:permitted | verified:unresolved:unresolved
PI 656082,pi656082,normalized_PI_identifier,PI 656082 | PI656082,cross_disease_only,2,experiment:prom_sap_head_smut_p5_p6_2021 | experiment:prom_sap_texas_anthracnose_2019,anthracnose | head_smut_p5 | head_smut_p6,,2,prom_sap_head_smut_p5_p6_2021 | prom_sap_texas_anthracnose_2019,Prom et al. 2021 | Prom et al. 2019,"Prom et al. (2021). Response of Sorghum Accessions against Newly Documented Pathotypes 5 and 6 of Head Smut Pathogen, Sporisorium reilianum. American Journal of Plant Sciences 12:432-443. https://doi.org/10.4236/ajps.2021.123028 || Prom et al. (2019). GWAS analysis of sorghum association panel lines identifies SNPs associated with disease response to Texas isolates of Colletotrichum sublineola. Theoretical and Applied Genetics 132:1389-1396. https://doi.org/10.1007/s00122-019-03285-5",https://doi.org/10.4236/ajps.2021.123028 | https://doi.org/10.1007/s00122-019-03285-5,10.4236/ajps.2021.123028 | 10.1007/s00122-019-03285-5,permitted | unresolved,verified:verified_cc_by_4_0:permitted | verified:unresolved:unresolved
PI 656090,pi656090,normalized_PI_identifier,PI 656090 | PI656090,cross_disease_only,2,experiment:prom_sap_head_smut_p5_p6_2021 | experiment:prom_sap_texas_anthracnose_2019,anthracnose | head_smut_p6,,2,prom_sap_head_smut_p5_p6_2021 | prom_sap_texas_anthracnose_2019,Prom et al. 2021 | Prom et al. 2019,"Prom et al. (2021). Response of Sorghum Accessions against Newly Documented Pathotypes 5 and 6 of Head Smut Pathogen, Sporisorium reilianum. American Journal of Plant Sciences 12:432-443. https://doi.org/10.4236/ajps.2021.123028 || Prom et al. (2019). GWAS analysis of sorghum association panel lines identifies SNPs associated with disease response to Texas isolates of Colletotrichum sublineola. Theoretical and Applied Genetics 132:1389-1396. https://doi.org/10.1007/s00122-019-03285-5",https://doi.org/10.4236/ajps.2021.123028 | https://doi.org/10.1007/s00122-019-03285-5,10.4236/ajps.2021.123028 | 10.1007/s00122-019-03285-5,permitted | unresolved,verified:verified_cc_by_4_0:permitted | verified:unresolved:unresolved
PI 665166,pi665166,normalized_PI_identifier,PI665166,cross_disease_only,2,experiment:panelA_pr_multidisease | experiment:prom_zonate_leaf_spot_burleson_2021,anthracnose | zonate_leaf_spot,,2,panelA_pr_multidisease | prom_zonate_leaf_spot_2021,Prom et al. 2022 | Prom and Isakeit 2022,"Prom et al. (2022). Response of Sorghum Accessions from Three African Countries to Anthracnose, Grain Mould and Rust. Plant Pathology Journal 21:12-23. https://doi.org/10.3923/ppj.2022.12.23 || Prom and Isakeit (2022). Incidence of Zonate Leaf Spot on Sorghum Accessions Under Disease-Conducive Growing Conditions Burleson County, Texas. Journal of Agriculture and Crops 8:35-38. https://doi.org/10.32861/jac.81.35.38",https://doi.org/10.3923/ppj.2022.12.23 | https://doi.org/10.32861/jac.81.35.38,10.3923/ppj.2022.12.23|10.15482/USDA.ADC/25707396.v1 | 10.32861/jac.81.35.38,permitted | permitted,verified:verified_public_domain:permitted | verified:verified_cc_by_4_0:permitted
PI 665168,pi665168,normalized_PI_identifier,PI665168,cross_disease_only,2,experiment:panelA_pr_multidisease | experiment:prom_zonate_leaf_spot_burleson_2021,rust | zonate_leaf_spot,,2,panelA_pr_multidisease | prom_zonate_leaf_spot_2021,Prom et al. 2022 | Prom and Isakeit 2022,"Prom et al. (2022). Response of Sorghum Accessions from Three African Countries to Anthracnose, Grain Mould and Rust. Plant Pathology Journal 21:12-23. https://doi.org/10.3923/ppj.2022.12.23 || Prom and Isakeit (2022). Incidence of Zonate Leaf Spot on Sorghum Accessions Under Disease-Conducive Growing Conditions Burleson County, Texas. Journal of Agriculture and Crops 8:35-38. https://doi.org/10.32861/jac.81.35.38",https://doi.org/10.3923/ppj.2022.12.23 | https://doi.org/10.32861/jac.81.35.38,10.3923/ppj.2022.12.23|10.15482/USDA.ADC/25707396.v1 | 10.32861/jac.81.35.38,permitted | permitted,verified:verified_public_domain:permitted | verified:verified_cc_by_4_0:permitted
PI 154966,pi154966,normalized_PI_identifier,PI154966,same_disease_recurrence,2,experiment:prom_four_country_anthracnose_2007_2008_pr | experiment:prom_weather_anthracnose_texas_2009_paired_crop_regrowth,anthracnose,anthracnose,2,prom_four_country_anthracnose_2012 | prom_weather_anthracnose_genotypes_2015,Prom et al. 2012 | Prom et al. 2015,"Prom et al. (2012). Response of Sorghum Accessions from Four African Countries against Colletotrichum sublineolum, Causal Agent of Sorghum Anthracnose. American Journal of Plant Sciences 3:125-129. https://doi.org/10.4236/ajps.2012.31014 || Prom et al. (2015). The Impact of Weather Conditions on Response of Sorghum Genotypes to Anthracnose (Colletotrichum sublineola) Infection. American Journal of Experimental Agriculture 6:242-250. https://doi.org/10.9734/AJEA/2015/14589",https://doi.org/10.4236/ajps.2012.31014 | https://doi.org/10.9734/AJEA/2015/14589,10.4236/ajps.2012.31014 | 10.9734/AJEA/2015/14589,permitted | permitted,verified:verified_cc_by_4_0:permitted | verified:verified_cc_by_4_0:permitted
PI 194355,pi194355,normalized_PI_identifier,PI194355,same_disease_recurrence,2,experiment:panelA_pr_multidisease | experiment:prom_ethiopia_subset_isabela_2019_2020,anthracnose,anthracnose,2,panelA_pr_multidisease | prom_ethiopia_anthracnose_subset_2022,Prom et al. 2022 | Prom et al. 2022,"Prom et al. (2022). Response of Sorghum Accessions from Three African Countries to Anthracnose, Grain Mould and Rust. Plant Pathology Journal 21:12-23. https://doi.org/10.3923/ppj.2022.12.23 || Prom et al. (2022). Evaluation of a Subset of Ethiopia Sorghum Collection Germplasm from the National Genetic Resources Program of the United States Department of Agriculture for Anthracnose Resistance. American Journal of Plant Sciences 13:1403-1411. https://doi.org/10.4236/ajps.2022.1312095",https://doi.org/10.3923/ppj.2022.12.23 | https://doi.org/10.4236/ajps.2022.1312095,10.3923/ppj.2022.12.23|10.15482/USDA.ADC/25707396.v1 | 10.4236/ajps.2022.1312095,permitted | permitted,verified:verified_public_domain:permitted | verified:verified_cc_by_4_0:permitted
PI 217674,pi217674,normalized_PI_identifier,PI217674,same_disease_recurrence,2,experiment:prom_four_country_anthracnose_2007_2008_pr | experiment:prom_weather_anthracnose_texas_2009_paired_crop_regrowth,anthracnose,anthracnose,2,prom_four_country_anthracnose_2012 | prom_weather_anthracnose_genotypes_2015,Prom et al. 2012 | Prom et al. 2015,"Prom et al. (2012). Response of Sorghum Accessions from Four African Countries against Colletotrichum sublineolum, Causal Agent of Sorghum Anthracnose. American Journal of Plant Sciences 3:125-129. https://doi.org/10.4236/ajps.2012.31014 || Prom et al. (2015). The Impact of Weather Conditions on Response of Sorghum Genotypes to Anthracnose (Colletotrichum sublineola) Infection. American Journal of Experimental Agriculture 6:242-250. https://doi.org/10.9734/AJEA/2015/14589",https://doi.org/10.4236/ajps.2012.31014 | https://doi.org/10.9734/AJEA/2015/14589,10.4236/ajps.2012.31014 | 10.9734/AJEA/2015/14589,permitted | permitted,verified:verified_cc_by_4_0:permitted | verified:verified_cc_by_4_0:permitted
PI 251637,pi251637,normalized_PI_identifier,PI251637,same_disease_recurrence,2,experiment:panelA_pr_multidisease | experiment:prom_ethiopia_subset_isabela_2019_2020,anthracnose,anthracnose,2,panelA_pr_multidisease | prom_ethiopia_anthracnose_subset_2022,Prom et al. 2022 | Prom et al. 2022,"Prom et al. (2022). Response of Sorghum Accessions from Three African Countries to Anthracnose, Grain Mould and Rust. Plant Pathology Journal 21:12-23. https://doi.org/10.3923/ppj.2022.12.23 || Prom et al. (2022). Evaluation of a Subset of Ethiopia Sorghum Collection Germplasm from the National Genetic Resources Program of the United States Department of Agriculture for Anthracnose Resistance. American Journal of Plant Sciences 13:1403-1411. https://doi.org/10.4236/ajps.2022.1312095",https://doi.org/10.3923/ppj.2022.12.23 | https://doi.org/10.4236/ajps.2022.1312095,10.3923/ppj.2022.12.23|10.15482/USDA.ADC/25707396.v1 | 10.4236/ajps.2022.1312095,permitted | permitted,verified:verified_public_domain:permitted | verified:verified_cc_by_4_0:permitted
PI 267565,pi267565,normalized_PI_identifier,PI267565,same_disease_recurrence,2,experiment:panelA_pr_multidisease | experiment:prom_ethiopia_subset_isabela_2019_2020,anthracnose | rust,anthracnose,2,panelA_pr_multidisease | prom_ethiopia_anthracnose_subset_2022,Prom et al. 2022 | Prom et al. 2022,"Prom et al. (2022). Response of Sorghum Accessions from Three African Countries to Anthracnose, Grain Mould and Rust. Plant Pathology Journal 21:12-23. https://doi.org/10.3923/ppj.2022.12.23 || Prom et al. (2022). Evaluation of a Subset of Ethiopia Sorghum Collection Germplasm from the National Genetic Resources Program of the United States Department of Agriculture for Anthracnose Resistance. American Journal of Plant Sciences 13:1403-1411. https://doi.org/10.4236/ajps.2022.1312095",https://doi.org/10.3923/ppj.2022.12.23 | https://doi.org/10.4236/ajps.2022.1312095,10.3923/ppj.2022.12.23|10.15482/USDA.ADC/25707396.v1 | 10.4236/ajps.2022.1312095,permitted | permitted,verified:verified_public_domain:permitted | verified:verified_cc_by_4_0:permitted
PI 267606,pi267606,normalized_PI_identifier,PI267606,same_disease_recurrence,2,experiment:panelA_pr_multidisease | experiment:prom_ethiopia_subset_isabela_2019_2020,anthracnose,anthracnose,2,panelA_pr_multidisease | prom_ethiopia_anthracnose_subset_2022,Prom et al. 2022 | Prom et al. 2022,"Prom et al. (2022). Response of Sorghum Accessions from Three African Countries to Anthracnose, Grain Mould and Rust. Plant Pathology Journal 21:12-23. https://doi.org/10.3923/ppj.2022.12.23 || Prom et al. (2022). Evaluation of a Subset of Ethiopia Sorghum Collection Germplasm from the National Genetic Resources Program of the United States Department of Agriculture for Anthracnose Resistance. American Journal of Plant Sciences 13:1403-1411. https://doi.org/10.4236/ajps.2022.1312095",https://doi.org/10.3923/ppj.2022.12.23 | https://doi.org/10.4236/ajps.2022.1312095,10.3923/ppj.2022.12.23|10.15482/USDA.ADC/25707396.v1 | 10.4236/ajps.2022.1312095,permitted | permitted,verified:verified_public_domain:permitted | verified:verified_cc_by_4_0:permitted
PI 267624,pi267624,normalized_PI_identifier,PI267624,same_disease_recurrence,2,experiment:panelA_pr_multidisease | experiment:prom_ethiopia_subset_isabela_2019_2020,anthracnose | grain_mold | rust,anthracnose,2,panelA_pr_multidisease | prom_ethiopia_anthracnose_subset_2022,Prom et al. 2022 | Prom et al. 2022,"Prom et al. (2022). Response of Sorghum Accessions from Three African Countries to Anthracnose, Grain Mould and Rust. Plant Pathology Journal 21:12-23. https://doi.org/10.3923/ppj.2022.12.23 || Prom et al. (2022). Evaluation of a Subset of Ethiopia Sorghum Collection Germplasm from the National Genetic Resources Program of the United States Department of Agriculture for Anthracnose Resistance. American Journal of Plant Sciences 13:1403-1411. https://doi.org/10.4236/ajps.2022.1312095",https://doi.org/10.3923/ppj.2022.12.23 | https://doi.org/10.4236/ajps.2022.1312095,10.3923/ppj.2022.12.23|10.15482/USDA.ADC/25707396.v1 | 10.4236/ajps.2022.1312095,permitted | permitted,verified:verified_public_domain:permitted | verified:verified_cc_by_4_0:permitted
PI 297093,pi297093,normalized_PI_identifier,PI297093,same_disease_recurrence,2,experiment:prom_four_country_anthracnose_2007_2008_pr | experiment:prom_weather_anthracnose_texas_2009_paired_crop_regrowth,anthracnose,anthracnose,2,prom_four_country_anthracnose_2012 | prom_weather_anthracnose_genotypes_2015,Prom et al. 2012 | Prom et al. 2015,"Prom et al. (2012). Response of Sorghum Accessions from Four African Countries against Colletotrichum sublineolum, Causal Agent of Sorghum Anthracnose. American Journal of Plant Sciences 3:125-129. https://doi.org/10.4236/ajps.2012.31014 || Prom et al. (2015). The Impact of Weather Conditions on Response of Sorghum Genotypes to Anthracnose (Colletotrichum sublineola) Infection. American Journal of Experimental Agriculture 6:242-250. https://doi.org/10.9734/AJEA/2015/14589",https://doi.org/10.4236/ajps.2012.31014 | https://doi.org/10.9734/AJEA/2015/14589,10.4236/ajps.2012.31014 | 10.9734/AJEA/2015/14589,permitted | permitted,verified:verified_cc_by_4_0:permitted | verified:verified_cc_by_4_0:permitted
PI 330983,pi330983,normalized_PI_identifier,PI330983,same_disease_recurrence,2,experiment:prom_four_country_anthracnose_2007_2008_pr | experiment:prom_weather_anthracnose_texas_2009_paired_crop_regrowth,anthracnose,anthracnose,2,prom_four_country_anthracnose_2012 | prom_weather_anthracnose_genotypes_2015,Prom et al. 2012 | Prom et al. 2015,"Prom et al. (2012). Response of Sorghum Accessions from Four African Countries against Colletotrichum sublineolum, Causal Agent of Sorghum Anthracnose. American Journal of Plant Sciences 3:125-129. https://doi.org/10.4236/ajps.2012.31014 || Prom et al. (2015). The Impact of Weather Conditions on Response of Sorghum Genotypes to Anthracnose (Colletotrichum sublineola) Infection. American Journal of Experimental Agriculture 6:242-250. https://doi.org/10.9734/AJEA/2015/14589",https://doi.org/10.4236/ajps.2012.31014 | https://doi.org/10.9734/AJEA/2015/14589,10.4236/ajps.2012.31014 | 10.9734/AJEA/2015/14589,permitted | permitted,verified:verified_cc_by_4_0:permitted | verified:verified_cc_by_4_0:permitted
PI 514280,pi514280,normalized_PI_identifier,PI514280,same_disease_recurrence,2,experiment:panelA_pr_multidisease | experiment:senegal_seedling_anthracnose,anthracnose,anthracnose,2,panelA_pr_multidisease | senegal_seedling_anthracnose,Prom et al. 2022 | Ahn et al. 2022,"Prom et al. (2022). Response of Sorghum Accessions from Three African Countries to Anthracnose, Grain Mould and Rust. Plant Pathology Journal 21:12-23. https://doi.org/10.3923/ppj.2022.12.23 || Ahn et al. (2022). Genome-wide association study of Senegalese sorghum seedlings responding to a Texas isolate of Colletotrichum sublineola. Scientific Reports 12:13025. https://doi.org/10.1038/s41598-022-16844-6",https://doi.org/10.3923/ppj.2022.12.23 | https://doi.org/10.1038/s41598-022-16844-6,10.3923/ppj.2022.12.23|10.15482/USDA.ADC/25707396.v1 | 10.1038/s41598-022-16844-6,permitted | permitted,verified:verified_public_domain:permitted | verified:verified_cc_by_4_0:permitted
PI 514286,pi514286,normalized_PI_identifier,PI514286,same_disease_recurrence,2,experiment:panelA_pr_multidisease | experiment:senegal_seedling_anthracnose,anthracnose,anthracnose,2,panelA_pr_multidisease | senegal_seedling_anthracnose,Prom et al. 2022 | Ahn et al. 2022,"Prom et al. (2022). Response of Sorghum Accessions from Three African Countries to Anthracnose, Grain Mould and Rust. Plant Pathology Journal 21:12-23. https://doi.org/10.3923/ppj.2022.12.23 || Ahn et al. (2022). Genome-wide association study of Senegalese sorghum seedlings responding to a Texas isolate of Colletotrichum sublineola. Scientific Reports 12:13025. https://doi.org/10.1038/s41598-022-16844-6",https://doi.org/10.3923/ppj.2022.12.23 | https://doi.org/10.1038/s41598-022-16844-6,10.3923/ppj.2022.12.23|10.15482/USDA.ADC/25707396.v1 | 10.1038/s41598-022-16844-6,permitted | permitted,verified:verified_public_domain:permitted | verified:verified_cc_by_4_0:permitted
PI 514287,pi514287,normalized_PI_identifier,PI514287,same_disease_recurrence,2,experiment:panelA_pr_multidisease | experiment:senegal_seedling_anthracnose,anthracnose,anthracnose,2,panelA_pr_multidisease | senegal_seedling_anthracnose,Prom et al. 2022 | Ahn et al. 2022,"Prom et al. (2022). Response of Sorghum Accessions from Three African Countries to Anthracnose, Grain Mould and Rust. Plant Pathology Journal 21:12-23. https://doi.org/10.3923/ppj.2022.12.23 || Ahn et al. (2022). Genome-wide association study of Senegalese sorghum seedlings responding to a Texas isolate of Colletotrichum sublineola. Scientific Reports 12:13025. https://doi.org/10.1038/s41598-022-16844-6",https://doi.org/10.3923/ppj.2022.12.23 | https://doi.org/10.1038/s41598-022-16844-6,10.3923/ppj.2022.12.23|10.15482/USDA.ADC/25707396.v1 | 10.1038/s41598-022-16844-6,permitted | permitted,verified:verified_public_domain:permitted | verified:verified_cc_by_4_0:permitted
PI 514302,pi514302,normalized_PI_identifier,PI514302 | PI_514302,same_disease_recurrence,2,experiment:prom_senegal_seed_quality_2018 | experiment:senegal_seedling_anthracnose,anthracnose | grain_mold,anthracnose,2,prom_senegal_seed_quality_2018 | senegal_seedling_anthracnose,Cuevas et al. 2018 | Ahn et al. 2022,Cuevas et al. (2018). Population structure of the NPGS Senegalese sorghum collection and its evaluation to identify new disease resistant genes. PLOS ONE 13:e0191877. https://doi.org/10.1371/journal.pone.0191877 || Ahn et al. (2022). Genome-wide association study of Senegalese sorghum seedlings responding to a Texas isolate of Colletotrichum sublineola. Scientific Reports 12:13025. https://doi.org/10.1038/s41598-022-16844-6,https://doi.org/10.1371/journal.pone.0191877 | https://doi.org/10.1038/s41598-022-16844-6,10.1371/journal.pone.0191877 | 10.1038/s41598-022-16844-6,permitted | permitted,verified:verified_cc0_1_0:permitted | verified:verified_cc_by_4_0:permitted
PI 514310,pi514310,normalized_PI_identifier,PI514310,same_disease_recurrence,2,experiment:panelA_pr_multidisease | experiment:senegal_seedling_anthracnose,anthracnose,anthracnose,2,panelA_pr_multidisease | senegal_seedling_anthracnose,Prom et al. 2022 | Ahn et al. 2022,"Prom et al. (2022). Response of Sorghum Accessions from Three African Countries to Anthracnose, Grain Mould and Rust. Plant Pathology Journal 21:12-23. https://doi.org/10.3923/ppj.2022.12.23 || Ahn et al. (2022). Genome-wide association study of Senegalese sorghum seedlings responding to a Texas isolate of Colletotrichum sublineola. Scientific Reports 12:13025. https://doi.org/10.1038/s41598-022-16844-6",https://doi.org/10.3923/ppj.2022.12.23 | https://doi.org/10.1038/s41598-022-16844-6,10.3923/ppj.2022.12.23|10.15482/USDA.ADC/25707396.v1 | 10.1038/s41598-022-16844-6,permitted | permitted,verified:verified_public_domain:permitted | verified:verified_cc_by_4_0:permitted
PI 514347,pi514347,normalized_PI_identifier,PI514347,same_disease_recurrence,2,experiment:panelA_pr_multidisease | experiment:senegal_seedling_anthracnose,anthracnose,anthracnose,2,panelA_pr_multidisease | senegal_seedling_anthracnose,Prom et al. 2022 | Ahn et al. 2022,"Prom et al. (2022). Response of Sorghum Accessions from Three African Countries to Anthracnose, Grain Mould and Rust. Plant Pathology Journal 21:12-23. https://doi.org/10.3923/ppj.2022.12.23 || Ahn et al. (2022). Genome-wide association study of Senegalese sorghum seedlings responding to a Texas isolate of Colletotrichum sublineola. Scientific Reports 12:13025. https://doi.org/10.1038/s41598-022-16844-6",https://doi.org/10.3923/ppj.2022.12.23 | https://doi.org/10.1038/s41598-022-16844-6,10.3923/ppj.2022.12.23|10.15482/USDA.ADC/25707396.v1 | 10.1038/s41598-022-16844-6,permitted | permitted,verified:verified_public_domain:permitted | verified:verified_cc_by_4_0:permitted
PI 514349,pi514349,normalized_PI_identifier,PI514349 | PI_514349,same_disease_recurrence,2,experiment:prom_senegal_seed_quality_2018 | experiment:senegal_seedling_anthracnose,anthracnose | grain_mold,anthracnose,2,prom_senegal_seed_quality_2018 | senegal_seedling_anthracnose,Cuevas et al. 2018 | Ahn et al. 2022,Cuevas et al. (2018). Population structure of the NPGS Senegalese sorghum collection and its evaluation to identify new disease resistant genes. PLOS ONE 13:e0191877. https://doi.org/10.1371/journal.pone.0191877 || Ahn et al. (2022). Genome-wide association study of Senegalese sorghum seedlings responding to a Texas isolate of Colletotrichum sublineola. Scientific Reports 12:13025. https://doi.org/10.1038/s41598-022-16844-6,https://doi.org/10.1371/journal.pone.0191877 | https://doi.org/10.1038/s41598-022-16844-6,10.1371/journal.pone.0191877 | 10.1038/s41598-022-16844-6,permitted | permitted,verified:verified_cc0_1_0:permitted | verified:verified_cc_by_4_0:permitted
PI 514374,pi514374,normalized_PI_identifier,PI514374 | PI_514374,same_disease_recurrence,2,experiment:prom_senegal_seed_quality_2018 | experiment:senegal_seedling_anthracnose,anthracnose | grain_mold,anthracnose,2,prom_senegal_seed_quality_2018 | senegal_seedling_anthracnose,Cuevas et al. 2018 | Ahn et al. 2022,Cuevas et al. (2018). Population structure of the NPGS Senegalese sorghum collection and its evaluation to identify new disease resistant genes. PLOS ONE 13:e0191877. https://doi.org/10.1371/journal.pone.0191877 || Ahn et al. (2022). Genome-wide association study of Senegalese sorghum seedlings responding to a Texas isolate of Colletotrichum sublineola. Scientific Reports 12:13025. https://doi.org/10.1038/s41598-022-16844-6,https://doi.org/10.1371/journal.pone.0191877 | https://doi.org/10.1038/s41598-022-16844-6,10.1371/journal.pone.0191877 | 10.1038/s41598-022-16844-6,permitted | permitted,verified:verified_cc0_1_0:permitted | verified:verified_cc_by_4_0:permitted
PI 514392,pi514392,normalized_PI_identifier,PI514392,same_disease_recurrence,2,experiment:panelA_pr_multidisease | experiment:senegal_seedling_anthracnose,anthracnose | rust,anthracnose,2,panelA_pr_multidisease | senegal_seedling_anthracnose,Prom et al. 2022 | Ahn et al. 2022,"Prom et al. (2022). Response of Sorghum Accessions from Three African Countries to Anthracnose, Grain Mould and Rust. Plant Pathology Journal 21:12-23. https://doi.org/10.3923/ppj.2022.12.23 || Ahn et al. (2022). Genome-wide association study of Senegalese sorghum seedlings responding to a Texas isolate of Colletotrichum sublineola. Scientific Reports 12:13025. https://doi.org/10.1038/s41598-022-16844-6",https://doi.org/10.3923/ppj.2022.12.23 | https://doi.org/10.1038/s41598-022-16844-6,10.3923/ppj.2022.12.23|10.15482/USDA.ADC/25707396.v1 | 10.1038/s41598-022-16844-6,permitted | permitted,verified:verified_public_domain:permitted | verified:verified_cc_by_4_0:permitted
PI 514393,pi514393,normalized_PI_identifier,PI514393,same_disease_recurrence,2,experiment:panelA_pr_multidisease | experiment:senegal_seedling_anthracnose,anthracnose | grain_mold | rust,anthracnose,2,panelA_pr_multidisease | senegal_seedling_anthracnose,Prom et al. 2022 | Ahn et al. 2022,"Prom et al. (2022). Response of Sorghum Accessions from Three African Countries to Anthracnose, Grain Mould and Rust. Plant Pathology Journal 21:12-23. https://doi.org/10.3923/ppj.2022.12.23 || Ahn et al. (2022). Genome-wide association study of Senegalese sorghum seedlings responding to a Texas isolate of Colletotrichum sublineola. Scientific Reports 12:13025. https://doi.org/10.1038/s41598-022-16844-6",https://doi.org/10.3923/ppj.2022.12.23 | https://doi.org/10.1038/s41598-022-16844-6,10.3923/ppj.2022.12.23|10.15482/USDA.ADC/25707396.v1 | 10.1038/s41598-022-16844-6,permitted | permitted,verified:verified_public_domain:permitted | verified:verified_cc_by_4_0:permitted
PI 514394,pi514394,normalized_PI_identifier,PI514394,same_disease_recurrence,2,experiment:panelA_pr_multidisease | experiment:senegal_seedling_anthracnose,anthracnose,anthracnose,2,panelA_pr_multidisease | senegal_seedling_anthracnose,Prom et al. 2022 | Ahn et al. 2022,"Prom et al. (2022). Response of Sorghum Accessions from Three African Countries to Anthracnose, Grain Mould and Rust. Plant Pathology Journal 21:12-23. https://doi.org/10.3923/ppj.2022.12.23 || Ahn et al. (2022). Genome-wide association study of Senegalese sorghum seedlings responding to a Texas isolate of Colletotrichum sublineola. Scientific Reports 12:13025. https://doi.org/10.1038/s41598-022-16844-6",https://doi.org/10.3923/ppj.2022.12.23 | https://doi.org/10.1038/s41598-022-16844-6,10.3923/ppj.2022.12.23|10.15482/USDA.ADC/25707396.v1 | 10.1038/s41598-022-16844-6,permitted | permitted,verified:verified_public_domain:permitted | verified:verified_cc_by_4_0:permitted
PI 514398,pi514398,normalized_PI_identifier,PI514398,same_disease_recurrence,3,experiment:panelA_pr_multidisease | experiment:prom_senegal_seedling_head_smut_p5_2022 | experiment:senegal_seedling_anthracnose,anthracnose | grain_mold | head_smut_seedling_spot | rust,anthracnose,3,panelA_pr_multidisease | prom_senegal_seedling_head_smut_p5_2022 | senegal_seedling_anthracnose,Prom et al. 2022 | Ahn et al. 2022 | Ahn et al. 2022,"Prom et al. (2022). Response of Sorghum Accessions from Three African Countries to Anthracnose, Grain Mould and Rust. Plant Pathology Journal 21:12-23. https://doi.org/10.3923/ppj.2022.12.23 || Ahn et al. (2022). A Genome-Wide Association Study of Senegalese Sorghum Seedlings Responding to Pathotype 5 of Sporisorium reilianum. Plants 11:2999. https://doi.org/10.3390/plants11212999 || Ahn et al. (2022). Genome-wide association study of Senegalese sorghum seedlings responding to a Texas isolate of Colletotrichum sublineola. Scientific Reports 12:13025. https://doi.org/10.1038/s41598-022-16844-6",https://doi.org/10.3923/ppj.2022.12.23 | https://doi.org/10.3390/plants11212999 | https://doi.org/10.1038/s41598-022-16844-6,10.3923/ppj.2022.12.23|10.15482/USDA.ADC/25707396.v1 | 10.3390/plants11212999 | 10.1038/s41598-022-16844-6,permitted | permitted | permitted,verified:verified_public_domain:permitted | verified:verified_cc_by_4_0:permitted | verified:verified_cc_by_4_0:permitted
PI 514409,pi514409,normalized_PI_identifier,PI514409,same_disease_recurrence,3,experiment:panelA_pr_multidisease | experiment:prom_senegal_seedling_head_smut_p5_2022 | experiment:senegal_seedling_anthracnose,anthracnose | head_smut_seedling_spot,anthracnose,3,panelA_pr_multidisease | prom_senegal_seedling_head_smut_p5_2022 | senegal_seedling_anthracnose,Prom et al. 2022 | Ahn et al. 2022 | Ahn et al. 2022,"Prom et al. (2022). Response of Sorghum Accessions from Three African Countries to Anthracnose, Grain Mould and Rust. Plant Pathology Journal 21:12-23. https://doi.org/10.3923/ppj.2022.12.23 || Ahn et al. (2022). A Genome-Wide Association Study of Senegalese Sorghum Seedlings Responding to Pathotype 5 of Sporisorium reilianum. Plants 11:2999. https://doi.org/10.3390/plants11212999 || Ahn et al. (2022). Genome-wide association study of Senegalese sorghum seedlings responding to a Texas isolate of Colletotrichum sublineola. Scientific Reports 12:13025. https://doi.org/10.1038/s41598-022-16844-6",https://doi.org/10.3923/ppj.2022.12.23 | https://doi.org/10.3390/plants11212999 | https://doi.org/10.1038/s41598-022-16844-6,10.3923/ppj.2022.12.23|10.15482/USDA.ADC/25707396.v1 | 10.3390/plants11212999 | 10.1038/s41598-022-16844-6,permitted | permitted | permitted,verified:verified_public_domain:permitted | verified:verified_cc_by_4_0:permitted | verified:verified_cc_by_4_0:permitted
PI 514414,pi514414,normalized_PI_identifier,PI514414,same_disease_recurrence,2,experiment:panelA_pr_multidisease | experiment:senegal_seedling_anthracnose,anthracnose,anthracnose,2,panelA_pr_multidisease | senegal_seedling_anthracnose,Prom et al. 2022 | Ahn et al. 2022,"Prom et al. (2022). Response of Sorghum Accessions from Three African Countries to Anthracnose, Grain Mould and Rust. Plant Pathology Journal 21:12-23. https://doi.org/10.3923/ppj.2022.12.23 || Ahn et al. (2022). Genome-wide association study of Senegalese sorghum seedlings responding to a Texas isolate of Colletotrichum sublineola. Scientific Reports 12:13025. https://doi.org/10.1038/s41598-022-16844-6",https://doi.org/10.3923/ppj.2022.12.23 | https://doi.org/10.1038/s41598-022-16844-6,10.3923/ppj.2022.12.23|10.15482/USDA.ADC/25707396.v1 | 10.1038/s41598-022-16844-6,permitted | permitted,verified:verified_public_domain:permitted | verified:verified_cc_by_4_0:permitted
PI 514431,pi514431,normalized_PI_identifier,PI514431,same_disease_recurrence,2,experiment:panelA_pr_multidisease | experiment:senegal_seedling_anthracnose,anthracnose,anthracnose,2,panelA_pr_multidisease | senegal_seedling_anthracnose,Prom et al. 2022 | Ahn et al. 2022,"Prom et al. (2022). Response of Sorghum Accessions from Three African Countries to Anthracnose, Grain Mould and Rust. Plant Pathology Journal 21:12-23. https://doi.org/10.3923/ppj.2022.12.23 || Ahn et al. (2022). Genome-wide association study of Senegalese sorghum seedlings responding to a Texas isolate of Colletotrichum sublineola. Scientific Reports 12:13025. https://doi.org/10.1038/s41598-022-16844-6",https://doi.org/10.3923/ppj.2022.12.23 | https://doi.org/10.1038/s41598-022-16844-6,10.3923/ppj.2022.12.23|10.15482/USDA.ADC/25707396.v1 | 10.1038/s41598-022-16844-6,permitted | permitted,verified:verified_public_domain:permitted | verified:verified_cc_by_4_0:permitted
PI 514437,pi514437,normalized_PI_identifier,PI514437,same_disease_recurrence,2,experiment:panelA_pr_multidisease | experiment:senegal_seedling_anthracnose,anthracnose,anthracnose,2,panelA_pr_multidisease | senegal_seedling_anthracnose,Prom et al. 2022 | Ahn et al. 2022,"Prom et al. (2022). Response of Sorghum Accessions from Three African Countries to Anthracnose, Grain Mould and Rust. Plant Pathology Journal 21:12-23. https://doi.org/10.3923/ppj.2022.12.23 || Ahn et al. (2022). Genome-wide association study of Senegalese sorghum seedlings responding to a Texas isolate of Colletotrichum sublineola. Scientific Reports 12:13025. https://doi.org/10.1038/s41598-022-16844-6",https://doi.org/10.3923/ppj.2022.12.23 | https://doi.org/10.1038/s41598-022-16844-6,10.3923/ppj.2022.12.23|10.15482/USDA.ADC/25707396.v1 | 10.1038/s41598-022-16844-6,permitted | permitted,verified:verified_public_domain:permitted | verified:verified_cc_by_4_0:permitted
PI 514440,pi514440,normalized_PI_identifier,PI514440,same_disease_recurrence,2,experiment:panelA_pr_multidisease | experiment:senegal_seedling_anthracnose,anthracnose,anthracnose,2,panelA_pr_multidisease | senegal_seedling_anthracnose,Prom et al. 2022 | Ahn et al. 2022,"Prom et al. (2022). Response of Sorghum Accessions from Three African Countries to Anthracnose, Grain Mould and Rust. Plant Pathology Journal 21:12-23. https://doi.org/10.3923/ppj.2022.12.23 || Ahn et al. (2022). Genome-wide association study of Senegalese sorghum seedlings responding to a Texas isolate of Colletotrichum sublineola. Scientific Reports 12:13025. https://doi.org/10.1038/s41598-022-16844-6",https://doi.org/10.3923/ppj.2022.12.23 | https://doi.org/10.1038/s41598-022-16844-6,10.3923/ppj.2022.12.23|10.15482/USDA.ADC/25707396.v1 | 10.1038/s41598-022-16844-6,permitted | permitted,verified:verified_public_domain:permitted | verified:verified_cc_by_4_0:permitted
PI 514453,pi514453,normalized_PI_identifier,PI514453 | PI_514453,same_disease_recurrence,2,experiment:prom_senegal_seed_quality_2018 | experiment:senegal_seedling_anthracnose,anthracnose | grain_mold,anthracnose,2,prom_senegal_seed_quality_2018 | senegal_seedling_anthracnose,Cuevas et al. 2018 | Ahn et al. 2022,Cuevas et al. (2018). Population structure of the NPGS Senegalese sorghum collection and its evaluation to identify new disease resistant genes. PLOS ONE 13:e0191877. https://doi.org/10.1371/journal.pone.0191877 || Ahn et al. (2022). Genome-wide association study of Senegalese sorghum seedlings responding to a Texas isolate of Colletotrichum sublineola. Scientific Reports 12:13025. https://doi.org/10.1038/s41598-022-16844-6,https://doi.org/10.1371/journal.pone.0191877 | https://doi.org/10.1038/s41598-022-16844-6,10.1371/journal.pone.0191877 | 10.1038/s41598-022-16844-6,permitted | permitted,verified:verified_cc0_1_0:permitted | verified:verified_cc_by_4_0:permitted
PI 514466,pi514466,normalized_PI_identifier,PI514466 | PI_514466,same_disease_recurrence,2,experiment:prom_senegal_seed_quality_2018 | experiment:senegal_seedling_anthracnose,anthracnose | grain_mold,anthracnose,2,prom_senegal_seed_quality_2018 | senegal_seedling_anthracnose,Cuevas et al. 2018 | Ahn et al. 2022,Cuevas et al. (2018). Population structure of the NPGS Senegalese sorghum collection and its evaluation to identify new disease resistant genes. PLOS ONE 13:e0191877. https://doi.org/10.1371/journal.pone.0191877 || Ahn et al. (2022). Genome-wide association study of Senegalese sorghum seedlings responding to a Texas isolate of Colletotrichum sublineola. Scientific Reports 12:13025. https://doi.org/10.1038/s41598-022-16844-6,https://doi.org/10.1371/journal.pone.0191877 | https://doi.org/10.1038/s41598-022-16844-6,10.1371/journal.pone.0191877 | 10.1038/s41598-022-16844-6,permitted | permitted,verified:verified_cc0_1_0:permitted | verified:verified_cc_by_4_0:permitted
PI 514472,pi514472,normalized_PI_identifier,PI514472 | PI_514472,same_disease_recurrence,2,experiment:prom_senegal_seed_quality_2018 | experiment:senegal_seedling_anthracnose,anthracnose | grain_mold,anthracnose,2,prom_senegal_seed_quality_2018 | senegal_seedling_anthracnose,Cuevas et al. 2018 | Ahn et al. 2022,Cuevas et al. (2018). Population structure of the NPGS Senegalese sorghum collection and its evaluation to identify new disease resistant genes. PLOS ONE 13:e0191877. https://doi.org/10.1371/journal.pone.0191877 || Ahn et al. (2022). Genome-wide association study of Senegalese sorghum seedlings responding to a Texas isolate of Colletotrichum sublineola. Scientific Reports 12:13025. https://doi.org/10.1038/s41598-022-16844-6,https://doi.org/10.1371/journal.pone.0191877 | https://doi.org/10.1038/s41598-022-16844-6,10.1371/journal.pone.0191877 | 10.1038/s41598-022-16844-6,permitted | permitted,verified:verified_cc0_1_0:permitted | verified:verified_cc_by_4_0:permitted
PI 533759,pi533759,normalized_PI_identifier,PI 533759 | PI533759,same_disease_recurrence,2,experiment:prom_converted_panel_texas_2008_2009 | experiment:prom_sap_texas_anthracnose_2019,anthracnose,anthracnose,2,prom_converted_lines_anthracnose_downy_2016 | prom_sap_texas_anthracnose_2019,Prom et al. 2016 | Prom et al. 2019,Prom et al. (2016). Assessing the Vulnerability of Sorghum Converted Lines to Anthracnose and Downy Mildew Infection. Journal of Agriculture and Crops 2:101-106. https://econpapers.repec.org/article/arpjacarp/2016_3ap_3a101-106.htm || Prom et al. (2019). GWAS analysis of sorghum association panel lines identifies SNPs associated with disease response to Texas isolates of Colletotrichum sublineola. Theoretical and Applied Genetics 132:1389-1396. https://doi.org/10.1007/s00122-019-03285-5,https://econpapers.repec.org/article/arpjacarp/2016_3ap_3a101-106.htm | https://doi.org/10.1007/s00122-019-03285-5,URL:https://econpapers.repec.org/article/arpjacarp/2016_3ap_3a101-106.htm | 10.1007/s00122-019-03285-5,permitted | unresolved,verified:verified_cc_by_4_0:permitted | verified:unresolved:unresolved
PI 533799,pi533799,normalized_PI_identifier,PI533799,same_disease_recurrence,3,experiment:panelA_pr_multidisease | experiment:prom_accession_anthracnose_grain_mold_texas_2010_2015 | experiment:prom_ethiopia_subset_isabela_2019_2020,anthracnose | rust,anthracnose,3,panelA_pr_multidisease | prom_accession_anthracnose_grain_mold_2020 | prom_ethiopia_anthracnose_subset_2022,Prom et al. 2022 | Prom et al. 2020 | Prom et al. 2022,"Prom et al. (2022). Response of Sorghum Accessions from Three African Countries to Anthracnose, Grain Mould and Rust. Plant Pathology Journal 21:12-23. https://doi.org/10.3923/ppj.2022.12.23 || Prom et al. (2020). Screening Sorghum Accessions for Resistance against Anthracnose and Grain Mold through Inoculating with Pathogens. Journal of Experimental Agriculture International 42:73-83. https://doi.org/10.9734/JEAI/2020/v42i130453 || Prom et al. (2022). Evaluation of a Subset of Ethiopia Sorghum Collection Germplasm from the National Genetic Resources Program of the United States Department of Agriculture for Anthracnose Resistance. American Journal of Plant Sciences 13:1403-1411. https://doi.org/10.4236/ajps.2022.1312095",https://doi.org/10.3923/ppj.2022.12.23 | https://doi.org/10.9734/JEAI/2020/v42i130453 | https://doi.org/10.4236/ajps.2022.1312095,10.3923/ppj.2022.12.23|10.15482/USDA.ADC/25707396.v1 | 10.9734/JEAI/2020/v42i130453 | 10.4236/ajps.2022.1312095,permitted | permitted | permitted,verified:verified_public_domain:permitted | verified:verified_cc_by_4_0:permitted | verified:verified_cc_by_4_0:permitted
PI 533903,pi533903,normalized_PI_identifier,PI533903,same_disease_recurrence,2,experiment:panelA_pr_multidisease | experiment:prom_ethiopia_subset_isabela_2019_2020,anthracnose | rust,anthracnose,2,panelA_pr_multidisease | prom_ethiopia_anthracnose_subset_2022,Prom et al. 2022 | Prom et al. 2022,"Prom et al. (2022). Response of Sorghum Accessions from Three African Countries to Anthracnose, Grain Mould and Rust. Plant Pathology Journal 21:12-23. https://doi.org/10.3923/ppj.2022.12.23 || Prom et al. (2022). Evaluation of a Subset of Ethiopia Sorghum Collection Germplasm from the National Genetic Resources Program of the United States Department of Agriculture for Anthracnose Resistance. American Journal of Plant Sciences 13:1403-1411. https://doi.org/10.4236/ajps.2022.1312095",https://doi.org/10.3923/ppj.2022.12.23 | https://doi.org/10.4236/ajps.2022.1312095,10.3923/ppj.2022.12.23|10.15482/USDA.ADC/25707396.v1 | 10.4236/ajps.2022.1312095,permitted | permitted,verified:verified_public_domain:permitted | verified:verified_cc_by_4_0:permitted
PI 533911,pi533911,normalized_PI_identifier,PI 533911 | PI533911,same_disease_recurrence,2,experiment:prom_converted_panel_texas_2008_2009 | experiment:prom_sap_texas_anthracnose_2019,anthracnose,anthracnose,2,prom_converted_lines_anthracnose_downy_2016 | prom_sap_texas_anthracnose_2019,Prom et al. 2016 | Prom et al. 2019,Prom et al. (2016). Assessing the Vulnerability of Sorghum Converted Lines to Anthracnose and Downy Mildew Infection. Journal of Agriculture and Crops 2:101-106. https://econpapers.repec.org/article/arpjacarp/2016_3ap_3a101-106.htm || Prom et al. (2019). GWAS analysis of sorghum association panel lines identifies SNPs associated with disease response to Texas isolates of Colletotrichum sublineola. Theoretical and Applied Genetics 132:1389-1396. https://doi.org/10.1007/s00122-019-03285-5,https://econpapers.repec.org/article/arpjacarp/2016_3ap_3a101-106.htm | https://doi.org/10.1007/s00122-019-03285-5,URL:https://econpapers.repec.org/article/arpjacarp/2016_3ap_3a101-106.htm | 10.1007/s00122-019-03285-5,permitted | unresolved,verified:verified_cc_by_4_0:permitted | verified:unresolved:unresolved
PI 533918,pi533918,normalized_PI_identifier,PI533918,same_disease_recurrence,2,experiment:panelA_pr_multidisease | experiment:prom_ethiopia_subset_isabela_2019_2020,anthracnose,anthracnose,2,panelA_pr_multidisease | prom_ethiopia_anthracnose_subset_2022,Prom et al. 2022 | Prom et al. 2022,"Prom et al. (2022). Response of Sorghum Accessions from Three African Countries to Anthracnose, Grain Mould and Rust. Plant Pathology Journal 21:12-23. https://doi.org/10.3923/ppj.2022.12.23 || Prom et al. (2022). Evaluation of a Subset of Ethiopia Sorghum Collection Germplasm from the National Genetic Resources Program of the United States Department of Agriculture for Anthracnose Resistance. American Journal of Plant Sciences 13:1403-1411. https://doi.org/10.4236/ajps.2022.1312095",https://doi.org/10.3923/ppj.2022.12.23 | https://doi.org/10.4236/ajps.2022.1312095,10.3923/ppj.2022.12.23|10.15482/USDA.ADC/25707396.v1 | 10.4236/ajps.2022.1312095,permitted | permitted,verified:verified_public_domain:permitted | verified:verified_cc_by_4_0:permitted
PI 533923,pi533923,normalized_PI_identifier,PI533923,same_disease_recurrence,2,experiment:panelA_pr_multidisease | experiment:prom_ethiopia_subset_isabela_2019_2020,anthracnose,anthracnose,2,panelA_pr_multidisease | prom_ethiopia_anthracnose_subset_2022,Prom et al. 2022 | Prom et al. 2022,"Prom et al. (2022). Response of Sorghum Accessions from Three African Countries to Anthracnose, Grain Mould and Rust. Plant Pathology Journal 21:12-23. https://doi.org/10.3923/ppj.2022.12.23 || Prom et al. (2022). Evaluation of a Subset of Ethiopia Sorghum Collection Germplasm from the National Genetic Resources Program of the United States Department of Agriculture for Anthracnose Resistance. American Journal of Plant Sciences 13:1403-1411. https://doi.org/10.4236/ajps.2022.1312095",https://doi.org/10.3923/ppj.2022.12.23 | https://doi.org/10.4236/ajps.2022.1312095,10.3923/ppj.2022.12.23|10.15482/USDA.ADC/25707396.v1 | 10.4236/ajps.2022.1312095,permitted | permitted,verified:verified_public_domain:permitted | verified:verified_cc_by_4_0:permitted
PI 534101,pi534101,normalized_PI_identifier,PI 534101 | PI534101 | SC 725,same_disease_recurrence,2,experiment:prom_converted_panel_texas_2008_2009 | experiment:prom_sap_texas_anthracnose_2019,anthracnose | grain_mold,anthracnose,3,prom_converted_lines_anthracnose_downy_2016 | prom_converted_lines_grain_biodeterioration_2016 | prom_sap_texas_anthracnose_2019,Prom et al. 2016 | Prom et al. 2017 | Prom et al. 2019,Prom et al. (2016). Assessing the Vulnerability of Sorghum Converted Lines to Anthracnose and Downy Mildew Infection. Journal of Agriculture and Crops 2:101-106. https://econpapers.repec.org/article/arpjacarp/2016_3ap_3a101-106.htm || Prom et al. (2017). Grain Biodeterioration of Sorghum Converted Lines Inoculated with a Mixture of Fusarium thapsinum and Curvularia lunata. Plant Pathology Journal 16:19-24. https://doi.org/10.3923/ppj.2017.19.24 || Prom et al. (2019). GWAS analysis of sorghum association panel lines identifies SNPs associated with disease response to Texas isolates of Colletotrichum sublineola. Theoretical and Applied Genetics 132:1389-1396. https://doi.org/10.1007/s00122-019-03285-5,https://econpapers.repec.org/article/arpjacarp/2016_3ap_3a101-106.htm | https://doi.org/10.3923/ppj.2017.19.24 | https://doi.org/10.1007/s00122-019-03285-5,URL:https://econpapers.repec.org/article/arpjacarp/2016_3ap_3a101-106.htm | 10.3923/ppj.2017.19.24 | 10.1007/s00122-019-03285-5,permitted | unresolved | unresolved,verified:verified_cc_by_4_0:permitted | verified:unresolved:unresolved | verified:unresolved:unresolved
PI 534116,pi534116,normalized_PI_identifier,PI534116,same_disease_recurrence,2,experiment:panelA_pr_multidisease | experiment:prom_ethiopia_subset_isabela_2019_2020,anthracnose | rust,anthracnose,2,panelA_pr_multidisease | prom_ethiopia_anthracnose_subset_2022,Prom et al. 2022 | Prom et al. 2022,"Prom et al. (2022). Response of Sorghum Accessions from Three African Countries to Anthracnose, Grain Mould and Rust. Plant Pathology Journal 21:12-23. https://doi.org/10.3923/ppj.2022.12.23 || Prom et al. (2022). Evaluation of a Subset of Ethiopia Sorghum Collection Germplasm from the National Genetic Resources Program of the United States Department of Agriculture for Anthracnose Resistance. American Journal of Plant Sciences 13:1403-1411. https://doi.org/10.4236/ajps.2022.1312095",https://doi.org/10.3923/ppj.2022.12.23 | https://doi.org/10.4236/ajps.2022.1312095,10.3923/ppj.2022.12.23|10.15482/USDA.ADC/25707396.v1 | 10.4236/ajps.2022.1312095,permitted | permitted,verified:verified_public_domain:permitted | verified:verified_cc_by_4_0:permitted
PI 534131,pi534131,normalized_PI_identifier,PI534131,same_disease_recurrence,2,experiment:panelA_pr_multidisease | experiment:prom_ethiopia_subset_isabela_2019_2020,anthracnose | rust,anthracnose,2,panelA_pr_multidisease | prom_ethiopia_anthracnose_subset_2022,Prom et al. 2022 | Prom et al. 2022,"Prom et al. (2022). Response of Sorghum Accessions from Three African Countries to Anthracnose, Grain Mould and Rust. Plant Pathology Journal 21:12-23. https://doi.org/10.3923/ppj.2022.12.23 || Prom et al. (2022). Evaluation of a Subset of Ethiopia Sorghum Collection Germplasm from the National Genetic Resources Program of the United States Department of Agriculture for Anthracnose Resistance. American Journal of Plant Sciences 13:1403-1411. https://doi.org/10.4236/ajps.2022.1312095",https://doi.org/10.3923/ppj.2022.12.23 | https://doi.org/10.4236/ajps.2022.1312095,10.3923/ppj.2022.12.23|10.15482/USDA.ADC/25707396.v1 | 10.4236/ajps.2022.1312095,permitted | permitted,verified:verified_public_domain:permitted | verified:verified_cc_by_4_0:permitted
PI 534151,pi534151,normalized_PI_identifier,PI534151,same_disease_recurrence,2,experiment:panelA_pr_multidisease | experiment:prom_ethiopia_subset_isabela_2019_2020,anthracnose,anthracnose,2,panelA_pr_multidisease | prom_ethiopia_anthracnose_subset_2022,Prom et al. 2022 | Prom et al. 2022,"Prom et al. (2022). Response of Sorghum Accessions from Three African Countries to Anthracnose, Grain Mould and Rust. Plant Pathology Journal 21:12-23. https://doi.org/10.3923/ppj.2022.12.23 || Prom et al. (2022). Evaluation of a Subset of Ethiopia Sorghum Collection Germplasm from the National Genetic Resources Program of the United States Department of Agriculture for Anthracnose Resistance. American Journal of Plant Sciences 13:1403-1411. https://doi.org/10.4236/ajps.2022.1312095",https://doi.org/10.3923/ppj.2022.12.23 | https://doi.org/10.4236/ajps.2022.1312095,10.3923/ppj.2022.12.23|10.15482/USDA.ADC/25707396.v1 | 10.4236/ajps.2022.1312095,permitted | permitted,verified:verified_public_domain:permitted | verified:verified_cc_by_4_0:permitted
PI 534155,pi534155,normalized_PI_identifier,PI 534155 | PI534155,same_disease_recurrence,2,experiment:prom_converted_panel_texas_2008_2009 | experiment:prom_sap_texas_anthracnose_2019,anthracnose | downy_mildew,anthracnose,2,prom_converted_lines_anthracnose_downy_2016 | prom_sap_texas_anthracnose_2019,Prom et al. 2016 | Prom et al. 2019,Prom et al. (2016). Assessing the Vulnerability of Sorghum Converted Lines to Anthracnose and Downy Mildew Infection. Journal of Agriculture and Crops 2:101-106. https://econpapers.repec.org/article/arpjacarp/2016_3ap_3a101-106.htm || Prom et al. (2019). GWAS analysis of sorghum association panel lines identifies SNPs associated with disease response to Texas isolates of Colletotrichum sublineola. Theoretical and Applied Genetics 132:1389-1396. https://doi.org/10.1007/s00122-019-03285-5,https://econpapers.repec.org/article/arpjacarp/2016_3ap_3a101-106.htm | https://doi.org/10.1007/s00122-019-03285-5,URL:https://econpapers.repec.org/article/arpjacarp/2016_3ap_3a101-106.htm | 10.1007/s00122-019-03285-5,permitted | unresolved,verified:verified_cc_by_4_0:permitted | verified:unresolved:unresolved
PI 564776,pi564776,normalized_PI_identifier,PI564776,same_disease_recurrence,2,experiment:panelA_pr_multidisease | experiment:prom_ethiopia_subset_isabela_2019_2020,anthracnose | rust,anthracnose,2,panelA_pr_multidisease | prom_ethiopia_anthracnose_subset_2022,Prom et al. 2022 | Prom et al. 2022,"Prom et al. (2022). Response of Sorghum Accessions from Three African Countries to Anthracnose, Grain Mould and Rust. Plant Pathology Journal 21:12-23. https://doi.org/10.3923/ppj.2022.12.23 || Prom et al. (2022). Evaluation of a Subset of Ethiopia Sorghum Collection Germplasm from the National Genetic Resources Program of the United States Department of Agriculture for Anthracnose Resistance. American Journal of Plant Sciences 13:1403-1411. https://doi.org/10.4236/ajps.2022.1312095",https://doi.org/10.3923/ppj.2022.12.23 | https://doi.org/10.4236/ajps.2022.1312095,10.3923/ppj.2022.12.23|10.15482/USDA.ADC/25707396.v1 | 10.4236/ajps.2022.1312095,permitted | permitted,verified:verified_public_domain:permitted | verified:verified_cc_by_4_0:permitted
PI 564779,pi564779,normalized_PI_identifier,PI564779,same_disease_recurrence,2,experiment:panelA_pr_multidisease | experiment:prom_ethiopia_subset_isabela_2019_2020,anthracnose,anthracnose,2,panelA_pr_multidisease | prom_ethiopia_anthracnose_subset_2022,Prom et al. 2022 | Prom et al. 2022,"Prom et al. (2022). Response of Sorghum Accessions from Three African Countries to Anthracnose, Grain Mould and Rust. Plant Pathology Journal 21:12-23. https://doi.org/10.3923/ppj.2022.12.23 || Prom et al. (2022). Evaluation of a Subset of Ethiopia Sorghum Collection Germplasm from the National Genetic Resources Program of the United States Department of Agriculture for Anthracnose Resistance. American Journal of Plant Sciences 13:1403-1411. https://doi.org/10.4236/ajps.2022.1312095",https://doi.org/10.3923/ppj.2022.12.23 | https://doi.org/10.4236/ajps.2022.1312095,10.3923/ppj.2022.12.23|10.15482/USDA.ADC/25707396.v1 | 10.4236/ajps.2022.1312095,permitted | permitted,verified:verified_public_domain:permitted | verified:verified_cc_by_4_0:permitted
PI 568373,pi568373,normalized_PI_identifier,PI568373,same_disease_recurrence,2,experiment:prom_four_country_anthracnose_2007_2008_pr | experiment:prom_weather_anthracnose_texas_2009_paired_crop_regrowth,anthracnose,anthracnose,2,prom_four_country_anthracnose_2012 | prom_weather_anthracnose_genotypes_2015,Prom et al. 2012 | Prom et al. 2015,"Prom et al. (2012). Response of Sorghum Accessions from Four African Countries against Colletotrichum sublineolum, Causal Agent of Sorghum Anthracnose. American Journal of Plant Sciences 3:125-129. https://doi.org/10.4236/ajps.2012.31014 || Prom et al. (2015). The Impact of Weather Conditions on Response of Sorghum Genotypes to Anthracnose (Colletotrichum sublineola) Infection. American Journal of Experimental Agriculture 6:242-250. https://doi.org/10.9734/AJEA/2015/14589",https://doi.org/10.4236/ajps.2012.31014 | https://doi.org/10.9734/AJEA/2015/14589,10.4236/ajps.2012.31014 | 10.9734/AJEA/2015/14589,permitted | permitted,verified:verified_cc_by_4_0:permitted | verified:verified_cc_by_4_0:permitted
PI 570743,pi570743,normalized_PI_identifier,PI570743,same_disease_recurrence,2,experiment:prom_four_country_anthracnose_2007_2008_pr | experiment:prom_weather_anthracnose_texas_2009_paired_crop_regrowth,anthracnose,anthracnose,2,prom_four_country_anthracnose_2012 | prom_weather_anthracnose_genotypes_2015,Prom et al. 2012 | Prom et al. 2015,"Prom et al. (2012). Response of Sorghum Accessions from Four African Countries against Colletotrichum sublineolum, Causal Agent of Sorghum Anthracnose. American Journal of Plant Sciences 3:125-129. https://doi.org/10.4236/ajps.2012.31014 || Prom et al. (2015). The Impact of Weather Conditions on Response of Sorghum Genotypes to Anthracnose (Colletotrichum sublineola) Infection. American Journal of Experimental Agriculture 6:242-250. https://doi.org/10.9734/AJEA/2015/14589",https://doi.org/10.4236/ajps.2012.31014 | https://doi.org/10.9734/AJEA/2015/14589,10.4236/ajps.2012.31014 | 10.9734/AJEA/2015/14589,permitted | permitted,verified:verified_cc_by_4_0:permitted | verified:verified_cc_by_4_0:permitted
PI 570873,pi570873,normalized_PI_identifier,PI570873,same_disease_recurrence,2,experiment:prom_four_country_anthracnose_2007_2008_pr | experiment:prom_weather_anthracnose_texas_2009_paired_crop_regrowth,anthracnose,anthracnose,2,prom_four_country_anthracnose_2012 | prom_weather_anthracnose_genotypes_2015,Prom et al. 2012 | Prom et al. 2015,"Prom et al. (2012). Response of Sorghum Accessions from Four African Countries against Colletotrichum sublineolum, Causal Agent of Sorghum Anthracnose. American Journal of Plant Sciences 3:125-129. https://doi.org/10.4236/ajps.2012.31014 || Prom et al. (2015). The Impact of Weather Conditions on Response of Sorghum Genotypes to Anthracnose (Colletotrichum sublineola) Infection. American Journal of Experimental Agriculture 6:242-250. https://doi.org/10.9734/AJEA/2015/14589",https://doi.org/10.4236/ajps.2012.31014 | https://doi.org/10.9734/AJEA/2015/14589,10.4236/ajps.2012.31014 | 10.9734/AJEA/2015/14589,permitted | permitted,verified:verified_cc_by_4_0:permitted | verified:verified_cc_by_4_0:permitted
PI 576344,pi576344,normalized_PI_identifier,PI576344,same_disease_recurrence,2,experiment:panelA_pr_multidisease | experiment:prom_ethiopia_subset_isabela_2019_2020,anthracnose | rust,anthracnose,2,panelA_pr_multidisease | prom_ethiopia_anthracnose_subset_2022,Prom et al. 2022 | Prom et al. 2022,"Prom et al. (2022). Response of Sorghum Accessions from Three African Countries to Anthracnose, Grain Mould and Rust. Plant Pathology Journal 21:12-23. https://doi.org/10.3923/ppj.2022.12.23 || Prom et al. (2022). Evaluation of a Subset of Ethiopia Sorghum Collection Germplasm from the National Genetic Resources Program of the United States Department of Agriculture for Anthracnose Resistance. American Journal of Plant Sciences 13:1403-1411. https://doi.org/10.4236/ajps.2022.1312095",https://doi.org/10.3923/ppj.2022.12.23 | https://doi.org/10.4236/ajps.2022.1312095,10.3923/ppj.2022.12.23|10.15482/USDA.ADC/25707396.v1 | 10.4236/ajps.2022.1312095,permitted | permitted,verified:verified_public_domain:permitted | verified:verified_cc_by_4_0:permitted
PI 576376,pi576376,normalized_PI_identifier,PI 576376 | PI576376,same_disease_recurrence,3,experiment:panelA_pr_multidisease | experiment:prom_ethiopia_subset_isabela_2019_2020 | experiment:prom_sap_texas_anthracnose_2019,anthracnose,anthracnose,3,panelA_pr_multidisease | prom_ethiopia_anthracnose_subset_2022 | prom_sap_texas_anthracnose_2019,Prom et al. 2022 | Prom et al. 2022 | Prom et al. 2019,"Prom et al. (2022). Response of Sorghum Accessions from Three African Countries to Anthracnose, Grain Mould and Rust. Plant Pathology Journal 21:12-23. https://doi.org/10.3923/ppj.2022.12.23 || Prom et al. (2022). Evaluation of a Subset of Ethiopia Sorghum Collection Germplasm from the National Genetic Resources Program of the United States Department of Agriculture for Anthracnose Resistance. American Journal of Plant Sciences 13:1403-1411. https://doi.org/10.4236/ajps.2022.1312095 || Prom et al. (2019). GWAS analysis of sorghum association panel lines identifies SNPs associated with disease response to Texas isolates of Colletotrichum sublineola. Theoretical and Applied Genetics 132:1389-1396. https://doi.org/10.1007/s00122-019-03285-5",https://doi.org/10.3923/ppj.2022.12.23 | https://doi.org/10.4236/ajps.2022.1312095 | https://doi.org/10.1007/s00122-019-03285-5,10.3923/ppj.2022.12.23|10.15482/USDA.ADC/25707396.v1 | 10.4236/ajps.2022.1312095 | 10.1007/s00122-019-03285-5,permitted | permitted | unresolved,verified:verified_public_domain:permitted | verified:verified_cc_by_4_0:permitted | verified:unresolved:unresolved
PI 576379,pi576379,normalized_PI_identifier,PI576379,same_disease_recurrence,2,experiment:panelA_pr_multidisease | experiment:prom_ethiopia_subset_isabela_2019_2020,anthracnose | rust,anthracnose,2,panelA_pr_multidisease | prom_ethiopia_anthracnose_subset_2022,Prom et al. 2022 | Prom et al. 2022,"Prom et al. (2022). Response of Sorghum Accessions from Three African Countries to Anthracnose, Grain Mould and Rust. Plant Pathology Journal 21:12-23. https://doi.org/10.3923/ppj.2022.12.23 || Prom et al. (2022). Evaluation of a Subset of Ethiopia Sorghum Collection Germplasm from the National Genetic Resources Program of the United States Department of Agriculture for Anthracnose Resistance. American Journal of Plant Sciences 13:1403-1411. https://doi.org/10.4236/ajps.2022.1312095",https://doi.org/10.3923/ppj.2022.12.23 | https://doi.org/10.4236/ajps.2022.1312095,10.3923/ppj.2022.12.23|10.15482/USDA.ADC/25707396.v1 | 10.4236/ajps.2022.1312095,permitted | permitted,verified:verified_public_domain:permitted | verified:verified_cc_by_4_0:permitted
PI 576381,pi576381,normalized_PI_identifier,PI 576381 | PI576381,same_disease_recurrence,3,experiment:panelA_pr_multidisease | experiment:prom_ethiopia_subset_isabela_2019_2020 | experiment:prom_sap_texas_anthracnose_2019,anthracnose | rust,anthracnose,3,panelA_pr_multidisease | prom_ethiopia_anthracnose_subset_2022 | prom_sap_texas_anthracnose_2019,Prom et al. 2022 | Prom et al. 2022 | Prom et al. 2019,"Prom et al. (2022). Response of Sorghum Accessions from Three African Countries to Anthracnose, Grain Mould and Rust. Plant Pathology Journal 21:12-23. https://doi.org/10.3923/ppj.2022.12.23 || Prom et al. (2022). Evaluation of a Subset of Ethiopia Sorghum Collection Germplasm from the National Genetic Resources Program of the United States Department of Agriculture for Anthracnose Resistance. American Journal of Plant Sciences 13:1403-1411. https://doi.org/10.4236/ajps.2022.1312095 || Prom et al. (2019). GWAS analysis of sorghum association panel lines identifies SNPs associated with disease response to Texas isolates of Colletotrichum sublineola. Theoretical and Applied Genetics 132:1389-1396. https://doi.org/10.1007/s00122-019-03285-5",https://doi.org/10.3923/ppj.2022.12.23 | https://doi.org/10.4236/ajps.2022.1312095 | https://doi.org/10.1007/s00122-019-03285-5,10.3923/ppj.2022.12.23|10.15482/USDA.ADC/25707396.v1 | 10.4236/ajps.2022.1312095 | 10.1007/s00122-019-03285-5,permitted | permitted | unresolved,verified:verified_public_domain:permitted | verified:verified_cc_by_4_0:permitted | verified:unresolved:unresolved
PI 576431,pi576431,normalized_PI_identifier,PI576431,same_disease_recurrence,2,experiment:panelA_pr_multidisease | experiment:prom_ethiopia_subset_isabela_2019_2020,anthracnose,anthracnose,2,panelA_pr_multidisease | prom_ethiopia_anthracnose_subset_2022,Prom et al. 2022 | Prom et al. 2022,"Prom et al. (2022). Response of Sorghum Accessions from Three African Countries to Anthracnose, Grain Mould and Rust. Plant Pathology Journal 21:12-23. https://doi.org/10.3923/ppj.2022.12.23 || Prom et al. (2022). Evaluation of a Subset of Ethiopia Sorghum Collection Germplasm from the National Genetic Resources Program of the United States Department of Agriculture for Anthracnose Resistance. American Journal of Plant Sciences 13:1403-1411. https://doi.org/10.4236/ajps.2022.1312095",https://doi.org/10.3923/ppj.2022.12.23 | https://doi.org/10.4236/ajps.2022.1312095,10.3923/ppj.2022.12.23|10.15482/USDA.ADC/25707396.v1 | 10.4236/ajps.2022.1312095,permitted | permitted,verified:verified_public_domain:permitted | verified:verified_cc_by_4_0:permitted
PI 585773,pi585773,normalized_PI_identifier,PI 585773 | PI585773,same_disease_recurrence,2,experiment:erpelding_isabela_mali_anthracnose_2004_2005_campaign | experiment:prom_mali_anthracnose_isabela_2003,anthracnose,anthracnose,2,prom_mali_anthracnose_2004 | ref_erpelding_sikasso_mali_anthracnose_2008,Erpelding and Prom 2004 | Erpelding 2008,Erpelding and Prom (2004). Evaluation of Malian Sorghum Germplasm for Resistance Against Anthracnose. Plant Pathology Journal 3:65-71. https://doi.org/10.3923/ppj.2004.65.71 || Erpelding (2008). Field Evaluation of Anthracnose Resistance for Sorghum Germplasm from the Sikasso Region of Mali. The Open Agriculture Journal 2:113-120. https://doi.org/10.2174/1874331500802010113,https://doi.org/10.3923/ppj.2004.65.71 | https://doi.org/10.2174/1874331500802010113,10.3923/ppj.2004.65.71 | 10.2174/1874331500802010113,unresolved | permitted_with_noncommercial_restriction,verified:unresolved:unresolved | verified:verified_cc_by_nc_3_0:permitted_with_noncommercial_restriction
PI 585791,pi585791,normalized_PI_identifier,PI 585791 | PI585791,same_disease_recurrence,2,experiment:erpelding_isabela_mali_anthracnose_2004_2005_campaign | experiment:prom_mali_anthracnose_isabela_2003,anthracnose,anthracnose,2,prom_mali_anthracnose_2004 | ref_erpelding_sikasso_mali_anthracnose_2008,Erpelding and Prom 2004 | Erpelding 2008,Erpelding and Prom (2004). Evaluation of Malian Sorghum Germplasm for Resistance Against Anthracnose. Plant Pathology Journal 3:65-71. https://doi.org/10.3923/ppj.2004.65.71 || Erpelding (2008). Field Evaluation of Anthracnose Resistance for Sorghum Germplasm from the Sikasso Region of Mali. The Open Agriculture Journal 2:113-120. https://doi.org/10.2174/1874331500802010113,https://doi.org/10.3923/ppj.2004.65.71 | https://doi.org/10.2174/1874331500802010113,10.3923/ppj.2004.65.71 | 10.2174/1874331500802010113,unresolved | permitted_with_noncommercial_restriction,verified:unresolved:unresolved | verified:verified_cc_by_nc_3_0:permitted_with_noncommercial_restriction
PI 585795,pi585795,normalized_PI_identifier,PI 585795 | PI585795,same_disease_recurrence,2,experiment:erpelding_isabela_mali_anthracnose_2004_2005_campaign | experiment:prom_mali_anthracnose_isabela_2003,anthracnose,anthracnose,2,prom_mali_anthracnose_2004 | ref_erpelding_sikasso_mali_anthracnose_2008,Erpelding and Prom 2004 | Erpelding 2008,Erpelding and Prom (2004). Evaluation of Malian Sorghum Germplasm for Resistance Against Anthracnose. Plant Pathology Journal 3:65-71. https://doi.org/10.3923/ppj.2004.65.71 || Erpelding (2008). Field Evaluation of Anthracnose Resistance for Sorghum Germplasm from the Sikasso Region of Mali. The Open Agriculture Journal 2:113-120. https://doi.org/10.2174/1874331500802010113,https://doi.org/10.3923/ppj.2004.65.71 | https://doi.org/10.2174/1874331500802010113,10.3923/ppj.2004.65.71 | 10.2174/1874331500802010113,unresolved | permitted_with_noncommercial_restriction,verified:unresolved:unresolved | verified:verified_cc_by_nc_3_0:permitted_with_noncommercial_restriction
PI 585816,pi585816,normalized_PI_identifier,PI 585816 | PI585816,same_disease_recurrence,2,experiment:erpelding_isabela_mali_anthracnose_2004_2005_campaign | experiment:prom_mali_anthracnose_isabela_2003,anthracnose,anthracnose,2,prom_mali_anthracnose_2004 | ref_erpelding_sikasso_mali_anthracnose_2008,Erpelding and Prom 2004 | Erpelding 2008,Erpelding and Prom (2004). Evaluation of Malian Sorghum Germplasm for Resistance Against Anthracnose. Plant Pathology Journal 3:65-71. https://doi.org/10.3923/ppj.2004.65.71 || Erpelding (2008). Field Evaluation of Anthracnose Resistance for Sorghum Germplasm from the Sikasso Region of Mali. The Open Agriculture Journal 2:113-120. https://doi.org/10.2174/1874331500802010113,https://doi.org/10.3923/ppj.2004.65.71 | https://doi.org/10.2174/1874331500802010113,10.3923/ppj.2004.65.71 | 10.2174/1874331500802010113,unresolved | permitted_with_noncommercial_restriction,verified:unresolved:unresolved | verified:verified_cc_by_nc_3_0:permitted_with_noncommercial_restriction
PI 585830,pi585830,normalized_PI_identifier,PI 585830 | PI585830,same_disease_recurrence,2,experiment:erpelding_isabela_mali_anthracnose_2004_2005_campaign | experiment:prom_mali_anthracnose_isabela_2003,anthracnose,anthracnose,2,prom_mali_anthracnose_2004 | ref_erpelding_sikasso_mali_anthracnose_2008,Erpelding and Prom 2004 | Erpelding 2008,Erpelding and Prom (2004). Evaluation of Malian Sorghum Germplasm for Resistance Against Anthracnose. Plant Pathology Journal 3:65-71. https://doi.org/10.3923/ppj.2004.65.71 || Erpelding (2008). Field Evaluation of Anthracnose Resistance for Sorghum Germplasm from the Sikasso Region of Mali. The Open Agriculture Journal 2:113-120. https://doi.org/10.2174/1874331500802010113,https://doi.org/10.3923/ppj.2004.65.71 | https://doi.org/10.2174/1874331500802010113,10.3923/ppj.2004.65.71 | 10.2174/1874331500802010113,unresolved | permitted_with_noncommercial_restriction,verified:unresolved:unresolved | verified:verified_cc_by_nc_3_0:permitted_with_noncommercial_restriction
PI 585846,pi585846,normalized_PI_identifier,PI 585846 | PI585846,same_disease_recurrence,2,experiment:erpelding_isabela_mali_anthracnose_2004_2005_campaign | experiment:prom_mali_anthracnose_isabela_2003,anthracnose,anthracnose,2,prom_mali_anthracnose_2004 | ref_erpelding_mopti_anthracnose_2010,Erpelding and Prom 2004 | Erpelding 2010,Erpelding and Prom (2004). Evaluation of Malian Sorghum Germplasm for Resistance Against Anthracnose. Plant Pathology Journal 3:65-71. https://doi.org/10.3923/ppj.2004.65.71 || Erpelding (2010). Field Assessment of Anthracnose Disease Response for the Sorghum Germplasm Collection from the Mopti Region. American Journal of Agricultural and Biological Sciences 5:363-369. https://doi.org/10.3844/ajabssp.2010.363.369,https://doi.org/10.3923/ppj.2004.65.71 | https://doi.org/10.3844/ajabssp.2010.363.369,10.3923/ppj.2004.65.71 | 10.3844/ajabssp.2010.363.369,unresolved | unresolved,verified:unresolved:unresolved | verified:unresolved:unresolved
PI 608974,pi608974,normalized_PI_identifier,PI608974,same_disease_recurrence,2,experiment:prom_four_country_anthracnose_2007_2008_pr | experiment:prom_weather_anthracnose_texas_2009_paired_crop_regrowth,anthracnose,anthracnose,2,prom_four_country_anthracnose_2012 | prom_weather_anthracnose_genotypes_2015,Prom et al. 2012 | Prom et al. 2015,"Prom et al. (2012). Response of Sorghum Accessions from Four African Countries against Colletotrichum sublineolum, Causal Agent of Sorghum Anthracnose. American Journal of Plant Sciences 3:125-129. https://doi.org/10.4236/ajps.2012.31014 || Prom et al. (2015). The Impact of Weather Conditions on Response of Sorghum Genotypes to Anthracnose (Colletotrichum sublineola) Infection. American Journal of Experimental Agriculture 6:242-250. https://doi.org/10.9734/AJEA/2015/14589",https://doi.org/10.4236/ajps.2012.31014 | https://doi.org/10.9734/AJEA/2015/14589,10.4236/ajps.2012.31014 | 10.9734/AJEA/2015/14589,permitted | permitted,verified:verified_cc_by_4_0:permitted | verified:verified_cc_by_4_0:permitted
PI 608986,pi608986,normalized_PI_identifier,PI608986,same_disease_recurrence,2,experiment:prom_four_country_anthracnose_2007_2008_pr | experiment:prom_weather_anthracnose_texas_2009_paired_crop_regrowth,anthracnose,anthracnose,2,prom_four_country_anthracnose_2012 | prom_weather_anthracnose_genotypes_2015,Prom et al. 2012 | Prom et al. 2015,"Prom et al. (2012). Response of Sorghum Accessions from Four African Countries against Colletotrichum sublineolum, Causal Agent of Sorghum Anthracnose. American Journal of Plant Sciences 3:125-129. https://doi.org/10.4236/ajps.2012.31014 || Prom et al. (2015). The Impact of Weather Conditions on Response of Sorghum Genotypes to Anthracnose (Colletotrichum sublineola) Infection. American Journal of Experimental Agriculture 6:242-250. https://doi.org/10.9734/AJEA/2015/14589",https://doi.org/10.4236/ajps.2012.31014 | https://doi.org/10.9734/AJEA/2015/14589,10.4236/ajps.2012.31014 | 10.9734/AJEA/2015/14589,permitted | permitted,verified:verified_cc_by_4_0:permitted | verified:verified_cc_by_4_0:permitted
PI 609009,pi609009,normalized_PI_identifier,PI609009,same_disease_recurrence,2,experiment:prom_four_country_anthracnose_2007_2008_pr | experiment:prom_weather_anthracnose_texas_2009_paired_crop_regrowth,anthracnose,anthracnose,2,prom_four_country_anthracnose_2012 | prom_weather_anthracnose_genotypes_2015,Prom et al. 2012 | Prom et al. 2015,"Prom et al. (2012). Response of Sorghum Accessions from Four African Countries against Colletotrichum sublineolum, Causal Agent of Sorghum Anthracnose. American Journal of Plant Sciences 3:125-129. https://doi.org/10.4236/ajps.2012.31014 || Prom et al. (2015). The Impact of Weather Conditions on Response of Sorghum Genotypes to Anthracnose (Colletotrichum sublineola) Infection. American Journal of Experimental Agriculture 6:242-250. https://doi.org/10.9734/AJEA/2015/14589",https://doi.org/10.4236/ajps.2012.31014 | https://doi.org/10.9734/AJEA/2015/14589,10.4236/ajps.2012.31014 | 10.9734/AJEA/2015/14589,permitted | permitted,verified:verified_cc_by_4_0:permitted | verified:verified_cc_by_4_0:permitted
PI 609015,pi609015,normalized_PI_identifier,PI609015,same_disease_recurrence,2,experiment:prom_four_country_anthracnose_2007_2008_pr | experiment:prom_mali_anthracnose_isabela_2003,anthracnose,anthracnose,2,prom_four_country_anthracnose_2012 | prom_mali_anthracnose_2004,Prom et al. 2012 | Erpelding and Prom 2004,"Prom et al. (2012). Response of Sorghum Accessions from Four African Countries against Colletotrichum sublineolum, Causal Agent of Sorghum Anthracnose. American Journal of Plant Sciences 3:125-129. https://doi.org/10.4236/ajps.2012.31014 || Erpelding and Prom (2004). Evaluation of Malian Sorghum Germplasm for Resistance Against Anthracnose. Plant Pathology Journal 3:65-71. https://doi.org/10.3923/ppj.2004.65.71",https://doi.org/10.4236/ajps.2012.31014 | https://doi.org/10.3923/ppj.2004.65.71,10.4236/ajps.2012.31014 | 10.3923/ppj.2004.65.71,permitted | unresolved,verified:verified_cc_by_4_0:permitted | verified:unresolved:unresolved
PI 609110,pi609110,normalized_PI_identifier,PI 609110 | PI609110,same_disease_recurrence,2,experiment:erpelding_isabela_mali_anthracnose_2004_2005_campaign | experiment:prom_mali_anthracnose_isabela_2003,anthracnose,anthracnose,2,prom_mali_anthracnose_2004 | ref_erpelding_sikasso_mali_anthracnose_2008,Erpelding and Prom 2004 | Erpelding 2008,Erpelding and Prom (2004). Evaluation of Malian Sorghum Germplasm for Resistance Against Anthracnose. Plant Pathology Journal 3:65-71. https://doi.org/10.3923/ppj.2004.65.71 || Erpelding (2008). Field Evaluation of Anthracnose Resistance for Sorghum Germplasm from the Sikasso Region of Mali. The Open Agriculture Journal 2:113-120. https://doi.org/10.2174/1874331500802010113,https://doi.org/10.3923/ppj.2004.65.71 | https://doi.org/10.2174/1874331500802010113,10.3923/ppj.2004.65.71 | 10.2174/1874331500802010113,unresolved | permitted_with_noncommercial_restriction,verified:unresolved:unresolved | verified:verified_cc_by_nc_3_0:permitted_with_noncommercial_restriction
PI 609125,pi609125,normalized_PI_identifier,PI 609125 | PI609125,same_disease_recurrence,2,experiment:erpelding_isabela_mali_anthracnose_2004_2005_campaign | experiment:prom_mali_anthracnose_isabela_2003,anthracnose,anthracnose,2,prom_mali_anthracnose_2004 | ref_erpelding_sikasso_mali_anthracnose_2008,Erpelding and Prom 2004 | Erpelding 2008,Erpelding and Prom (2004). Evaluation of Malian Sorghum Germplasm for Resistance Against Anthracnose. Plant Pathology Journal 3:65-71. https://doi.org/10.3923/ppj.2004.65.71 || Erpelding (2008). Field Evaluation of Anthracnose Resistance for Sorghum Germplasm from the Sikasso Region of Mali. The Open Agriculture Journal 2:113-120. https://doi.org/10.2174/1874331500802010113,https://doi.org/10.3923/ppj.2004.65.71 | https://doi.org/10.2174/1874331500802010113,10.3923/ppj.2004.65.71 | 10.2174/1874331500802010113,unresolved | permitted_with_noncommercial_restriction,verified:unresolved:unresolved | verified:verified_cc_by_nc_3_0:permitted_with_noncommercial_restriction
PI 609159,pi609159,normalized_PI_identifier,PI 609159 | PI609159,same_disease_recurrence,2,experiment:erpelding_isabela_mali_anthracnose_2004_2005_campaign | experiment:prom_mali_anthracnose_isabela_2003,anthracnose,anthracnose,2,prom_mali_anthracnose_2004 | ref_erpelding_mopti_anthracnose_2010,Erpelding and Prom 2004 | Erpelding 2010,Erpelding and Prom (2004). Evaluation of Malian Sorghum Germplasm for Resistance Against Anthracnose. Plant Pathology Journal 3:65-71. https://doi.org/10.3923/ppj.2004.65.71 || Erpelding (2010). Field Assessment of Anthracnose Disease Response for the Sorghum Germplasm Collection from the Mopti Region. American Journal of Agricultural and Biological Sciences 5:363-369. https://doi.org/10.3844/ajabssp.2010.363.369,https://doi.org/10.3923/ppj.2004.65.71 | https://doi.org/10.3844/ajabssp.2010.363.369,10.3923/ppj.2004.65.71 | 10.3844/ajabssp.2010.363.369,unresolved | unresolved,verified:unresolved:unresolved | verified:unresolved:unresolved
PI 609167,pi609167,normalized_PI_identifier,PI 609167 | PI609167,same_disease_recurrence,2,experiment:erpelding_isabela_mali_anthracnose_2004_2005_campaign | experiment:prom_mali_anthracnose_isabela_2003,anthracnose,anthracnose,2,prom_mali_anthracnose_2004 | ref_erpelding_mopti_anthracnose_2010,Erpelding and Prom 2004 | Erpelding 2010,Erpelding and Prom (2004). Evaluation of Malian Sorghum Germplasm for Resistance Against Anthracnose. Plant Pathology Journal 3:65-71. https://doi.org/10.3923/ppj.2004.65.71 || Erpelding (2010). Field Assessment of Anthracnose Disease Response for the Sorghum Germplasm Collection from the Mopti Region. American Journal of Agricultural and Biological Sciences 5:363-369. https://doi.org/10.3844/ajabssp.2010.363.369,https://doi.org/10.3923/ppj.2004.65.71 | https://doi.org/10.3844/ajabssp.2010.363.369,10.3923/ppj.2004.65.71 | 10.3844/ajabssp.2010.363.369,unresolved | unresolved,verified:unresolved:unresolved | verified:unresolved:unresolved
PI 609173,pi609173,normalized_PI_identifier,PI 609173 | PI609173,same_disease_recurrence,2,experiment:erpelding_isabela_mali_anthracnose_2004_2005_campaign | experiment:prom_mali_anthracnose_isabela_2003,anthracnose,anthracnose,2,prom_mali_anthracnose_2004 | ref_erpelding_mopti_anthracnose_2010,Erpelding and Prom 2004 | Erpelding 2010,Erpelding and Prom (2004). Evaluation of Malian Sorghum Germplasm for Resistance Against Anthracnose. Plant Pathology Journal 3:65-71. https://doi.org/10.3923/ppj.2004.65.71 || Erpelding (2010). Field Assessment of Anthracnose Disease Response for the Sorghum Germplasm Collection from the Mopti Region. American Journal of Agricultural and Biological Sciences 5:363-369. https://doi.org/10.3844/ajabssp.2010.363.369,https://doi.org/10.3923/ppj.2004.65.71 | https://doi.org/10.3844/ajabssp.2010.363.369,10.3923/ppj.2004.65.71 | 10.3844/ajabssp.2010.363.369,unresolved | unresolved,verified:unresolved:unresolved | verified:unresolved:unresolved
PI 609776,pi609776,normalized_PI_identifier,PI 609776 | PI609776,same_disease_recurrence,2,experiment:erpelding_isabela_mali_anthracnose_2004_2005_campaign | experiment:prom_mali_anthracnose_isabela_2003,anthracnose,anthracnose,2,prom_mali_anthracnose_2004 | ref_erpelding_mopti_anthracnose_2010,Erpelding and Prom 2004 | Erpelding 2010,Erpelding and Prom (2004). Evaluation of Malian Sorghum Germplasm for Resistance Against Anthracnose. Plant Pathology Journal 3:65-71. https://doi.org/10.3923/ppj.2004.65.71 || Erpelding (2010). Field Assessment of Anthracnose Disease Response for the Sorghum Germplasm Collection from the Mopti Region. American Journal of Agricultural and Biological Sciences 5:363-369. https://doi.org/10.3844/ajabssp.2010.363.369,https://doi.org/10.3923/ppj.2004.65.71 | https://doi.org/10.3844/ajabssp.2010.363.369,10.3923/ppj.2004.65.71 | 10.3844/ajabssp.2010.363.369,unresolved | unresolved,verified:unresolved:unresolved | verified:unresolved:unresolved
PI 609778,pi609778,normalized_PI_identifier,PI 609778 | PI609778,same_disease_recurrence,2,experiment:erpelding_isabela_mali_anthracnose_2004_2005_campaign | experiment:prom_mali_anthracnose_isabela_2003,anthracnose,anthracnose,2,prom_mali_anthracnose_2004 | ref_erpelding_mopti_anthracnose_2010,Erpelding and Prom 2004 | Erpelding 2010,Erpelding and Prom (2004). Evaluation of Malian Sorghum Germplasm for Resistance Against Anthracnose. Plant Pathology Journal 3:65-71. https://doi.org/10.3923/ppj.2004.65.71 || Erpelding (2010). Field Assessment of Anthracnose Disease Response for the Sorghum Germplasm Collection from the Mopti Region. American Journal of Agricultural and Biological Sciences 5:363-369. https://doi.org/10.3844/ajabssp.2010.363.369,https://doi.org/10.3923/ppj.2004.65.71 | https://doi.org/10.3844/ajabssp.2010.363.369,10.3923/ppj.2004.65.71 | 10.3844/ajabssp.2010.363.369,unresolved | unresolved,verified:unresolved:unresolved | verified:unresolved:unresolved
PI 609780,pi609780,normalized_PI_identifier,PI 609780 | PI609780,same_disease_recurrence,2,experiment:erpelding_isabela_mali_anthracnose_2004_2005_campaign | experiment:prom_mali_anthracnose_isabela_2003,anthracnose,anthracnose,2,prom_mali_anthracnose_2004 | ref_erpelding_mopti_anthracnose_2010,Erpelding and Prom 2004 | Erpelding 2010,Erpelding and Prom (2004). Evaluation of Malian Sorghum Germplasm for Resistance Against Anthracnose. Plant Pathology Journal 3:65-71. https://doi.org/10.3923/ppj.2004.65.71 || Erpelding (2010). Field Assessment of Anthracnose Disease Response for the Sorghum Germplasm Collection from the Mopti Region. American Journal of Agricultural and Biological Sciences 5:363-369. https://doi.org/10.3844/ajabssp.2010.363.369,https://doi.org/10.3923/ppj.2004.65.71 | https://doi.org/10.3844/ajabssp.2010.363.369,10.3923/ppj.2004.65.71 | 10.3844/ajabssp.2010.363.369,unresolved | unresolved,verified:unresolved:unresolved | verified:unresolved:unresolved
PI 609947,pi609947,normalized_PI_identifier,PI609947,same_disease_recurrence,2,experiment:prom_four_country_anthracnose_2007_2008_pr | experiment:prom_weather_anthracnose_texas_2009_paired_crop_regrowth,anthracnose,anthracnose,2,prom_four_country_anthracnose_2012 | prom_weather_anthracnose_genotypes_2015,Prom et al. 2012 | Prom et al. 2015,"Prom et al. (2012). Response of Sorghum Accessions from Four African Countries against Colletotrichum sublineolum, Causal Agent of Sorghum Anthracnose. American Journal of Plant Sciences 3:125-129. https://doi.org/10.4236/ajps.2012.31014 || Prom et al. (2015). The Impact of Weather Conditions on Response of Sorghum Genotypes to Anthracnose (Colletotrichum sublineola) Infection. American Journal of Experimental Agriculture 6:242-250. https://doi.org/10.9734/AJEA/2015/14589",https://doi.org/10.4236/ajps.2012.31014 | https://doi.org/10.9734/AJEA/2015/14589,10.4236/ajps.2012.31014 | 10.9734/AJEA/2015/14589,permitted | permitted,verified:verified_cc_by_4_0:permitted | verified:verified_cc_by_4_0:permitted
PI 609991,pi609991,normalized_PI_identifier,PI609991,same_disease_recurrence,3,experiment:prom_four_country_anthracnose_2007_2008_pr | experiment:prom_mali_anthracnose_isabela_2003 | experiment:prom_weather_anthracnose_texas_2009_paired_crop_regrowth,anthracnose,anthracnose,3,prom_four_country_anthracnose_2012 | prom_mali_anthracnose_2004 | prom_weather_anthracnose_genotypes_2015,Prom et al. 2012 | Erpelding and Prom 2004 | Prom et al. 2015,"Prom et al. (2012). Response of Sorghum Accessions from Four African Countries against Colletotrichum sublineolum, Causal Agent of Sorghum Anthracnose. American Journal of Plant Sciences 3:125-129. https://doi.org/10.4236/ajps.2012.31014 || Erpelding and Prom (2004). Evaluation of Malian Sorghum Germplasm for Resistance Against Anthracnose. Plant Pathology Journal 3:65-71. https://doi.org/10.3923/ppj.2004.65.71 || Prom et al. (2015). The Impact of Weather Conditions on Response of Sorghum Genotypes to Anthracnose (Colletotrichum sublineola) Infection. American Journal of Experimental Agriculture 6:242-250. https://doi.org/10.9734/AJEA/2015/14589",https://doi.org/10.4236/ajps.2012.31014 | https://doi.org/10.3923/ppj.2004.65.71 | https://doi.org/10.9734/AJEA/2015/14589,10.4236/ajps.2012.31014 | 10.3923/ppj.2004.65.71 | 10.9734/AJEA/2015/14589,permitted | unresolved | permitted,verified:verified_cc_by_4_0:permitted | verified:unresolved:unresolved | verified:verified_cc_by_4_0:permitted
PI 610077,pi610077,normalized_PI_identifier,PI 610077 | PI610077,same_disease_recurrence,2,experiment:erpelding_isabela_mali_anthracnose_2004_2005_campaign | experiment:prom_mali_anthracnose_isabela_2003,anthracnose,anthracnose,2,prom_mali_anthracnose_2004 | ref_erpelding_sikasso_mali_anthracnose_2008,Erpelding and Prom 2004 | Erpelding 2008,Erpelding and Prom (2004). Evaluation of Malian Sorghum Germplasm for Resistance Against Anthracnose. Plant Pathology Journal 3:65-71. https://doi.org/10.3923/ppj.2004.65.71 || Erpelding (2008). Field Evaluation of Anthracnose Resistance for Sorghum Germplasm from the Sikasso Region of Mali. The Open Agriculture Journal 2:113-120. https://doi.org/10.2174/1874331500802010113,https://doi.org/10.3923/ppj.2004.65.71 | https://doi.org/10.2174/1874331500802010113,10.3923/ppj.2004.65.71 | 10.2174/1874331500802010113,unresolved | permitted_with_noncommercial_restriction,verified:unresolved:unresolved | verified:verified_cc_by_nc_3_0:permitted_with_noncommercial_restriction
PI 610080,pi610080,normalized_PI_identifier,PI 610080 | PI610080,same_disease_recurrence,2,experiment:erpelding_isabela_mali_anthracnose_2004_2005_campaign | experiment:prom_mali_anthracnose_isabela_2003,anthracnose,anthracnose,2,prom_mali_anthracnose_2004 | ref_erpelding_sikasso_mali_anthracnose_2008,Erpelding and Prom 2004 | Erpelding 2008,Erpelding and Prom (2004). Evaluation of Malian Sorghum Germplasm for Resistance Against Anthracnose. Plant Pathology Journal 3:65-71. https://doi.org/10.3923/ppj.2004.65.71 || Erpelding (2008). Field Evaluation of Anthracnose Resistance for Sorghum Germplasm from the Sikasso Region of Mali. The Open Agriculture Journal 2:113-120. https://doi.org/10.2174/1874331500802010113,https://doi.org/10.3923/ppj.2004.65.71 | https://doi.org/10.2174/1874331500802010113,10.3923/ppj.2004.65.71 | 10.2174/1874331500802010113,unresolved | permitted_with_noncommercial_restriction,verified:unresolved:unresolved | verified:verified_cc_by_nc_3_0:permitted_with_noncommercial_restriction
PI 610089,pi610089,normalized_PI_identifier,PI 610089 | PI610089,same_disease_recurrence,2,experiment:erpelding_isabela_mali_anthracnose_2004_2005_campaign | experiment:prom_mali_anthracnose_isabela_2003,anthracnose,anthracnose,2,prom_mali_anthracnose_2004 | ref_erpelding_sikasso_mali_anthracnose_2008,Erpelding and Prom 2004 | Erpelding 2008,Erpelding and Prom (2004). Evaluation of Malian Sorghum Germplasm for Resistance Against Anthracnose. Plant Pathology Journal 3:65-71. https://doi.org/10.3923/ppj.2004.65.71 || Erpelding (2008). Field Evaluation of Anthracnose Resistance for Sorghum Germplasm from the Sikasso Region of Mali. The Open Agriculture Journal 2:113-120. https://doi.org/10.2174/1874331500802010113,https://doi.org/10.3923/ppj.2004.65.71 | https://doi.org/10.2174/1874331500802010113,10.3923/ppj.2004.65.71 | 10.2174/1874331500802010113,unresolved | permitted_with_noncommercial_restriction,verified:unresolved:unresolved | verified:verified_cc_by_nc_3_0:permitted_with_noncommercial_restriction
PI 610115,pi610115,normalized_PI_identifier,PI 610115 | PI610115,same_disease_recurrence,2,experiment:erpelding_isabela_mali_anthracnose_2004_2005_campaign | experiment:prom_mali_anthracnose_isabela_2003,anthracnose,anthracnose,2,prom_mali_anthracnose_2004 | ref_erpelding_sikasso_mali_anthracnose_2008,Erpelding and Prom 2004 | Erpelding 2008,Erpelding and Prom (2004). Evaluation of Malian Sorghum Germplasm for Resistance Against Anthracnose. Plant Pathology Journal 3:65-71. https://doi.org/10.3923/ppj.2004.65.71 || Erpelding (2008). Field Evaluation of Anthracnose Resistance for Sorghum Germplasm from the Sikasso Region of Mali. The Open Agriculture Journal 2:113-120. https://doi.org/10.2174/1874331500802010113,https://doi.org/10.3923/ppj.2004.65.71 | https://doi.org/10.2174/1874331500802010113,10.3923/ppj.2004.65.71 | 10.2174/1874331500802010113,unresolved | permitted_with_noncommercial_restriction,verified:unresolved:unresolved | verified:verified_cc_by_nc_3_0:permitted_with_noncommercial_restriction
PI 660638,pi660638,normalized_PI_identifier,PI660638,same_disease_recurrence,2,experiment:panelA_pr_multidisease | experiment:prom_ethiopia_subset_isabela_2019_2020,anthracnose | grain_mold | rust,anthracnose,2,panelA_pr_multidisease | prom_ethiopia_anthracnose_subset_2022,Prom et al. 2022 | Prom et al. 2022,"Prom et al. (2022). Response of Sorghum Accessions from Three African Countries to Anthracnose, Grain Mould and Rust. Plant Pathology Journal 21:12-23. https://doi.org/10.3923/ppj.2022.12.23 || Prom et al. (2022). Evaluation of a Subset of Ethiopia Sorghum Collection Germplasm from the National Genetic Resources Program of the United States Department of Agriculture for Anthracnose Resistance. American Journal of Plant Sciences 13:1403-1411. https://doi.org/10.4236/ajps.2022.1312095",https://doi.org/10.3923/ppj.2022.12.23 | https://doi.org/10.4236/ajps.2022.1312095,10.3923/ppj.2022.12.23|10.15482/USDA.ADC/25707396.v1 | 10.4236/ajps.2022.1312095,permitted | permitted,verified:verified_public_domain:permitted | verified:verified_cc_by_4_0:permitted
PI 665167,pi665167,normalized_PI_identifier,PI665167,same_disease_recurrence,2,experiment:panelA_pr_multidisease | experiment:prom_ethiopia_subset_isabela_2019_2020,anthracnose,anthracnose,2,panelA_pr_multidisease | prom_ethiopia_anthracnose_subset_2022,Prom et al. 2022 | Prom et al. 2022,"Prom et al. (2022). Response of Sorghum Accessions from Three African Countries to Anthracnose, Grain Mould and Rust. Plant Pathology Journal 21:12-23. https://doi.org/10.3923/ppj.2022.12.23 || Prom et al. (2022). Evaluation of a Subset of Ethiopia Sorghum Collection Germplasm from the National Genetic Resources Program of the United States Department of Agriculture for Anthracnose Resistance. American Journal of Plant Sciences 13:1403-1411. https://doi.org/10.4236/ajps.2022.1312095",https://doi.org/10.3923/ppj.2022.12.23 | https://doi.org/10.4236/ajps.2022.1312095,10.3923/ppj.2022.12.23|10.15482/USDA.ADC/25707396.v1 | 10.4236/ajps.2022.1312095,permitted | permitted,verified:verified_public_domain:permitted | verified:verified_cc_by_4_0:permitted
PI 665169,pi665169,normalized_PI_identifier,PI665169,same_disease_recurrence,2,experiment:panelA_pr_multidisease | experiment:prom_ethiopia_subset_isabela_2019_2020,anthracnose | grain_mold | rust,anthracnose,2,panelA_pr_multidisease | prom_ethiopia_anthracnose_subset_2022,Prom et al. 2022 | Prom et al. 2022,"Prom et al. (2022). Response of Sorghum Accessions from Three African Countries to Anthracnose, Grain Mould and Rust. Plant Pathology Journal 21:12-23. https://doi.org/10.3923/ppj.2022.12.23 || Prom et al. (2022). Evaluation of a Subset of Ethiopia Sorghum Collection Germplasm from the National Genetic Resources Program of the United States Department of Agriculture for Anthracnose Resistance. American Journal of Plant Sciences 13:1403-1411. https://doi.org/10.4236/ajps.2022.1312095",https://doi.org/10.3923/ppj.2022.12.23 | https://doi.org/10.4236/ajps.2022.1312095,10.3923/ppj.2022.12.23|10.15482/USDA.ADC/25707396.v1 | 10.4236/ajps.2022.1312095,permitted | permitted,verified:verified_public_domain:permitted | verified:verified_cc_by_4_0:permitted
PI 668717,pi668717,normalized_PI_identifier,PI668717,same_disease_recurrence,2,experiment:panelA_pr_multidisease | experiment:prom_ethiopia_subset_isabela_2019_2020,anthracnose | rust,anthracnose,2,panelA_pr_multidisease | prom_ethiopia_anthracnose_subset_2022,Prom et al. 2022 | Prom et al. 2022,"Prom et al. (2022). Response of Sorghum Accessions from Three African Countries to Anthracnose, Grain Mould and Rust. Plant Pathology Journal 21:12-23. https://doi.org/10.3923/ppj.2022.12.23 || Prom et al. (2022). Evaluation of a Subset of Ethiopia Sorghum Collection Germplasm from the National Genetic Resources Program of the United States Department of Agriculture for Anthracnose Resistance. American Journal of Plant Sciences 13:1403-1411. https://doi.org/10.4236/ajps.2022.1312095",https://doi.org/10.3923/ppj.2022.12.23 | https://doi.org/10.4236/ajps.2022.1312095,10.3923/ppj.2022.12.23|10.15482/USDA.ADC/25707396.v1 | 10.4236/ajps.2022.1312095,permitted | permitted,verified:verified_public_domain:permitted | verified:verified_cc_by_4_0:permitted
