Permutation,Candidates identified once (n),Candidates identified repeatedly (n),Proportion identified repeatedly
1,509,139,0.21450617283950618
2,504,138,0.21495327102803738
3,522,131,0.2006125574272588
4,498,138,0.2169811320754717
5,495,138,0.21800947867298578
6,493,145,0.22727272727272727
7,506,136,0.2118380062305296
8,489,141,0.22380952380952382
9,504,136,0.2125
10,475,157,0.24841772151898733
11,500,136,0.2138364779874214
12,502,134,0.21069182389937108
13,525,126,0.1935483870967742
14,501,136,0.21350078492935637
15,495,145,0.2265625
16,497,133,0.2111111111111111
17,487,141,0.22452229299363058
18,514,141,0.2152671755725191
19,504,140,0.21739130434782608
20,516,136,0.2085889570552147
21,511,141,0.21625766871165644
22,495,146,0.22776911076443057
23,522,136,0.2066869300911854
24,496,136,0.21518987341772153
25,474,152,0.24281150159744408
26,547,120,0.17991004497751126
27,502,136,0.21316614420062696
28,489,145,0.22870662460567823
29,483,154,0.24175824175824176
30,498,139,0.21821036106750394
31,517,133,0.20461538461538462
32,520,125,0.1937984496124031
33,517,139,0.21189024390243902
34,505,139,0.21583850931677018
35,530,126,0.19207317073170732
36,509,140,0.21571648690292758
37,511,132,0.2052877138413686
38,530,120,0.18461538461538463
39,511,139,0.21384615384615385
40,501,137,0.21473354231974923
41,492,140,0.22151898734177214
42,488,149,0.23390894819466249
43,515,135,0.2076923076923077
44,502,137,0.21439749608763695
45,514,131,0.20310077519379846
46,521,132,0.20214395099540583
47,509,137,0.21207430340557276
48,525,121,0.1873065015479876
49,498,142,0.221875
50,482,152,0.23974763406940064
51,483,142,0.2272
52,513,134,0.2071097372488408
53,521,130,0.19969278033794163
54,501,128,0.20349761526232116
55,490,153,0.2379471228615863
56,511,143,0.21865443425076453
57,526,130,0.19817073170731708
58,510,130,0.203125
59,512,131,0.20373250388802489
60,493,151,0.234472049689441
61,496,142,0.2225705329153605
62,499,139,0.21786833855799373
63,508,134,0.2087227414330218
64,490,147,0.23076923076923078
65,524,130,0.19877675840978593
66,534,132,0.1981981981981982
67,497,134,0.21236133122028525
68,484,157,0.24492979719188768
69,512,129,0.20124804992199688
70,503,138,0.21528861154446177
71,514,129,0.2006220839813375
72,514,135,0.20801232665639446
73,493,145,0.22727272727272727
74,482,149,0.23613312202852615
75,508,142,0.21846153846153846
76,508,135,0.2099533437013997
77,487,142,0.22575516693163752
78,517,133,0.20461538461538462
79,507,142,0.21879815100154082
80,495,141,0.22169811320754718
81,515,138,0.2113323124042879
82,507,128,0.2015748031496063
83,516,133,0.2049306625577812
84,527,127,0.19418960244648317
85,517,139,0.21189024390243902
86,462,155,0.25121555915721233
87,513,136,0.20955315870570107
88,493,147,0.2296875
89,508,137,0.2124031007751938
90,509,143,0.21932515337423314
91,499,139,0.21786833855799373
92,521,133,0.20336391437308868
93,507,136,0.2115085536547434
94,506,140,0.21671826625386997
95,521,136,0.2070015220700152
96,507,140,0.21638330757341576
97,492,140,0.22151898734177214
98,511,138,0.21263482280431434
99,514,135,0.20801232665639446
100,511,137,0.21141975308641975
101,497,139,0.21855345911949686
102,491,147,0.2304075235109718
103,504,141,0.2186046511627907
104,488,147,0.231496062992126
105,521,131,0.200920245398773
106,501,149,0.22923076923076924
107,504,130,0.20504731861198738
108,515,132,0.20401854714064915
109,510,136,0.21052631578947367
110,506,142,0.2191358024691358
111,517,135,0.20705521472392638
112,519,144,0.2171945701357466
113,506,143,0.22033898305084745
114,530,127,0.1933028919330289
115,518,131,0.20184899845916796
116,506,139,0.21550387596899226
117,497,147,0.22826086956521738
118,475,158,0.24960505529225907
119,498,130,0.2070063694267516
120,500,145,0.2248062015503876
121,525,127,0.19478527607361965
122,498,143,0.22308892355694226
123,503,138,0.21528861154446177
124,516,129,0.2
125,507,138,0.21395348837209302
126,498,132,0.20952380952380953
127,505,138,0.21461897356143078
128,491,143,0.22555205047318613
129,518,119,0.18681318681318682
130,493,131,0.20993589743589744
131,509,133,0.2071651090342679
132,514,130,0.20186335403726707
133,489,137,0.21884984025559107
134,507,132,0.20657276995305165
135,493,148,0.23088923556942278
136,511,141,0.21625766871165644
137,503,128,0.20285261489698891
138,488,141,0.22416534181240064
139,501,138,0.215962441314554
140,514,130,0.20186335403726707
141,520,128,0.19753086419753085
142,503,135,0.2115987460815047
143,492,141,0.22274881516587677
144,487,144,0.22820919175911253
145,495,149,0.23136645962732919
146,516,131,0.20247295208655333
147,498,138,0.2169811320754717
148,503,142,0.22015503875968992
149,524,134,0.20364741641337386
150,495,148,0.2301710730948678
151,489,147,0.23113207547169812
152,510,134,0.2080745341614907
153,515,130,0.20155038759689922
154,499,149,0.22993827160493827
155,491,148,0.23161189358372458
156,503,138,0.21528861154446177
157,521,124,0.19224806201550387
158,511,135,0.2089783281733746
159,502,133,0.2094488188976378
160,491,147,0.2304075235109718
161,488,143,0.2266244057052298
162,506,129,0.2031496062992126
163,526,122,0.1882716049382716
164,507,125,0.19778481012658228
165,468,148,0.24025974025974026
166,494,148,0.23052959501557632
167,494,144,0.22570532915360503
168,510,130,0.203125
169,509,140,0.21571648690292758
170,515,132,0.20401854714064915
171,506,145,0.2227342549923195
172,490,155,0.24031007751937986
173,508,130,0.20376175548589343
174,504,142,0.21981424148606812
175,499,145,0.2251552795031056
176,532,124,0.18902439024390244
177,497,137,0.21608832807570977
178,537,133,0.19850746268656716
179,516,132,0.2037037037037037
180,509,133,0.2071651090342679
181,504,131,0.2062992125984252
182,491,150,0.23400936037441497
183,500,130,0.20634920634920634
184,502,138,0.215625
185,505,135,0.2109375
186,516,139,0.21221374045801528
187,508,139,0.21483771251931993
188,508,141,0.2172573189522342
189,508,135,0.2099533437013997
190,473,151,0.2419871794871795
191,500,138,0.21630094043887146
192,511,137,0.21141975308641975
193,523,137,0.20757575757575758
194,510,136,0.21052631578947367
195,516,135,0.2073732718894009
196,514,133,0.20556414219474498
197,508,140,0.21604938271604937
198,521,127,0.19598765432098766
199,501,143,0.2220496894409938
200,504,133,0.2087912087912088
201,506,140,0.21671826625386997
202,479,151,0.2396825396825397
203,501,142,0.2208398133748056
204,506,140,0.21671826625386997
205,511,126,0.1978021978021978
206,486,144,0.22857142857142856
207,518,133,0.20430107526881722
208,505,128,0.20221169036334913
209,504,140,0.21739130434782608
210,479,144,0.23113964686998395
211,536,128,0.1927710843373494
212,492,145,0.22762951334379905
213,485,144,0.2289348171701113
214,498,140,0.219435736677116
215,500,146,0.2260061919504644
216,498,142,0.221875
217,532,124,0.18902439024390244
218,495,143,0.22413793103448276
219,505,134,0.20970266040688576
220,519,126,0.19534883720930232
221,482,154,0.24213836477987422
222,501,135,0.21226415094339623
223,491,151,0.235202492211838
224,496,140,0.22012578616352202
225,486,150,0.2358490566037736
226,529,129,0.196048632218845
227,511,136,0.21020092735703247
228,498,139,0.21821036106750394
229,466,150,0.2435064935064935
230,485,151,0.23742138364779874
231,512,132,0.20496894409937888
232,517,137,0.20948012232415902
233,498,143,0.22308892355694226
234,494,132,0.2108626198083067
235,507,127,0.20031545741324921
236,506,136,0.2118380062305296
237,525,135,0.20454545454545456
238,509,131,0.2046875
239,511,139,0.21384615384615385
240,502,138,0.215625
241,492,137,0.2178060413354531
242,501,144,0.22325581395348837
243,510,141,0.21658986175115208
244,517,141,0.21428571428571427
245,503,136,0.21283255086071987
246,502,133,0.2094488188976378
247,491,145,0.2279874213836478
248,503,128,0.20285261489698891
249,494,145,0.2269170579029734
250,496,138,0.21766561514195584
251,512,131,0.20373250388802489
252,488,137,0.2192
253,504,144,0.2222222222222222
254,482,150,0.23734177215189872
255,502,134,0.21069182389937108
256,519,133,0.20398773006134968
257,520,131,0.2012288786482335
258,529,129,0.196048632218845
259,530,123,0.1883614088820827
260,493,132,0.2112
261,512,136,0.20987654320987653
262,499,142,0.22152886115444617
263,491,150,0.23400936037441497
264,478,150,0.23885350318471338
265,516,144,0.21818181818181817
266,519,131,0.20153846153846153
267,518,138,0.21036585365853658
268,510,132,0.205607476635514
269,506,136,0.2118380062305296
270,507,131,0.20532915360501566
271,522,132,0.2018348623853211
272,514,129,0.2006220839813375
273,508,136,0.2111801242236025
274,489,150,0.2347417840375587
275,496,135,0.21394611727416799
276,501,137,0.21473354231974923
277,483,145,0.23089171974522293
278,505,134,0.20970266040688576
279,499,146,0.22635658914728682
280,514,138,0.2116564417177914
281,497,148,0.22945736434108527
282,502,129,0.20443740095087162
283,509,138,0.2132921174652241
284,484,151,0.2377952755905512
285,533,119,0.18251533742331288
286,497,139,0.21855345911949686
287,503,127,0.2015873015873016
288,496,150,0.23219814241486067
289,512,137,0.2110939907550077
290,498,145,0.2255054432348367
291,490,144,0.22712933753943218
292,539,127,0.1906906906906907
293,497,136,0.21484992101105846
294,515,130,0.20155038759689922
295,519,126,0.19534883720930232
296,509,143,0.21932515337423314
297,503,140,0.2177293934681182
298,493,138,0.21870047543581617
299,511,131,0.20404984423676012
300,485,145,0.23015873015873015
301,484,138,0.22186495176848875
302,488,144,0.22784810126582278
303,501,142,0.2208398133748056
304,509,134,0.208398133748056
305,483,149,0.23575949367088608
306,504,140,0.21739130434782608
307,523,134,0.2039573820395738
308,494,135,0.21462639109697934
309,500,139,0.21752738654147105
310,525,124,0.19106317411402157
311,515,129,0.20031055900621117
312,516,130,0.20123839009287925
313,486,146,0.2310126582278481
314,518,131,0.20184899845916796
315,501,135,0.21226415094339623
316,529,129,0.196048632218845
317,503,137,0.2140625
318,529,132,0.19969742813918306
319,499,139,0.21786833855799373
320,500,139,0.21752738654147105
321,521,137,0.20820668693009117
322,509,133,0.2071651090342679
323,495,140,0.2204724409448819
324,504,128,0.20253164556962025
325,509,143,0.21932515337423314
326,485,145,0.23015873015873015
327,507,135,0.2102803738317757
328,485,149,0.23501577287066247
329,509,140,0.21571648690292758
330,503,144,0.22256568778979907
331,518,137,0.20916030534351146
332,498,139,0.21821036106750394
333,494,144,0.22570532915360503
334,508,131,0.20500782472613457
335,516,122,0.19122257053291536
336,510,136,0.21052631578947367
337,505,137,0.21339563862928349
338,505,144,0.2218798151001541
339,512,135,0.20865533230293662
340,502,143,0.22170542635658916
341,514,128,0.19937694704049844
342,506,131,0.20565149136577707
343,508,131,0.20500782472613457
344,507,134,0.20904836193447737
345,488,145,0.22906793048973143
346,512,134,0.20743034055727555
347,491,138,0.21939586645468998
348,508,140,0.21604938271604937
349,484,153,0.2401883830455259
350,506,145,0.2227342549923195
351,504,137,0.21372854914196568
352,501,144,0.22325581395348837
353,520,132,0.20245398773006135
354,485,142,0.22647527910685805
355,496,141,0.22135007849293564
356,520,137,0.2085235920852359
357,510,140,0.2153846153846154
358,516,142,0.21580547112462006
359,512,137,0.2110939907550077
360,531,126,0.1917808219178082
361,503,139,0.21651090342679127
362,502,133,0.2094488188976378
363,499,140,0.2190923317683881
364,526,129,0.1969465648854962
365,508,145,0.222052067381317
366,515,131,0.20278637770897834
367,498,145,0.2255054432348367
368,485,146,0.23137876386687797
369,508,140,0.21604938271604937
370,487,146,0.23064770932069512
371,496,139,0.2188976377952756
372,512,140,0.2147239263803681
373,522,138,0.20909090909090908
374,527,128,0.19541984732824427
375,503,134,0.21036106750392464
376,509,133,0.2071651090342679
377,505,133,0.2084639498432602
378,521,130,0.19969278033794163
379,487,146,0.23064770932069512
380,486,150,0.2358490566037736
381,525,119,0.18478260869565216
382,502,136,0.21316614420062696
383,502,142,0.2204968944099379
384,492,138,0.21904761904761905
385,512,133,0.2062015503875969
386,506,136,0.2118380062305296
387,518,130,0.2006172839506173
388,491,142,0.22432859399684044
389,523,131,0.20030581039755352
390,497,141,0.22100313479623823
391,526,127,0.19448698315467075
392,516,131,0.20247295208655333
393,505,136,0.2121684867394696
394,500,130,0.20634920634920634
395,511,135,0.2089783281733746
396,499,138,0.21664050235478807
397,515,133,0.2052469135802469
398,492,137,0.2178060413354531
399,511,142,0.21745788667687596
400,530,143,0.212481426448737
401,526,130,0.19817073170731708
402,504,141,0.2186046511627907
403,521,129,0.19846153846153847
404,490,144,0.22712933753943218
405,514,130,0.20186335403726707
406,526,127,0.19448698315467075
407,503,140,0.2177293934681182
408,480,147,0.23444976076555024
409,511,136,0.21020092735703247
410,513,141,0.21559633027522937
411,498,138,0.2169811320754717
412,504,137,0.21372854914196568
413,506,139,0.21550387596899226
414,494,143,0.22448979591836735
415,493,144,0.2260596546310832
416,530,121,0.1858678955453149
417,503,136,0.21283255086071987
418,500,130,0.20634920634920634
419,469,155,0.2483974358974359
420,511,133,0.20652173913043478
421,512,139,0.21351766513056836
422,480,150,0.23809523809523808
423,482,149,0.23613312202852615
424,502,133,0.2094488188976378
425,480,149,0.2368839427662957
426,507,140,0.21638330757341576
427,490,139,0.22098569157392686
428,534,124,0.1884498480243161
429,523,133,0.2027439024390244
430,508,142,0.21846153846153846
431,507,129,0.2028301886792453
432,490,153,0.2379471228615863
433,532,118,0.18153846153846154
434,505,138,0.21461897356143078
435,513,135,0.20833333333333334
436,519,132,0.20276497695852536
437,508,134,0.2087227414330218
438,530,125,0.19083969465648856
439,518,127,0.19689922480620156
440,506,135,0.21060842433697347
441,489,145,0.22870662460567823
442,529,133,0.20090634441087613
443,514,137,0.21044546850998463
444,518,132,0.20307692307692307
445,481,137,0.22168284789644013
446,524,128,0.19631901840490798
447,511,133,0.20652173913043478
448,497,145,0.22585669781931464
449,490,145,0.2283464566929134
450,516,131,0.20247295208655333
451,502,140,0.21806853582554517
452,496,138,0.21766561514195584
453,533,125,0.1899696048632219
454,479,140,0.22617124394184168
455,502,135,0.2119309262166405
456,493,147,0.2296875
457,501,134,0.2110236220472441
458,480,153,0.24170616113744076
459,497,134,0.21236133122028525
460,494,140,0.22082018927444794
461,497,135,0.21360759493670886
462,508,135,0.2099533437013997
463,495,140,0.2204724409448819
464,497,147,0.22826086956521738
465,507,136,0.2115085536547434
466,522,119,0.1856474258970359
467,522,136,0.2066869300911854
468,517,135,0.20705521472392638
469,509,141,0.2169230769230769
470,512,139,0.21351766513056836
471,507,141,0.2175925925925926
472,525,119,0.18478260869565216
473,508,138,0.21362229102167182
474,492,141,0.22274881516587677
475,495,137,0.21677215189873417
476,507,128,0.2015748031496063
477,500,141,0.21996879875195008
478,513,134,0.2071097372488408
479,494,141,0.2220472440944882
480,494,150,0.2329192546583851
481,496,131,0.20893141945773525
482,503,137,0.2140625
483,506,140,0.21671826625386997
484,505,135,0.2109375
485,502,132,0.2082018927444795
486,526,130,0.19817073170731708
487,498,139,0.21821036106750394
488,522,132,0.2018348623853211
489,509,134,0.208398133748056
490,497,137,0.21608832807570977
491,495,145,0.2265625
492,501,136,0.21350078492935637
493,514,140,0.21406727828746178
494,511,137,0.21141975308641975
495,522,126,0.19444444444444445
496,505,138,0.21461897356143078
497,523,121,0.18788819875776397
498,501,141,0.21962616822429906
499,504,136,0.2125
500,517,132,0.2033898305084746
501,528,131,0.19878603945371776
502,486,146,0.2310126582278481
503,512,138,0.2123076923076923
504,515,141,0.2149390243902439
505,513,141,0.21559633027522937
506,497,142,0.2222222222222222
507,519,139,0.21124620060790272
508,509,135,0.2096273291925466
509,520,128,0.19753086419753085
510,523,129,0.19785276073619631
511,513,134,0.2071097372488408
512,515,130,0.20155038759689922
513,475,152,0.24242424242424243
514,513,129,0.20093457943925233
515,510,134,0.2080745341614907
516,517,132,0.2033898305084746
517,501,141,0.21962616822429906
518,487,149,0.23427672955974843
519,515,136,0.20890937019969277
520,495,144,0.22535211267605634
521,510,137,0.2117465224111283
522,506,138,0.21428571428571427
523,511,127,0.19905956112852666
524,507,138,0.21395348837209302
525,510,133,0.20684292379471228
526,486,146,0.2310126582278481
527,493,142,0.22362204724409449
528,520,123,0.19129082426127528
529,511,132,0.2052877138413686
530,506,134,0.209375
531,514,135,0.20801232665639446
532,487,144,0.22820919175911253
533,522,131,0.2006125574272588
534,495,146,0.22776911076443057
535,499,134,0.21169036334913113
536,516,135,0.2073732718894009
537,510,135,0.20930232558139536
538,510,135,0.20930232558139536
539,493,138,0.21870047543581617
540,513,137,0.21076923076923076
541,504,140,0.21739130434782608
542,499,137,0.21540880503144655
543,498,143,0.22308892355694226
544,516,134,0.20615384615384616
545,514,129,0.2006220839813375
546,505,134,0.20970266040688576
547,512,138,0.2123076923076923
548,522,130,0.19938650306748465
549,501,140,0.21840873634945399
550,517,130,0.2009273570324575
551,510,131,0.20436817472698907
552,516,132,0.2037037037037037
553,477,151,0.24044585987261147
554,501,146,0.22565687789799072
555,501,136,0.21350078492935637
556,509,140,0.21571648690292758
557,503,141,0.21894409937888198
558,510,140,0.2153846153846154
559,519,134,0.20520673813169985
560,497,147,0.22826086956521738
561,502,140,0.21806853582554517
562,509,142,0.21812596006144394
563,512,139,0.21351766513056836
564,504,144,0.2222222222222222
565,500,137,0.2150706436420722
566,499,128,0.20414673046251994
567,514,138,0.2116564417177914
568,484,137,0.22061191626409019
569,528,124,0.1901840490797546
570,496,142,0.2225705329153605
571,489,154,0.23950233281493002
572,506,140,0.21671826625386997
573,497,150,0.23183925811437403
574,492,146,0.22884012539184953
575,511,138,0.21263482280431434
576,497,144,0.22464898595943839
577,523,134,0.2039573820395738
578,507,135,0.2102803738317757
579,496,136,0.21518987341772153
580,515,132,0.20401854714064915
581,492,141,0.22274881516587677
582,515,134,0.20647149460708783
583,490,147,0.23076923076923078
584,526,134,0.20303030303030303
585,494,144,0.22570532915360503
586,513,141,0.21559633027522937
587,508,132,0.20625
588,507,136,0.2115085536547434
589,520,140,0.21212121212121213
590,515,132,0.20401854714064915
591,486,144,0.22857142857142856
592,492,145,0.22762951334379905
593,513,131,0.20341614906832298
594,491,146,0.22919937205651492
595,507,142,0.21879815100154082
596,511,140,0.21505376344086022
597,495,144,0.22535211267605634
598,487,144,0.22820919175911253
599,513,135,0.20833333333333334
600,509,137,0.21207430340557276
601,483,157,0.2453125
602,500,142,0.22118380062305296
603,502,132,0.2082018927444795
604,511,132,0.2052877138413686
605,496,142,0.2225705329153605
606,494,140,0.22082018927444794
607,506,136,0.2118380062305296
608,518,136,0.20795107033639143
609,496,150,0.23219814241486067
610,516,134,0.20615384615384616
611,491,141,0.2231012658227848
612,495,140,0.2204724409448819
613,510,131,0.20436817472698907
614,507,137,0.2127329192546584
615,496,137,0.21642969984202212
616,496,142,0.2225705329153605
617,498,143,0.22308892355694226
618,498,142,0.221875
619,486,146,0.2310126582278481
620,503,143,0.22136222910216719
621,501,138,0.215962441314554
622,494,137,0.21711568938193343
623,510,139,0.21417565485362094
624,501,146,0.22565687789799072
625,512,143,0.2183206106870229
626,504,132,0.20754716981132076
627,510,137,0.2117465224111283
628,487,148,0.23307086614173228
629,489,149,0.2335423197492163
630,498,129,0.20574162679425836
631,491,144,0.22677165354330708
632,513,142,0.216793893129771
633,486,144,0.22857142857142856
634,492,141,0.22274881516587677
635,507,140,0.21638330757341576
636,516,134,0.20615384615384616
637,501,137,0.21473354231974923
638,510,147,0.2237442922374429
639,488,143,0.2266244057052298
640,495,141,0.22169811320754718
641,519,131,0.20153846153846153
642,483,152,0.23937007874015748
643,495,145,0.2265625
644,497,142,0.2222222222222222
645,513,131,0.20341614906832298
646,531,135,0.20270270270270271
647,504,133,0.2087912087912088
648,494,143,0.22448979591836735
649,500,144,0.2236024844720497
650,514,137,0.21044546850998463
651,476,150,0.23961661341853036
652,510,136,0.21052631578947367
653,508,132,0.20625
654,510,141,0.21658986175115208
655,493,143,0.2248427672955975
656,494,137,0.21711568938193343
657,491,135,0.21565495207667731
658,490,150,0.234375
659,503,142,0.22015503875968992
660,504,142,0.21981424148606812
661,499,136,0.2141732283464567
662,509,132,0.2059282371294852
663,478,148,0.2364217252396166
664,492,139,0.2202852614896989
665,503,140,0.2177293934681182
666,479,145,0.23237179487179488
667,501,141,0.21962616822429906
668,504,134,0.21003134796238246
669,515,131,0.20278637770897834
670,530,129,0.19575113808801214
671,526,122,0.1882716049382716
672,514,131,0.20310077519379846
673,517,122,0.19092331768388107
674,525,137,0.20694864048338368
675,527,129,0.19664634146341464
676,510,136,0.21052631578947367
677,519,136,0.20763358778625954
678,497,139,0.21855345911949686
679,503,136,0.21283255086071987
680,503,144,0.22256568778979907
681,483,146,0.23211446740858505
682,505,136,0.2121684867394696
683,502,138,0.215625
684,509,135,0.2096273291925466
685,519,138,0.2100456621004566
686,493,145,0.22727272727272727
687,528,121,0.1864406779661017
688,498,150,0.23148148148148148
689,497,143,0.2234375
690,509,133,0.2071651090342679
691,501,141,0.21962616822429906
692,497,134,0.21236133122028525
693,508,136,0.2111801242236025
694,486,140,0.22364217252396165
695,510,139,0.21417565485362094
696,507,144,0.22119815668202766
697,502,137,0.21439749608763695
698,491,147,0.2304075235109718
699,502,142,0.2204968944099379
700,499,139,0.21786833855799373
701,498,141,0.22065727699530516
702,494,140,0.22082018927444794
703,508,148,0.22560975609756098
704,501,136,0.21350078492935637
705,503,140,0.2177293934681182
706,493,144,0.2260596546310832
707,508,138,0.21362229102167182
708,511,136,0.21020092735703247
709,507,142,0.21879815100154082
710,498,143,0.22308892355694226
711,489,148,0.23233908948194662
712,528,134,0.20241691842900303
713,524,132,0.20121951219512196
714,493,142,0.22362204724409449
715,511,135,0.2089783281733746
716,503,139,0.21651090342679127
717,519,125,0.19409937888198758
718,485,142,0.22647527910685805
719,507,144,0.22119815668202766
720,480,147,0.23444976076555024
721,506,137,0.2130637636080871
722,507,131,0.20532915360501566
723,497,142,0.2222222222222222
724,490,145,0.2283464566929134
725,515,132,0.20401854714064915
726,517,131,0.2021604938271605
727,470,162,0.2563291139240506
728,493,150,0.2332814930015552
729,511,131,0.20404984423676012
730,502,145,0.2241112828438949
731,489,143,0.22626582278481014
732,503,140,0.2177293934681182
733,513,134,0.2071097372488408
734,508,134,0.2087227414330218
735,514,132,0.2043343653250774
736,514,129,0.2006220839813375
737,490,148,0.23197492163009403
738,481,141,0.2266881028938907
739,479,148,0.23604465709728867
740,491,149,0.2328125
741,491,143,0.22555205047318613
742,500,141,0.21996879875195008
743,510,138,0.21296296296296297
744,508,136,0.2111801242236025
745,519,124,0.19284603421461896
746,508,136,0.2111801242236025
747,494,139,0.21958925750394945
748,514,134,0.20679012345679013
749,503,143,0.22136222910216719
750,496,137,0.21642969984202212
751,517,130,0.2009273570324575
752,503,140,0.2177293934681182
753,474,150,0.2403846153846154
754,500,140,0.21875
755,487,144,0.22820919175911253
756,481,146,0.23285486443381181
757,534,129,0.19457013574660634
758,525,129,0.19724770642201836
759,500,140,0.21875
760,521,132,0.20214395099540583
761,487,149,0.23427672955974843
762,499,142,0.22152886115444617
763,492,148,0.23125
764,502,138,0.215625
765,525,126,0.1935483870967742
766,524,138,0.2084592145015106
767,495,144,0.22535211267605634
768,494,133,0.21212121212121213
769,495,142,0.22291993720565148
770,502,131,0.20695102685624012
771,504,138,0.21495327102803738
772,513,128,0.1996879875195008
773,496,145,0.22620904836193448
774,498,138,0.2169811320754717
775,515,137,0.21012269938650308
776,506,141,0.21792890262751158
777,518,131,0.20184899845916796
778,504,141,0.2186046511627907
779,497,143,0.2234375
780,509,137,0.21207430340557276
781,488,147,0.231496062992126
782,503,131,0.20662460567823343
783,497,142,0.2222222222222222
784,504,132,0.20754716981132076
785,486,145,0.22979397781299524
786,503,137,0.2140625
787,515,138,0.2113323124042879
788,514,135,0.20801232665639446
789,494,138,0.21835443037974683
790,499,130,0.2066772655007949
791,483,141,0.22596153846153846
792,497,139,0.21855345911949686
793,513,138,0.2119815668202765
794,512,130,0.20249221183800623
795,558,112,0.16716417910447762
796,494,140,0.22082018927444794
797,524,134,0.20364741641337386
798,523,129,0.19785276073619631
799,489,141,0.22380952380952382
800,519,142,0.21482602118003025
801,487,145,0.22943037974683544
802,496,142,0.2225705329153605
803,525,126,0.1935483870967742
804,527,130,0.197869101978691
805,504,142,0.21981424148606812
806,523,127,0.19538461538461538
807,485,138,0.22150882825040127
808,501,143,0.2220496894409938
809,501,136,0.21350078492935637
810,508,136,0.2111801242236025
811,507,145,0.2223926380368098
812,480,151,0.2393026941362916
813,491,139,0.22063492063492063
814,504,136,0.2125
815,489,140,0.22257551669316375
816,504,137,0.21372854914196568
817,499,144,0.223950233281493
818,510,134,0.2080745341614907
819,507,145,0.2223926380368098
820,490,154,0.2391304347826087
821,512,131,0.20373250388802489
822,495,145,0.2265625
823,485,150,0.23622047244094488
824,536,122,0.18541033434650456
825,498,139,0.21821036106750394
826,491,143,0.22555205047318613
827,496,144,0.225
828,504,136,0.2125
829,496,138,0.21766561514195584
830,501,149,0.22923076923076924
831,543,124,0.18590704647676162
832,491,143,0.22555205047318613
833,498,141,0.22065727699530516
834,517,143,0.21666666666666667
835,484,154,0.2413793103448276
836,494,141,0.2220472440944882
837,505,129,0.20347003154574134
838,490,143,0.2259083728278041
839,509,144,0.22052067381316998
840,494,139,0.21958925750394945
841,505,135,0.2109375
842,518,129,0.19938176197836166
843,498,142,0.221875
844,517,133,0.20461538461538462
845,496,142,0.2225705329153605
846,521,128,0.19722650231124808
847,493,149,0.23208722741433022
848,524,133,0.2024353120243531
849,494,145,0.2269170579029734
850,504,140,0.21739130434782608
851,493,141,0.222397476340694
852,490,145,0.2283464566929134
853,513,140,0.21439509954058192
854,487,133,0.21451612903225806
855,512,139,0.21351766513056836
856,497,141,0.22100313479623823
857,489,133,0.21382636655948553
858,496,147,0.2286158631415241
859,495,141,0.22169811320754718
860,490,140,0.2222222222222222
861,508,140,0.21604938271604937
862,511,136,0.21020092735703247
863,499,134,0.21169036334913113
864,497,148,0.22945736434108527
865,508,136,0.2111801242236025
866,514,137,0.21044546850998463
867,515,135,0.2076923076923077
868,500,139,0.21752738654147105
869,511,135,0.2089783281733746
870,481,141,0.2266881028938907
871,497,140,0.21978021978021978
872,496,136,0.21518987341772153
873,515,142,0.2161339421613394
874,501,140,0.21840873634945399
875,489,148,0.23233908948194662
876,526,135,0.2042360060514372
877,499,141,0.2203125
878,524,133,0.2024353120243531
879,509,141,0.2169230769230769
880,492,142,0.22397476340694006
881,522,133,0.20305343511450383
882,492,135,0.215311004784689
883,493,153,0.23684210526315788
884,485,143,0.22770700636942676
885,510,144,0.22018348623853212
886,487,145,0.22943037974683544
887,508,137,0.2124031007751938
888,498,141,0.22065727699530516
889,506,145,0.2227342549923195
890,513,139,0.21319018404907975
891,525,134,0.20333839150227617
892,497,150,0.23183925811437403
893,504,137,0.21372854914196568
894,504,134,0.21003134796238246
895,498,149,0.2302936630602782
896,496,146,0.22741433021806853
897,513,131,0.20341614906832298
898,489,145,0.22870662460567823
899,511,137,0.21141975308641975
900,507,137,0.2127329192546584
901,514,137,0.21044546850998463
902,518,138,0.21036585365853658
903,505,144,0.2218798151001541
904,512,138,0.2123076923076923
905,497,144,0.22464898595943839
906,490,149,0.23317683881064163
907,495,145,0.2265625
908,519,129,0.19907407407407407
909,514,129,0.2006220839813375
910,513,132,0.20465116279069767
911,505,147,0.2254601226993865
912,511,141,0.21625766871165644
913,481,147,0.2340764331210191
914,526,129,0.1969465648854962
915,505,145,0.2230769230769231
916,504,141,0.2186046511627907
917,502,138,0.215625
918,495,148,0.2301710730948678
919,499,135,0.21293375394321767
920,497,145,0.22585669781931464
921,480,148,0.2356687898089172
922,490,143,0.2259083728278041
923,494,145,0.2269170579029734
924,522,130,0.19938650306748465
925,510,136,0.21052631578947367
926,490,141,0.22345483359746435
927,501,132,0.20853080568720378
928,514,123,0.19309262166405022
929,502,138,0.215625
930,505,140,0.21705426356589147
931,519,119,0.1865203761755486
932,523,125,0.19290123456790123
933,494,143,0.22448979591836735
934,496,140,0.22012578616352202
935,502,140,0.21806853582554517
936,506,138,0.21428571428571427
937,496,135,0.21394611727416799
938,490,143,0.2259083728278041
939,486,154,0.240625
940,492,143,0.2251968503937008
941,505,145,0.2230769230769231
942,492,141,0.22274881516587677
943,505,129,0.20347003154574134
944,516,129,0.2
945,524,137,0.20726172465960666
946,536,120,0.18292682926829268
947,506,136,0.2118380062305296
948,489,141,0.22380952380952382
949,518,134,0.20552147239263804
950,509,134,0.208398133748056
951,536,123,0.18664643399089528
952,526,132,0.2006079027355623
953,501,138,0.215962441314554
954,494,140,0.22082018927444794
955,512,141,0.21592649310872894
956,479,147,0.23482428115015974
957,507,125,0.19778481012658228
958,466,152,0.2459546925566343
959,510,133,0.20684292379471228
960,497,141,0.22100313479623823
961,509,140,0.21571648690292758
962,504,136,0.2125
963,506,135,0.21060842433697347
964,490,140,0.2222222222222222
965,497,143,0.2234375
966,491,137,0.21815286624203822
967,501,137,0.21473354231974923
968,483,145,0.23089171974522293
969,493,139,0.2199367088607595
970,505,141,0.21826625386996903
971,510,139,0.21417565485362094
972,502,142,0.2204968944099379
973,508,143,0.2196620583717358
974,503,140,0.2177293934681182
975,500,144,0.2236024844720497
976,487,140,0.22328548644338117
977,498,134,0.2120253164556962
978,516,138,0.21100917431192662
979,487,147,0.23186119873817035
980,506,144,0.22153846153846155
981,504,144,0.2222222222222222
982,491,147,0.2304075235109718
983,494,139,0.21958925750394945
984,521,134,0.20458015267175572
985,486,147,0.23222748815165878
986,515,139,0.21253822629969418
987,487,146,0.23064770932069512
988,505,135,0.2109375
989,495,152,0.23493044822256567
990,526,129,0.1969465648854962
991,507,145,0.2223926380368098
992,518,136,0.20795107033639143
993,492,146,0.22884012539184953
994,517,137,0.20948012232415902
995,480,151,0.2393026941362916
996,508,136,0.2111801242236025
997,508,141,0.2172573189522342
998,501,143,0.2220496894409938
999,516,136,0.2085889570552147
1000,500,141,0.21996879875195008
1001,525,132,0.2009132420091324
1002,492,148,0.23125
1003,513,142,0.216793893129771
1004,493,148,0.23088923556942278
1005,518,133,0.20430107526881722
1006,490,145,0.2283464566929134
1007,497,134,0.21236133122028525
1008,497,139,0.21855345911949686
1009,494,140,0.22082018927444794
1010,507,136,0.2115085536547434
1011,515,132,0.20401854714064915
1012,503,150,0.22970903522205208
1013,504,141,0.2186046511627907
1014,500,143,0.2223950233281493
1015,507,135,0.2102803738317757
1016,503,142,0.22015503875968992
1017,512,140,0.2147239263803681
1018,506,152,0.23100303951367782
1019,532,124,0.18902439024390244
1020,508,139,0.21483771251931993
1021,501,137,0.21473354231974923
1022,492,152,0.2360248447204969
1023,505,127,0.20094936708860758
1024,505,141,0.21826625386996903
1025,504,133,0.2087912087912088
1026,505,137,0.21339563862928349
1027,503,143,0.22136222910216719
1028,517,135,0.20705521472392638
1029,504,131,0.2062992125984252
1030,498,138,0.2169811320754717
1031,499,141,0.2203125
1032,500,145,0.2248062015503876
1033,522,136,0.2066869300911854
1034,502,138,0.215625
1035,477,148,0.2368
1036,505,137,0.21339563862928349
1037,497,143,0.2234375
1038,500,136,0.2138364779874214
1039,499,140,0.2190923317683881
1040,524,132,0.20121951219512196
1041,489,138,0.22009569377990432
1042,497,149,0.2306501547987616
1043,513,135,0.20833333333333334
1044,510,129,0.20187793427230047
1045,508,141,0.2172573189522342
1046,495,140,0.2204724409448819
1047,505,134,0.20970266040688576
1048,510,134,0.2080745341614907
1049,502,140,0.21806853582554517
1050,496,144,0.225
1051,489,140,0.22257551669316375
1052,508,138,0.21362229102167182
1053,514,132,0.2043343653250774
1054,498,144,0.22429906542056074
1055,492,145,0.22762951334379905
1056,503,141,0.21894409937888198
1057,522,132,0.2018348623853211
1058,495,149,0.23136645962732919
1059,502,129,0.20443740095087162
1060,487,144,0.22820919175911253
1061,488,147,0.231496062992126
1062,484,150,0.23659305993690852
1063,499,134,0.21169036334913113
1064,500,144,0.2236024844720497
1065,505,134,0.20970266040688576
1066,511,132,0.2052877138413686
1067,496,141,0.22135007849293564
1068,490,141,0.22345483359746435
1069,516,136,0.2085889570552147
1070,507,142,0.21879815100154082
1071,497,142,0.2222222222222222
1072,515,140,0.21374045801526717
1073,518,137,0.20916030534351146
1074,509,136,0.21085271317829457
1075,508,135,0.2099533437013997
1076,507,126,0.1990521327014218
1077,482,158,0.246875
1078,512,132,0.20496894409937888
1079,516,133,0.2049306625577812
1080,494,146,0.228125
1081,510,140,0.2153846153846154
1082,512,135,0.20865533230293662
1083,511,134,0.20775193798449612
1084,504,136,0.2125
1085,507,130,0.20408163265306123
1086,524,124,0.19135802469135801
1087,513,137,0.21076923076923076
1088,509,134,0.208398133748056
1089,498,140,0.219435736677116
1090,498,141,0.22065727699530516
1091,528,126,0.1926605504587156
1092,499,145,0.2251552795031056
1093,521,130,0.19969278033794163
1094,489,147,0.23113207547169812
1095,499,128,0.20414673046251994
1096,506,135,0.21060842433697347
1097,490,147,0.23076923076923078
1098,531,136,0.20389805097451275
1099,499,139,0.21786833855799373
1100,518,131,0.20184899845916796
1101,509,133,0.2071651090342679
1102,514,125,0.19561815336463223
1103,507,134,0.20904836193447737
1104,491,149,0.2328125
1105,519,132,0.20276497695852536
1106,512,133,0.2062015503875969
1107,506,142,0.2191358024691358
1108,510,139,0.21417565485362094
1109,497,136,0.21484992101105846
1110,521,131,0.200920245398773
1111,507,132,0.20657276995305165
1112,522,126,0.19444444444444445
1113,508,138,0.21362229102167182
1114,501,133,0.20977917981072555
1115,507,138,0.21395348837209302
1116,508,131,0.20500782472613457
1117,511,140,0.21505376344086022
1118,493,137,0.21746031746031746
1119,489,145,0.22870662460567823
1120,522,133,0.20305343511450383
1121,535,133,0.19910179640718562
1122,517,139,0.21189024390243902
1123,492,145,0.22762951334379905
1124,502,135,0.2119309262166405
1125,498,139,0.21821036106750394
1126,500,141,0.21996879875195008
1127,509,136,0.21085271317829457
1128,514,137,0.21044546850998463
1129,515,137,0.21012269938650308
1130,494,138,0.21835443037974683
1131,506,140,0.21671826625386997
1132,489,149,0.2335423197492163
1133,490,141,0.22345483359746435
1134,486,144,0.22857142857142856
1135,490,144,0.22712933753943218
1136,517,130,0.2009273570324575
1137,512,130,0.20249221183800623
1138,498,148,0.22910216718266255
1139,527,127,0.19418960244648317
1140,508,146,0.22324159021406728
1141,536,123,0.18664643399089528
1142,478,149,0.23763955342902712
1143,529,119,0.18364197530864199
1144,486,147,0.23222748815165878
1145,509,135,0.2096273291925466
1146,517,131,0.2021604938271605
1147,515,134,0.20647149460708783
1148,494,144,0.22570532915360503
1149,498,142,0.221875
1150,529,129,0.196048632218845
1151,510,133,0.20684292379471228
1152,494,148,0.23052959501557632
1153,518,130,0.2006172839506173
1154,486,136,0.21864951768488747
1155,508,134,0.2087227414330218
1156,491,137,0.21815286624203822
1157,488,139,0.22169059011164274
1158,509,130,0.20344287949921752
1159,522,128,0.19692307692307692
1160,510,129,0.20187793427230047
1161,518,137,0.20916030534351146
1162,505,140,0.21705426356589147
1163,518,124,0.19314641744548286
1164,470,157,0.2503987240829346
1165,513,138,0.2119815668202765
1166,526,135,0.2042360060514372
1167,502,141,0.2192846034214619
1168,516,131,0.20247295208655333
1169,488,145,0.22906793048973143
1170,492,138,0.21904761904761905
1171,505,140,0.21705426356589147
1172,509,135,0.2096273291925466
1173,523,134,0.2039573820395738
1174,498,143,0.22308892355694226
1175,517,131,0.2021604938271605
1176,498,150,0.23148148148148148
1177,497,144,0.22464898595943839
1178,502,136,0.21316614420062696
1179,497,137,0.21608832807570977
1180,504,136,0.2125
1181,509,129,0.20219435736677116
1182,499,140,0.2190923317683881
1183,508,126,0.19873817034700317
1184,493,142,0.22362204724409449
1185,504,143,0.22102009273570325
1186,514,127,0.1981279251170047
1187,516,133,0.2049306625577812
1188,484,148,0.23417721518987342
1189,489,147,0.23113207547169812
1190,501,138,0.215962441314554
1191,506,137,0.2130637636080871
1192,521,131,0.200920245398773
1193,499,150,0.23112480739599384
1194,504,136,0.2125
1195,520,146,0.21921921921921922
1196,511,132,0.2052877138413686
1197,502,137,0.21439749608763695
1198,514,131,0.20310077519379846
1199,502,143,0.22170542635658916
1200,496,138,0.21766561514195584
1201,496,133,0.21144674085850557
1202,495,148,0.2301710730948678
1203,491,143,0.22555205047318613
1204,523,129,0.19785276073619631
1205,495,141,0.22169811320754718
1206,517,139,0.21189024390243902
1207,507,131,0.20532915360501566
1208,512,132,0.20496894409937888
1209,510,133,0.20684292379471228
1210,499,130,0.2066772655007949
1211,495,144,0.22535211267605634
1212,520,137,0.2085235920852359
1213,501,144,0.22325581395348837
1214,491,142,0.22432859399684044
1215,497,134,0.21236133122028525
1216,512,130,0.20249221183800623
1217,521,133,0.20336391437308868
1218,510,134,0.2080745341614907
1219,496,140,0.22012578616352202
1220,504,137,0.21372854914196568
1221,512,131,0.20373250388802489
1222,503,137,0.2140625
1223,508,142,0.21846153846153846
1224,504,134,0.21003134796238246
1225,487,134,0.21578099838969403
1226,507,135,0.2102803738317757
1227,524,134,0.20364741641337386
1228,502,142,0.2204968944099379
1229,501,134,0.2110236220472441
1230,494,140,0.22082018927444794
1231,517,131,0.2021604938271605
1232,507,130,0.20408163265306123
1233,499,142,0.22152886115444617
1234,515,130,0.20155038759689922
1235,517,137,0.20948012232415902
1236,532,127,0.19271623672230653
1237,497,129,0.20607028753993611
1238,492,147,0.2300469483568075
1239,503,135,0.2115987460815047
1240,495,146,0.22776911076443057
1241,495,146,0.22776911076443057
1242,506,136,0.2118380062305296
1243,522,131,0.2006125574272588
1244,519,128,0.19783616692426584
1245,485,148,0.23380726698262244
1246,493,139,0.2199367088607595
1247,514,129,0.2006220839813375
1248,513,132,0.20465116279069767
1249,479,151,0.2396825396825397
1250,513,131,0.20341614906832298
1251,514,139,0.21286370597243492
1252,494,135,0.21462639109697934
1253,516,132,0.2037037037037037
1254,520,130,0.2
1255,500,145,0.2248062015503876
1256,473,157,0.2492063492063492
1257,506,134,0.209375
1258,498,140,0.219435736677116
1259,508,133,0.20748829953198128
1260,525,125,0.19230769230769232
1261,514,135,0.20801232665639446
1262,499,139,0.21786833855799373
1263,518,133,0.20430107526881722
1264,496,143,0.2237871674491393
1265,484,144,0.22929936305732485
1266,518,136,0.20795107033639143
1267,518,133,0.20430107526881722
1268,504,146,0.2246153846153846
1269,510,133,0.20684292379471228
1270,494,133,0.21212121212121213
1271,506,138,0.21428571428571427
1272,503,137,0.2140625
1273,522,140,0.21148036253776434
1274,507,135,0.2102803738317757
1275,506,143,0.22033898305084745
1276,489,149,0.2335423197492163
1277,504,132,0.20754716981132076
1278,476,149,0.2384
1279,501,136,0.21350078492935637
1280,511,146,0.2222222222222222
1281,510,137,0.2117465224111283
1282,512,136,0.20987654320987653
1283,504,135,0.2112676056338028
1284,522,135,0.2054794520547945
1285,487,139,0.2220447284345048
1286,494,141,0.2220472440944882
1287,513,133,0.20588235294117646
1288,515,128,0.19906687402799378
1289,549,118,0.17691154422788605
1290,485,149,0.23501577287066247
1291,503,142,0.22015503875968992
1292,538,125,0.1885369532428356
1293,515,129,0.20031055900621117
1294,498,141,0.22065727699530516
1295,486,155,0.24180967238689546
1296,501,137,0.21473354231974923
1297,504,135,0.2112676056338028
1298,502,142,0.2204968944099379
1299,507,142,0.21879815100154082
1300,508,137,0.2124031007751938
1301,511,130,0.20280811232449297
1302,512,136,0.20987654320987653
1303,486,148,0.2334384858044164
1304,503,138,0.21528861154446177
1305,493,146,0.22848200312989045
1306,505,135,0.2109375
1307,512,142,0.21712538226299694
1308,497,139,0.21855345911949686
1309,492,140,0.22151898734177214
1310,519,136,0.20763358778625954
1311,507,132,0.20657276995305165
1312,497,146,0.22706065318818042
1313,507,140,0.21638330757341576
1314,527,134,0.2027231467473525
1315,519,135,0.20642201834862386
1316,492,142,0.22397476340694006
1317,510,142,0.21779141104294478
1318,517,129,0.1996904024767802
1319,498,146,0.2267080745341615
1320,505,130,0.2047244094488189
1321,516,136,0.2085889570552147
1322,500,141,0.21996879875195008
1323,493,153,0.23684210526315788
1324,506,140,0.21671826625386997
1325,516,138,0.21100917431192662
1326,493,144,0.2260596546310832
1327,497,146,0.22706065318818042
1328,506,141,0.21792890262751158
1329,509,126,0.1984251968503937
1330,491,142,0.22432859399684044
1331,495,148,0.2301710730948678
1332,483,149,0.23575949367088608
1333,509,132,0.2059282371294852
1334,503,133,0.20911949685534592
1335,493,139,0.2199367088607595
1336,481,139,0.22419354838709676
1337,501,147,0.22685185185185186
1338,517,128,0.19844961240310077
1339,508,140,0.21604938271604937
1340,502,141,0.2192846034214619
1341,523,133,0.2027439024390244
1342,474,158,0.25
1343,494,138,0.21835443037974683
1344,519,135,0.20642201834862386
1345,525,133,0.20212765957446807
1346,499,139,0.21786833855799373
1347,517,134,0.20583717357910905
1348,505,125,0.1984126984126984
1349,489,141,0.22380952380952382
1350,502,140,0.21806853582554517
1351,502,131,0.20695102685624012
1352,521,132,0.20214395099540583
1353,515,129,0.20031055900621117
1354,510,133,0.20684292379471228
1355,493,133,0.2124600638977636
1356,524,123,0.1901081916537867
1357,511,134,0.20775193798449612
1358,500,143,0.2223950233281493
1359,522,129,0.19815668202764977
1360,505,136,0.2121684867394696
1361,505,134,0.20970266040688576
1362,489,142,0.22503961965134706
1363,501,136,0.21350078492935637
1364,523,132,0.2015267175572519
1365,508,142,0.21846153846153846
1366,514,137,0.21044546850998463
1367,466,160,0.25559105431309903
1368,490,143,0.2259083728278041
1369,515,136,0.20890937019969277
1370,512,128,0.2
1371,495,134,0.21303656597774245
1372,525,128,0.19601837672281777
1373,501,141,0.21962616822429906
1374,496,140,0.22012578616352202
1375,519,130,0.20030816640986132
1376,490,138,0.2197452229299363
1377,499,131,0.20793650793650795
1378,514,138,0.2116564417177914
1379,513,135,0.20833333333333334
1380,508,137,0.2124031007751938
1381,486,144,0.22857142857142856
1382,509,145,0.2217125382262997
1383,512,130,0.20249221183800623
1384,485,156,0.24336973478939158
1385,499,134,0.21169036334913113
1386,474,142,0.2305194805194805
1387,506,133,0.2081377151799687
1388,513,133,0.20588235294117646
1389,528,129,0.1963470319634703
1390,507,134,0.20904836193447737
1391,498,142,0.221875
1392,508,136,0.2111801242236025
1393,495,140,0.2204724409448819
1394,511,130,0.20280811232449297
1395,502,139,0.21684867394695787
1396,513,137,0.21076923076923076
1397,507,134,0.20904836193447737
1398,517,130,0.2009273570324575
1399,501,142,0.2208398133748056
1400,501,140,0.21840873634945399
1401,488,144,0.22784810126582278
1402,509,139,0.21450617283950618
1403,499,136,0.2141732283464567
1404,510,135,0.20930232558139536
1405,511,136,0.21020092735703247
1406,499,137,0.21540880503144655
1407,489,143,0.22626582278481014
1408,512,137,0.2110939907550077
1409,497,140,0.21978021978021978
1410,497,144,0.22464898595943839
1411,492,145,0.22762951334379905
1412,497,146,0.22706065318818042
1413,519,133,0.20398773006134968
1414,500,137,0.2150706436420722
1415,499,139,0.21786833855799373
1416,488,141,0.22416534181240064
1417,500,136,0.2138364779874214
1418,511,130,0.20280811232449297
1419,499,136,0.2141732283464567
1420,521,131,0.200920245398773
1421,492,143,0.2251968503937008
1422,517,132,0.2033898305084746
1423,516,136,0.2085889570552147
1424,487,143,0.22698412698412698
1425,500,136,0.2138364779874214
1426,513,134,0.2071097372488408
1427,513,133,0.20588235294117646
1428,492,146,0.22884012539184953
1429,494,140,0.22082018927444794
1430,499,134,0.21169036334913113
1431,495,144,0.22535211267605634
1432,509,140,0.21571648690292758
1433,516,136,0.2085889570552147
1434,496,138,0.21766561514195584
1435,501,139,0.2171875
1436,525,129,0.19724770642201836
1437,503,145,0.22376543209876543
1438,499,138,0.21664050235478807
1439,503,137,0.2140625
1440,509,136,0.21085271317829457
1441,500,144,0.2236024844720497
1442,492,152,0.2360248447204969
1443,519,133,0.20398773006134968
1444,510,140,0.2153846153846154
1445,512,132,0.20496894409937888
1446,501,132,0.20853080568720378
1447,491,146,0.22919937205651492
1448,504,138,0.21495327102803738
1449,506,140,0.21671826625386997
1450,509,135,0.2096273291925466
1451,506,145,0.2227342549923195
1452,511,134,0.20775193798449612
1453,499,150,0.23112480739599384
1454,498,145,0.2255054432348367
1455,514,132,0.2043343653250774
1456,512,138,0.2123076923076923
1457,505,143,0.22067901234567902
1458,495,149,0.23136645962732919
1459,498,138,0.2169811320754717
1460,513,138,0.2119815668202765
1461,507,137,0.2127329192546584
1462,498,147,0.22790697674418606
1463,515,146,0.22087745839636913
1464,489,147,0.23113207547169812
1465,506,142,0.2191358024691358
1466,516,139,0.21221374045801528
1467,491,138,0.21939586645468998
1468,497,145,0.22585669781931464
1469,504,138,0.21495327102803738
1470,498,140,0.219435736677116
1471,504,138,0.21495327102803738
1472,500,137,0.2150706436420722
1473,511,140,0.21505376344086022
1474,499,136,0.2141732283464567
1475,507,138,0.21395348837209302
1476,523,135,0.20516717325227962
1477,518,133,0.20430107526881722
1478,540,129,0.19282511210762332
1479,489,149,0.2335423197492163
1480,475,153,0.24363057324840764
1481,514,139,0.21286370597243492
1482,519,137,0.20884146341463414
1483,520,132,0.20245398773006135
1484,480,147,0.23444976076555024
1485,493,141,0.222397476340694
1486,520,131,0.2012288786482335
1487,502,141,0.2192846034214619
1488,510,138,0.21296296296296297
1489,518,125,0.19440124416796267
1490,530,123,0.1883614088820827
1491,502,127,0.20190779014308427
1492,500,136,0.2138364779874214
1493,492,138,0.21904761904761905
1494,488,140,0.2229299363057325
1495,516,126,0.19626168224299065
1496,502,149,0.22887864823348694
1497,519,137,0.20884146341463414
1498,515,130,0.20155038759689922
1499,500,144,0.2236024844720497
1500,480,147,0.23444976076555024
1501,510,140,0.2153846153846154
1502,510,129,0.20187793427230047
1503,524,139,0.2096530920060332
1504,520,131,0.2012288786482335
1505,519,139,0.21124620060790272
1506,514,139,0.21286370597243492
1507,498,144,0.22429906542056074
1508,499,135,0.21293375394321767
1509,513,139,0.21319018404907975
1510,490,141,0.22345483359746435
1511,507,130,0.20408163265306123
1512,529,128,0.1948249619482496
1513,504,150,0.22935779816513763
1514,506,143,0.22033898305084745
1515,503,132,0.2078740157480315
1516,505,145,0.2230769230769231
1517,509,136,0.21085271317829457
1518,496,142,0.2225705329153605
1519,528,136,0.20481927710843373
1520,483,146,0.23211446740858505
1521,508,130,0.20376175548589343
1522,488,146,0.2302839116719243
1523,500,142,0.22118380062305296
1524,508,142,0.21846153846153846
1525,499,143,0.22274143302180685
1526,499,135,0.21293375394321767
1527,497,148,0.22945736434108527
1528,495,139,0.2192429022082019
1529,525,140,0.21052631578947367
1530,499,135,0.21293375394321767
1531,507,134,0.20904836193447737
1532,502,137,0.21439749608763695
1533,499,134,0.21169036334913113
1534,496,141,0.22135007849293564
1535,512,139,0.21351766513056836
1536,504,135,0.2112676056338028
1537,510,146,0.2225609756097561
1538,509,133,0.2071651090342679
1539,505,140,0.21705426356589147
1540,527,130,0.197869101978691
1541,494,140,0.22082018927444794
1542,497,151,0.2330246913580247
1543,505,135,0.2109375
1544,495,143,0.22413793103448276
1545,512,128,0.2
1546,504,138,0.21495327102803738
1547,497,141,0.22100313479623823
1548,510,133,0.20684292379471228
1549,509,130,0.20344287949921752
1550,486,151,0.2370486656200942
1551,508,130,0.20376175548589343
1552,510,139,0.21417565485362094
1553,488,141,0.22416534181240064
1554,511,141,0.21625766871165644
1555,519,139,0.21124620060790272
1556,501,138,0.215962441314554
1557,520,122,0.19003115264797507
1558,484,153,0.2401883830455259
1559,510,132,0.205607476635514
1560,504,137,0.21372854914196568
1561,475,155,0.24603174603174602
1562,509,142,0.21812596006144394
1563,505,134,0.20970266040688576
1564,511,144,0.2198473282442748
1565,510,138,0.21296296296296297
1566,507,138,0.21395348837209302
1567,542,124,0.18618618618618618
1568,535,128,0.19306184012066366
1569,513,133,0.20588235294117646
1570,508,136,0.2111801242236025
1571,501,130,0.20602218700475436
1572,514,131,0.20310077519379846
1573,485,143,0.22770700636942676
1574,503,137,0.2140625
1575,498,144,0.22429906542056074
1576,498,145,0.2255054432348367
1577,524,125,0.1926040061633282
1578,508,128,0.20125786163522014
1579,487,151,0.23667711598746083
1580,496,140,0.22012578616352202
1581,511,130,0.20280811232449297
1582,513,135,0.20833333333333334
1583,490,138,0.2197452229299363
1584,475,151,0.24121405750798722
1585,489,140,0.22257551669316375
1586,517,135,0.20705521472392638
1587,498,139,0.21821036106750394
1588,511,133,0.20652173913043478
1589,516,143,0.21699544764795145
1590,514,137,0.21044546850998463
1591,502,143,0.22170542635658916
1592,511,137,0.21141975308641975
1593,496,135,0.21394611727416799
1594,503,140,0.2177293934681182
1595,510,131,0.20436817472698907
1596,490,146,0.22955974842767296
1597,504,136,0.2125
1598,485,139,0.22275641025641027
1599,486,139,0.2224
1600,489,145,0.22870662460567823
1601,510,134,0.2080745341614907
1602,494,152,0.23529411764705882
1603,511,133,0.20652173913043478
1604,489,140,0.22257551669316375
1605,495,137,0.21677215189873417
1606,496,150,0.23219814241486067
1607,516,126,0.19626168224299065
1608,509,131,0.2046875
1609,511,136,0.21020092735703247
1610,513,135,0.20833333333333334
1611,509,132,0.2059282371294852
1612,509,138,0.2132921174652241
1613,513,132,0.20465116279069767
1614,518,128,0.19814241486068113
1615,524,125,0.1926040061633282
1616,505,141,0.21826625386996903
1617,517,140,0.213089802130898
1618,504,139,0.2161741835147745
1619,510,130,0.203125
1620,497,142,0.2222222222222222
1621,487,139,0.2220447284345048
1622,509,135,0.2096273291925466
1623,507,137,0.2127329192546584
1624,500,139,0.21752738654147105
1625,507,128,0.2015748031496063
1626,524,134,0.20364741641337386
1627,498,144,0.22429906542056074
1628,501,145,0.22445820433436534
1629,497,139,0.21855345911949686
1630,494,139,0.21958925750394945
1631,501,140,0.21840873634945399
1632,500,140,0.21875
1633,512,136,0.20987654320987653
1634,502,143,0.22170542635658916
1635,500,132,0.2088607594936709
1636,497,142,0.2222222222222222
1637,509,138,0.2132921174652241
1638,520,134,0.20489296636085627
1639,502,139,0.21684867394695787
1640,500,133,0.21011058451816747
1641,492,143,0.2251968503937008
1642,481,142,0.22792937399678972
1643,510,134,0.2080745341614907
1644,503,137,0.2140625
1645,500,140,0.21875
1646,499,148,0.2287480680061824
1647,497,143,0.2234375
1648,514,135,0.20801232665639446
1649,509,131,0.2046875
1650,504,136,0.2125
1651,497,142,0.2222222222222222
1652,526,123,0.18952234206471494
1653,519,118,0.18524332810047095
1654,514,137,0.21044546850998463
1655,513,126,0.19718309859154928
1656,506,138,0.21428571428571427
1657,523,132,0.2015267175572519
1658,488,148,0.23270440251572327
1659,507,138,0.21395348837209302
1660,506,138,0.21428571428571427
1661,503,133,0.20911949685534592
1662,505,131,0.2059748427672956
1663,509,136,0.21085271317829457
1664,487,140,0.22328548644338117
1665,501,140,0.21840873634945399
1666,514,133,0.20556414219474498
1667,488,155,0.2410575427682737
1668,496,139,0.2188976377952756
1669,496,145,0.22620904836193448
1670,501,141,0.21962616822429906
1671,523,130,0.1990811638591118
1672,513,134,0.2071097372488408
1673,503,138,0.21528861154446177
1674,486,140,0.22364217252396165
1675,517,131,0.2021604938271605
1676,496,147,0.2286158631415241
1677,502,125,0.19936204146730463
1678,487,145,0.22943037974683544
1679,496,142,0.2225705329153605
1680,498,143,0.22308892355694226
1681,503,140,0.2177293934681182
1682,510,140,0.2153846153846154
1683,513,131,0.20341614906832298
1684,527,131,0.19908814589665655
1685,522,129,0.19815668202764977
1686,500,141,0.21996879875195008
1687,488,158,0.24458204334365324
1688,514,129,0.2006220839813375
1689,500,136,0.2138364779874214
1690,512,134,0.20743034055727555
1691,494,151,0.23410852713178296
1692,488,143,0.2266244057052298
1693,520,137,0.2085235920852359
1694,499,136,0.2141732283464567
1695,500,142,0.22118380062305296
1696,492,140,0.22151898734177214
1697,540,119,0.18057663125948406
1698,490,147,0.23076923076923078
1699,496,141,0.22135007849293564
1700,494,144,0.22570532915360503
1701,512,134,0.20743034055727555
1702,496,136,0.21518987341772153
1703,517,134,0.20583717357910905
1704,499,142,0.22152886115444617
1705,489,151,0.2359375
1706,517,127,0.1972049689440994
1707,494,144,0.22570532915360503
1708,502,134,0.21069182389937108
1709,511,136,0.21020092735703247
1710,503,143,0.22136222910216719
1711,493,141,0.222397476340694
1712,500,140,0.21875
1713,479,142,0.2286634460547504
1714,498,131,0.2082670906200318
1715,506,133,0.2081377151799687
1716,517,135,0.20705521472392638
1717,505,137,0.21339563862928349
1718,491,148,0.23161189358372458
1719,511,136,0.21020092735703247
1720,512,127,0.19874804381846636
1721,523,127,0.19538461538461538
1722,525,131,0.19969512195121952
1723,499,142,0.22152886115444617
1724,495,139,0.2192429022082019
1725,495,145,0.2265625
1726,504,139,0.2161741835147745
1727,504,138,0.21495327102803738
1728,526,130,0.19817073170731708
1729,493,142,0.22362204724409449
1730,503,134,0.21036106750392464
1731,519,131,0.20153846153846153
1732,479,146,0.2336
1733,494,144,0.22570532915360503
1734,496,143,0.2237871674491393
1735,505,145,0.2230769230769231
1736,512,132,0.20496894409937888
1737,514,126,0.196875
1738,497,147,0.22826086956521738
1739,507,144,0.22119815668202766
1740,513,131,0.20341614906832298
1741,511,132,0.2052877138413686
1742,510,133,0.20684292379471228
1743,506,139,0.21550387596899226
1744,504,128,0.20253164556962025
1745,487,142,0.22575516693163752
1746,500,145,0.2248062015503876
1747,518,133,0.20430107526881722
1748,504,138,0.21495327102803738
1749,520,134,0.20489296636085627
1750,480,147,0.23444976076555024
1751,528,133,0.20121028744326777
1752,500,140,0.21875
1753,512,133,0.2062015503875969
1754,524,129,0.19754977029096477
1755,479,150,0.2384737678855326
1756,505,139,0.21583850931677018
1757,473,157,0.2492063492063492
1758,532,129,0.1951588502269289
1759,489,143,0.22626582278481014
1760,504,134,0.21003134796238246
1761,508,137,0.2124031007751938
1762,506,131,0.20565149136577707
1763,497,141,0.22100313479623823
1764,521,131,0.200920245398773
1765,507,140,0.21638330757341576
1766,498,141,0.22065727699530516
1767,487,148,0.23307086614173228
1768,494,138,0.21835443037974683
1769,476,150,0.23961661341853036
1770,511,137,0.21141975308641975
1771,499,145,0.2251552795031056
1772,495,137,0.21677215189873417
1773,495,132,0.21052631578947367
1774,513,137,0.21076923076923076
1775,485,145,0.23015873015873015
1776,504,143,0.22102009273570325
1777,505,136,0.2121684867394696
1778,495,145,0.2265625
1779,545,113,0.1717325227963526
1780,502,140,0.21806853582554517
1781,517,144,0.2178517397881997
1782,504,140,0.21739130434782608
1783,511,143,0.21865443425076453
1784,489,149,0.2335423197492163
1785,506,139,0.21550387596899226
1786,486,149,0.2346456692913386
1787,503,136,0.21283255086071987
1788,497,133,0.2111111111111111
1789,511,136,0.21020092735703247
1790,508,137,0.2124031007751938
1791,509,134,0.208398133748056
1792,508,135,0.2099533437013997
1793,507,140,0.21638330757341576
1794,491,137,0.21815286624203822
1795,500,139,0.21752738654147105
1796,534,114,0.17592592592592593
1797,527,121,0.1867283950617284
1798,491,141,0.2231012658227848
1799,505,139,0.21583850931677018
1800,502,144,0.22291021671826625
1801,533,123,0.1875
1802,512,133,0.2062015503875969
1803,507,148,0.22595419847328244
1804,466,152,0.2459546925566343
1805,492,145,0.22762951334379905
1806,515,132,0.20401854714064915
1807,495,145,0.2265625
1808,507,136,0.2115085536547434
1809,494,145,0.2269170579029734
1810,487,148,0.23307086614173228
1811,512,138,0.2123076923076923
1812,518,129,0.19938176197836166
1813,500,142,0.22118380062305296
1814,510,141,0.21658986175115208
1815,492,140,0.22151898734177214
1816,498,142,0.221875
1817,502,136,0.21316614420062696
1818,502,144,0.22291021671826625
1819,499,142,0.22152886115444617
1820,497,141,0.22100313479623823
1821,513,132,0.20465116279069767
1822,516,132,0.2037037037037037
1823,511,128,0.20031298904538342
1824,507,136,0.2115085536547434
1825,503,141,0.21894409937888198
1826,503,149,0.2285276073619632
1827,519,131,0.20153846153846153
1828,497,138,0.2173228346456693
1829,530,133,0.20060331825037708
1830,510,137,0.2117465224111283
1831,522,129,0.19815668202764977
1832,503,140,0.2177293934681182
1833,515,136,0.20890937019969277
1834,499,139,0.21786833855799373
1835,509,133,0.2071651090342679
1836,510,137,0.2117465224111283
1837,495,143,0.22413793103448276
1838,500,140,0.21875
1839,506,129,0.2031496062992126
1840,492,144,0.22641509433962265
1841,519,142,0.21482602118003025
1842,499,143,0.22274143302180685
1843,494,138,0.21835443037974683
1844,526,125,0.19201228878648233
1845,506,134,0.209375
1846,514,136,0.20923076923076922
1847,491,144,0.22677165354330708
1848,504,136,0.2125
1849,491,142,0.22432859399684044
1850,490,140,0.2222222222222222
1851,493,141,0.222397476340694
1852,504,133,0.2087912087912088
1853,501,148,0.2280431432973806
1854,502,140,0.21806853582554517
1855,486,145,0.22979397781299524
1856,519,136,0.20763358778625954
1857,501,133,0.20977917981072555
1858,484,143,0.22807017543859648
1859,500,136,0.2138364779874214
1860,490,137,0.21850079744816586
1861,514,134,0.20679012345679013
1862,484,147,0.2329635499207607
1863,502,134,0.21069182389937108
1864,512,126,0.1974921630094044
1865,517,133,0.20461538461538462
1866,496,141,0.22135007849293564
1867,504,141,0.2186046511627907
1868,496,138,0.21766561514195584
1869,501,139,0.2171875
1870,497,139,0.21855345911949686
1871,534,124,0.1884498480243161
1872,485,141,0.22523961661341854
1873,508,135,0.2099533437013997
1874,481,145,0.23162939297124602
1875,519,131,0.20153846153846153
1876,491,143,0.22555205047318613
1877,514,135,0.20801232665639446
1878,508,131,0.20500782472613457
1879,502,143,0.22170542635658916
1880,484,143,0.22807017543859648
1881,499,136,0.2141732283464567
1882,505,129,0.20347003154574134
1883,517,135,0.20705521472392638
1884,510,124,0.19558359621451105
1885,519,124,0.19284603421461896
1886,511,135,0.2089783281733746
1887,490,146,0.22955974842767296
1888,494,143,0.22448979591836735
1889,503,135,0.2115987460815047
1890,511,141,0.21625766871165644
1891,519,128,0.19783616692426584
1892,507,144,0.22119815668202766
1893,501,143,0.2220496894409938
1894,496,135,0.21394611727416799
1895,526,124,0.19076923076923077
1896,516,137,0.20980091883614088
1897,520,130,0.2
1898,513,136,0.20955315870570107
1899,505,136,0.2121684867394696
1900,509,130,0.20344287949921752
1901,502,145,0.2241112828438949
1902,498,137,0.215748031496063
1903,491,132,0.21187800963081863
1904,470,153,0.24558587479935795
1905,528,129,0.1963470319634703
1906,492,140,0.22151898734177214
1907,508,140,0.21604938271604937
1908,504,134,0.21003134796238246
1909,532,132,0.19879518072289157
1910,525,122,0.18856259659969088
1911,520,127,0.19629057187017002
1912,501,135,0.21226415094339623
1913,487,156,0.24261275272161742
1914,510,142,0.21779141104294478
1915,506,129,0.2031496062992126
1916,500,142,0.22118380062305296
1917,500,140,0.21875
1918,501,139,0.2171875
1919,514,137,0.21044546850998463
1920,499,136,0.2141732283464567
1921,508,130,0.20376175548589343
1922,486,146,0.2310126582278481
1923,474,155,0.246422893481717
1924,496,139,0.2188976377952756
1925,510,138,0.21296296296296297
1926,508,134,0.2087227414330218
1927,517,133,0.20461538461538462
1928,493,138,0.21870047543581617
1929,506,138,0.21428571428571427
1930,506,138,0.21428571428571427
1931,503,134,0.21036106750392464
1932,516,129,0.2
1933,514,134,0.20679012345679013
1934,503,137,0.2140625
1935,505,136,0.2121684867394696
1936,482,143,0.2288
1937,498,142,0.221875
1938,506,139,0.21550387596899226
1939,499,147,0.22755417956656346
1940,529,131,0.1984848484848485
1941,519,123,0.19158878504672897
1942,515,129,0.20031055900621117
1943,524,129,0.19754977029096477
1944,492,143,0.2251968503937008
1945,497,133,0.2111111111111111
1946,514,136,0.20923076923076922
1947,516,133,0.2049306625577812
1948,501,135,0.21226415094339623
1949,503,141,0.21894409937888198
1950,495,143,0.22413793103448276
1951,507,138,0.21395348837209302
1952,497,151,0.2330246913580247
1953,500,135,0.2125984251968504
1954,488,143,0.2266244057052298
1955,538,121,0.18361153262518967
1956,506,136,0.2118380062305296
1957,489,138,0.22009569377990432
1958,523,132,0.2015267175572519
1959,508,131,0.20500782472613457
1960,512,139,0.21351766513056836
1961,484,146,0.23174603174603176
1962,503,139,0.21651090342679127
1963,474,162,0.25471698113207547
1964,494,150,0.2329192546583851
1965,474,152,0.24281150159744408
1966,514,135,0.20801232665639446
1967,527,123,0.18923076923076923
1968,515,136,0.20890937019969277
1969,523,129,0.19785276073619631
1970,500,151,0.23195084485407066
1971,512,129,0.20124804992199688
1972,517,132,0.2033898305084746
1973,513,142,0.216793893129771
1974,511,134,0.20775193798449612
1975,492,144,0.22641509433962265
1976,490,145,0.2283464566929134
1977,503,139,0.21651090342679127
1978,519,133,0.20398773006134968
1979,526,128,0.19571865443425077
1980,510,131,0.20436817472698907
1981,492,139,0.2202852614896989
1982,492,145,0.22762951334379905
1983,501,139,0.2171875
1984,500,138,0.21630094043887146
1985,502,140,0.21806853582554517
1986,519,133,0.20398773006134968
1987,504,140,0.21739130434782608
1988,527,125,0.19171779141104295
1989,513,139,0.21319018404907975
1990,536,126,0.1903323262839879
1991,506,133,0.2081377151799687
1992,491,150,0.23400936037441497
1993,491,148,0.23161189358372458
1994,507,137,0.2127329192546584
1995,508,138,0.21362229102167182
1996,531,120,0.18433179723502305
1997,532,127,0.19271623672230653
1998,511,134,0.20775193798449612
1999,504,135,0.2112676056338028
2000,513,135,0.20833333333333334
2001,499,149,0.22993827160493827
2002,500,145,0.2248062015503876
2003,499,137,0.21540880503144655
2004,533,121,0.18501529051987767
2005,477,140,0.22690437601296595
2006,504,136,0.2125
2007,495,140,0.2204724409448819
2008,482,141,0.22632423756019263
2009,501,154,0.23511450381679388
2010,511,141,0.21625766871165644
2011,480,150,0.23809523809523808
2012,521,129,0.19846153846153847
2013,497,152,0.23420647149460708
2014,493,136,0.21621621621621623
2015,491,146,0.22919937205651492
2016,532,121,0.18529862174578868
2017,505,141,0.21826625386996903
2018,530,126,0.19207317073170732
2019,509,137,0.21207430340557276
2020,493,144,0.2260596546310832
2021,515,125,0.1953125
2022,493,149,0.23208722741433022
2023,509,133,0.2071651090342679
2024,503,144,0.22256568778979907
2025,503,137,0.2140625
2026,518,126,0.1956521739130435
2027,515,137,0.21012269938650308
2028,505,136,0.2121684867394696
2029,496,144,0.225
2030,507,133,0.2078125
2031,513,128,0.1996879875195008
2032,506,134,0.209375
2033,499,133,0.21044303797468356
2034,504,143,0.22102009273570325
2035,524,121,0.1875968992248062
2036,525,134,0.20333839150227617
2037,511,133,0.20652173913043478
2038,511,134,0.20775193798449612
2039,519,132,0.20276497695852536
2040,504,136,0.2125
2041,506,133,0.2081377151799687
2042,497,141,0.22100313479623823
2043,507,139,0.21517027863777088
2044,506,144,0.22153846153846155
2045,508,132,0.20625
2046,511,134,0.20775193798449612
2047,500,141,0.21996879875195008
2048,485,138,0.22150882825040127
2049,479,149,0.2372611464968153
2050,514,137,0.21044546850998463
2051,516,144,0.21818181818181817
2052,513,129,0.20093457943925233
2053,506,141,0.21792890262751158
2054,538,123,0.18608169440242056
2055,505,140,0.21705426356589147
2056,523,127,0.19538461538461538
2057,520,121,0.18876755070202808
2058,513,139,0.21319018404907975
2059,524,129,0.19754977029096477
2060,509,136,0.21085271317829457
2061,504,138,0.21495327102803738
2062,523,133,0.2027439024390244
2063,514,131,0.20310077519379846
2064,474,151,0.2416
2065,523,126,0.1941448382126348
2066,490,148,0.23197492163009403
2067,495,137,0.21677215189873417
2068,478,150,0.23885350318471338
2069,503,143,0.22136222910216719
2070,489,149,0.2335423197492163
2071,507,137,0.2127329192546584
2072,503,144,0.22256568778979907
2073,519,139,0.21124620060790272
2074,482,146,0.23248407643312102
2075,521,126,0.1947449768160742
2076,507,137,0.2127329192546584
2077,514,138,0.2116564417177914
2078,504,142,0.21981424148606812
2079,510,128,0.2006269592476489
2080,503,143,0.22136222910216719
2081,495,143,0.22413793103448276
2082,507,139,0.21517027863777088
2083,498,139,0.21821036106750394
2084,489,147,0.23113207547169812
2085,518,135,0.20673813169984687
2086,498,147,0.22790697674418606
2087,506,136,0.2118380062305296
2088,491,135,0.21565495207667731
2089,481,150,0.23771790808240886
2090,492,142,0.22397476340694006
2091,472,150,0.24115755627009647
2092,508,143,0.2196620583717358
2093,514,138,0.2116564417177914
2094,498,142,0.221875
2095,498,143,0.22308892355694226
2096,490,143,0.2259083728278041
2097,490,146,0.22955974842767296
2098,500,134,0.2113564668769716
2099,498,141,0.22065727699530516
2100,519,131,0.20153846153846153
2101,503,136,0.21283255086071987
2102,507,137,0.2127329192546584
2103,507,140,0.21638330757341576
2104,512,130,0.20249221183800623
2105,516,131,0.20247295208655333
2106,501,141,0.21962616822429906
2107,504,139,0.2161741835147745
2108,499,140,0.2190923317683881
2109,491,152,0.2363919129082426
2110,513,138,0.2119815668202765
2111,501,138,0.215962441314554
2112,510,139,0.21417565485362094
2113,514,142,0.21646341463414634
2114,501,141,0.21962616822429906
2115,496,142,0.2225705329153605
2116,488,142,0.2253968253968254
2117,494,143,0.22448979591836735
2118,497,136,0.21484992101105846
2119,497,142,0.2222222222222222
2120,508,142,0.21846153846153846
2121,521,123,0.19099378881987578
2122,519,127,0.19659442724458204
2123,503,136,0.21283255086071987
2124,536,121,0.1841704718417047
2125,529,124,0.18989280245022971
2126,505,133,0.2084639498432602
2127,492,144,0.22641509433962265
2128,509,130,0.20344287949921752
2129,503,136,0.21283255086071987
2130,506,140,0.21671826625386997
2131,508,142,0.21846153846153846
2132,494,138,0.21835443037974683
2133,491,140,0.2218700475435816
2134,499,132,0.2091917591125198
2135,498,147,0.22790697674418606
2136,501,143,0.2220496894409938
2137,516,128,0.19875776397515527
2138,496,138,0.21766561514195584
2139,505,136,0.2121684867394696
2140,484,140,0.22435897435897437
2141,482,153,0.2409448818897638
2142,506,137,0.2130637636080871
2143,515,132,0.20401854714064915
2144,494,141,0.2220472440944882
2145,500,140,0.21875
2146,506,136,0.2118380062305296
2147,509,139,0.21450617283950618
2148,511,138,0.21263482280431434
2149,477,154,0.24405705229793978
2150,482,142,0.22756410256410256
2151,500,129,0.20508744038155802
2152,486,151,0.2370486656200942
2153,492,145,0.22762951334379905
2154,487,139,0.2220447284345048
2155,506,143,0.22033898305084745
2156,510,140,0.2153846153846154
2157,500,139,0.21752738654147105
2158,507,140,0.21638330757341576
2159,467,150,0.24311183144246354
2160,509,137,0.21207430340557276
2161,521,142,0.21417797888386123
2162,494,133,0.21212121212121213
2163,499,140,0.2190923317683881
2164,490,138,0.2197452229299363
2165,499,143,0.22274143302180685
2166,514,127,0.1981279251170047
2167,522,132,0.2018348623853211
2168,506,147,0.225114854517611
2169,500,139,0.21752738654147105
2170,522,137,0.2078907435508346
2171,514,131,0.20310077519379846
2172,506,132,0.20689655172413793
2173,526,127,0.19448698315467075
2174,487,150,0.23547880690737832
2175,498,128,0.20447284345047922
2176,517,133,0.20461538461538462
2177,519,130,0.20030816640986132
2178,489,140,0.22257551669316375
2179,514,140,0.21406727828746178
2180,495,140,0.2204724409448819
2181,496,136,0.21518987341772153
2182,503,140,0.2177293934681182
2183,498,146,0.2267080745341615
2184,523,125,0.19290123456790123
2185,499,152,0.23348694316436253
2186,505,135,0.2109375
2187,495,145,0.2265625
2188,513,134,0.2071097372488408
2189,491,139,0.22063492063492063
2190,486,148,0.2334384858044164
2191,508,140,0.21604938271604937
2192,500,146,0.2260061919504644
2193,524,127,0.19508448540706605
2194,507,144,0.22119815668202766
2195,507,133,0.2078125
2196,489,137,0.21884984025559107
2197,497,143,0.2234375
2198,503,139,0.21651090342679127
2199,503,138,0.21528861154446177
2200,520,130,0.2
2201,498,139,0.21821036106750394
2202,503,136,0.21283255086071987
2203,514,130,0.20186335403726707
2204,524,135,0.20485584218512898
2205,498,140,0.219435736677116
2206,506,139,0.21550387596899226
2207,515,135,0.2076923076923077
2208,494,142,0.22327044025157233
2209,482,146,0.23248407643312102
2210,507,136,0.2115085536547434
2211,505,137,0.21339563862928349
2212,507,137,0.2127329192546584
2213,494,152,0.23529411764705882
2214,495,135,0.21428571428571427
2215,499,134,0.21169036334913113
2216,507,142,0.21879815100154082
2217,507,142,0.21879815100154082
2218,512,130,0.20249221183800623
2219,514,128,0.19937694704049844
2220,509,137,0.21207430340557276
2221,500,139,0.21752738654147105
2222,495,149,0.23136645962732919
2223,515,136,0.20890937019969277
2224,525,122,0.18856259659969088
2225,484,150,0.23659305993690852
2226,501,135,0.21226415094339623
2227,510,135,0.20930232558139536
2228,504,142,0.21981424148606812
2229,534,127,0.19213313161875945
2230,520,117,0.1836734693877551
2231,502,138,0.215625
2232,498,141,0.22065727699530516
2233,513,132,0.20465116279069767
2234,498,144,0.22429906542056074
2235,498,141,0.22065727699530516
2236,494,141,0.2220472440944882
2237,510,138,0.21296296296296297
2238,509,138,0.2132921174652241
2239,503,140,0.2177293934681182
2240,524,129,0.19754977029096477
2241,502,137,0.21439749608763695
2242,501,142,0.2208398133748056
2243,502,135,0.2119309262166405
2244,508,133,0.20748829953198128
2245,500,142,0.22118380062305296
2246,495,129,0.20673076923076922
2247,490,148,0.23197492163009403
2248,500,140,0.21875
2249,510,135,0.20930232558139536
2250,510,127,0.19937205651491366
2251,506,137,0.2130637636080871
2252,500,147,0.22720247295208656
2253,501,145,0.22445820433436534
2254,516,138,0.21100917431192662
2255,512,132,0.20496894409937888
2256,505,138,0.21461897356143078
2257,529,126,0.19236641221374046
2258,478,153,0.24247226624405704
2259,515,142,0.2161339421613394
2260,497,144,0.22464898595943839
2261,535,129,0.19427710843373494
2262,509,132,0.2059282371294852
2263,495,142,0.22291993720565148
2264,518,135,0.20673813169984687
2265,513,129,0.20093457943925233
2266,523,134,0.2039573820395738
2267,512,129,0.20124804992199688
2268,515,134,0.20647149460708783
2269,512,135,0.20865533230293662
2270,532,125,0.1902587519025875
2271,506,136,0.2118380062305296
2272,480,145,0.232
2273,504,137,0.21372854914196568
2274,529,129,0.196048632218845
2275,494,143,0.22448979591836735
2276,490,139,0.22098569157392686
2277,518,131,0.20184899845916796
2278,496,145,0.22620904836193448
2279,511,128,0.20031298904538342
2280,494,152,0.23529411764705882
2281,493,140,0.2211690363349131
2282,511,144,0.2198473282442748
2283,519,136,0.20763358778625954
2284,516,130,0.20123839009287925
2285,512,134,0.20743034055727555
2286,506,134,0.209375
2287,493,144,0.2260596546310832
2288,509,131,0.2046875
2289,510,138,0.21296296296296297
2290,483,158,0.24648985959438377
2291,492,147,0.2300469483568075
2292,505,129,0.20347003154574134
2293,497,132,0.20985691573926868
2294,483,148,0.23454833597464342
2295,496,144,0.225
2296,498,144,0.22429906542056074
2297,510,147,0.2237442922374429
2298,478,140,0.22653721682847897
2299,501,135,0.21226415094339623
2300,513,136,0.20955315870570107
2301,499,142,0.22152886115444617
2302,504,137,0.21372854914196568
2303,511,132,0.2052877138413686
2304,510,128,0.2006269592476489
2305,500,140,0.21875
2306,478,146,0.23397435897435898
2307,477,147,0.23557692307692307
2308,528,129,0.1963470319634703
2309,523,126,0.1941448382126348
2310,499,160,0.24279210925644917
2311,506,141,0.21792890262751158
2312,493,143,0.2248427672955975
2313,508,134,0.2087227414330218
2314,523,130,0.1990811638591118
2315,502,140,0.21806853582554517
2316,502,141,0.2192846034214619
2317,501,136,0.21350078492935637
2318,489,143,0.22626582278481014
2319,505,141,0.21826625386996903
2320,495,137,0.21677215189873417
2321,488,145,0.22906793048973143
2322,515,131,0.20278637770897834
2323,525,134,0.20333839150227617
2324,508,128,0.20125786163522014
2325,514,130,0.20186335403726707
2326,512,136,0.20987654320987653
2327,503,139,0.21651090342679127
2328,530,126,0.19207317073170732
2329,479,143,0.22990353697749197
2330,503,139,0.21651090342679127
2331,514,135,0.20801232665639446
2332,484,147,0.2329635499207607
2333,524,132,0.20121951219512196
2334,507,136,0.2115085536547434
2335,520,123,0.19129082426127528
2336,488,155,0.2410575427682737
2337,497,141,0.22100313479623823
2338,495,146,0.22776911076443057
2339,496,140,0.22012578616352202
2340,530,135,0.20300751879699247
2341,499,138,0.21664050235478807
2342,530,135,0.20300751879699247
2343,503,141,0.21894409937888198
2344,517,140,0.213089802130898
2345,508,138,0.21362229102167182
2346,484,150,0.23659305993690852
2347,508,138,0.21362229102167182
2348,517,125,0.19470404984423675
2349,513,131,0.20341614906832298
2350,507,137,0.2127329192546584
2351,517,139,0.21189024390243902
2352,478,144,0.2315112540192926
2353,524,126,0.19384615384615383
2354,502,142,0.2204968944099379
2355,514,138,0.2116564417177914
2356,501,145,0.22445820433436534
2357,504,143,0.22102009273570325
2358,494,141,0.2220472440944882
2359,506,138,0.21428571428571427
2360,490,153,0.2379471228615863
2361,518,135,0.20673813169984687
2362,516,140,0.21341463414634146
2363,509,134,0.208398133748056
2364,499,144,0.223950233281493
2365,498,149,0.2302936630602782
2366,506,137,0.2130637636080871
2367,506,142,0.2191358024691358
2368,518,133,0.20430107526881722
2369,483,147,0.23333333333333334
2370,502,141,0.2192846034214619
2371,485,148,0.23380726698262244
2372,507,138,0.21395348837209302
2373,504,140,0.21739130434782608
2374,519,138,0.2100456621004566
2375,484,140,0.22435897435897437
2376,503,137,0.2140625
2377,492,149,0.23244929797191888
2378,522,135,0.2054794520547945
2379,525,126,0.1935483870967742
2380,480,143,0.22953451043338685
2381,502,145,0.2241112828438949
2382,500,149,0.2295839753466872
2383,522,133,0.20305343511450383
2384,512,125,0.19623233908948196
2385,507,136,0.2115085536547434
2386,523,127,0.19538461538461538
2387,498,134,0.2120253164556962
2388,530,129,0.19575113808801214
2389,506,144,0.22153846153846155
2390,498,141,0.22065727699530516
2391,499,127,0.20287539936102236
2392,522,126,0.19444444444444445
2393,490,145,0.2283464566929134
2394,501,138,0.215962441314554
2395,480,152,0.24050632911392406
2396,498,146,0.2267080745341615
2397,490,146,0.22955974842767296
2398,480,144,0.23076923076923078
2399,511,130,0.20280811232449297
2400,497,138,0.2173228346456693
2401,498,130,0.2070063694267516
2402,516,136,0.2085889570552147
2403,506,144,0.22153846153846155
2404,505,134,0.20970266040688576
2405,502,135,0.2119309262166405
2406,497,134,0.21236133122028525
2407,490,149,0.23317683881064163
2408,497,147,0.22826086956521738
2409,500,145,0.2248062015503876
2410,495,135,0.21428571428571427
2411,492,142,0.22397476340694006
2412,512,134,0.20743034055727555
2413,504,142,0.21981424148606812
2414,523,117,0.1828125
2415,511,142,0.21745788667687596
2416,503,138,0.21528861154446177
2417,509,128,0.20094191522762953
2418,512,132,0.20496894409937888
2419,505,142,0.21947449768160743
2420,515,125,0.1953125
2421,516,133,0.2049306625577812
2422,503,143,0.22136222910216719
2423,500,135,0.2125984251968504
2424,508,135,0.2099533437013997
2425,516,134,0.20615384615384616
2426,523,130,0.1990811638591118
2427,500,136,0.2138364779874214
2428,500,139,0.21752738654147105
2429,492,139,0.2202852614896989
2430,525,130,0.1984732824427481
2431,496,143,0.2237871674491393
2432,507,144,0.22119815668202766
2433,485,145,0.23015873015873015
2434,526,125,0.19201228878648233
2435,496,148,0.22981366459627328
2436,498,141,0.22065727699530516
2437,529,129,0.196048632218845
2438,467,153,0.2467741935483871
2439,511,136,0.21020092735703247
2440,511,139,0.21384615384615385
2441,510,136,0.21052631578947367
2442,502,143,0.22170542635658916
2443,520,125,0.1937984496124031
2444,487,154,0.24024960998439937
2445,490,136,0.21725239616613418
2446,498,142,0.221875
2447,525,126,0.1935483870967742
2448,510,133,0.20684292379471228
2449,491,142,0.22432859399684044
2450,521,133,0.20336391437308868
2451,507,141,0.2175925925925926
2452,477,150,0.23923444976076555
2453,495,140,0.2204724409448819
2454,503,139,0.21651090342679127
2455,490,142,0.22468354430379747
2456,510,142,0.21779141104294478
2457,503,133,0.20911949685534592
2458,491,141,0.2231012658227848
2459,494,146,0.228125
2460,491,145,0.2279874213836478
2461,525,124,0.19106317411402157
2462,497,145,0.22585669781931464
2463,512,140,0.2147239263803681
2464,521,128,0.19722650231124808
2465,481,150,0.23771790808240886
2466,499,141,0.2203125
2467,492,136,0.21656050955414013
2468,498,145,0.2255054432348367
2469,518,135,0.20673813169984687
2470,516,135,0.2073732718894009
2471,509,133,0.2071651090342679
2472,485,145,0.23015873015873015
2473,528,127,0.19389312977099238
2474,498,138,0.2169811320754717
2475,502,132,0.2082018927444795
2476,501,139,0.2171875
2477,485,151,0.23742138364779874
2478,518,128,0.19814241486068113
2479,506,137,0.2130637636080871
2480,521,133,0.20336391437308868
2481,513,132,0.20465116279069767
2482,484,140,0.22435897435897437
2483,493,138,0.21870047543581617
2484,511,137,0.21141975308641975
2485,490,142,0.22468354430379747
2486,496,136,0.21518987341772153
2487,507,137,0.2127329192546584
2488,506,133,0.2081377151799687
2489,502,138,0.215625
2490,489,149,0.2335423197492163
2491,508,141,0.2172573189522342
2492,515,138,0.2113323124042879
2493,495,138,0.21800947867298578
2494,503,132,0.2078740157480315
2495,516,137,0.20980091883614088
2496,500,134,0.2113564668769716
2497,499,136,0.2141732283464567
2498,511,135,0.2089783281733746
2499,512,138,0.2123076923076923
2500,519,138,0.2100456621004566
2501,494,146,0.228125
2502,502,144,0.22291021671826625
2503,519,127,0.19659442724458204
2504,497,153,0.2353846153846154
2505,505,142,0.21947449768160743
2506,510,131,0.20436817472698907
2507,508,143,0.2196620583717358
2508,505,138,0.21461897356143078
2509,514,146,0.22121212121212122
2510,493,146,0.22848200312989045
2511,498,141,0.22065727699530516
2512,496,145,0.22620904836193448
2513,510,134,0.2080745341614907
2514,508,141,0.2172573189522342
2515,504,131,0.2062992125984252
2516,502,135,0.2119309262166405
2517,506,129,0.2031496062992126
2518,491,146,0.22919937205651492
2519,496,140,0.22012578616352202
2520,530,125,0.19083969465648856
2521,515,131,0.20278637770897834
2522,493,144,0.2260596546310832
2523,503,135,0.2115987460815047
2524,488,144,0.22784810126582278
2525,511,134,0.20775193798449612
2526,517,133,0.20461538461538462
2527,501,139,0.2171875
2528,514,139,0.21286370597243492
2529,518,128,0.19814241486068113
2530,525,135,0.20454545454545456
2531,518,126,0.1956521739130435
2532,506,139,0.21550387596899226
2533,503,139,0.21651090342679127
2534,496,133,0.21144674085850557
2535,527,132,0.20030349013657056
2536,491,139,0.22063492063492063
2537,483,139,0.22347266881028938
2538,511,134,0.20775193798449612
2539,497,142,0.2222222222222222
2540,497,143,0.2234375
2541,502,132,0.2082018927444795
2542,497,137,0.21608832807570977
2543,485,151,0.23742138364779874
2544,535,131,0.1966966966966967
2545,518,139,0.2115677321156773
2546,531,128,0.19423368740515934
2547,508,138,0.21362229102167182
2548,516,125,0.19500780031201248
2549,505,137,0.21339563862928349
2550,485,147,0.23259493670886075
2551,507,138,0.21395348837209302
2552,510,131,0.20436817472698907
2553,492,144,0.22641509433962265
2554,494,138,0.21835443037974683
2555,513,137,0.21076923076923076
2556,497,139,0.21855345911949686
2557,504,142,0.21981424148606812
2558,514,133,0.20556414219474498
2559,508,137,0.2124031007751938
2560,511,132,0.2052877138413686
2561,493,143,0.2248427672955975
2562,486,150,0.2358490566037736
2563,522,130,0.19938650306748465
2564,517,128,0.19844961240310077
2565,504,146,0.2246153846153846
2566,515,132,0.20401854714064915
2567,512,134,0.20743034055727555
2568,498,143,0.22308892355694226
2569,504,142,0.21981424148606812
2570,509,134,0.208398133748056
2571,516,137,0.20980091883614088
2572,500,135,0.2125984251968504
2573,510,135,0.20930232558139536
2574,509,137,0.21207430340557276
2575,499,133,0.21044303797468356
2576,508,134,0.2087227414330218
2577,498,142,0.221875
2578,532,122,0.18654434250764526
2579,523,134,0.2039573820395738
2580,508,137,0.2124031007751938
2581,492,138,0.21904761904761905
2582,508,128,0.20125786163522014
2583,511,139,0.21384615384615385
2584,504,143,0.22102009273570325
2585,508,138,0.21362229102167182
2586,517,131,0.2021604938271605
2587,506,146,0.22392638036809817
2588,502,137,0.21439749608763695
2589,492,150,0.2336448598130841
2590,474,153,0.24401913875598086
2591,474,146,0.23548387096774193
2592,499,144,0.223950233281493
2593,509,136,0.21085271317829457
2594,506,129,0.2031496062992126
2595,517,124,0.1934477379095164
2596,525,131,0.19969512195121952
2597,521,133,0.20336391437308868
2598,528,131,0.19878603945371776
2599,523,129,0.19785276073619631
2600,507,137,0.2127329192546584
2601,489,145,0.22870662460567823
2602,507,129,0.2028301886792453
2603,518,133,0.20430107526881722
2604,501,132,0.20853080568720378
2605,493,152,0.23565891472868217
2606,493,137,0.21746031746031746
2607,535,127,0.19184290030211482
2608,514,131,0.20310077519379846
2609,494,140,0.22082018927444794
2610,509,132,0.2059282371294852
2611,498,148,0.22910216718266255
2612,506,131,0.20565149136577707
2613,504,148,0.22699386503067484
2614,494,149,0.2317262830482115
2615,506,134,0.209375
2616,502,138,0.215625
2617,508,133,0.20748829953198128
2618,522,140,0.21148036253776434
2619,487,149,0.23427672955974843
2620,498,136,0.21451104100946372
2621,497,150,0.23183925811437403
2622,508,135,0.2099533437013997
2623,508,137,0.2124031007751938
2624,516,130,0.20123839009287925
2625,498,139,0.21821036106750394
2626,535,128,0.19306184012066366
2627,502,139,0.21684867394695787
2628,516,134,0.20615384615384616
2629,528,132,0.2
2630,503,142,0.22015503875968992
2631,482,150,0.23734177215189872
2632,522,135,0.2054794520547945
2633,502,134,0.21069182389937108
2634,476,142,0.2297734627831715
2635,501,140,0.21840873634945399
2636,503,141,0.21894409937888198
2637,494,135,0.21462639109697934
2638,531,127,0.19300911854103345
2639,512,140,0.2147239263803681
2640,487,141,0.22452229299363058
2641,515,137,0.21012269938650308
2642,510,133,0.20684292379471228
2643,503,131,0.20662460567823343
2644,512,146,0.22188449848024316
2645,503,139,0.21651090342679127
2646,538,119,0.1811263318112633
2647,490,141,0.22345483359746435
2648,504,134,0.21003134796238246
2649,527,130,0.197869101978691
2650,506,132,0.20689655172413793
2651,489,147,0.23113207547169812
2652,512,128,0.2
2653,511,141,0.21625766871165644
2654,492,152,0.2360248447204969
2655,514,140,0.21406727828746178
2656,526,127,0.19448698315467075
2657,512,133,0.2062015503875969
2658,535,121,0.18445121951219512
2659,507,139,0.21517027863777088
2660,484,141,0.2256
2661,501,134,0.2110236220472441
2662,501,141,0.21962616822429906
2663,482,151,0.23854660347551343
2664,516,131,0.20247295208655333
2665,505,144,0.2218798151001541
2666,492,149,0.23244929797191888
2667,518,129,0.19938176197836166
2668,518,134,0.20552147239263804
2669,514,135,0.20801232665639446
2670,487,138,0.2208
2671,501,141,0.21962616822429906
2672,500,137,0.2150706436420722
2673,499,141,0.2203125
2674,485,147,0.23259493670886075
2675,515,138,0.2113323124042879
2676,496,141,0.22135007849293564
2677,489,149,0.2335423197492163
2678,519,133,0.20398773006134968
2679,521,130,0.19969278033794163
2680,496,142,0.2225705329153605
2681,507,138,0.21395348837209302
2682,491,145,0.2279874213836478
2683,514,139,0.21286370597243492
2684,506,139,0.21550387596899226
2685,494,144,0.22570532915360503
2686,499,136,0.2141732283464567
2687,518,137,0.20916030534351146
2688,512,139,0.21351766513056836
2689,512,128,0.2
2690,497,141,0.22100313479623823
2691,514,145,0.22003034901365706
2692,506,139,0.21550387596899226
2693,510,139,0.21417565485362094
2694,487,146,0.23064770932069512
2695,490,138,0.2197452229299363
2696,496,148,0.22981366459627328
2697,527,135,0.2039274924471299
2698,499,139,0.21786833855799373
2699,489,137,0.21884984025559107
2700,501,139,0.2171875
2701,532,126,0.19148936170212766
2702,489,138,0.22009569377990432
2703,515,142,0.2161339421613394
2704,516,129,0.2
2705,484,145,0.23052464228934816
2706,501,136,0.21350078492935637
2707,506,132,0.20689655172413793
2708,498,139,0.21821036106750394
2709,486,141,0.22488038277511962
2710,497,144,0.22464898595943839
2711,493,138,0.21870047543581617
2712,512,136,0.20987654320987653
2713,513,126,0.19718309859154928
2714,501,136,0.21350078492935637
2715,501,141,0.21962616822429906
2716,505,140,0.21705426356589147
2717,499,141,0.2203125
2718,512,137,0.2110939907550077
2719,478,147,0.2352
2720,488,146,0.2302839116719243
2721,489,146,0.22992125984251968
2722,512,139,0.21351766513056836
2723,502,141,0.2192846034214619
2724,520,137,0.2085235920852359
2725,485,149,0.23501577287066247
2726,487,144,0.22820919175911253
2727,506,129,0.2031496062992126
2728,488,152,0.2375
2729,520,137,0.2085235920852359
2730,493,145,0.22727272727272727
2731,493,141,0.222397476340694
2732,486,150,0.2358490566037736
2733,507,140,0.21638330757341576
2734,518,137,0.20916030534351146
2735,510,133,0.20684292379471228
2736,525,128,0.19601837672281777
2737,529,130,0.19726858877086495
2738,491,149,0.2328125
2739,518,130,0.2006172839506173
2740,508,133,0.20748829953198128
2741,507,126,0.1990521327014218
2742,505,142,0.21947449768160743
2743,529,123,0.18865030674846625
2744,499,147,0.22755417956656346
2745,494,138,0.21835443037974683
2746,501,142,0.2208398133748056
2747,510,138,0.21296296296296297
2748,516,136,0.2085889570552147
2749,534,133,0.19940029985007496
2750,509,140,0.21571648690292758
2751,528,135,0.20361990950226244
2752,503,137,0.2140625
2753,510,133,0.20684292379471228
2754,507,136,0.2115085536547434
2755,487,145,0.22943037974683544
2756,495,148,0.2301710730948678
2757,513,134,0.2071097372488408
2758,481,147,0.2340764331210191
2759,490,146,0.22955974842767296
2760,519,129,0.19907407407407407
2761,512,133,0.2062015503875969
2762,511,131,0.20404984423676012
2763,505,132,0.20722135007849293
2764,510,137,0.2117465224111283
2765,506,145,0.2227342549923195
2766,510,135,0.20930232558139536
2767,528,126,0.1926605504587156
2768,531,129,0.19545454545454546
2769,509,142,0.21812596006144394
2770,502,136,0.21316614420062696
2771,518,139,0.2115677321156773
2772,510,137,0.2117465224111283
2773,497,129,0.20607028753993611
2774,521,136,0.2070015220700152
2775,513,128,0.1996879875195008
2776,503,141,0.21894409937888198
2777,502,142,0.2204968944099379
2778,511,135,0.2089783281733746
2779,478,146,0.23397435897435898
2780,506,141,0.21792890262751158
2781,504,142,0.21981424148606812
2782,517,127,0.1972049689440994
2783,511,132,0.2052877138413686
2784,499,130,0.2066772655007949
2785,502,141,0.2192846034214619
2786,514,135,0.20801232665639446
2787,490,145,0.2283464566929134
2788,512,135,0.20865533230293662
2789,514,134,0.20679012345679013
2790,503,137,0.2140625
2791,493,136,0.21621621621621623
2792,499,138,0.21664050235478807
2793,509,134,0.208398133748056
2794,501,138,0.215962441314554
2795,501,147,0.22685185185185186
2796,507,128,0.2015748031496063
2797,490,146,0.22955974842767296
2798,500,140,0.21875
2799,509,134,0.208398133748056
2800,539,121,0.18333333333333332
2801,494,145,0.2269170579029734
2802,510,137,0.2117465224111283
2803,517,131,0.2021604938271605
2804,479,151,0.2396825396825397
2805,513,140,0.21439509954058192
2806,504,139,0.2161741835147745
2807,510,135,0.20930232558139536
2808,520,140,0.21212121212121213
2809,511,131,0.20404984423676012
2810,488,147,0.231496062992126
2811,515,138,0.2113323124042879
2812,521,131,0.200920245398773
2813,510,135,0.20930232558139536
2814,515,136,0.20890937019969277
2815,504,138,0.21495327102803738
2816,527,126,0.19295558958652373
2817,505,136,0.2121684867394696
2818,521,139,0.2106060606060606
2819,517,141,0.21428571428571427
2820,504,143,0.22102009273570325
2821,510,139,0.21417565485362094
2822,504,139,0.2161741835147745
2823,494,138,0.21835443037974683
2824,505,132,0.20722135007849293
2825,483,141,0.22596153846153846
2826,489,135,0.21634615384615385
2827,499,129,0.2054140127388535
2828,513,133,0.20588235294117646
2829,495,148,0.2301710730948678
2830,483,135,0.21844660194174756
2831,495,139,0.2192429022082019
2832,500,136,0.2138364779874214
2833,522,133,0.20305343511450383
2834,476,163,0.25508607198748046
2835,496,140,0.22012578616352202
2836,516,134,0.20615384615384616
2837,513,116,0.18441971383147854
2838,513,134,0.2071097372488408
2839,514,138,0.2116564417177914
2840,502,145,0.2241112828438949
2841,511,135,0.2089783281733746
2842,527,135,0.2039274924471299
2843,493,137,0.21746031746031746
2844,513,140,0.21439509954058192
2845,532,120,0.18404907975460122
2846,490,140,0.2222222222222222
2847,527,132,0.20030349013657056
2848,487,151,0.23667711598746083
2849,514,140,0.21406727828746178
2850,508,140,0.21604938271604937
2851,488,148,0.23270440251572327
2852,500,142,0.22118380062305296
2853,525,129,0.19724770642201836
2854,517,130,0.2009273570324575
2855,522,134,0.20426829268292682
2856,503,143,0.22136222910216719
2857,464,154,0.24919093851132687
2858,499,141,0.2203125
2859,509,126,0.1984251968503937
2860,502,137,0.21439749608763695
2861,520,128,0.19753086419753085
2862,514,129,0.2006220839813375
2863,523,132,0.2015267175572519
2864,489,147,0.23113207547169812
2865,507,134,0.20904836193447737
2866,481,147,0.2340764331210191
2867,519,124,0.19284603421461896
2868,481,153,0.24132492113564669
2869,514,136,0.20923076923076922
2870,523,134,0.2039573820395738
2871,533,130,0.19607843137254902
2872,513,140,0.21439509954058192
2873,502,138,0.215625
2874,514,135,0.20801232665639446
2875,509,140,0.21571648690292758
2876,502,144,0.22291021671826625
2877,515,136,0.20890937019969277
2878,485,144,0.2289348171701113
2879,509,137,0.21207430340557276
2880,501,133,0.20977917981072555
2881,520,137,0.2085235920852359
2882,511,149,0.22575757575757577
2883,513,134,0.2071097372488408
2884,491,146,0.22919937205651492
2885,492,143,0.2251968503937008
2886,494,138,0.21835443037974683
2887,508,137,0.2124031007751938
2888,506,134,0.209375
2889,472,153,0.2448
2890,501,137,0.21473354231974923
2891,528,130,0.19756838905775076
2892,492,140,0.22151898734177214
2893,519,137,0.20884146341463414
2894,524,131,0.2
2895,508,132,0.20625
2896,495,142,0.22291993720565148
2897,516,138,0.21100917431192662
2898,508,142,0.21846153846153846
2899,505,135,0.2109375
2900,498,154,0.2361963190184049
2901,507,140,0.21638330757341576
2902,509,133,0.2071651090342679
2903,500,134,0.2113564668769716
2904,524,134,0.20364741641337386
2905,511,133,0.20652173913043478
2906,477,152,0.24165341812400637
2907,500,141,0.21996879875195008
2908,511,133,0.20652173913043478
2909,479,146,0.2336
2910,521,121,0.18847352024922118
2911,480,149,0.2368839427662957
2912,534,125,0.18968133535660092
2913,527,122,0.18798151001540833
2914,533,120,0.18376722817764166
2915,488,148,0.23270440251572327
2916,495,144,0.22535211267605634
2917,500,143,0.2223950233281493
2918,498,145,0.2255054432348367
2919,508,139,0.21483771251931993
2920,496,140,0.22012578616352202
2921,495,144,0.22535211267605634
2922,505,137,0.21339563862928349
2923,523,131,0.20030581039755352
2924,485,148,0.23380726698262244
2925,479,142,0.2286634460547504
2926,521,128,0.19722650231124808
2927,503,140,0.2177293934681182
2928,492,143,0.2251968503937008
2929,511,137,0.21141975308641975
2930,495,145,0.2265625
2931,499,139,0.21786833855799373
2932,537,126,0.19004524886877827
2933,499,141,0.2203125
2934,499,139,0.21786833855799373
2935,521,135,0.20579268292682926
2936,528,126,0.1926605504587156
2937,523,123,0.19040247678018576
2938,522,129,0.19815668202764977
2939,506,138,0.21428571428571427
2940,500,141,0.21996879875195008
2941,504,134,0.21003134796238246
2942,489,146,0.22992125984251968
2943,491,149,0.2328125
2944,518,130,0.2006172839506173
2945,508,138,0.21362229102167182
2946,507,134,0.20904836193447737
2947,502,136,0.21316614420062696
2948,510,133,0.20684292379471228
2949,493,139,0.2199367088607595
2950,500,144,0.2236024844720497
2951,515,139,0.21253822629969418
2952,466,157,0.2520064205457464
2953,500,133,0.21011058451816747
2954,508,140,0.21604938271604937
2955,496,140,0.22012578616352202
2956,511,134,0.20775193798449612
2957,516,130,0.20123839009287925
2958,493,140,0.2211690363349131
2959,489,143,0.22626582278481014
2960,520,134,0.20489296636085627
2961,522,122,0.18944099378881987
2962,499,141,0.2203125
2963,510,128,0.2006269592476489
2964,509,134,0.208398133748056
2965,498,143,0.22308892355694226
2966,501,132,0.20853080568720378
2967,503,136,0.21283255086071987
2968,494,149,0.2317262830482115
2969,506,133,0.2081377151799687
2970,508,130,0.20376175548589343
2971,519,139,0.21124620060790272
2972,500,133,0.21011058451816747
2973,495,142,0.22291993720565148
2974,520,133,0.20367534456355282
2975,524,128,0.19631901840490798
2976,501,147,0.22685185185185186
2977,504,131,0.2062992125984252
2978,504,137,0.21372854914196568
2979,493,145,0.22727272727272727
2980,505,139,0.21583850931677018
2981,493,144,0.2260596546310832
2982,529,132,0.19969742813918306
2983,519,132,0.20276497695852536
2984,492,140,0.22151898734177214
2985,511,131,0.20404984423676012
2986,505,134,0.20970266040688576
2987,493,142,0.22362204724409449
2988,507,144,0.22119815668202766
2989,500,142,0.22118380062305296
2990,505,134,0.20970266040688576
2991,504,133,0.2087912087912088
2992,490,144,0.22712933753943218
2993,491,150,0.23400936037441497
2994,491,137,0.21815286624203822
2995,522,124,0.19195046439628483
2996,502,146,0.22530864197530864
2997,506,137,0.2130637636080871
2998,486,148,0.2334384858044164
2999,507,135,0.2102803738317757
3000,521,137,0.20820668693009117
3001,508,127,0.2
3002,484,149,0.2353870458135861
3003,480,153,0.24170616113744076
3004,508,142,0.21846153846153846
3005,510,145,0.22137404580152673
3006,513,138,0.2119815668202765
3007,517,132,0.2033898305084746
3008,509,135,0.2096273291925466
3009,516,134,0.20615384615384616
3010,492,142,0.22397476340694006
3011,500,129,0.20508744038155802
3012,513,132,0.20465116279069767
3013,497,138,0.2173228346456693
3014,508,138,0.21362229102167182
3015,502,147,0.22650231124807396
3016,503,137,0.2140625
3017,490,136,0.21725239616613418
3018,490,155,0.24031007751937986
3019,501,133,0.20977917981072555
3020,496,145,0.22620904836193448
3021,499,134,0.21169036334913113
3022,485,142,0.22647527910685805
3023,514,138,0.2116564417177914
3024,487,147,0.23186119873817035
3025,508,138,0.21362229102167182
3026,467,145,0.2369281045751634
3027,494,138,0.21835443037974683
3028,499,131,0.20793650793650795
3029,493,141,0.222397476340694
3030,534,133,0.19940029985007496
3031,505,130,0.2047244094488189
3032,497,135,0.21360759493670886
3033,511,137,0.21141975308641975
3034,506,140,0.21671826625386997
3035,506,148,0.22629969418960244
3036,499,134,0.21169036334913113
3037,504,142,0.21981424148606812
3038,486,141,0.22488038277511962
3039,503,148,0.22734254992319508
3040,512,141,0.21592649310872894
3041,497,139,0.21855345911949686
3042,516,123,0.19248826291079812
3043,505,132,0.20722135007849293
3044,508,136,0.2111801242236025
3045,507,129,0.2028301886792453
3046,497,142,0.2222222222222222
3047,494,141,0.2220472440944882
3048,496,149,0.2310077519379845
3049,510,141,0.21658986175115208
3050,488,136,0.21794871794871795
3051,484,156,0.24375
3052,489,141,0.22380952380952382
3053,505,137,0.21339563862928349
3054,510,136,0.21052631578947367
3055,511,134,0.20775193798449612
3056,508,134,0.2087227414330218
3057,495,138,0.21800947867298578
3058,500,137,0.2150706436420722
3059,509,134,0.208398133748056
3060,520,130,0.2
3061,484,147,0.2329635499207607
3062,489,147,0.23113207547169812
3063,493,145,0.22727272727272727
3064,515,128,0.19906687402799378
3065,492,148,0.23125
3066,522,139,0.2102874432677761
3067,514,132,0.2043343653250774
3068,498,138,0.2169811320754717
3069,506,139,0.21550387596899226
3070,504,139,0.2161741835147745
3071,511,135,0.2089783281733746
3072,501,149,0.22923076923076924
3073,518,127,0.19689922480620156
3074,508,135,0.2099533437013997
3075,505,133,0.2084639498432602
3076,506,142,0.2191358024691358
3077,534,124,0.1884498480243161
3078,496,146,0.22741433021806853
3079,500,136,0.2138364779874214
3080,502,145,0.2241112828438949
3081,515,134,0.20647149460708783
3082,487,149,0.23427672955974843
3083,501,135,0.21226415094339623
3084,507,141,0.2175925925925926
3085,496,145,0.22620904836193448
3086,522,128,0.19692307692307692
3087,497,136,0.21484992101105846
3088,506,138,0.21428571428571427
3089,476,143,0.2310177705977383
3090,502,141,0.2192846034214619
3091,506,135,0.21060842433697347
3092,508,129,0.20251177394034536
3093,515,131,0.20278637770897834
3094,507,133,0.2078125
3095,491,142,0.22432859399684044
3096,511,138,0.21263482280431434
3097,518,130,0.2006172839506173
3098,504,135,0.2112676056338028
3099,517,142,0.21547799696509864
3100,514,141,0.2152671755725191
3101,502,138,0.215625
3102,486,146,0.2310126582278481
3103,504,137,0.21372854914196568
3104,485,147,0.23259493670886075
3105,522,132,0.2018348623853211
3106,509,145,0.2217125382262997
3107,494,146,0.228125
3108,520,137,0.2085235920852359
3109,499,135,0.21293375394321767
3110,490,142,0.22468354430379747
3111,507,137,0.2127329192546584
3112,496,142,0.2225705329153605
3113,512,136,0.20987654320987653
3114,508,139,0.21483771251931993
3115,498,137,0.215748031496063
3116,492,138,0.21904761904761905
3117,487,155,0.24143302180685358
3118,499,147,0.22755417956656346
3119,505,137,0.21339563862928349
3120,491,149,0.2328125
3121,510,137,0.2117465224111283
3122,496,148,0.22981366459627328
3123,504,138,0.21495327102803738
3124,505,145,0.2230769230769231
3125,511,132,0.2052877138413686
3126,511,140,0.21505376344086022
3127,519,133,0.20398773006134968
3128,503,136,0.21283255086071987
3129,509,142,0.21812596006144394
3130,520,136,0.2073170731707317
3131,513,135,0.20833333333333334
3132,499,146,0.22635658914728682
3133,508,142,0.21846153846153846
3134,509,135,0.2096273291925466
3135,503,145,0.22376543209876543
3136,511,134,0.20775193798449612
3137,513,132,0.20465116279069767
3138,493,148,0.23088923556942278
3139,498,140,0.219435736677116
3140,494,144,0.22570532915360503
3141,506,140,0.21671826625386997
3142,510,138,0.21296296296296297
3143,507,140,0.21638330757341576
3144,510,137,0.2117465224111283
3145,509,130,0.20344287949921752
3146,507,133,0.2078125
3147,499,142,0.22152886115444617
3148,500,143,0.2223950233281493
3149,504,137,0.21372854914196568
3150,505,142,0.21947449768160743
3151,531,130,0.19667170953101362
3152,515,140,0.21374045801526717
3153,502,136,0.21316614420062696
3154,499,138,0.21664050235478807
3155,508,136,0.2111801242236025
3156,487,141,0.22452229299363058
3157,518,139,0.2115677321156773
3158,503,137,0.2140625
3159,515,134,0.20647149460708783
3160,512,137,0.2110939907550077
3161,491,156,0.241112828438949
3162,508,127,0.2
3163,496,133,0.21144674085850557
3164,512,136,0.20987654320987653
3165,495,145,0.2265625
3166,508,136,0.2111801242236025
3167,512,135,0.20865533230293662
3168,487,149,0.23427672955974843
3169,509,139,0.21450617283950618
3170,518,132,0.20307692307692307
3171,510,132,0.205607476635514
3172,509,139,0.21450617283950618
3173,500,146,0.2260061919504644
3174,496,147,0.2286158631415241
3175,498,141,0.22065727699530516
3176,506,135,0.21060842433697347
3177,500,135,0.2125984251968504
3178,504,145,0.22342064714946072
3179,504,132,0.20754716981132076
3180,488,156,0.2422360248447205
3181,489,142,0.22503961965134706
3182,506,135,0.21060842433697347
3183,488,132,0.2129032258064516
3184,472,144,0.23376623376623376
3185,511,141,0.21625766871165644
3186,496,141,0.22135007849293564
3187,513,141,0.21559633027522937
3188,500,144,0.2236024844720497
3189,511,139,0.21384615384615385
3190,493,137,0.21746031746031746
3191,485,142,0.22647527910685805
3192,501,140,0.21840873634945399
3193,521,129,0.19846153846153847
3194,495,138,0.21800947867298578
3195,511,136,0.21020092735703247
3196,518,130,0.2006172839506173
3197,521,129,0.19846153846153847
3198,508,129,0.20251177394034536
3199,512,136,0.20987654320987653
3200,498,140,0.219435736677116
3201,510,135,0.20930232558139536
3202,489,150,0.2347417840375587
3203,515,137,0.21012269938650308
3204,491,148,0.23161189358372458
3205,492,143,0.2251968503937008
3206,505,135,0.2109375
3207,509,133,0.2071651090342679
3208,504,136,0.2125
3209,504,143,0.22102009273570325
3210,482,148,0.23492063492063492
3211,515,133,0.2052469135802469
3212,502,138,0.215625
3213,515,134,0.20647149460708783
3214,479,152,0.24088748019017434
3215,514,132,0.2043343653250774
3216,497,139,0.21855345911949686
3217,492,145,0.22762951334379905
3218,530,127,0.1933028919330289
3219,513,130,0.20217729393468117
3220,509,138,0.2132921174652241
3221,519,128,0.19783616692426584
3222,498,141,0.22065727699530516
3223,495,144,0.22535211267605634
3224,506,133,0.2081377151799687
3225,520,132,0.20245398773006135
3226,514,133,0.20556414219474498
3227,501,133,0.20977917981072555
3228,503,135,0.2115987460815047
3229,512,132,0.20496894409937888
3230,509,136,0.21085271317829457
3231,516,131,0.20247295208655333
3232,516,133,0.2049306625577812
3233,508,140,0.21604938271604937
3234,492,146,0.22884012539184953
3235,518,128,0.19814241486068113
3236,501,138,0.215962441314554
3237,491,147,0.2304075235109718
3238,492,142,0.22397476340694006
3239,503,137,0.2140625
3240,501,132,0.20853080568720378
3241,501,146,0.22565687789799072
3242,509,134,0.208398133748056
3243,476,139,0.22601626016260162
3244,501,134,0.2110236220472441
3245,505,141,0.21826625386996903
3246,498,142,0.221875
3247,511,141,0.21625766871165644
3248,482,151,0.23854660347551343
3249,500,135,0.2125984251968504
3250,485,141,0.22523961661341854
3251,515,142,0.2161339421613394
3252,520,138,0.20972644376899696
3253,501,141,0.21962616822429906
3254,495,144,0.22535211267605634
3255,524,132,0.20121951219512196
3256,515,139,0.21253822629969418
3257,514,125,0.19561815336463223
3258,519,129,0.19907407407407407
3259,495,143,0.22413793103448276
3260,469,153,0.2459807073954984
3261,484,144,0.22929936305732485
3262,490,142,0.22468354430379747
3263,511,130,0.20280811232449297
3264,500,138,0.21630094043887146
3265,508,131,0.20500782472613457
3266,508,137,0.2124031007751938
3267,504,133,0.2087912087912088
3268,493,142,0.22362204724409449
3269,513,139,0.21319018404907975
3270,498,143,0.22308892355694226
3271,488,141,0.22416534181240064
3272,509,133,0.2071651090342679
3273,508,134,0.2087227414330218
3274,509,139,0.21450617283950618
3275,509,136,0.21085271317829457
3276,514,136,0.20923076923076922
3277,504,137,0.21372854914196568
3278,496,134,0.2126984126984127
3279,505,139,0.21583850931677018
3280,509,143,0.21932515337423314
3281,515,122,0.19152276295133439
3282,522,131,0.2006125574272588
3283,513,133,0.20588235294117646
3284,480,144,0.23076923076923078
3285,490,148,0.23197492163009403
3286,500,139,0.21752738654147105
3287,523,131,0.20030581039755352
3288,518,129,0.19938176197836166
3289,528,123,0.1889400921658986
3290,510,125,0.1968503937007874
3291,519,138,0.2100456621004566
3292,520,127,0.19629057187017002
3293,517,136,0.2082695252679939
3294,497,142,0.2222222222222222
3295,493,137,0.21746031746031746
3296,491,143,0.22555205047318613
3297,507,143,0.22
3298,506,137,0.2130637636080871
3299,479,144,0.23113964686998395
3300,506,136,0.2118380062305296
3301,513,132,0.20465116279069767
3302,492,148,0.23125
3303,520,129,0.1987673343605547
3304,511,130,0.20280811232449297
3305,473,147,0.23709677419354838
3306,505,129,0.20347003154574134
3307,485,147,0.23259493670886075
3308,486,147,0.23222748815165878
3309,511,136,0.21020092735703247
3310,524,133,0.2024353120243531
3311,516,129,0.2
3312,502,140,0.21806853582554517
3313,502,139,0.21684867394695787
3314,513,131,0.20341614906832298
3315,502,141,0.2192846034214619
3316,486,144,0.22857142857142856
3317,507,140,0.21638330757341576
3318,506,144,0.22153846153846155
3319,503,144,0.22256568778979907
3320,498,148,0.22910216718266255
3321,502,146,0.22530864197530864
3322,482,141,0.22632423756019263
3323,498,139,0.21821036106750394
3324,494,133,0.21212121212121213
3325,507,143,0.22
3326,507,135,0.2102803738317757
3327,498,147,0.22790697674418606
3328,509,128,0.20094191522762953
3329,502,145,0.2241112828438949
3330,485,149,0.23501577287066247
3331,473,154,0.24561403508771928
3332,493,143,0.2248427672955975
3333,509,138,0.2132921174652241
3334,489,148,0.23233908948194662
3335,499,135,0.21293375394321767
3336,508,131,0.20500782472613457
3337,490,145,0.2283464566929134
3338,512,134,0.20743034055727555
3339,497,136,0.21484992101105846
3340,494,143,0.22448979591836735
3341,503,135,0.2115987460815047
3342,503,142,0.22015503875968992
3343,511,139,0.21384615384615385
3344,491,152,0.2363919129082426
3345,493,147,0.2296875
3346,497,135,0.21360759493670886
3347,494,145,0.2269170579029734
3348,496,128,0.20512820512820512
3349,503,137,0.2140625
3350,508,149,0.2267884322678843
3351,520,135,0.20610687022900764
3352,515,136,0.20890937019969277
3353,512,136,0.20987654320987653
3354,526,133,0.20182094081942337
3355,514,132,0.2043343653250774
3356,498,143,0.22308892355694226
3357,518,139,0.2115677321156773
3358,501,142,0.2208398133748056
3359,506,135,0.21060842433697347
3360,510,132,0.205607476635514
3361,482,152,0.23974763406940064
3362,503,144,0.22256568778979907
3363,502,136,0.21316614420062696
3364,521,127,0.19598765432098766
3365,507,133,0.2078125
3366,491,143,0.22555205047318613
3367,511,128,0.20031298904538342
3368,485,144,0.2289348171701113
3369,493,151,0.234472049689441
3370,522,129,0.19815668202764977
3371,516,125,0.19500780031201248
3372,497,148,0.22945736434108527
3373,523,124,0.19165378670788252
3374,510,130,0.203125
3375,522,132,0.2018348623853211
3376,508,133,0.20748829953198128
3377,509,131,0.2046875
3378,504,142,0.21981424148606812
3379,502,136,0.21316614420062696
3380,490,148,0.23197492163009403
3381,528,133,0.20121028744326777
3382,498,135,0.2132701421800948
3383,505,145,0.2230769230769231
3384,506,138,0.21428571428571427
3385,510,142,0.21779141104294478
3386,476,150,0.23961661341853036
3387,507,143,0.22
3388,505,140,0.21705426356589147
3389,509,133,0.2071651090342679
3390,509,141,0.2169230769230769
3391,493,143,0.2248427672955975
3392,498,148,0.22910216718266255
3393,505,132,0.20722135007849293
3394,527,134,0.2027231467473525
3395,522,129,0.19815668202764977
3396,511,135,0.2089783281733746
3397,507,138,0.21395348837209302
3398,497,138,0.2173228346456693
3399,511,137,0.21141975308641975
3400,503,132,0.2078740157480315
3401,497,128,0.2048
3402,492,145,0.22762951334379905
3403,511,141,0.21625766871165644
3404,506,136,0.2118380062305296
3405,517,128,0.19844961240310077
3406,512,140,0.2147239263803681
3407,472,154,0.24600638977635783
3408,518,133,0.20430107526881722
3409,518,130,0.2006172839506173
3410,494,144,0.22570532915360503
3411,514,135,0.20801232665639446
3412,525,130,0.1984732824427481
3413,485,143,0.22770700636942676
3414,512,136,0.20987654320987653
3415,499,139,0.21786833855799373
3416,487,144,0.22820919175911253
3417,499,131,0.20793650793650795
3418,484,152,0.2389937106918239
3419,520,134,0.20489296636085627
3420,497,136,0.21484992101105846
3421,501,124,0.1984
3422,509,137,0.21207430340557276
3423,513,141,0.21559633027522937
3424,501,139,0.2171875
3425,502,138,0.215625
3426,499,147,0.22755417956656346
3427,488,142,0.2253968253968254
3428,533,137,0.2044776119402985
3429,509,132,0.2059282371294852
3430,479,148,0.23604465709728867
3431,495,150,0.23255813953488372
3432,507,142,0.21879815100154082
3433,528,125,0.19142419601837674
3434,505,136,0.2121684867394696
3435,494,139,0.21958925750394945
3436,491,136,0.21690590111642744
3437,497,143,0.2234375
3438,516,131,0.20247295208655333
3439,500,142,0.22118380062305296
3440,513,135,0.20833333333333334
3441,490,139,0.22098569157392686
3442,502,143,0.22170542635658916
3443,506,135,0.21060842433697347
3444,514,126,0.196875
3445,509,138,0.2132921174652241
3446,505,135,0.2109375
3447,515,136,0.20890937019969277
3448,503,146,0.22496147919876733
3449,504,138,0.21495327102803738
3450,498,144,0.22429906542056074
3451,509,127,0.19968553459119498
3452,511,134,0.20775193798449612
3453,499,139,0.21786833855799373
3454,499,144,0.223950233281493
3455,521,128,0.19722650231124808
3456,515,129,0.20031055900621117
3457,517,132,0.2033898305084746
3458,514,143,0.2176560121765601
3459,505,133,0.2084639498432602
3460,531,134,0.20150375939849624
3461,488,148,0.23270440251572327
3462,501,144,0.22325581395348837
3463,489,147,0.23113207547169812
3464,505,145,0.2230769230769231
3465,510,135,0.20930232558139536
3466,503,137,0.2140625
3467,485,150,0.23622047244094488
3468,490,140,0.2222222222222222
3469,491,146,0.22919937205651492
3470,528,121,0.1864406779661017
3471,503,131,0.20662460567823343
3472,510,136,0.21052631578947367
3473,494,142,0.22327044025157233
3474,508,144,0.22085889570552147
3475,495,146,0.22776911076443057
3476,506,131,0.20565149136577707
3477,489,140,0.22257551669316375
3478,515,133,0.2052469135802469
3479,509,139,0.21450617283950618
3480,513,132,0.20465116279069767
3481,529,126,0.19236641221374046
3482,515,140,0.21374045801526717
3483,509,134,0.208398133748056
3484,517,126,0.19595645412130638
3485,513,124,0.1946624803767661
3486,520,136,0.2073170731707317
3487,504,140,0.21739130434782608
3488,497,143,0.2234375
3489,486,150,0.2358490566037736
3490,499,138,0.21664050235478807
3491,498,138,0.2169811320754717
3492,524,124,0.19135802469135801
3493,530,127,0.1933028919330289
3494,492,147,0.2300469483568075
3495,508,139,0.21483771251931993
3496,488,137,0.2192
3497,497,143,0.2234375
3498,482,142,0.22756410256410256
3499,509,132,0.2059282371294852
3500,476,148,0.23717948717948717
3501,507,138,0.21395348837209302
3502,497,136,0.21484992101105846
3503,509,141,0.2169230769230769
3504,494,146,0.228125
3505,504,147,0.22580645161290322
3506,503,133,0.20911949685534592
3507,497,148,0.22945736434108527
3508,495,133,0.21178343949044587
3509,492,140,0.22151898734177214
3510,513,137,0.21076923076923076
3511,528,130,0.19756838905775076
3512,496,134,0.2126984126984127
3513,501,134,0.2110236220472441
3514,502,141,0.2192846034214619
3515,497,135,0.21360759493670886
3516,508,135,0.2099533437013997
3517,492,143,0.2251968503937008
3518,512,134,0.20743034055727555
3519,510,130,0.203125
3520,513,129,0.20093457943925233
3521,505,142,0.21947449768160743
3522,497,144,0.22464898595943839
3523,512,128,0.2
3524,521,135,0.20579268292682926
3525,509,135,0.2096273291925466
3526,493,137,0.21746031746031746
3527,512,132,0.20496894409937888
3528,515,138,0.2113323124042879
3529,515,125,0.1953125
3530,504,145,0.22342064714946072
3531,506,138,0.21428571428571427
3532,481,152,0.2401263823064771
3533,513,134,0.2071097372488408
3534,506,127,0.20063191153238547
3535,500,137,0.2150706436420722
3536,500,134,0.2113564668769716
3537,510,135,0.20930232558139536
3538,500,142,0.22118380062305296
3539,513,128,0.1996879875195008
3540,506,143,0.22033898305084745
3541,494,150,0.2329192546583851
3542,496,134,0.2126984126984127
3543,522,127,0.19568567026194145
3544,502,136,0.21316614420062696
3545,500,140,0.21875
3546,500,145,0.2248062015503876
3547,492,142,0.22397476340694006
3548,506,146,0.22392638036809817
3549,487,141,0.22452229299363058
3550,509,138,0.2132921174652241
3551,527,123,0.18923076923076923
3552,497,139,0.21855345911949686
3553,522,139,0.2102874432677761
3554,534,124,0.1884498480243161
3555,491,145,0.2279874213836478
3556,493,148,0.23088923556942278
3557,495,142,0.22291993720565148
3558,509,135,0.2096273291925466
3559,480,150,0.23809523809523808
3560,518,125,0.19440124416796267
3561,516,135,0.2073732718894009
3562,517,144,0.2178517397881997
3563,516,130,0.20123839009287925
3564,516,134,0.20615384615384616
3565,505,131,0.2059748427672956
3566,505,132,0.20722135007849293
3567,534,117,0.17972350230414746
3568,506,122,0.1942675159235669
3569,497,141,0.22100313479623823
3570,500,142,0.22118380062305296
3571,507,139,0.21517027863777088
3572,511,137,0.21141975308641975
3573,508,139,0.21483771251931993
3574,514,131,0.20310077519379846
3575,501,139,0.2171875
3576,484,146,0.23174603174603176
3577,519,132,0.20276497695852536
3578,511,127,0.19905956112852666
3579,531,130,0.19667170953101362
3580,494,147,0.22932917316692666
3581,515,124,0.19405320813771518
3582,499,139,0.21786833855799373
3583,522,133,0.20305343511450383
3584,491,144,0.22677165354330708
3585,505,135,0.2109375
3586,503,138,0.21528861154446177
3587,482,145,0.23125996810207336
3588,497,142,0.2222222222222222
3589,500,146,0.2260061919504644
3590,506,138,0.21428571428571427
3591,513,135,0.20833333333333334
3592,511,138,0.21263482280431434
3593,504,136,0.2125
3594,522,134,0.20426829268292682
3595,501,137,0.21473354231974923
3596,496,148,0.22981366459627328
3597,487,142,0.22575516693163752
3598,496,153,0.2357473035439137
3599,531,128,0.19423368740515934
3600,514,131,0.20310077519379846
3601,506,139,0.21550387596899226
3602,516,134,0.20615384615384616
3603,520,136,0.2073170731707317
3604,495,151,0.23374613003095976
3605,515,139,0.21253822629969418
3606,490,146,0.22955974842767296
3607,512,136,0.20987654320987653
3608,495,143,0.22413793103448276
3609,519,127,0.19659442724458204
3610,491,142,0.22432859399684044
3611,501,132,0.20853080568720378
3612,494,139,0.21958925750394945
3613,509,135,0.2096273291925466
3614,514,143,0.2176560121765601
3615,495,150,0.23255813953488372
3616,489,148,0.23233908948194662
3617,517,135,0.20705521472392638
3618,509,140,0.21571648690292758
3619,504,144,0.2222222222222222
3620,503,137,0.2140625
3621,515,137,0.21012269938650308
3622,516,134,0.20615384615384616
3623,508,137,0.2124031007751938
3624,497,146,0.22706065318818042
3625,496,150,0.23219814241486067
3626,507,126,0.1990521327014218
3627,511,134,0.20775193798449612
3628,490,139,0.22098569157392686
3629,498,147,0.22790697674418606
3630,504,137,0.21372854914196568
3631,491,143,0.22555205047318613
3632,496,145,0.22620904836193448
3633,504,135,0.2112676056338028
3634,501,142,0.2208398133748056
3635,501,143,0.2220496894409938
3636,510,136,0.21052631578947367
3637,498,145,0.2255054432348367
3638,504,142,0.21981424148606812
3639,502,144,0.22291021671826625
3640,514,127,0.1981279251170047
3641,513,137,0.21076923076923076
3642,507,142,0.21879815100154082
3643,514,139,0.21286370597243492
3644,500,135,0.2125984251968504
3645,500,133,0.21011058451816747
3646,513,138,0.2119815668202765
3647,500,137,0.2150706436420722
3648,507,133,0.2078125
3649,505,149,0.22782874617737003
3650,509,139,0.21450617283950618
3651,495,147,0.22897196261682243
3652,519,138,0.2100456621004566
3653,506,140,0.21671826625386997
3654,512,129,0.20124804992199688
3655,505,142,0.21947449768160743
3656,508,140,0.21604938271604937
3657,506,146,0.22392638036809817
3658,508,148,0.22560975609756098
3659,521,139,0.2106060606060606
3660,504,142,0.21981424148606812
3661,489,141,0.22380952380952382
3662,508,133,0.20748829953198128
3663,509,132,0.2059282371294852
3664,521,130,0.19969278033794163
3665,504,131,0.2062992125984252
3666,507,137,0.2127329192546584
3667,493,143,0.2248427672955975
3668,508,143,0.2196620583717358
3669,504,138,0.21495327102803738
3670,478,149,0.23763955342902712
3671,504,144,0.2222222222222222
3672,518,126,0.1956521739130435
3673,501,143,0.2220496894409938
3674,524,129,0.19754977029096477
3675,506,135,0.21060842433697347
3676,483,150,0.23696682464454977
3677,498,146,0.2267080745341615
3678,502,147,0.22650231124807396
3679,510,140,0.2153846153846154
3680,493,144,0.2260596546310832
3681,495,146,0.22776911076443057
3682,503,140,0.2177293934681182
3683,490,146,0.22955974842767296
3684,517,134,0.20583717357910905
3685,515,138,0.2113323124042879
3686,506,142,0.2191358024691358
3687,493,142,0.22362204724409449
3688,512,135,0.20865533230293662
3689,507,132,0.20657276995305165
3690,477,148,0.2368
3691,493,142,0.22362204724409449
3692,511,142,0.21745788667687596
3693,524,118,0.1838006230529595
3694,501,140,0.21840873634945399
3695,501,136,0.21350078492935637
3696,489,142,0.22503961965134706
3697,505,140,0.21705426356589147
3698,503,142,0.22015503875968992
3699,503,138,0.21528861154446177
3700,512,124,0.1949685534591195
3701,517,134,0.20583717357910905
3702,502,130,0.20569620253164558
3703,493,141,0.222397476340694
3704,500,140,0.21875
3705,511,134,0.20775193798449612
3706,484,140,0.22435897435897437
3707,496,138,0.21766561514195584
3708,514,137,0.21044546850998463
3709,499,142,0.22152886115444617
3710,498,148,0.22910216718266255
3711,498,150,0.23148148148148148
3712,521,119,0.1859375
3713,503,136,0.21283255086071987
3714,489,136,0.2176
3715,529,132,0.19969742813918306
3716,477,147,0.23557692307692307
3717,513,129,0.20093457943925233
3718,493,139,0.2199367088607595
3719,505,143,0.22067901234567902
3720,514,127,0.1981279251170047
3721,500,144,0.2236024844720497
3722,514,132,0.2043343653250774
3723,511,136,0.21020092735703247
3724,516,134,0.20615384615384616
3725,516,120,0.18867924528301888
3726,490,142,0.22468354430379747
3727,514,133,0.20556414219474498
3728,515,140,0.21374045801526717
3729,508,143,0.2196620583717358
3730,519,130,0.20030816640986132
3731,500,142,0.22118380062305296
3732,503,142,0.22015503875968992
3733,506,141,0.21792890262751158
3734,480,145,0.232
3735,488,148,0.23270440251572327
3736,490,151,0.23556942277691106
3737,512,137,0.2110939907550077
3738,490,145,0.2283464566929134
3739,487,146,0.23064770932069512
3740,527,125,0.19171779141104295
3741,492,148,0.23125
3742,478,149,0.23763955342902712
3743,516,130,0.20123839009287925
3744,492,145,0.22762951334379905
3745,497,143,0.2234375
3746,500,147,0.22720247295208656
3747,519,129,0.19907407407407407
3748,498,139,0.21821036106750394
3749,515,139,0.21253822629969418
3750,492,152,0.2360248447204969
3751,473,151,0.2419871794871795
3752,489,153,0.2383177570093458
3753,508,136,0.2111801242236025
3754,502,136,0.21316614420062696
3755,492,134,0.21405750798722045
3756,525,124,0.19106317411402157
3757,503,136,0.21283255086071987
3758,499,143,0.22274143302180685
3759,474,153,0.24401913875598086
3760,486,150,0.2358490566037736
3761,530,125,0.19083969465648856
3762,490,145,0.2283464566929134
3763,489,140,0.22257551669316375
3764,493,145,0.22727272727272727
3765,483,144,0.22966507177033493
3766,517,143,0.21666666666666667
3767,505,132,0.20722135007849293
3768,509,133,0.2071651090342679
3769,505,131,0.2059748427672956
3770,497,137,0.21608832807570977
3771,505,129,0.20347003154574134
3772,492,144,0.22641509433962265
3773,520,135,0.20610687022900764
3774,501,142,0.2208398133748056
3775,506,132,0.20689655172413793
3776,516,136,0.2085889570552147
3777,518,134,0.20552147239263804
3778,477,149,0.2380191693290735
3779,487,148,0.23307086614173228
3780,509,138,0.2132921174652241
3781,513,128,0.1996879875195008
3782,483,143,0.22843450479233227
3783,496,147,0.2286158631415241
3784,499,141,0.2203125
3785,492,138,0.21904761904761905
3786,489,154,0.23950233281493002
3787,525,128,0.19601837672281777
3788,501,133,0.20977917981072555
3789,516,133,0.2049306625577812
3790,514,134,0.20679012345679013
3791,518,131,0.20184899845916796
3792,483,144,0.22966507177033493
3793,494,146,0.228125
3794,525,126,0.1935483870967742
3795,508,135,0.2099533437013997
3796,496,149,0.2310077519379845
3797,506,142,0.2191358024691358
3798,504,141,0.2186046511627907
3799,506,132,0.20689655172413793
3800,516,135,0.2073732718894009
3801,498,150,0.23148148148148148
3802,512,133,0.2062015503875969
3803,494,140,0.22082018927444794
3804,503,141,0.21894409937888198
3805,501,136,0.21350078492935637
3806,506,146,0.22392638036809817
3807,509,130,0.20344287949921752
3808,499,145,0.2251552795031056
3809,504,131,0.2062992125984252
3810,497,132,0.20985691573926868
3811,510,130,0.203125
3812,509,136,0.21085271317829457
3813,500,142,0.22118380062305296
3814,497,145,0.22585669781931464
3815,511,135,0.2089783281733746
3816,515,133,0.2052469135802469
3817,521,124,0.19224806201550387
3818,475,151,0.24121405750798722
3819,511,133,0.20652173913043478
3820,519,139,0.21124620060790272
3821,511,143,0.21865443425076453
3822,484,144,0.22929936305732485
3823,491,147,0.2304075235109718
3824,499,143,0.22274143302180685
3825,504,138,0.21495327102803738
3826,488,151,0.23630672926447574
3827,519,131,0.20153846153846153
3828,521,126,0.1947449768160742
3829,491,144,0.22677165354330708
3830,489,143,0.22626582278481014
3831,494,135,0.21462639109697934
3832,520,128,0.19753086419753085
3833,504,142,0.21981424148606812
3834,496,144,0.225
3835,498,143,0.22308892355694226
3836,520,141,0.21331316187594554
3837,493,135,0.21496815286624205
3838,530,129,0.19575113808801214
3839,509,133,0.2071651090342679
3840,505,141,0.21826625386996903
3841,481,149,0.2365079365079365
3842,505,147,0.2254601226993865
3843,522,130,0.19938650306748465
3844,493,145,0.22727272727272727
3845,501,143,0.2220496894409938
3846,493,147,0.2296875
3847,510,137,0.2117465224111283
3848,521,134,0.20458015267175572
3849,510,138,0.21296296296296297
3850,517,130,0.2009273570324575
3851,491,146,0.22919937205651492
3852,511,133,0.20652173913043478
3853,475,155,0.24603174603174602
3854,519,128,0.19783616692426584
3855,503,139,0.21651090342679127
3856,505,140,0.21705426356589147
3857,500,135,0.2125984251968504
3858,521,134,0.20458015267175572
3859,498,140,0.219435736677116
3860,504,135,0.2112676056338028
3861,479,141,0.22741935483870968
3862,514,135,0.20801232665639446
3863,494,144,0.22570532915360503
3864,491,151,0.235202492211838
3865,501,142,0.2208398133748056
3866,515,135,0.2076923076923077
3867,491,154,0.23875968992248062
3868,505,133,0.2084639498432602
3869,509,136,0.21085271317829457
3870,500,130,0.20634920634920634
3871,506,142,0.2191358024691358
3872,523,126,0.1941448382126348
3873,493,142,0.22362204724409449
3874,518,131,0.20184899845916796
3875,492,142,0.22397476340694006
3876,486,138,0.22115384615384615
3877,501,142,0.2208398133748056
3878,495,147,0.22897196261682243
3879,504,140,0.21739130434782608
3880,484,144,0.22929936305732485
3881,493,142,0.22362204724409449
3882,498,141,0.22065727699530516
3883,493,145,0.22727272727272727
3884,490,143,0.2259083728278041
3885,518,137,0.20916030534351146
3886,506,140,0.21671826625386997
3887,490,144,0.22712933753943218
3888,516,133,0.2049306625577812
3889,487,138,0.2208
3890,510,135,0.20930232558139536
3891,498,142,0.221875
3892,508,138,0.21362229102167182
3893,519,129,0.19907407407407407
3894,512,142,0.21712538226299694
3895,517,132,0.2033898305084746
3896,512,140,0.2147239263803681
3897,508,141,0.2172573189522342
3898,508,129,0.20251177394034536
3899,494,152,0.23529411764705882
3900,503,128,0.20285261489698891
3901,503,137,0.2140625
3902,500,142,0.22118380062305296
3903,525,121,0.1873065015479876
3904,519,137,0.20884146341463414
3905,487,137,0.21955128205128205
3906,500,139,0.21752738654147105
3907,521,124,0.19224806201550387
3908,504,133,0.2087912087912088
3909,486,154,0.240625
3910,523,119,0.1853582554517134
3911,482,147,0.23370429252782193
3912,524,136,0.20606060606060606
3913,508,135,0.2099533437013997
3914,502,136,0.21316614420062696
3915,494,143,0.22448979591836735
3916,484,143,0.22807017543859648
3917,496,148,0.22981366459627328
3918,505,140,0.21705426356589147
3919,505,135,0.2109375
3920,501,139,0.2171875
3921,478,147,0.2352
3922,490,146,0.22955974842767296
3923,492,145,0.22762951334379905
3924,518,127,0.19689922480620156
3925,491,142,0.22432859399684044
3926,494,138,0.21835443037974683
3927,519,135,0.20642201834862386
3928,506,134,0.209375
3929,507,129,0.2028301886792453
3930,514,137,0.21044546850998463
3931,492,142,0.22397476340694006
3932,518,132,0.20307692307692307
3933,504,144,0.2222222222222222
3934,509,138,0.2132921174652241
3935,526,125,0.19201228878648233
3936,511,137,0.21141975308641975
3937,484,149,0.2353870458135861
3938,505,141,0.21826625386996903
3939,519,132,0.20276497695852536
3940,499,134,0.21169036334913113
3941,502,131,0.20695102685624012
3942,511,142,0.21745788667687596
3943,520,135,0.20610687022900764
3944,524,127,0.19508448540706605
3945,508,134,0.2087227414330218
3946,511,133,0.20652173913043478
3947,495,141,0.22169811320754718
3948,511,131,0.20404984423676012
3949,519,127,0.19659442724458204
3950,510,144,0.22018348623853212
3951,494,145,0.2269170579029734
3952,511,135,0.2089783281733746
3953,505,143,0.22067901234567902
3954,508,137,0.2124031007751938
3955,485,146,0.23137876386687797
3956,502,141,0.2192846034214619
3957,510,147,0.2237442922374429
3958,514,139,0.21286370597243492
3959,508,137,0.2124031007751938
3960,507,137,0.2127329192546584
3961,511,129,0.2015625
3962,508,130,0.20376175548589343
3963,505,130,0.2047244094488189
3964,492,141,0.22274881516587677
3965,503,141,0.21894409937888198
3966,492,136,0.21656050955414013
3967,495,144,0.22535211267605634
3968,502,140,0.21806853582554517
3969,496,147,0.2286158631415241
3970,492,138,0.21904761904761905
3971,511,133,0.20652173913043478
3972,517,134,0.20583717357910905
3973,506,129,0.2031496062992126
3974,508,137,0.2124031007751938
3975,501,142,0.2208398133748056
3976,487,149,0.23427672955974843
3977,504,137,0.21372854914196568
3978,497,139,0.21855345911949686
3979,522,128,0.19692307692307692
3980,508,132,0.20625
3981,508,147,0.22442748091603054
3982,499,150,0.23112480739599384
3983,484,152,0.2389937106918239
3984,485,147,0.23259493670886075
3985,511,127,0.19905956112852666
3986,516,139,0.21221374045801528
3987,491,145,0.2279874213836478
3988,491,150,0.23400936037441497
3989,495,142,0.22291993720565148
3990,480,141,0.22705314009661837
3991,516,139,0.21221374045801528
3992,501,137,0.21473354231974923
3993,516,135,0.2073732718894009
3994,511,136,0.21020092735703247
3995,505,138,0.21461897356143078
3996,486,150,0.2358490566037736
3997,514,132,0.2043343653250774
3998,509,134,0.208398133748056
3999,479,152,0.24088748019017434
4000,500,139,0.21752738654147105
4001,510,135,0.20930232558139536
4002,497,135,0.21360759493670886
4003,506,124,0.19682539682539682
4004,511,129,0.2015625
4005,508,135,0.2099533437013997
4006,505,136,0.2121684867394696
4007,486,146,0.2310126582278481
4008,512,131,0.20373250388802489
4009,507,146,0.22358346094946402
4010,511,136,0.21020092735703247
4011,495,147,0.22897196261682243
4012,506,145,0.2227342549923195
4013,503,140,0.2177293934681182
4014,499,137,0.21540880503144655
4015,489,141,0.22380952380952382
4016,488,145,0.22906793048973143
4017,512,140,0.2147239263803681
4018,512,131,0.20373250388802489
4019,503,135,0.2115987460815047
4020,502,136,0.21316614420062696
4021,507,140,0.21638330757341576
4022,500,140,0.21875
4023,496,138,0.21766561514195584
4024,500,137,0.2150706436420722
4025,501,142,0.2208398133748056
4026,503,140,0.2177293934681182
4027,495,145,0.2265625
4028,487,146,0.23064770932069512
4029,511,132,0.2052877138413686
4030,487,152,0.2378716744913928
4031,508,139,0.21483771251931993
4032,510,145,0.22137404580152673
4033,499,135,0.21293375394321767
4034,530,127,0.1933028919330289
4035,510,140,0.2153846153846154
4036,510,140,0.2153846153846154
4037,500,145,0.2248062015503876
4038,501,135,0.21226415094339623
4039,495,142,0.22291993720565148
4040,514,129,0.2006220839813375
4041,489,144,0.22748815165876776
4042,513,140,0.21439509954058192
4043,509,144,0.22052067381316998
4044,486,153,0.23943661971830985
4045,519,132,0.20276497695852536
4046,495,143,0.22413793103448276
4047,507,136,0.2115085536547434
4048,491,141,0.2231012658227848
4049,484,151,0.2377952755905512
4050,493,147,0.2296875
4051,495,142,0.22291993720565148
4052,525,134,0.20333839150227617
4053,500,141,0.21996879875195008
4054,518,132,0.20307692307692307
4055,509,135,0.2096273291925466
4056,475,151,0.24121405750798722
4057,500,139,0.21752738654147105
4058,514,132,0.2043343653250774
4059,481,154,0.24251968503937008
4060,522,129,0.19815668202764977
4061,521,130,0.19969278033794163
4062,519,135,0.20642201834862386
4063,483,145,0.23089171974522293
4064,506,135,0.21060842433697347
4065,493,147,0.2296875
4066,491,145,0.2279874213836478
4067,513,133,0.20588235294117646
4068,494,140,0.22082018927444794
4069,512,141,0.21592649310872894
4070,500,143,0.2223950233281493
4071,499,147,0.22755417956656346
4072,507,132,0.20657276995305165
4073,506,138,0.21428571428571427
4074,485,138,0.22150882825040127
4075,499,136,0.2141732283464567
4076,500,137,0.2150706436420722
4077,502,134,0.21069182389937108
4078,506,141,0.21792890262751158
4079,517,131,0.2021604938271605
4080,514,139,0.21286370597243492
4081,494,135,0.21462639109697934
4082,500,140,0.21875
4083,497,142,0.2222222222222222
4084,494,139,0.21958925750394945
4085,506,140,0.21671826625386997
4086,525,140,0.21052631578947367
4087,504,148,0.22699386503067484
4088,496,143,0.2237871674491393
4089,502,142,0.2204968944099379
4090,510,128,0.2006269592476489
4091,509,139,0.21450617283950618
4092,517,131,0.2021604938271605
4093,488,136,0.21794871794871795
4094,510,132,0.205607476635514
4095,505,146,0.22427035330261136
4096,523,132,0.2015267175572519
4097,502,145,0.2241112828438949
4098,505,137,0.21339563862928349
4099,514,132,0.2043343653250774
4100,490,137,0.21850079744816586
4101,506,138,0.21428571428571427
4102,520,131,0.2012288786482335
4103,517,134,0.20583717357910905
4104,503,140,0.2177293934681182
4105,510,133,0.20684292379471228
4106,517,139,0.21189024390243902
4107,511,137,0.21141975308641975
4108,491,135,0.21565495207667731
4109,513,137,0.21076923076923076
4110,513,129,0.20093457943925233
4111,504,146,0.2246153846153846
4112,499,140,0.2190923317683881
4113,503,136,0.21283255086071987
4114,496,140,0.22012578616352202
4115,493,143,0.2248427672955975
4116,508,136,0.2111801242236025
4117,499,135,0.21293375394321767
4118,496,139,0.2188976377952756
4119,514,134,0.20679012345679013
4120,506,133,0.2081377151799687
4121,492,140,0.22151898734177214
4122,509,137,0.21207430340557276
4123,506,141,0.21792890262751158
4124,501,136,0.21350078492935637
4125,501,148,0.2280431432973806
4126,524,133,0.2024353120243531
4127,507,134,0.20904836193447737
4128,534,124,0.1884498480243161
4129,499,140,0.2190923317683881
4130,477,149,0.2380191693290735
4131,514,142,0.21646341463414634
4132,514,135,0.20801232665639446
4133,479,143,0.22990353697749197
4134,502,136,0.21316614420062696
4135,458,153,0.25040916530278234
4136,484,148,0.23417721518987342
4137,507,136,0.2115085536547434
4138,537,127,0.19126506024096385
4139,515,133,0.2052469135802469
4140,517,139,0.21189024390243902
4141,480,149,0.2368839427662957
4142,521,130,0.19969278033794163
4143,504,137,0.21372854914196568
4144,511,138,0.21263482280431434
4145,509,134,0.208398133748056
4146,500,142,0.22118380062305296
4147,509,141,0.2169230769230769
4148,513,138,0.2119815668202765
4149,510,135,0.20930232558139536
4150,500,146,0.2260061919504644
4151,494,143,0.22448979591836735
4152,503,143,0.22136222910216719
4153,478,153,0.24247226624405704
4154,509,135,0.2096273291925466
4155,516,139,0.21221374045801528
4156,492,140,0.22151898734177214
4157,513,132,0.20465116279069767
4158,505,144,0.2218798151001541
4159,489,139,0.2213375796178344
4160,502,137,0.21439749608763695
4161,493,141,0.222397476340694
4162,501,138,0.215962441314554
4163,488,132,0.2129032258064516
4164,503,146,0.22496147919876733
4165,541,126,0.1889055472263868
4166,516,140,0.21341463414634146
4167,509,132,0.2059282371294852
4168,501,139,0.2171875
4169,504,129,0.2037914691943128
4170,495,136,0.21553090332805072
4171,519,125,0.19409937888198758
4172,498,135,0.2132701421800948
4173,487,136,0.21829855537720708
4174,504,133,0.2087912087912088
4175,504,136,0.2125
4176,505,140,0.21705426356589147
4177,492,142,0.22397476340694006
4178,494,137,0.21711568938193343
4179,511,134,0.20775193798449612
4180,507,143,0.22
4181,491,134,0.2144
4182,507,129,0.2028301886792453
4183,525,133,0.20212765957446807
4184,511,142,0.21745788667687596
4185,513,132,0.20465116279069767
4186,489,138,0.22009569377990432
4187,509,132,0.2059282371294852
4188,518,138,0.21036585365853658
4189,498,147,0.22790697674418606
4190,517,138,0.21068702290076335
4191,515,132,0.20401854714064915
4192,494,139,0.21958925750394945
4193,512,132,0.20496894409937888
4194,484,147,0.2329635499207607
4195,526,129,0.1969465648854962
4196,518,134,0.20552147239263804
4197,516,132,0.2037037037037037
4198,513,138,0.2119815668202765
4199,502,140,0.21806853582554517
4200,531,126,0.1917808219178082
4201,509,133,0.2071651090342679
4202,505,141,0.21826625386996903
4203,492,148,0.23125
4204,497,142,0.2222222222222222
4205,506,134,0.209375
4206,511,135,0.2089783281733746
4207,503,132,0.2078740157480315
4208,509,133,0.2071651090342679
4209,502,141,0.2192846034214619
4210,520,138,0.20972644376899696
4211,488,144,0.22784810126582278
4212,504,128,0.20253164556962025
4213,504,140,0.21739130434782608
4214,488,144,0.22784810126582278
4215,500,138,0.21630094043887146
4216,510,138,0.21296296296296297
4217,484,152,0.2389937106918239
4218,514,138,0.2116564417177914
4219,492,146,0.22884012539184953
4220,504,132,0.20754716981132076
4221,490,142,0.22468354430379747
4222,512,135,0.20865533230293662
4223,494,136,0.21587301587301588
4224,516,135,0.2073732718894009
4225,502,139,0.21684867394695787
4226,512,126,0.1974921630094044
4227,489,150,0.2347417840375587
4228,511,131,0.20404984423676012
4229,508,136,0.2111801242236025
4230,492,142,0.22397476340694006
4231,499,150,0.23112480739599384
4232,491,135,0.21565495207667731
4233,478,148,0.2364217252396166
4234,504,138,0.21495327102803738
4235,511,140,0.21505376344086022
4236,504,129,0.2037914691943128
4237,515,131,0.20278637770897834
4238,489,145,0.22870662460567823
4239,491,143,0.22555205047318613
4240,525,126,0.1935483870967742
4241,509,134,0.208398133748056
4242,491,143,0.22555205047318613
4243,494,138,0.21835443037974683
4244,521,127,0.19598765432098766
4245,489,139,0.2213375796178344
4246,478,152,0.24126984126984127
4247,500,135,0.2125984251968504
4248,504,132,0.20754716981132076
4249,514,128,0.19937694704049844
4250,477,153,0.24285714285714285
4251,490,141,0.22345483359746435
4252,506,140,0.21671826625386997
4253,506,132,0.20689655172413793
4254,521,119,0.1859375
4255,470,149,0.2407108239095315
4256,490,137,0.21850079744816586
4257,523,131,0.20030581039755352
4258,504,141,0.2186046511627907
4259,518,130,0.2006172839506173
4260,522,120,0.18691588785046728
4261,498,138,0.2169811320754717
4262,490,137,0.21850079744816586
4263,493,139,0.2199367088607595
4264,503,139,0.21651090342679127
4265,488,140,0.2229299363057325
4266,492,146,0.22884012539184953
4267,495,139,0.2192429022082019
4268,490,141,0.22345483359746435
4269,515,126,0.19656786271450857
4270,521,127,0.19598765432098766
4271,514,137,0.21044546850998463
4272,512,134,0.20743034055727555
4273,541,128,0.19133034379671152
4274,508,134,0.2087227414330218
4275,518,135,0.20673813169984687
4276,519,133,0.20398773006134968
4277,521,130,0.19969278033794163
4278,490,146,0.22955974842767296
4279,496,139,0.2188976377952756
4280,504,132,0.20754716981132076
4281,477,147,0.23557692307692307
4282,503,139,0.21651090342679127
4283,515,134,0.20647149460708783
4284,502,131,0.20695102685624012
4285,515,129,0.20031055900621117
4286,522,126,0.19444444444444445
4287,482,151,0.23854660347551343
4288,500,138,0.21630094043887146
4289,505,138,0.21461897356143078
4290,510,132,0.205607476635514
4291,502,135,0.2119309262166405
4292,503,143,0.22136222910216719
4293,499,145,0.2251552795031056
4294,502,150,0.23006134969325154
4295,538,129,0.1934032983508246
4296,506,146,0.22392638036809817
4297,501,138,0.215962441314554
4298,504,139,0.2161741835147745
4299,504,136,0.2125
4300,494,140,0.22082018927444794
4301,529,128,0.1948249619482496
4302,506,137,0.2130637636080871
4303,501,137,0.21473354231974923
4304,505,142,0.21947449768160743
4305,510,137,0.2117465224111283
4306,510,133,0.20684292379471228
4307,502,144,0.22291021671826625
4308,503,143,0.22136222910216719
4309,497,132,0.20985691573926868
4310,515,131,0.20278637770897834
4311,498,132,0.20952380952380953
4312,524,132,0.20121951219512196
4313,504,126,0.2
4314,516,129,0.2
4315,500,132,0.2088607594936709
4316,497,140,0.21978021978021978
4317,513,140,0.21439509954058192
4318,501,135,0.21226415094339623
4319,501,135,0.21226415094339623
4320,496,141,0.22135007849293564
4321,533,132,0.19849624060150375
4322,519,137,0.20884146341463414
4323,513,140,0.21439509954058192
4324,500,147,0.22720247295208656
4325,487,151,0.23667711598746083
4326,515,121,0.19025157232704404
4327,503,145,0.22376543209876543
4328,501,143,0.2220496894409938
4329,524,130,0.19877675840978593
4330,494,149,0.2317262830482115
4331,501,141,0.21962616822429906
4332,518,126,0.1956521739130435
4333,514,141,0.2152671755725191
4334,510,143,0.21898928024502298
4335,507,142,0.21879815100154082
4336,500,133,0.21011058451816747
4337,500,147,0.22720247295208656
4338,509,140,0.21571648690292758
4339,497,137,0.21608832807570977
4340,496,149,0.2310077519379845
4341,505,141,0.21826625386996903
4342,491,145,0.2279874213836478
4343,511,136,0.21020092735703247
4344,506,137,0.2130637636080871
4345,511,133,0.20652173913043478
4346,502,141,0.2192846034214619
4347,523,125,0.19290123456790123
4348,502,146,0.22530864197530864
4349,506,132,0.20689655172413793
4350,492,143,0.2251968503937008
4351,520,129,0.1987673343605547
4352,487,140,0.22328548644338117
4353,526,124,0.19076923076923077
4354,501,140,0.21840873634945399
4355,506,133,0.2081377151799687
4356,499,136,0.2141732283464567
4357,512,134,0.20743034055727555
4358,525,132,0.2009132420091324
4359,504,138,0.21495327102803738
4360,503,141,0.21894409937888198
4361,483,151,0.23817034700315456
4362,493,145,0.22727272727272727
4363,526,133,0.20182094081942337
4364,501,144,0.22325581395348837
4365,505,144,0.2218798151001541
4366,504,146,0.2246153846153846
4367,506,138,0.21428571428571427
4368,502,137,0.21439749608763695
4369,492,141,0.22274881516587677
4370,534,129,0.19457013574660634
4371,503,145,0.22376543209876543
4372,497,143,0.2234375
4373,518,131,0.20184899845916796
4374,518,132,0.20307692307692307
4375,487,145,0.22943037974683544
4376,484,150,0.23659305993690852
4377,496,137,0.21642969984202212
4378,516,132,0.2037037037037037
4379,528,130,0.19756838905775076
4380,505,137,0.21339563862928349
4381,486,139,0.2224
4382,500,139,0.21752738654147105
4383,505,142,0.21947449768160743
4384,502,133,0.2094488188976378
4385,506,137,0.2130637636080871
4386,508,134,0.2087227414330218
4387,504,144,0.2222222222222222
4388,511,131,0.20404984423676012
4389,490,149,0.23317683881064163
4390,525,132,0.2009132420091324
4391,525,124,0.19106317411402157
4392,487,143,0.22698412698412698
4393,524,133,0.2024353120243531
4394,503,138,0.21528861154446177
4395,500,145,0.2248062015503876
4396,516,135,0.2073732718894009
4397,507,139,0.21517027863777088
4398,506,135,0.21060842433697347
4399,502,132,0.2082018927444795
4400,510,137,0.2117465224111283
4401,508,134,0.2087227414330218
4402,526,128,0.19571865443425077
4403,493,147,0.2296875
4404,517,134,0.20583717357910905
4405,518,129,0.19938176197836166
4406,497,142,0.2222222222222222
4407,518,131,0.20184899845916796
4408,530,122,0.18711656441717792
4409,518,134,0.20552147239263804
4410,484,150,0.23659305993690852
4411,529,129,0.196048632218845
4412,491,150,0.23400936037441497
4413,518,132,0.20307692307692307
4414,525,130,0.1984732824427481
4415,512,134,0.20743034055727555
4416,477,154,0.24405705229793978
4417,509,137,0.21207430340557276
4418,513,135,0.20833333333333334
4419,495,143,0.22413793103448276
4420,491,147,0.2304075235109718
4421,498,143,0.22308892355694226
4422,522,133,0.20305343511450383
4423,487,141,0.22452229299363058
4424,490,145,0.2283464566929134
4425,520,131,0.2012288786482335
4426,500,137,0.2150706436420722
4427,516,133,0.2049306625577812
4428,498,139,0.21821036106750394
4429,488,144,0.22784810126582278
4430,511,139,0.21384615384615385
4431,517,130,0.2009273570324575
4432,506,141,0.21792890262751158
4433,505,139,0.21583850931677018
4434,516,140,0.21341463414634146
4435,500,140,0.21875
4436,513,139,0.21319018404907975
4437,503,134,0.21036106750392464
4438,507,140,0.21638330757341576
4439,495,139,0.2192429022082019
4440,498,143,0.22308892355694226
4441,505,140,0.21705426356589147
4442,507,137,0.2127329192546584
4443,504,133,0.2087912087912088
4444,509,139,0.21450617283950618
4445,519,136,0.20763358778625954
4446,510,138,0.21296296296296297
4447,505,135,0.2109375
4448,512,127,0.19874804381846636
4449,521,132,0.20214395099540583
4450,516,131,0.20247295208655333
4451,489,149,0.2335423197492163
4452,511,133,0.20652173913043478
4453,488,141,0.22416534181240064
4454,500,139,0.21752738654147105
4455,503,133,0.20911949685534592
4456,516,131,0.20247295208655333
4457,500,138,0.21630094043887146
4458,493,144,0.2260596546310832
4459,497,143,0.2234375
4460,512,134,0.20743034055727555
4461,504,135,0.2112676056338028
4462,499,135,0.21293375394321767
4463,503,143,0.22136222910216719
4464,516,139,0.21221374045801528
4465,479,155,0.2444794952681388
4466,495,133,0.21178343949044587
4467,512,136,0.20987654320987653
4468,496,145,0.22620904836193448
4469,524,133,0.2024353120243531
4470,521,139,0.2106060606060606
4471,527,132,0.20030349013657056
4472,508,140,0.21604938271604937
4473,506,135,0.21060842433697347
4474,519,132,0.20276497695852536
4475,486,142,0.22611464968152867
4476,514,131,0.20310077519379846
4477,490,147,0.23076923076923078
4478,520,129,0.1987673343605547
4479,496,140,0.22012578616352202
4480,503,137,0.2140625
4481,517,134,0.20583717357910905
4482,512,131,0.20373250388802489
4483,499,126,0.2016
4484,496,137,0.21642969984202212
4485,505,145,0.2230769230769231
4486,512,140,0.2147239263803681
4487,488,146,0.2302839116719243
4488,521,138,0.2094081942336874
4489,518,130,0.2006172839506173
4490,505,136,0.2121684867394696
4491,506,132,0.20689655172413793
4492,521,131,0.200920245398773
4493,521,134,0.20458015267175572
4494,512,139,0.21351766513056836
4495,508,140,0.21604938271604937
4496,495,145,0.2265625
4497,497,148,0.22945736434108527
4498,515,146,0.22087745839636913
4499,511,139,0.21384615384615385
4500,498,145,0.2255054432348367
4501,510,129,0.20187793427230047
4502,521,138,0.2094081942336874
4503,515,127,0.19781931464174454
4504,537,125,0.18882175226586104
4505,487,153,0.2390625
4506,510,139,0.21417565485362094
4507,512,132,0.20496894409937888
4508,503,143,0.22136222910216719
4509,507,142,0.21879815100154082
4510,504,143,0.22102009273570325
4511,505,137,0.21339563862928349
4512,509,132,0.2059282371294852
4513,530,124,0.18960244648318042
4514,509,137,0.21207430340557276
4515,517,135,0.20705521472392638
4516,495,138,0.21800947867298578
4517,498,138,0.2169811320754717
4518,522,131,0.2006125574272588
4519,497,141,0.22100313479623823
4520,529,123,0.18865030674846625
4521,500,137,0.2150706436420722
4522,510,144,0.22018348623853212
4523,526,130,0.19817073170731708
4524,504,139,0.2161741835147745
4525,488,139,0.22169059011164274
4526,501,131,0.20727848101265822
4527,519,131,0.20153846153846153
4528,504,129,0.2037914691943128
4529,489,145,0.22870662460567823
4530,523,131,0.20030581039755352
4531,505,131,0.2059748427672956
4532,480,143,0.22953451043338685
4533,501,140,0.21840873634945399
4534,508,130,0.20376175548589343
4535,511,144,0.2198473282442748
4536,504,138,0.21495327102803738
4537,515,136,0.20890937019969277
4538,506,145,0.2227342549923195
4539,514,139,0.21286370597243492
4540,518,121,0.18935837245696402
4541,504,146,0.2246153846153846
4542,508,136,0.2111801242236025
4543,505,150,0.22900763358778625
4544,504,139,0.2161741835147745
4545,502,134,0.21069182389937108
4546,505,134,0.20970266040688576
4547,490,145,0.2283464566929134
4548,526,137,0.2066365007541478
4549,520,126,0.19504643962848298
4550,480,147,0.23444976076555024
4551,507,142,0.21879815100154082
4552,510,142,0.21779141104294478
4553,505,140,0.21705426356589147
4554,483,138,0.2222222222222222
4555,511,136,0.21020092735703247
4556,505,136,0.2121684867394696
4557,511,139,0.21384615384615385
4558,515,137,0.21012269938650308
4559,521,129,0.19846153846153847
4560,524,132,0.20121951219512196
4561,487,131,0.21197411003236247
4562,501,139,0.2171875
4563,483,144,0.22966507177033493
4564,499,147,0.22755417956656346
4565,493,136,0.21621621621621623
4566,485,135,0.21774193548387097
4567,511,133,0.20652173913043478
4568,490,142,0.22468354430379747
4569,518,136,0.20795107033639143
4570,505,139,0.21583850931677018
4571,507,134,0.20904836193447737
4572,510,137,0.2117465224111283
4573,489,143,0.22626582278481014
4574,501,133,0.20977917981072555
4575,529,125,0.191131498470948
4576,523,137,0.20757575757575758
4577,505,136,0.2121684867394696
4578,485,154,0.24100156494522693
4579,510,140,0.2153846153846154
4580,518,137,0.20916030534351146
4581,495,142,0.22291993720565148
4582,509,140,0.21571648690292758
4583,519,128,0.19783616692426584
4584,497,138,0.2173228346456693
4585,492,141,0.22274881516587677
4586,503,145,0.22376543209876543
4587,511,138,0.21263482280431434
4588,510,134,0.2080745341614907
4589,491,141,0.2231012658227848
4590,501,140,0.21840873634945399
4591,520,139,0.2109256449165402
4592,508,145,0.222052067381317
4593,489,138,0.22009569377990432
4594,507,133,0.2078125
4595,498,140,0.219435736677116
4596,481,154,0.24251968503937008
4597,506,138,0.21428571428571427
4598,499,138,0.21664050235478807
4599,517,136,0.2082695252679939
4600,497,135,0.21360759493670886
4601,506,128,0.20189274447949526
4602,496,139,0.2188976377952756
4603,505,142,0.21947449768160743
4604,497,135,0.21360759493670886
4605,512,134,0.20743034055727555
4606,515,134,0.20647149460708783
4607,503,144,0.22256568778979907
4608,521,121,0.18847352024922118
4609,490,143,0.2259083728278041
4610,515,134,0.20647149460708783
4611,511,132,0.2052877138413686
4612,511,134,0.20775193798449612
4613,518,133,0.20430107526881722
4614,499,135,0.21293375394321767
4615,504,145,0.22342064714946072
4616,518,128,0.19814241486068113
4617,514,137,0.21044546850998463
4618,492,133,0.2128
4619,492,141,0.22274881516587677
4620,500,141,0.21996879875195008
4621,523,131,0.20030581039755352
4622,518,138,0.21036585365853658
4623,509,133,0.2071651090342679
4624,493,143,0.2248427672955975
4625,501,133,0.20977917981072555
4626,522,123,0.19069767441860466
4627,494,145,0.2269170579029734
4628,534,124,0.1884498480243161
4629,495,145,0.2265625
4630,507,135,0.2102803738317757
4631,520,134,0.20489296636085627
4632,500,141,0.21996879875195008
4633,495,152,0.23493044822256567
4634,492,142,0.22397476340694006
4635,502,139,0.21684867394695787
4636,511,133,0.20652173913043478
4637,495,140,0.2204724409448819
4638,516,136,0.2085889570552147
4639,491,148,0.23161189358372458
4640,500,132,0.2088607594936709
4641,496,141,0.22135007849293564
4642,506,143,0.22033898305084745
4643,510,132,0.205607476635514
4644,508,137,0.2124031007751938
4645,503,137,0.2140625
4646,511,153,0.23042168674698796
4647,486,144,0.22857142857142856
4648,496,145,0.22620904836193448
4649,516,136,0.2085889570552147
4650,515,137,0.21012269938650308
4651,492,151,0.23483670295489892
4652,511,133,0.20652173913043478
4653,495,142,0.22291993720565148
4654,503,150,0.22970903522205208
4655,494,147,0.22932917316692666
4656,500,136,0.2138364779874214
4657,505,129,0.20347003154574134
4658,500,140,0.21875
4659,529,127,0.19359756097560976
4660,518,130,0.2006172839506173
4661,515,128,0.19906687402799378
4662,514,144,0.2188449848024316
4663,523,127,0.19538461538461538
4664,476,155,0.24564183835182252
4665,492,134,0.21405750798722045
4666,515,134,0.20647149460708783
4667,501,135,0.21226415094339623
4668,494,139,0.21958925750394945
4669,525,127,0.19478527607361965
4670,504,141,0.2186046511627907
4671,502,130,0.20569620253164558
4672,501,134,0.2110236220472441
4673,521,138,0.2094081942336874
4674,501,140,0.21840873634945399
4675,512,136,0.20987654320987653
4676,509,145,0.2217125382262997
4677,488,148,0.23270440251572327
4678,495,147,0.22897196261682243
4679,495,146,0.22776911076443057
4680,525,130,0.1984732824427481
4681,492,144,0.22641509433962265
4682,485,144,0.2289348171701113
4683,507,139,0.21517027863777088
4684,507,136,0.2115085536547434
4685,510,134,0.2080745341614907
4686,526,135,0.2042360060514372
4687,525,129,0.19724770642201836
4688,492,135,0.215311004784689
4689,501,143,0.2220496894409938
4690,498,145,0.2255054432348367
4691,500,139,0.21752738654147105
4692,532,130,0.19637462235649547
4693,489,143,0.22626582278481014
4694,508,137,0.2124031007751938
4695,515,132,0.20401854714064915
4696,502,142,0.2204968944099379
4697,483,149,0.23575949367088608
4698,502,150,0.23006134969325154
4699,499,141,0.2203125
4700,526,128,0.19571865443425077
4701,507,140,0.21638330757341576
4702,506,132,0.20689655172413793
4703,509,140,0.21571648690292758
4704,520,134,0.20489296636085627
4705,495,151,0.23374613003095976
4706,503,144,0.22256568778979907
4707,503,143,0.22136222910216719
4708,488,139,0.22169059011164274
4709,486,142,0.22611464968152867
4710,496,139,0.2188976377952756
4711,499,132,0.2091917591125198
4712,531,123,0.18807339449541285
4713,515,133,0.2052469135802469
4714,517,131,0.2021604938271605
4715,513,141,0.21559633027522937
4716,516,135,0.2073732718894009
4717,500,141,0.21996879875195008
4718,502,138,0.215625
4719,488,148,0.23270440251572327
4720,502,138,0.215625
4721,508,141,0.2172573189522342
4722,517,139,0.21189024390243902
4723,505,147,0.2254601226993865
4724,502,140,0.21806853582554517
4725,512,139,0.21351766513056836
4726,532,121,0.18529862174578868
4727,509,132,0.2059282371294852
4728,505,135,0.2109375
4729,496,148,0.22981366459627328
4730,506,133,0.2081377151799687
4731,503,137,0.2140625
4732,508,140,0.21604938271604937
4733,504,131,0.2062992125984252
4734,515,143,0.21732522796352582
4735,505,135,0.2109375
4736,488,148,0.23270440251572327
4737,497,150,0.23183925811437403
4738,487,140,0.22328548644338117
4739,508,139,0.21483771251931993
4740,507,140,0.21638330757341576
4741,502,136,0.21316614420062696
4742,516,143,0.21699544764795145
4743,488,149,0.23390894819466249
4744,505,139,0.21583850931677018
4745,507,137,0.2127329192546584
4746,493,139,0.2199367088607595
4747,511,137,0.21141975308641975
4748,507,127,0.20031545741324921
4749,519,129,0.19907407407407407
4750,510,131,0.20436817472698907
4751,529,129,0.196048632218845
4752,498,129,0.20574162679425836
4753,486,144,0.22857142857142856
4754,528,129,0.1963470319634703
4755,503,127,0.2015873015873016
4756,500,143,0.2223950233281493
4757,496,138,0.21766561514195584
4758,499,138,0.21664050235478807
4759,499,134,0.21169036334913113
4760,489,141,0.22380952380952382
4761,506,142,0.2191358024691358
4762,507,145,0.2223926380368098
4763,508,131,0.20500782472613457
4764,522,135,0.2054794520547945
4765,512,132,0.20496894409937888
4766,519,125,0.19409937888198758
4767,494,138,0.21835443037974683
4768,491,145,0.2279874213836478
4769,479,141,0.22741935483870968
4770,505,132,0.20722135007849293
4771,477,157,0.2476340694006309
4772,523,129,0.19785276073619631
4773,498,140,0.219435736677116
4774,506,141,0.21792890262751158
4775,534,120,0.1834862385321101
4776,499,136,0.2141732283464567
4777,503,137,0.2140625
4778,503,143,0.22136222910216719
4779,502,141,0.2192846034214619
4780,519,135,0.20642201834862386
4781,501,150,0.2304147465437788
4782,484,151,0.2377952755905512
4783,485,147,0.23259493670886075
4784,492,143,0.2251968503937008
4785,502,136,0.21316614420062696
4786,505,131,0.2059748427672956
4787,506,140,0.21671826625386997
4788,515,133,0.2052469135802469
4789,514,133,0.20556414219474498
4790,499,143,0.22274143302180685
4791,513,135,0.20833333333333334
4792,502,138,0.215625
4793,514,139,0.21286370597243492
4794,488,152,0.2375
4795,477,145,0.23311897106109325
4796,497,137,0.21608832807570977
4797,506,135,0.21060842433697347
4798,494,151,0.23410852713178296
4799,520,122,0.19003115264797507
4800,522,129,0.19815668202764977
4801,473,145,0.23462783171521034
4802,516,136,0.2085889570552147
4803,509,132,0.2059282371294852
4804,511,136,0.21020092735703247
4805,507,134,0.20904836193447737
4806,514,137,0.21044546850998463
4807,496,135,0.21394611727416799
4808,523,135,0.20516717325227962
4809,499,141,0.2203125
4810,517,138,0.21068702290076335
4811,489,138,0.22009569377990432
4812,506,140,0.21671826625386997
4813,487,137,0.21955128205128205
4814,504,133,0.2087912087912088
4815,510,133,0.20684292379471228
4816,509,133,0.2071651090342679
4817,506,140,0.21671826625386997
4818,489,154,0.23950233281493002
4819,488,140,0.2229299363057325
4820,484,141,0.2256
4821,518,131,0.20184899845916796
4822,495,141,0.22169811320754718
4823,500,132,0.2088607594936709
4824,511,137,0.21141975308641975
4825,513,132,0.20465116279069767
4826,510,139,0.21417565485362094
4827,506,138,0.21428571428571427
4828,512,142,0.21712538226299694
4829,501,137,0.21473354231974923
4830,506,135,0.21060842433697347
4831,476,149,0.2384
4832,519,124,0.19284603421461896
4833,500,137,0.2150706436420722
4834,510,137,0.2117465224111283
4835,519,127,0.19659442724458204
4836,506,142,0.2191358024691358
4837,498,146,0.2267080745341615
4838,507,138,0.21395348837209302
4839,517,134,0.20583717357910905
4840,490,146,0.22955974842767296
4841,516,124,0.19375
4842,502,132,0.2082018927444795
4843,499,133,0.21044303797468356
4844,490,145,0.2283464566929134
4845,512,131,0.20373250388802489
4846,486,136,0.21864951768488747
4847,488,141,0.22416534181240064
4848,519,132,0.20276497695852536
4849,506,134,0.209375
4850,505,148,0.22664624808575803
4851,495,145,0.2265625
4852,492,142,0.22397476340694006
4853,524,126,0.19384615384615383
4854,529,129,0.196048632218845
4855,483,132,0.2146341463414634
4856,515,132,0.20401854714064915
4857,506,134,0.209375
4858,508,135,0.2099533437013997
4859,496,144,0.225
4860,497,146,0.22706065318818042
4861,496,144,0.225
4862,512,136,0.20987654320987653
4863,490,151,0.23556942277691106
4864,525,125,0.19230769230769232
4865,505,134,0.20970266040688576
4866,502,147,0.22650231124807396
4867,513,138,0.2119815668202765
4868,516,137,0.20980091883614088
4869,504,144,0.2222222222222222
4870,525,128,0.19601837672281777
4871,507,136,0.2115085536547434
4872,506,134,0.209375
4873,505,142,0.21947449768160743
4874,518,134,0.20552147239263804
4875,490,143,0.2259083728278041
4876,499,137,0.21540880503144655
4877,499,139,0.21786833855799373
4878,520,130,0.2
4879,499,140,0.2190923317683881
4880,499,143,0.22274143302180685
4881,491,141,0.2231012658227848
4882,502,131,0.20695102685624012
4883,494,145,0.2269170579029734
4884,494,144,0.22570532915360503
4885,492,147,0.2300469483568075
4886,505,140,0.21705426356589147
4887,487,146,0.23064770932069512
4888,490,143,0.2259083728278041
4889,480,146,0.23322683706070288
4890,511,129,0.2015625
4891,500,134,0.2113564668769716
4892,514,135,0.20801232665639446
4893,516,133,0.2049306625577812
4894,506,133,0.2081377151799687
4895,494,137,0.21711568938193343
4896,526,123,0.18952234206471494
4897,476,148,0.23717948717948717
4898,520,128,0.19753086419753085
4899,513,134,0.2071097372488408
4900,513,141,0.21559633027522937
4901,498,136,0.21451104100946372
4902,508,136,0.2111801242236025
4903,494,147,0.22932917316692666
4904,496,146,0.22741433021806853
4905,501,135,0.21226415094339623
4906,503,143,0.22136222910216719
4907,509,138,0.2132921174652241
4908,510,143,0.21898928024502298
4909,510,133,0.20684292379471228
4910,502,129,0.20443740095087162
4911,498,139,0.21821036106750394
4912,504,141,0.2186046511627907
4913,518,141,0.21396054628224584
4914,503,127,0.2015873015873016
4915,500,143,0.2223950233281493
4916,532,128,0.19393939393939394
4917,493,147,0.2296875
4918,505,137,0.21339563862928349
4919,525,126,0.1935483870967742
4920,504,134,0.21003134796238246
4921,523,130,0.1990811638591118
4922,500,147,0.22720247295208656
4923,507,146,0.22358346094946402
4924,504,133,0.2087912087912088
4925,512,135,0.20865533230293662
4926,493,145,0.22727272727272727
4927,499,141,0.2203125
4928,513,134,0.2071097372488408
4929,496,146,0.22741433021806853
4930,499,138,0.21664050235478807
4931,493,138,0.21870047543581617
4932,494,146,0.228125
4933,503,144,0.22256568778979907
4934,486,149,0.2346456692913386
4935,505,139,0.21583850931677018
4936,475,146,0.23510466988727857
4937,509,129,0.20219435736677116
4938,507,133,0.2078125
4939,510,140,0.2153846153846154
4940,518,133,0.20430107526881722
4941,519,123,0.19158878504672897
4942,501,145,0.22445820433436534
4943,513,131,0.20341614906832298
4944,518,135,0.20673813169984687
4945,507,135,0.2102803738317757
4946,516,134,0.20615384615384616
4947,509,144,0.22052067381316998
4948,501,143,0.2220496894409938
4949,528,124,0.1901840490797546
4950,507,133,0.2078125
4951,506,134,0.209375
4952,506,138,0.21428571428571427
4953,489,146,0.22992125984251968
4954,512,140,0.2147239263803681
4955,519,130,0.20030816640986132
4956,498,138,0.2169811320754717
4957,486,152,0.23824451410658307
4958,522,140,0.21148036253776434
4959,494,136,0.21587301587301588
4960,499,145,0.2251552795031056
4961,488,146,0.2302839116719243
4962,498,144,0.22429906542056074
4963,510,135,0.20930232558139536
4964,475,143,0.2313915857605178
4965,508,141,0.2172573189522342
4966,520,131,0.2012288786482335
4967,513,138,0.2119815668202765
4968,503,134,0.21036106750392464
4969,504,138,0.21495327102803738
4970,501,133,0.20977917981072555
4971,502,144,0.22291021671826625
4972,497,153,0.2353846153846154
4973,512,134,0.20743034055727555
4974,520,136,0.2073170731707317
4975,490,133,0.21348314606741572
4976,502,133,0.2094488188976378
4977,488,148,0.23270440251572327
4978,514,134,0.20679012345679013
4979,484,148,0.23417721518987342
4980,485,146,0.23137876386687797
4981,498,136,0.21451104100946372
4982,524,129,0.19754977029096477
4983,518,131,0.20184899845916796
4984,506,133,0.2081377151799687
4985,509,141,0.2169230769230769
4986,512,140,0.2147239263803681
4987,486,153,0.23943661971830985
4988,519,136,0.20763358778625954
4989,515,131,0.20278637770897834
4990,508,144,0.22085889570552147
4991,528,129,0.1963470319634703
4992,492,145,0.22762951334379905
4993,505,146,0.22427035330261136
4994,516,136,0.2085889570552147
4995,498,138,0.2169811320754717
4996,488,138,0.22044728434504793
4997,501,130,0.20602218700475436
4998,500,142,0.22118380062305296
4999,514,133,0.20556414219474498
5000,497,133,0.2111111111111111
5001,478,154,0.24367088607594936
5002,502,140,0.21806853582554517
5003,520,132,0.20245398773006135
5004,504,137,0.21372854914196568
5005,488,142,0.2253968253968254
5006,504,145,0.22342064714946072
5007,502,143,0.22170542635658916
5008,517,134,0.20583717357910905
5009,494,131,0.2096
5010,514,137,0.21044546850998463
5011,501,136,0.21350078492935637
5012,510,145,0.22137404580152673
5013,520,125,0.1937984496124031
5014,490,142,0.22468354430379747
5015,500,134,0.2113564668769716
5016,479,151,0.2396825396825397
5017,510,137,0.2117465224111283
5018,502,139,0.21684867394695787
5019,488,146,0.2302839116719243
5020,506,140,0.21671826625386997
5021,518,132,0.20307692307692307
5022,491,148,0.23161189358372458
5023,527,134,0.2027231467473525
5024,494,144,0.22570532915360503
5025,500,134,0.2113564668769716
5026,510,143,0.21898928024502298
5027,494,138,0.21835443037974683
5028,493,143,0.2248427672955975
5029,528,119,0.1839258114374034
5030,510,145,0.22137404580152673
5031,508,140,0.21604938271604937
5032,504,137,0.21372854914196568
5033,494,152,0.23529411764705882
5034,495,143,0.22413793103448276
5035,522,131,0.2006125574272588
5036,504,141,0.2186046511627907
5037,516,133,0.2049306625577812
5038,488,147,0.231496062992126
5039,495,138,0.21800947867298578
5040,525,138,0.2081447963800905
5041,496,142,0.2225705329153605
5042,515,153,0.22904191616766467
5043,506,138,0.21428571428571427
5044,494,138,0.21835443037974683
5045,510,135,0.20930232558139536
5046,509,143,0.21932515337423314
5047,498,134,0.2120253164556962
5048,506,137,0.2130637636080871
5049,507,141,0.2175925925925926
5050,507,144,0.22119815668202766
5051,509,143,0.21932515337423314
5052,499,144,0.223950233281493
5053,504,144,0.2222222222222222
5054,515,139,0.21253822629969418
5055,507,136,0.2115085536547434
5056,516,133,0.2049306625577812
5057,513,134,0.2071097372488408
5058,503,140,0.2177293934681182
5059,505,131,0.2059748427672956
5060,493,147,0.2296875
5061,498,141,0.22065727699530516
5062,522,125,0.19319938176197837
5063,548,121,0.18086696562032886
5064,500,140,0.21875
5065,515,138,0.2113323124042879
5066,489,140,0.22257551669316375
5067,499,144,0.223950233281493
5068,534,116,0.17846153846153845
5069,526,131,0.1993911719939117
5070,530,132,0.19939577039274925
5071,502,144,0.22291021671826625
5072,505,143,0.22067901234567902
5073,518,135,0.20673813169984687
5074,480,144,0.23076923076923078
5075,500,140,0.21875
5076,507,134,0.20904836193447737
5077,497,146,0.22706065318818042
5078,509,141,0.2169230769230769
5079,489,143,0.22626582278481014
5080,499,144,0.223950233281493
5081,515,135,0.2076923076923077
5082,498,130,0.2070063694267516
5083,509,141,0.2169230769230769
5084,480,149,0.2368839427662957
5085,502,146,0.22530864197530864
5086,513,142,0.216793893129771
5087,476,158,0.24921135646687698
5088,513,138,0.2119815668202765
5089,505,140,0.21705426356589147
5090,515,139,0.21253822629969418
5091,503,132,0.2078740157480315
5092,501,146,0.22565687789799072
5093,501,133,0.20977917981072555
5094,516,133,0.2049306625577812
5095,522,130,0.19938650306748465
5096,509,134,0.208398133748056
5097,504,134,0.21003134796238246
5098,497,143,0.2234375
5099,507,141,0.2175925925925926
5100,484,150,0.23659305993690852
5101,503,129,0.20411392405063292
5102,506,136,0.2118380062305296
5103,501,138,0.215962441314554
5104,495,135,0.21428571428571427
5105,505,143,0.22067901234567902
5106,492,146,0.22884012539184953
5107,497,141,0.22100313479623823
5108,507,136,0.2115085536547434
5109,496,140,0.22012578616352202
5110,498,137,0.215748031496063
5111,516,131,0.20247295208655333
5112,509,143,0.21932515337423314
5113,510,138,0.21296296296296297
5114,526,122,0.1882716049382716
5115,524,130,0.19877675840978593
5116,512,141,0.21592649310872894
5117,502,133,0.2094488188976378
5118,506,133,0.2081377151799687
5119,493,143,0.2248427672955975
5120,502,144,0.22291021671826625
5121,526,130,0.19817073170731708
5122,509,131,0.2046875
5123,498,139,0.21821036106750394
5124,525,137,0.20694864048338368
5125,518,134,0.20552147239263804
5126,504,130,0.20504731861198738
5127,479,157,0.2468553459119497
5128,519,131,0.20153846153846153
5129,524,133,0.2024353120243531
5130,521,130,0.19969278033794163
5131,496,140,0.22012578616352202
5132,499,141,0.2203125
5133,495,148,0.2301710730948678
5134,496,141,0.22135007849293564
5135,519,131,0.20153846153846153
5136,518,127,0.19689922480620156
5137,493,145,0.22727272727272727
5138,502,141,0.2192846034214619
5139,509,136,0.21085271317829457
5140,515,131,0.20278637770897834
5141,507,132,0.20657276995305165
5142,521,130,0.19969278033794163
5143,510,132,0.205607476635514
5144,490,143,0.2259083728278041
5145,489,147,0.23113207547169812
5146,483,144,0.22966507177033493
5147,470,146,0.237012987012987
5148,484,144,0.22929936305732485
5149,508,132,0.20625
5150,479,141,0.22741935483870968
5151,512,129,0.20124804992199688
5152,501,144,0.22325581395348837
5153,504,140,0.21739130434782608
5154,487,148,0.23307086614173228
5155,525,140,0.21052631578947367
5156,494,138,0.21835443037974683
5157,517,136,0.2082695252679939
5158,527,119,0.18421052631578946
5159,495,141,0.22169811320754718
5160,506,141,0.21792890262751158
5161,490,147,0.23076923076923078
5162,499,144,0.223950233281493
5163,493,149,0.23208722741433022
5164,509,133,0.2071651090342679
5165,490,144,0.22712933753943218
5166,491,141,0.2231012658227848
5167,497,144,0.22464898595943839
5168,497,147,0.22826086956521738
5169,512,122,0.19242902208201892
5170,524,136,0.20606060606060606
5171,512,125,0.19623233908948196
5172,514,134,0.20679012345679013
5173,490,145,0.2283464566929134
5174,509,138,0.2132921174652241
5175,505,129,0.20347003154574134
5176,495,132,0.21052631578947367
5177,492,141,0.22274881516587677
5178,510,141,0.21658986175115208
5179,498,140,0.219435736677116
5180,496,144,0.225
5181,514,139,0.21286370597243492
5182,506,148,0.22629969418960244
5183,504,133,0.2087912087912088
5184,501,136,0.21350078492935637
5185,519,134,0.20520673813169985
5186,507,130,0.20408163265306123
5187,509,136,0.21085271317829457
5188,514,128,0.19937694704049844
5189,525,124,0.19106317411402157
5190,493,146,0.22848200312989045
5191,504,143,0.22102009273570325
5192,494,142,0.22327044025157233
5193,512,135,0.20865533230293662
5194,525,129,0.19724770642201836
5195,510,141,0.21658986175115208
5196,499,141,0.2203125
5197,488,146,0.2302839116719243
5198,498,132,0.20952380952380953
5199,501,141,0.21962616822429906
5200,519,135,0.20642201834862386
5201,501,140,0.21840873634945399
5202,515,135,0.2076923076923077
5203,511,129,0.2015625
5204,466,159,0.2544
5205,511,133,0.20652173913043478
5206,489,134,0.21508828250401285
5207,494,132,0.2108626198083067
5208,492,151,0.23483670295489892
5209,503,145,0.22376543209876543
5210,507,136,0.2115085536547434
5211,531,129,0.19545454545454546
5212,507,131,0.20532915360501566
5213,481,145,0.23162939297124602
5214,488,142,0.2253968253968254
5215,485,148,0.23380726698262244
5216,491,136,0.21690590111642744
5217,516,132,0.2037037037037037
5218,510,139,0.21417565485362094
5219,528,137,0.20601503759398496
5220,506,141,0.21792890262751158
5221,510,147,0.2237442922374429
5222,507,131,0.20532915360501566
5223,514,129,0.2006220839813375
5224,482,151,0.23854660347551343
5225,500,134,0.2113564668769716
5226,511,138,0.21263482280431434
5227,495,130,0.208
5228,499,131,0.20793650793650795
5229,520,130,0.2
5230,504,139,0.2161741835147745
5231,507,135,0.2102803738317757
5232,501,139,0.2171875
5233,494,145,0.2269170579029734
5234,510,132,0.205607476635514
5235,502,130,0.20569620253164558
5236,487,151,0.23667711598746083
5237,502,139,0.21684867394695787
5238,535,124,0.18816388467374812
5239,518,125,0.19440124416796267
5240,506,138,0.21428571428571427
5241,509,130,0.20344287949921752
5242,503,131,0.20662460567823343
5243,517,125,0.19470404984423675
5244,481,143,0.22916666666666666
5245,492,143,0.2251968503937008
5246,529,130,0.19726858877086495
5247,499,140,0.2190923317683881
5248,509,135,0.2096273291925466
5249,517,129,0.1996904024767802
5250,505,137,0.21339563862928349
5251,505,142,0.21947449768160743
5252,479,144,0.23113964686998395
5253,484,143,0.22807017543859648
5254,478,152,0.24126984126984127
5255,522,120,0.18691588785046728
5256,500,150,0.23076923076923078
5257,485,148,0.23380726698262244
5258,509,143,0.21932515337423314
5259,519,135,0.20642201834862386
5260,521,134,0.20458015267175572
5261,505,144,0.2218798151001541
5262,494,141,0.2220472440944882
5263,526,128,0.19571865443425077
5264,473,149,0.2395498392282958
5265,517,136,0.2082695252679939
5266,497,136,0.21484992101105846
5267,496,136,0.21518987341772153
5268,491,147,0.2304075235109718
5269,508,136,0.2111801242236025
5270,507,133,0.2078125
5271,520,139,0.2109256449165402
5272,505,135,0.2109375
5273,521,129,0.19846153846153847
5274,494,138,0.21835443037974683
5275,505,142,0.21947449768160743
5276,498,142,0.221875
5277,498,141,0.22065727699530516
5278,499,145,0.2251552795031056
5279,499,138,0.21664050235478807
5280,511,129,0.2015625
5281,501,145,0.22445820433436534
5282,502,136,0.21316614420062696
5283,509,136,0.21085271317829457
5284,518,138,0.21036585365853658
5285,515,131,0.20278637770897834
5286,486,150,0.2358490566037736
5287,522,126,0.19444444444444445
5288,513,132,0.20465116279069767
5289,490,145,0.2283464566929134
5290,515,132,0.20401854714064915
5291,490,150,0.234375
5292,500,134,0.2113564668769716
5293,497,136,0.21484992101105846
5294,506,139,0.21550387596899226
5295,508,138,0.21362229102167182
5296,523,130,0.1990811638591118
5297,521,131,0.200920245398773
5298,516,133,0.2049306625577812
5299,508,137,0.2124031007751938
5300,512,140,0.2147239263803681
5301,498,138,0.2169811320754717
5302,512,131,0.20373250388802489
5303,509,137,0.21207430340557276
5304,518,128,0.19814241486068113
5305,511,132,0.2052877138413686
5306,517,132,0.2033898305084746
5307,516,136,0.2085889570552147
5308,474,149,0.2391653290529695
5309,493,150,0.2332814930015552
5310,527,129,0.19664634146341464
5311,520,125,0.1937984496124031
5312,491,136,0.21690590111642744
5313,479,153,0.24208860759493672
5314,487,145,0.22943037974683544
5315,513,136,0.20955315870570107
5316,510,135,0.20930232558139536
5317,512,126,0.1974921630094044
5318,511,132,0.2052877138413686
5319,480,151,0.2393026941362916
5320,494,135,0.21462639109697934
5321,502,142,0.2204968944099379
5322,508,140,0.21604938271604937
5323,517,126,0.19595645412130638
5324,496,140,0.22012578616352202
5325,506,140,0.21671826625386997
5326,487,145,0.22943037974683544
5327,511,138,0.21263482280431434
5328,496,141,0.22135007849293564
5329,482,148,0.23492063492063492
5330,515,140,0.21374045801526717
5331,489,147,0.23113207547169812
5332,497,141,0.22100313479623823
5333,517,131,0.2021604938271605
5334,515,129,0.20031055900621117
5335,528,126,0.1926605504587156
5336,490,146,0.22955974842767296
5337,519,129,0.19907407407407407
5338,505,137,0.21339563862928349
5339,509,131,0.2046875
5340,496,140,0.22012578616352202
5341,505,142,0.21947449768160743
5342,516,135,0.2073732718894009
5343,514,133,0.20556414219474498
5344,510,138,0.21296296296296297
5345,507,136,0.2115085536547434
5346,516,136,0.2085889570552147
5347,524,132,0.20121951219512196
5348,518,138,0.21036585365853658
5349,501,133,0.20977917981072555
5350,496,138,0.21766561514195584
5351,508,131,0.20500782472613457
5352,490,149,0.23317683881064163
5353,503,144,0.22256568778979907
5354,487,148,0.23307086614173228
5355,534,125,0.18968133535660092
5356,530,134,0.20180722891566266
5357,495,145,0.2265625
5358,515,137,0.21012269938650308
5359,474,154,0.24522292993630573
5360,511,128,0.20031298904538342
5361,503,143,0.22136222910216719
5362,498,140,0.219435736677116
5363,524,127,0.19508448540706605
5364,503,138,0.21528861154446177
5365,492,145,0.22762951334379905
5366,494,136,0.21587301587301588
5367,503,138,0.21528861154446177
5368,493,136,0.21621621621621623
5369,508,135,0.2099533437013997
5370,507,135,0.2102803738317757
5371,496,139,0.2188976377952756
5372,502,141,0.2192846034214619
5373,516,144,0.21818181818181817
5374,496,142,0.2225705329153605
5375,498,140,0.219435736677116
5376,499,147,0.22755417956656346
5377,500,140,0.21875
5378,507,139,0.21517027863777088
5379,507,140,0.21638330757341576
5380,494,139,0.21958925750394945
5381,493,140,0.2211690363349131
5382,521,137,0.20820668693009117
5383,492,150,0.2336448598130841
5384,501,136,0.21350078492935637
5385,504,133,0.2087912087912088
5386,508,138,0.21362229102167182
5387,504,135,0.2112676056338028
5388,506,134,0.209375
5389,489,144,0.22748815165876776
5390,506,139,0.21550387596899226
5391,512,136,0.20987654320987653
5392,495,143,0.22413793103448276
5393,490,143,0.2259083728278041
5394,517,125,0.19470404984423675
5395,508,144,0.22085889570552147
5396,501,145,0.22445820433436534
5397,511,127,0.19905956112852666
5398,510,142,0.21779141104294478
5399,521,126,0.1947449768160742
5400,503,142,0.22015503875968992
5401,500,138,0.21630094043887146
5402,512,132,0.20496894409937888
5403,518,132,0.20307692307692307
5404,513,133,0.20588235294117646
5405,516,137,0.20980091883614088
5406,507,130,0.20408163265306123
5407,493,143,0.2248427672955975
5408,506,137,0.2130637636080871
5409,497,141,0.22100313479623823
5410,511,132,0.2052877138413686
5411,516,131,0.20247295208655333
5412,526,124,0.19076923076923077
5413,530,120,0.18461538461538463
5414,504,139,0.2161741835147745
5415,515,135,0.2076923076923077
5416,481,142,0.22792937399678972
5417,507,129,0.2028301886792453
5418,504,130,0.20504731861198738
5419,496,139,0.2188976377952756
5420,509,137,0.21207430340557276
5421,489,151,0.2359375
5422,495,144,0.22535211267605634
5423,523,128,0.1966205837173579
5424,517,133,0.20461538461538462
5425,521,127,0.19598765432098766
5426,489,147,0.23113207547169812
5427,506,127,0.20063191153238547
5428,503,144,0.22256568778979907
5429,524,130,0.19877675840978593
5430,523,133,0.2027439024390244
5431,508,142,0.21846153846153846
5432,515,140,0.21374045801526717
5433,498,143,0.22308892355694226
5434,483,150,0.23696682464454977
5435,513,127,0.1984375
5436,506,134,0.209375
5437,509,139,0.21450617283950618
5438,505,132,0.20722135007849293
5439,487,139,0.2220447284345048
5440,501,141,0.21962616822429906
5441,521,126,0.1947449768160742
5442,526,127,0.19448698315467075
5443,484,129,0.21044045676998369
5444,514,132,0.2043343653250774
5445,526,127,0.19448698315467075
5446,501,144,0.22325581395348837
5447,517,135,0.20705521472392638
5448,500,147,0.22720247295208656
5449,496,150,0.23219814241486067
5450,507,135,0.2102803738317757
5451,513,134,0.2071097372488408
5452,490,146,0.22955974842767296
5453,510,135,0.20930232558139536
5454,501,137,0.21473354231974923
5455,504,141,0.2186046511627907
5456,519,133,0.20398773006134968
5457,501,133,0.20977917981072555
5458,485,151,0.23742138364779874
5459,492,140,0.22151898734177214
5460,506,147,0.225114854517611
5461,514,130,0.20186335403726707
5462,515,133,0.2052469135802469
5463,523,133,0.2027439024390244
5464,476,144,0.23225806451612904
5465,528,129,0.1963470319634703
5466,486,146,0.2310126582278481
5467,512,129,0.20124804992199688
5468,494,140,0.22082018927444794
5469,504,143,0.22102009273570325
5470,497,145,0.22585669781931464
5471,487,148,0.23307086614173228
5472,497,137,0.21608832807570977
5473,516,135,0.2073732718894009
5474,521,129,0.19846153846153847
5475,487,146,0.23064770932069512
5476,514,128,0.19937694704049844
5477,518,132,0.20307692307692307
5478,503,142,0.22015503875968992
5479,495,140,0.2204724409448819
5480,491,140,0.2218700475435816
5481,512,137,0.2110939907550077
5482,497,137,0.21608832807570977
5483,526,130,0.19817073170731708
5484,506,140,0.21671826625386997
5485,522,136,0.2066869300911854
5486,512,143,0.2183206106870229
5487,507,136,0.2115085536547434
5488,506,134,0.209375
5489,505,141,0.21826625386996903
5490,491,141,0.2231012658227848
5491,488,134,0.21543408360128619
5492,514,136,0.20923076923076922
5493,520,131,0.2012288786482335
5494,511,124,0.1952755905511811
5495,510,130,0.203125
5496,508,137,0.2124031007751938
5497,492,134,0.21405750798722045
5498,513,141,0.21559633027522937
5499,510,130,0.203125
5500,514,136,0.20923076923076922
5501,511,143,0.21865443425076453
5502,508,143,0.2196620583717358
5503,528,127,0.19389312977099238
5504,535,125,0.1893939393939394
5505,505,135,0.2109375
5506,476,159,0.2503937007874016
5507,518,130,0.2006172839506173
5508,474,159,0.25118483412322273
5509,516,136,0.2085889570552147
5510,493,140,0.2211690363349131
5511,513,146,0.22154779969650987
5512,523,131,0.20030581039755352
5513,498,136,0.21451104100946372
5514,494,150,0.2329192546583851
5515,511,130,0.20280811232449297
5516,504,135,0.2112676056338028
5517,499,147,0.22755417956656346
5518,481,153,0.24132492113564669
5519,486,138,0.22115384615384615
5520,511,137,0.21141975308641975
5521,483,150,0.23696682464454977
5522,492,145,0.22762951334379905
5523,488,135,0.21669341894060995
5524,492,145,0.22762951334379905
5525,493,154,0.23802163833075735
5526,497,146,0.22706065318818042
5527,505,140,0.21705426356589147
5528,505,139,0.21583850931677018
5529,525,124,0.19106317411402157
5530,511,136,0.21020092735703247
5531,499,143,0.22274143302180685
5532,490,136,0.21725239616613418
5533,488,149,0.23390894819466249
5534,507,133,0.2078125
5535,504,138,0.21495327102803738
5536,516,123,0.19248826291079812
5537,508,137,0.2124031007751938
5538,510,138,0.21296296296296297
5539,510,134,0.2080745341614907
5540,524,133,0.2024353120243531
5541,505,139,0.21583850931677018
5542,506,149,0.22748091603053436
5543,521,123,0.19099378881987578
5544,492,141,0.22274881516587677
5545,512,132,0.20496894409937888
5546,523,126,0.1941448382126348
5547,479,151,0.2396825396825397
5548,515,144,0.21851289833080426
5549,512,128,0.2
5550,497,142,0.2222222222222222
5551,524,128,0.19631901840490798
5552,523,126,0.1941448382126348
5553,495,147,0.22897196261682243
5554,485,150,0.23622047244094488
5555,517,131,0.2021604938271605
5556,499,147,0.22755417956656346
5557,520,131,0.2012288786482335
5558,511,134,0.20775193798449612
5559,485,149,0.23501577287066247
5560,504,140,0.21739130434782608
5561,507,139,0.21517027863777088
5562,523,128,0.1966205837173579
5563,520,129,0.1987673343605547
5564,499,137,0.21540880503144655
5565,488,147,0.231496062992126
5566,512,136,0.20987654320987653
5567,504,139,0.2161741835147745
5568,496,130,0.20766773162939298
5569,520,125,0.1937984496124031
5570,506,141,0.21792890262751158
5571,493,143,0.2248427672955975
5572,518,131,0.20184899845916796
5573,512,136,0.20987654320987653
5574,500,137,0.2150706436420722
5575,515,130,0.20155038759689922
5576,500,137,0.2150706436420722
5577,506,136,0.2118380062305296
5578,508,143,0.2196620583717358
5579,485,144,0.2289348171701113
5580,512,129,0.20124804992199688
5581,526,122,0.1882716049382716
5582,493,145,0.22727272727272727
5583,511,137,0.21141975308641975
5584,496,140,0.22012578616352202
5585,491,139,0.22063492063492063
5586,513,138,0.2119815668202765
5587,512,135,0.20865533230293662
5588,510,130,0.203125
5589,497,140,0.21978021978021978
5590,514,129,0.2006220839813375
5591,506,139,0.21550387596899226
5592,496,145,0.22620904836193448
5593,511,141,0.21625766871165644
5594,500,139,0.21752738654147105
5595,513,132,0.20465116279069767
5596,480,149,0.2368839427662957
5597,511,137,0.21141975308641975
5598,530,131,0.19818456883509833
5599,515,133,0.2052469135802469
5600,497,148,0.22945736434108527
5601,516,133,0.2049306625577812
5602,488,143,0.2266244057052298
5603,515,126,0.19656786271450857
5604,496,137,0.21642969984202212
5605,508,134,0.2087227414330218
5606,529,134,0.20211161387631976
5607,516,130,0.20123839009287925
5608,505,144,0.2218798151001541
5609,511,132,0.2052877138413686
5610,505,139,0.21583850931677018
5611,505,135,0.2109375
5612,499,142,0.22152886115444617
5613,502,137,0.21439749608763695
5614,498,134,0.2120253164556962
5615,501,139,0.2171875
5616,511,145,0.22103658536585366
5617,532,127,0.19271623672230653
5618,508,140,0.21604938271604937
5619,514,129,0.2006220839813375
5620,491,140,0.2218700475435816
5621,507,132,0.20657276995305165
5622,502,140,0.21806853582554517
5623,534,125,0.18968133535660092
5624,499,142,0.22152886115444617
5625,517,132,0.2033898305084746
5626,508,147,0.22442748091603054
5627,502,141,0.2192846034214619
5628,502,133,0.2094488188976378
5629,503,144,0.22256568778979907
5630,484,152,0.2389937106918239
5631,504,144,0.2222222222222222
5632,502,142,0.2204968944099379
5633,508,129,0.20251177394034536
5634,497,150,0.23183925811437403
5635,484,147,0.2329635499207607
5636,517,131,0.2021604938271605
5637,487,141,0.22452229299363058
5638,499,145,0.2251552795031056
5639,505,139,0.21583850931677018
5640,507,132,0.20657276995305165
5641,498,143,0.22308892355694226
5642,520,132,0.20245398773006135
5643,513,136,0.20955315870570107
5644,495,141,0.22169811320754718
5645,509,134,0.208398133748056
5646,511,133,0.20652173913043478
5647,523,130,0.1990811638591118
5648,506,132,0.20689655172413793
5649,490,145,0.2283464566929134
5650,509,134,0.208398133748056
5651,513,141,0.21559633027522937
5652,524,130,0.19877675840978593
5653,535,124,0.18816388467374812
5654,476,144,0.23225806451612904
5655,502,137,0.21439749608763695
5656,509,137,0.21207430340557276
5657,517,126,0.19595645412130638
5658,527,133,0.2015151515151515
5659,522,130,0.19938650306748465
5660,527,131,0.19908814589665655
5661,509,136,0.21085271317829457
5662,517,137,0.20948012232415902
5663,521,130,0.19969278033794163
5664,511,140,0.21505376344086022
5665,514,140,0.21406727828746178
5666,509,141,0.2169230769230769
5667,502,134,0.21069182389937108
5668,519,134,0.20520673813169985
5669,524,127,0.19508448540706605
5670,526,125,0.19201228878648233
5671,519,134,0.20520673813169985
5672,516,129,0.2
5673,537,123,0.18636363636363637
5674,483,147,0.23333333333333334
5675,472,149,0.23993558776167473
5676,517,147,0.2213855421686747
5677,507,137,0.2127329192546584
5678,482,145,0.23125996810207336
5679,507,143,0.22
5680,495,140,0.2204724409448819
5681,504,135,0.2112676056338028
5682,500,144,0.2236024844720497
5683,482,148,0.23492063492063492
5684,499,141,0.2203125
5685,503,136,0.21283255086071987
5686,510,136,0.21052631578947367
5687,515,133,0.2052469135802469
5688,487,147,0.23186119873817035
5689,482,154,0.24213836477987422
5690,503,136,0.21283255086071987
5691,511,135,0.2089783281733746
5692,504,145,0.22342064714946072
5693,502,133,0.2094488188976378
5694,502,136,0.21316614420062696
5695,514,140,0.21406727828746178
5696,512,136,0.20987654320987653
5697,501,137,0.21473354231974923
5698,469,143,0.23366013071895425
5699,501,141,0.21962616822429906
5700,507,135,0.2102803738317757
5701,512,144,0.21951219512195122
5702,504,137,0.21372854914196568
5703,530,125,0.19083969465648856
5704,525,134,0.20333839150227617
5705,502,139,0.21684867394695787
5706,489,142,0.22503961965134706
5707,507,146,0.22358346094946402
5708,501,142,0.2208398133748056
5709,486,152,0.23824451410658307
5710,515,134,0.20647149460708783
5711,536,129,0.19398496240601504
5712,487,154,0.24024960998439937
5713,515,134,0.20647149460708783
5714,508,135,0.2099533437013997
5715,488,143,0.2266244057052298
5716,488,144,0.22784810126582278
5717,506,137,0.2130637636080871
5718,508,140,0.21604938271604937
5719,518,130,0.2006172839506173
5720,500,136,0.2138364779874214
5721,507,136,0.2115085536547434
5722,504,134,0.21003134796238246
5723,509,137,0.21207430340557276
5724,505,132,0.20722135007849293
5725,522,128,0.19692307692307692
5726,514,133,0.20556414219474498
5727,513,137,0.21076923076923076
5728,506,129,0.2031496062992126
5729,493,139,0.2199367088607595
5730,503,140,0.2177293934681182
5731,512,143,0.2183206106870229
5732,471,154,0.2464
5733,500,140,0.21875
5734,491,148,0.23161189358372458
5735,516,141,0.2146118721461187
5736,509,135,0.2096273291925466
5737,487,145,0.22943037974683544
5738,511,135,0.2089783281733746
5739,515,138,0.2113323124042879
5740,508,133,0.20748829953198128
5741,493,146,0.22848200312989045
5742,506,137,0.2130637636080871
5743,519,129,0.19907407407407407
5744,506,136,0.2118380062305296
5745,501,144,0.22325581395348837
5746,506,129,0.2031496062992126
5747,502,144,0.22291021671826625
5748,538,127,0.19097744360902255
5749,494,147,0.22932917316692666
5750,512,133,0.2062015503875969
5751,511,133,0.20652173913043478
5752,482,153,0.2409448818897638
5753,536,124,0.18787878787878787
5754,496,146,0.22741433021806853
5755,501,137,0.21473354231974923
5756,506,138,0.21428571428571427
5757,497,148,0.22945736434108527
5758,482,148,0.23492063492063492
5759,501,139,0.2171875
5760,522,124,0.19195046439628483
5761,508,138,0.21362229102167182
5762,490,150,0.234375
5763,501,137,0.21473354231974923
5764,496,146,0.22741433021806853
5765,504,139,0.2161741835147745
5766,494,141,0.2220472440944882
5767,502,137,0.21439749608763695
5768,506,131,0.20565149136577707
5769,520,133,0.20367534456355282
5770,517,141,0.21428571428571427
5771,498,148,0.22910216718266255
5772,510,135,0.20930232558139536
5773,506,136,0.2118380062305296
5774,520,131,0.2012288786482335
5775,502,135,0.2119309262166405
5776,501,142,0.2208398133748056
5777,503,142,0.22015503875968992
5778,509,133,0.2071651090342679
5779,504,136,0.2125
5780,511,133,0.20652173913043478
5781,501,136,0.21350078492935637
5782,507,132,0.20657276995305165
5783,518,133,0.20430107526881722
5784,503,139,0.21651090342679127
5785,491,134,0.2144
5786,490,137,0.21850079744816586
5787,506,139,0.21550387596899226
5788,505,136,0.2121684867394696
5789,519,130,0.20030816640986132
5790,495,143,0.22413793103448276
5791,504,139,0.2161741835147745
5792,502,141,0.2192846034214619
5793,522,131,0.2006125574272588
5794,504,137,0.21372854914196568
5795,489,145,0.22870662460567823
5796,495,136,0.21553090332805072
5797,506,141,0.21792890262751158
5798,510,138,0.21296296296296297
5799,497,144,0.22464898595943839
5800,532,125,0.1902587519025875
5801,483,141,0.22596153846153846
5802,523,122,0.18914728682170542
5803,505,135,0.2109375
5804,503,139,0.21651090342679127
5805,490,148,0.23197492163009403
5806,518,126,0.1956521739130435
5807,513,135,0.20833333333333334
5808,504,135,0.2112676056338028
5809,500,143,0.2223950233281493
5810,531,129,0.19545454545454546
5811,518,127,0.19689922480620156
5812,497,137,0.21608832807570977
5813,523,132,0.2015267175572519
5814,505,138,0.21461897356143078
5815,493,144,0.2260596546310832
5816,510,132,0.205607476635514
5817,499,148,0.2287480680061824
5818,506,144,0.22153846153846155
5819,524,134,0.20364741641337386
5820,520,129,0.1987673343605547
5821,498,138,0.2169811320754717
5822,506,134,0.209375
5823,504,133,0.2087912087912088
5824,505,137,0.21339563862928349
5825,508,138,0.21362229102167182
5826,479,151,0.2396825396825397
5827,513,130,0.20217729393468117
5828,507,137,0.2127329192546584
5829,498,138,0.2169811320754717
5830,491,140,0.2218700475435816
5831,515,136,0.20890937019969277
5832,507,143,0.22
5833,498,144,0.22429906542056074
5834,513,134,0.2071097372488408
5835,476,142,0.2297734627831715
5836,508,134,0.2087227414330218
5837,506,135,0.21060842433697347
5838,512,131,0.20373250388802489
5839,498,142,0.221875
5840,506,145,0.2227342549923195
5841,515,135,0.2076923076923077
5842,509,140,0.21571648690292758
5843,532,131,0.1975867269984917
5844,489,141,0.22380952380952382
5845,501,140,0.21840873634945399
5846,494,147,0.22932917316692666
5847,508,146,0.22324159021406728
5848,494,140,0.22082018927444794
5849,473,149,0.2395498392282958
5850,508,139,0.21483771251931993
5851,492,138,0.21904761904761905
5852,510,131,0.20436817472698907
5853,506,139,0.21550387596899226
5854,519,134,0.20520673813169985
5855,518,131,0.20184899845916796
5856,512,132,0.20496894409937888
5857,500,136,0.2138364779874214
5858,509,139,0.21450617283950618
5859,501,136,0.21350078492935637
5860,488,142,0.2253968253968254
5861,493,140,0.2211690363349131
5862,513,136,0.20955315870570107
5863,484,137,0.22061191626409019
5864,509,139,0.21450617283950618
5865,491,145,0.2279874213836478
5866,523,127,0.19538461538461538
5867,516,133,0.2049306625577812
5868,506,142,0.2191358024691358
5869,519,124,0.19284603421461896
5870,503,134,0.21036106750392464
5871,508,135,0.2099533437013997
5872,504,135,0.2112676056338028
5873,503,141,0.21894409937888198
5874,509,143,0.21932515337423314
5875,520,128,0.19753086419753085
5876,485,145,0.23015873015873015
5877,487,140,0.22328548644338117
5878,506,131,0.20565149136577707
5879,516,138,0.21100917431192662
5880,481,144,0.2304
5881,501,137,0.21473354231974923
5882,475,153,0.24363057324840764
5883,525,126,0.1935483870967742
5884,490,142,0.22468354430379747
5885,494,144,0.22570532915360503
5886,510,132,0.205607476635514
5887,517,128,0.19844961240310077
5888,490,150,0.234375
5889,516,125,0.19500780031201248
5890,505,142,0.21947449768160743
5891,505,140,0.21705426356589147
5892,489,146,0.22992125984251968
5893,509,137,0.21207430340557276
5894,515,135,0.2076923076923077
5895,518,140,0.2127659574468085
5896,506,134,0.209375
5897,484,146,0.23174603174603176
5898,499,132,0.2091917591125198
5899,485,151,0.23742138364779874
5900,500,137,0.2150706436420722
5901,493,143,0.2248427672955975
5902,505,136,0.2121684867394696
5903,501,146,0.22565687789799072
5904,530,129,0.19575113808801214
5905,507,137,0.2127329192546584
5906,525,123,0.18981481481481483
5907,504,137,0.21372854914196568
5908,494,136,0.21587301587301588
5909,508,137,0.2124031007751938
5910,490,145,0.2283464566929134
5911,513,149,0.22507552870090636
5912,496,152,0.2345679012345679
5913,508,140,0.21604938271604937
5914,506,134,0.209375
5915,497,142,0.2222222222222222
5916,503,144,0.22256568778979907
5917,490,150,0.234375
5918,513,131,0.20341614906832298
5919,500,137,0.2150706436420722
5920,492,135,0.215311004784689
5921,490,150,0.234375
5922,513,130,0.20217729393468117
5923,517,137,0.20948012232415902
5924,511,123,0.19400630914826497
5925,515,135,0.2076923076923077
5926,518,135,0.20673813169984687
5927,513,132,0.20465116279069767
5928,506,134,0.209375
5929,480,145,0.232
5930,522,124,0.19195046439628483
5931,503,134,0.21036106750392464
5932,500,136,0.2138364779874214
5933,518,130,0.2006172839506173
5934,508,150,0.22796352583586627
5935,505,135,0.2109375
5936,483,146,0.23211446740858505
5937,512,140,0.2147239263803681
5938,519,132,0.20276497695852536
5939,500,130,0.20634920634920634
5940,504,143,0.22102009273570325
5941,504,143,0.22102009273570325
5942,501,145,0.22445820433436534
5943,522,124,0.19195046439628483
5944,484,149,0.2353870458135861
5945,504,139,0.2161741835147745
5946,495,145,0.2265625
5947,518,130,0.2006172839506173
5948,495,139,0.2192429022082019
5949,497,137,0.21608832807570977
5950,509,140,0.21571648690292758
5951,506,139,0.21550387596899226
5952,487,142,0.22575516693163752
5953,505,136,0.2121684867394696
5954,532,122,0.18654434250764526
5955,516,136,0.2085889570552147
5956,526,129,0.1969465648854962
5957,512,137,0.2110939907550077
5958,489,146,0.22992125984251968
5959,502,139,0.21684867394695787
5960,516,129,0.2
5961,513,126,0.19718309859154928
5962,530,122,0.18711656441717792
5963,523,135,0.20516717325227962
5964,515,137,0.21012269938650308
5965,482,148,0.23492063492063492
5966,508,143,0.2196620583717358
5967,497,138,0.2173228346456693
5968,499,140,0.2190923317683881
5969,507,132,0.20657276995305165
5970,503,134,0.21036106750392464
5971,520,131,0.2012288786482335
5972,536,124,0.18787878787878787
5973,487,145,0.22943037974683544
5974,521,128,0.19722650231124808
5975,505,137,0.21339563862928349
5976,526,127,0.19448698315467075
5977,520,133,0.20367534456355282
5978,482,142,0.22756410256410256
5979,512,135,0.20865533230293662
5980,498,142,0.221875
5981,507,137,0.2127329192546584
5982,500,137,0.2150706436420722
5983,501,138,0.215962441314554
5984,508,133,0.20748829953198128
5985,504,139,0.2161741835147745
5986,515,129,0.20031055900621117
5987,512,137,0.2110939907550077
5988,496,146,0.22741433021806853
5989,513,142,0.216793893129771
5990,478,152,0.24126984126984127
5991,521,133,0.20336391437308868
5992,504,147,0.22580645161290322
5993,483,146,0.23211446740858505
5994,514,136,0.20923076923076922
5995,513,135,0.20833333333333334
5996,519,127,0.19659442724458204
5997,510,124,0.19558359621451105
5998,490,149,0.23317683881064163
5999,515,134,0.20647149460708783
6000,498,150,0.23148148148148148
6001,513,146,0.22154779969650987
6002,512,140,0.2147239263803681
6003,496,141,0.22135007849293564
6004,503,142,0.22015503875968992
6005,489,144,0.22748815165876776
6006,495,143,0.22413793103448276
6007,512,142,0.21712538226299694
6008,501,142,0.2208398133748056
6009,514,133,0.20556414219474498
6010,510,132,0.205607476635514
6011,516,124,0.19375
6012,496,135,0.21394611727416799
6013,489,144,0.22748815165876776
6014,503,145,0.22376543209876543
6015,493,146,0.22848200312989045
6016,490,138,0.2197452229299363
6017,489,145,0.22870662460567823
6018,495,143,0.22413793103448276
6019,520,132,0.20245398773006135
6020,497,135,0.21360759493670886
6021,494,132,0.2108626198083067
6022,498,146,0.2267080745341615
6023,493,137,0.21746031746031746
6024,490,139,0.22098569157392686
6025,497,140,0.21978021978021978
6026,499,135,0.21293375394321767
6027,501,138,0.215962441314554
6028,502,138,0.215625
6029,488,152,0.2375
6030,495,143,0.22413793103448276
6031,493,148,0.23088923556942278
6032,490,136,0.21725239616613418
6033,499,133,0.21044303797468356
6034,494,141,0.2220472440944882
6035,491,148,0.23161189358372458
6036,508,132,0.20625
6037,484,150,0.23659305993690852
6038,509,143,0.21932515337423314
6039,515,136,0.20890937019969277
6040,494,145,0.2269170579029734
6041,505,146,0.22427035330261136
6042,490,153,0.2379471228615863
6043,509,131,0.2046875
6044,487,142,0.22575516693163752
6045,489,141,0.22380952380952382
6046,487,143,0.22698412698412698
6047,460,155,0.25203252032520324
6048,506,134,0.209375
6049,514,130,0.20186335403726707
6050,488,137,0.2192
6051,496,139,0.2188976377952756
6052,487,147,0.23186119873817035
6053,491,142,0.22432859399684044
6054,510,129,0.20187793427230047
6055,491,132,0.21187800963081863
6056,503,143,0.22136222910216719
6057,503,132,0.2078740157480315
6058,499,145,0.2251552795031056
6059,495,141,0.22169811320754718
6060,493,133,0.2124600638977636
6061,510,131,0.20436817472698907
6062,505,133,0.2084639498432602
6063,505,143,0.22067901234567902
6064,503,132,0.2078740157480315
6065,517,139,0.21189024390243902
6066,512,134,0.20743034055727555
6067,496,136,0.21518987341772153
6068,488,141,0.22416534181240064
6069,493,142,0.22362204724409449
6070,496,144,0.225
6071,500,145,0.2248062015503876
6072,501,147,0.22685185185185186
6073,500,148,0.22839506172839505
6074,495,143,0.22413793103448276
6075,519,128,0.19783616692426584
6076,493,146,0.22848200312989045
6077,505,139,0.21583850931677018
6078,507,143,0.22
6079,510,132,0.205607476635514
6080,498,138,0.2169811320754717
6081,485,145,0.23015873015873015
6082,509,132,0.2059282371294852
6083,490,146,0.22955974842767296
6084,529,121,0.18615384615384614
6085,498,144,0.22429906542056074
6086,491,140,0.2218700475435816
6087,506,134,0.209375
6088,496,145,0.22620904836193448
6089,510,139,0.21417565485362094
6090,497,143,0.2234375
6091,523,133,0.2027439024390244
6092,506,141,0.21792890262751158
6093,492,142,0.22397476340694006
6094,489,152,0.23712948517940718
6095,492,144,0.22641509433962265
6096,512,139,0.21351766513056836
6097,497,137,0.21608832807570977
6098,530,123,0.1883614088820827
6099,532,128,0.19393939393939394
6100,501,131,0.20727848101265822
6101,502,136,0.21316614420062696
6102,523,129,0.19785276073619631
6103,503,136,0.21283255086071987
6104,484,158,0.24610591900311526
6105,497,138,0.2173228346456693
6106,499,143,0.22274143302180685
6107,496,145,0.22620904836193448
6108,527,130,0.197869101978691
6109,504,143,0.22102009273570325
6110,491,149,0.2328125
6111,500,140,0.21875
6112,491,152,0.2363919129082426
6113,479,149,0.2372611464968153
6114,501,131,0.20727848101265822
6115,530,137,0.20539730134932535
6116,499,142,0.22152886115444617
6117,500,145,0.2248062015503876
6118,494,143,0.22448979591836735
6119,487,147,0.23186119873817035
6120,518,126,0.1956521739130435
6121,488,137,0.2192
6122,510,141,0.21658986175115208
6123,486,141,0.22488038277511962
6124,513,133,0.20588235294117646
6125,530,128,0.1945288753799392
6126,491,149,0.2328125
6127,511,127,0.19905956112852666
6128,496,135,0.21394611727416799
6129,507,139,0.21517027863777088
6130,485,134,0.21647819063004847
6131,494,133,0.21212121212121213
6132,516,135,0.2073732718894009
6133,501,148,0.2280431432973806
6134,511,142,0.21745788667687596
6135,517,134,0.20583717357910905
6136,496,146,0.22741433021806853
6137,494,139,0.21958925750394945
6138,492,137,0.2178060413354531
6139,504,143,0.22102009273570325
6140,501,139,0.2171875
6141,501,137,0.21473354231974923
6142,493,134,0.21371610845295055
6143,495,138,0.21800947867298578
6144,471,146,0.2366288492706645
6145,519,134,0.20520673813169985
6146,499,140,0.2190923317683881
6147,480,153,0.24170616113744076
6148,504,137,0.21372854914196568
6149,490,144,0.22712933753943218
6150,489,144,0.22748815165876776
6151,493,143,0.2248427672955975
6152,501,141,0.21962616822429906
6153,505,134,0.20970266040688576
6154,492,141,0.22274881516587677
6155,518,127,0.19689922480620156
6156,492,147,0.2300469483568075
6157,496,139,0.2188976377952756
6158,499,146,0.22635658914728682
6159,522,126,0.19444444444444445
6160,495,146,0.22776911076443057
6161,510,131,0.20436817472698907
6162,499,141,0.2203125
6163,487,140,0.22328548644338117
6164,490,144,0.22712933753943218
6165,501,143,0.2220496894409938
6166,495,142,0.22291993720565148
6167,492,144,0.22641509433962265
6168,497,135,0.21360759493670886
6169,508,131,0.20500782472613457
6170,525,124,0.19106317411402157
6171,503,143,0.22136222910216719
6172,486,149,0.2346456692913386
6173,477,159,0.25
6174,514,139,0.21286370597243492
6175,509,139,0.21450617283950618
6176,511,131,0.20404984423676012
6177,499,138,0.21664050235478807
6178,528,125,0.19142419601837674
6179,514,141,0.2152671755725191
6180,500,134,0.2113564668769716
6181,503,142,0.22015503875968992
6182,502,133,0.2094488188976378
6183,520,134,0.20489296636085627
6184,501,131,0.20727848101265822
6185,518,131,0.20184899845916796
6186,509,137,0.21207430340557276
6187,507,143,0.22
6188,515,130,0.20155038759689922
6189,501,134,0.2110236220472441
6190,496,142,0.2225705329153605
6191,503,131,0.20662460567823343
6192,487,153,0.2390625
6193,505,140,0.21705426356589147
6194,516,135,0.2073732718894009
6195,509,140,0.21571648690292758
6196,506,134,0.209375
6197,508,138,0.21362229102167182
6198,535,130,0.19548872180451127
6199,494,141,0.2220472440944882
6200,501,144,0.22325581395348837
6201,517,132,0.2033898305084746
6202,505,134,0.20970266040688576
6203,487,149,0.23427672955974843
6204,501,141,0.21962616822429906
6205,484,142,0.2268370607028754
6206,510,140,0.2153846153846154
6207,500,143,0.2223950233281493
6208,511,139,0.21384615384615385
6209,511,124,0.1952755905511811
6210,520,127,0.19629057187017002
6211,531,120,0.18433179723502305
6212,491,138,0.21939586645468998
6213,498,141,0.22065727699530516
6214,496,146,0.22741433021806853
6215,512,136,0.20987654320987653
6216,499,137,0.21540880503144655
6217,476,145,0.23349436392914655
6218,511,139,0.21384615384615385
6219,512,123,0.19370078740157481
6220,483,145,0.23089171974522293
6221,495,142,0.22291993720565148
6222,507,135,0.2102803738317757
6223,528,132,0.2
6224,495,140,0.2204724409448819
6225,490,133,0.21348314606741572
6226,506,139,0.21550387596899226
6227,526,131,0.1993911719939117
6228,518,138,0.21036585365853658
6229,508,139,0.21483771251931993
6230,506,143,0.22033898305084745
6231,495,139,0.2192429022082019
6232,488,137,0.2192
6233,469,142,0.23240589198036007
6234,510,133,0.20684292379471228
6235,517,137,0.20948012232415902
6236,492,134,0.21405750798722045
6237,492,145,0.22762951334379905
6238,490,149,0.23317683881064163
6239,513,141,0.21559633027522937
6240,517,136,0.2082695252679939
6241,494,146,0.228125
6242,504,135,0.2112676056338028
6243,485,144,0.2289348171701113
6244,497,140,0.21978021978021978
6245,487,143,0.22698412698412698
6246,515,135,0.2076923076923077
6247,516,133,0.2049306625577812
6248,506,134,0.209375
6249,505,137,0.21339563862928349
6250,491,146,0.22919937205651492
6251,508,132,0.20625
6252,532,126,0.19148936170212766
6253,500,144,0.2236024844720497
6254,506,137,0.2130637636080871
6255,525,127,0.19478527607361965
6256,508,138,0.21362229102167182
6257,503,140,0.2177293934681182
6258,514,131,0.20310077519379846
6259,506,142,0.2191358024691358
6260,497,130,0.20733652312599682
6261,509,129,0.20219435736677116
6262,496,129,0.2064
6263,486,155,0.24180967238689546
6264,511,131,0.20404984423676012
6265,491,147,0.2304075235109718
6266,521,124,0.19224806201550387
6267,517,144,0.2178517397881997
6268,491,135,0.21565495207667731
6269,503,135,0.2115987460815047
6270,509,136,0.21085271317829457
6271,503,138,0.21528861154446177
6272,497,132,0.20985691573926868
6273,503,134,0.21036106750392464
6274,532,126,0.19148936170212766
6275,497,136,0.21484992101105846
6276,497,138,0.2173228346456693
6277,506,131,0.20565149136577707
6278,493,147,0.2296875
6279,503,138,0.21528861154446177
6280,526,132,0.2006079027355623
6281,493,143,0.2248427672955975
6282,494,140,0.22082018927444794
6283,495,141,0.22169811320754718
6284,487,135,0.2170418006430868
6285,508,136,0.2111801242236025
6286,528,124,0.1901840490797546
6287,503,140,0.2177293934681182
6288,505,135,0.2109375
6289,508,136,0.2111801242236025
6290,492,137,0.2178060413354531
6291,517,133,0.20461538461538462
6292,517,133,0.20461538461538462
6293,518,128,0.19814241486068113
6294,518,140,0.2127659574468085
6295,493,150,0.2332814930015552
6296,504,133,0.2087912087912088
6297,490,143,0.2259083728278041
6298,512,133,0.2062015503875969
6299,494,143,0.22448979591836735
6300,507,141,0.2175925925925926
6301,510,135,0.20930232558139536
6302,517,134,0.20583717357910905
6303,499,144,0.223950233281493
6304,507,134,0.20904836193447737
6305,529,128,0.1948249619482496
6306,510,136,0.21052631578947367
6307,505,132,0.20722135007849293
6308,506,142,0.2191358024691358
6309,500,141,0.21996879875195008
6310,494,151,0.23410852713178296
6311,512,144,0.21951219512195122
6312,491,147,0.2304075235109718
6313,489,143,0.22626582278481014
6314,495,144,0.22535211267605634
6315,498,139,0.21821036106750394
6316,521,130,0.19969278033794163
6317,507,143,0.22
6318,492,144,0.22641509433962265
6319,504,142,0.21981424148606812
6320,509,134,0.208398133748056
6321,502,139,0.21684867394695787
6322,512,136,0.20987654320987653
6323,484,148,0.23417721518987342
6324,508,138,0.21362229102167182
6325,512,132,0.20496894409937888
6326,506,136,0.2118380062305296
6327,500,143,0.2223950233281493
6328,530,125,0.19083969465648856
6329,522,135,0.2054794520547945
6330,507,139,0.21517027863777088
6331,501,140,0.21840873634945399
6332,499,144,0.223950233281493
6333,493,144,0.2260596546310832
6334,511,136,0.21020092735703247
6335,490,140,0.2222222222222222
6336,489,146,0.22992125984251968
6337,520,134,0.20489296636085627
6338,490,141,0.22345483359746435
6339,498,139,0.21821036106750394
6340,485,144,0.2289348171701113
6341,512,136,0.20987654320987653
6342,508,136,0.2111801242236025
6343,506,133,0.2081377151799687
6344,498,135,0.2132701421800948
6345,490,145,0.2283464566929134
6346,487,154,0.24024960998439937
6347,507,134,0.20904836193447737
6348,512,139,0.21351766513056836
6349,510,139,0.21417565485362094
6350,523,134,0.2039573820395738
6351,527,133,0.2015151515151515
6352,488,149,0.23390894819466249
6353,500,140,0.21875
6354,500,138,0.21630094043887146
6355,529,132,0.19969742813918306
6356,520,130,0.2
6357,493,143,0.2248427672955975
6358,494,142,0.22327044025157233
6359,506,134,0.209375
6360,499,140,0.2190923317683881
6361,493,147,0.2296875
6362,495,149,0.23136645962732919
6363,531,122,0.18683001531393567
6364,515,136,0.20890937019969277
6365,504,138,0.21495327102803738
6366,526,129,0.1969465648854962
6367,500,139,0.21752738654147105
6368,496,134,0.2126984126984127
6369,505,143,0.22067901234567902
6370,490,136,0.21725239616613418
6371,516,134,0.20615384615384616
6372,504,141,0.2186046511627907
6373,516,130,0.20123839009287925
6374,498,137,0.215748031496063
6375,508,138,0.21362229102167182
6376,495,154,0.23728813559322035
6377,545,120,0.18045112781954886
6378,509,142,0.21812596006144394
6379,509,136,0.21085271317829457
6380,524,130,0.19877675840978593
6381,497,149,0.2306501547987616
6382,496,141,0.22135007849293564
6383,505,135,0.2109375
6384,491,141,0.2231012658227848
6385,492,144,0.22641509433962265
6386,496,139,0.2188976377952756
6387,514,137,0.21044546850998463
6388,520,131,0.2012288786482335
6389,505,122,0.19457735247208932
6390,491,150,0.23400936037441497
6391,513,144,0.2191780821917808
6392,506,128,0.20189274447949526
6393,481,152,0.2401263823064771
6394,480,146,0.23322683706070288
6395,512,137,0.2110939907550077
6396,504,136,0.2125
6397,509,135,0.2096273291925466
6398,509,143,0.21932515337423314
6399,500,142,0.22118380062305296
6400,492,142,0.22397476340694006
6401,512,134,0.20743034055727555
6402,497,138,0.2173228346456693
6403,499,128,0.20414673046251994
6404,495,141,0.22169811320754718
6405,495,139,0.2192429022082019
6406,516,135,0.2073732718894009
6407,492,147,0.2300469483568075
6408,509,141,0.2169230769230769
6409,496,141,0.22135007849293564
6410,488,145,0.22906793048973143
6411,496,135,0.21394611727416799
6412,495,149,0.23136645962732919
6413,506,141,0.21792890262751158
6414,513,136,0.20955315870570107
6415,494,147,0.22932917316692666
6416,491,145,0.2279874213836478
6417,511,125,0.19654088050314467
6418,516,133,0.2049306625577812
6419,497,143,0.2234375
6420,512,140,0.2147239263803681
6421,497,138,0.2173228346456693
6422,519,141,0.21363636363636362
6423,495,137,0.21677215189873417
6424,504,130,0.20504731861198738
6425,505,141,0.21826625386996903
6426,524,125,0.1926040061633282
6427,506,133,0.2081377151799687
6428,516,130,0.20123839009287925
6429,495,140,0.2204724409448819
6430,497,147,0.22826086956521738
6431,509,133,0.2071651090342679
6432,520,122,0.19003115264797507
6433,511,135,0.2089783281733746
6434,509,144,0.22052067381316998
6435,488,138,0.22044728434504793
6436,502,141,0.2192846034214619
6437,486,146,0.2310126582278481
6438,508,127,0.2
6439,519,135,0.20642201834862386
6440,492,145,0.22762951334379905
6441,497,145,0.22585669781931464
6442,510,136,0.21052631578947367
6443,506,139,0.21550387596899226
6444,515,130,0.20155038759689922
6445,503,139,0.21651090342679127
6446,490,139,0.22098569157392686
6447,506,138,0.21428571428571427
6448,517,132,0.2033898305084746
6449,489,147,0.23113207547169812
6450,493,144,0.2260596546310832
6451,496,148,0.22981366459627328
6452,528,122,0.18769230769230769
6453,497,135,0.21360759493670886
6454,522,124,0.19195046439628483
6455,514,142,0.21646341463414634
6456,508,126,0.19873817034700317
6457,518,128,0.19814241486068113
6458,496,139,0.2188976377952756
6459,493,140,0.2211690363349131
6460,511,136,0.21020092735703247
6461,517,123,0.1921875
6462,505,139,0.21583850931677018
6463,505,143,0.22067901234567902
6464,495,153,0.2361111111111111
6465,508,141,0.2172573189522342
6466,522,138,0.20909090909090908
6467,509,140,0.21571648690292758
6468,497,141,0.22100313479623823
6469,498,143,0.22308892355694226
6470,511,137,0.21141975308641975
6471,490,139,0.22098569157392686
6472,511,130,0.20280811232449297
6473,517,134,0.20583717357910905
6474,494,147,0.22932917316692666
6475,527,119,0.18421052631578946
6476,513,139,0.21319018404907975
6477,486,144,0.22857142857142856
6478,483,158,0.24648985959438377
6479,502,142,0.2204968944099379
6480,526,135,0.2042360060514372
6481,487,147,0.23186119873817035
6482,528,134,0.20241691842900303
6483,513,139,0.21319018404907975
6484,492,138,0.21904761904761905
6485,496,139,0.2188976377952756
6486,510,143,0.21898928024502298
6487,493,151,0.234472049689441
6488,521,127,0.19598765432098766
6489,515,136,0.20890937019969277
6490,531,125,0.19054878048780488
6491,524,130,0.19877675840978593
6492,491,147,0.2304075235109718
6493,493,149,0.23208722741433022
6494,501,137,0.21473354231974923
6495,513,136,0.20955315870570107
6496,515,132,0.20401854714064915
6497,497,144,0.22464898595943839
6498,496,147,0.2286158631415241
6499,527,131,0.19908814589665655
6500,513,133,0.20588235294117646
6501,492,142,0.22397476340694006
6502,475,145,0.23387096774193547
6503,507,138,0.21395348837209302
6504,489,136,0.2176
6505,485,138,0.22150882825040127
6506,511,142,0.21745788667687596
6507,498,143,0.22308892355694226
6508,497,144,0.22464898595943839
6509,502,142,0.2204968944099379
6510,519,133,0.20398773006134968
6511,499,148,0.2287480680061824
6512,499,146,0.22635658914728682
6513,499,134,0.21169036334913113
6514,508,145,0.222052067381317
6515,528,121,0.1864406779661017
6516,500,145,0.2248062015503876
6517,514,135,0.20801232665639446
6518,524,134,0.20364741641337386
6519,499,140,0.2190923317683881
6520,492,136,0.21656050955414013
6521,501,137,0.21473354231974923
6522,491,140,0.2218700475435816
6523,530,130,0.19696969696969696
6524,492,136,0.21656050955414013
6525,494,140,0.22082018927444794
6526,477,148,0.2368
6527,501,143,0.2220496894409938
6528,500,137,0.2150706436420722
6529,487,147,0.23186119873817035
6530,504,146,0.2246153846153846
6531,517,146,0.22021116138763197
6532,493,148,0.23088923556942278
6533,493,139,0.2199367088607595
6534,509,124,0.19589257503949448
6535,496,134,0.2126984126984127
6536,492,144,0.22641509433962265
6537,479,146,0.2336
6538,512,139,0.21351766513056836
6539,503,134,0.21036106750392464
6540,515,135,0.2076923076923077
6541,524,127,0.19508448540706605
6542,490,143,0.2259083728278041
6543,489,141,0.22380952380952382
6544,515,133,0.2052469135802469
6545,517,129,0.1996904024767802
6546,501,141,0.21962616822429906
6547,505,139,0.21583850931677018
6548,534,126,0.19090909090909092
6549,463,161,0.25801282051282054
6550,484,138,0.22186495176848875
6551,511,138,0.21263482280431434
6552,494,142,0.22327044025157233
6553,489,149,0.2335423197492163
6554,510,141,0.21658986175115208
6555,513,129,0.20093457943925233
6556,510,137,0.2117465224111283
6557,490,144,0.22712933753943218
6558,483,147,0.23333333333333334
6559,498,144,0.22429906542056074
6560,506,144,0.22153846153846155
6561,506,135,0.21060842433697347
6562,513,137,0.21076923076923076
6563,507,134,0.20904836193447737
6564,506,140,0.21671826625386997
6565,508,133,0.20748829953198128
6566,518,136,0.20795107033639143
6567,497,136,0.21484992101105846
6568,490,144,0.22712933753943218
6569,505,137,0.21339563862928349
6570,476,145,0.23349436392914655
6571,510,142,0.21779141104294478
6572,494,138,0.21835443037974683
6573,502,128,0.20317460317460317
6574,524,128,0.19631901840490798
6575,511,125,0.19654088050314467
6576,518,133,0.20430107526881722
6577,514,137,0.21044546850998463
6578,484,141,0.2256
6579,505,143,0.22067901234567902
6580,500,138,0.21630094043887146
6581,500,142,0.22118380062305296
6582,493,148,0.23088923556942278
6583,514,134,0.20679012345679013
6584,517,133,0.20461538461538462
6585,505,147,0.2254601226993865
6586,481,148,0.23529411764705882
6587,516,129,0.2
6588,512,121,0.1911532385466035
6589,504,139,0.2161741835147745
6590,495,142,0.22291993720565148
6591,491,148,0.23161189358372458
6592,508,139,0.21483771251931993
6593,524,133,0.2024353120243531
6594,511,132,0.2052877138413686
6595,510,131,0.20436817472698907
6596,497,143,0.2234375
6597,486,150,0.2358490566037736
6598,517,131,0.2021604938271605
6599,523,130,0.1990811638591118
6600,513,138,0.2119815668202765
6601,513,133,0.20588235294117646
6602,521,133,0.20336391437308868
6603,501,141,0.21962616822429906
6604,497,135,0.21360759493670886
6605,501,148,0.2280431432973806
6606,508,143,0.2196620583717358
6607,512,131,0.20373250388802489
6608,491,144,0.22677165354330708
6609,482,146,0.23248407643312102
6610,506,135,0.21060842433697347
6611,508,141,0.2172573189522342
6612,505,143,0.22067901234567902
6613,514,134,0.20679012345679013
6614,496,141,0.22135007849293564
6615,504,140,0.21739130434782608
6616,504,137,0.21372854914196568
6617,493,138,0.21870047543581617
6618,500,139,0.21752738654147105
6619,513,134,0.2071097372488408
6620,514,137,0.21044546850998463
6621,500,140,0.21875
6622,512,137,0.2110939907550077
6623,478,152,0.24126984126984127
6624,501,137,0.21473354231974923
6625,503,139,0.21651090342679127
6626,507,133,0.2078125
6627,502,136,0.21316614420062696
6628,495,135,0.21428571428571427
6629,500,142,0.22118380062305296
6630,515,135,0.2076923076923077
6631,498,148,0.22910216718266255
6632,504,134,0.21003134796238246
6633,515,131,0.20278637770897834
6634,521,135,0.20579268292682926
6635,508,138,0.21362229102167182
6636,514,131,0.20310077519379846
6637,492,145,0.22762951334379905
6638,521,132,0.20214395099540583
6639,487,151,0.23667711598746083
6640,500,149,0.2295839753466872
6641,514,129,0.2006220839813375
6642,517,141,0.21428571428571427
6643,517,138,0.21068702290076335
6644,504,145,0.22342064714946072
6645,506,141,0.21792890262751158
6646,515,131,0.20278637770897834
6647,509,145,0.2217125382262997
6648,502,133,0.2094488188976378
6649,501,144,0.22325581395348837
6650,509,137,0.21207430340557276
6651,502,140,0.21806853582554517
6652,499,138,0.21664050235478807
6653,513,144,0.2191780821917808
6654,515,130,0.20155038759689922
6655,517,138,0.21068702290076335
6656,528,133,0.20121028744326777
6657,506,136,0.2118380062305296
6658,509,137,0.21207430340557276
6659,481,149,0.2365079365079365
6660,487,142,0.22575516693163752
6661,539,123,0.18580060422960726
6662,511,133,0.20652173913043478
6663,503,144,0.22256568778979907
6664,489,139,0.2213375796178344
6665,504,136,0.2125
6666,516,132,0.2037037037037037
6667,472,152,0.24358974358974358
6668,483,153,0.24056603773584906
6669,511,140,0.21505376344086022
6670,503,138,0.21528861154446177
6671,517,139,0.21189024390243902
6672,490,145,0.2283464566929134
6673,498,139,0.21821036106750394
6674,486,139,0.2224
6675,509,138,0.2132921174652241
6676,505,134,0.20970266040688576
6677,502,137,0.21439749608763695
6678,500,146,0.2260061919504644
6679,494,132,0.2108626198083067
6680,497,149,0.2306501547987616
6681,528,143,0.21311475409836064
6682,503,133,0.20911949685534592
6683,513,139,0.21319018404907975
6684,497,138,0.2173228346456693
6685,505,133,0.2084639498432602
6686,476,147,0.23595505617977527
6687,518,133,0.20430107526881722
6688,524,134,0.20364741641337386
6689,510,135,0.20930232558139536
6690,509,138,0.2132921174652241
6691,517,133,0.20461538461538462
6692,511,130,0.20280811232449297
6693,475,155,0.24603174603174602
6694,528,125,0.19142419601837674
6695,516,130,0.20123839009287925
6696,483,147,0.23333333333333334
6697,506,135,0.21060842433697347
6698,503,139,0.21651090342679127
6699,498,136,0.21451104100946372
6700,495,143,0.22413793103448276
6701,518,129,0.19938176197836166
6702,484,148,0.23417721518987342
6703,505,136,0.2121684867394696
6704,474,153,0.24401913875598086
6705,503,137,0.2140625
6706,484,149,0.2353870458135861
6707,487,148,0.23307086614173228
6708,518,138,0.21036585365853658
6709,517,134,0.20583717357910905
6710,530,130,0.19696969696969696
6711,500,135,0.2125984251968504
6712,513,136,0.20955315870570107
6713,505,138,0.21461897356143078
6714,513,130,0.20217729393468117
6715,507,137,0.2127329192546584
6716,521,127,0.19598765432098766
6717,490,152,0.2367601246105919
6718,507,136,0.2115085536547434
6719,522,125,0.19319938176197837
6720,480,153,0.24170616113744076
6721,494,143,0.22448979591836735
6722,497,145,0.22585669781931464
6723,480,148,0.2356687898089172
6724,519,128,0.19783616692426584
6725,493,136,0.21621621621621623
6726,509,144,0.22052067381316998
6727,506,135,0.21060842433697347
6728,512,129,0.20124804992199688
6729,521,131,0.200920245398773
6730,523,126,0.1941448382126348
6731,514,138,0.2116564417177914
6732,504,138,0.21495327102803738
6733,485,150,0.23622047244094488
6734,522,130,0.19938650306748465
6735,515,138,0.2113323124042879
6736,501,149,0.22923076923076924
6737,534,129,0.19457013574660634
6738,484,143,0.22807017543859648
6739,494,145,0.2269170579029734
6740,506,137,0.2130637636080871
6741,508,142,0.21846153846153846
6742,519,132,0.20276497695852536
6743,510,137,0.2117465224111283
6744,519,134,0.20520673813169985
6745,492,135,0.215311004784689
6746,498,132,0.20952380952380953
6747,519,133,0.20398773006134968
6748,515,142,0.2161339421613394
6749,492,145,0.22762951334379905
6750,510,132,0.205607476635514
6751,517,139,0.21189024390243902
6752,492,144,0.22641509433962265
6753,507,138,0.21395348837209302
6754,481,153,0.24132492113564669
6755,496,147,0.2286158631415241
6756,508,142,0.21846153846153846
6757,489,157,0.24303405572755418
6758,509,136,0.21085271317829457
6759,509,136,0.21085271317829457
6760,487,139,0.2220447284345048
6761,502,136,0.21316614420062696
6762,516,132,0.2037037037037037
6763,486,143,0.2273449920508744
6764,499,138,0.21664050235478807
6765,493,135,0.21496815286624205
6766,500,133,0.21011058451816747
6767,516,133,0.2049306625577812
6768,492,156,0.24074074074074073
6769,477,155,0.24525316455696203
6770,518,139,0.2115677321156773
6771,509,130,0.20344287949921752
6772,530,128,0.1945288753799392
6773,504,141,0.2186046511627907
6774,489,144,0.22748815165876776
6775,499,150,0.23112480739599384
6776,517,133,0.20461538461538462
6777,511,140,0.21505376344086022
6778,513,131,0.20341614906832298
6779,511,135,0.2089783281733746
6780,509,136,0.21085271317829457
6781,534,127,0.19213313161875945
6782,513,129,0.20093457943925233
6783,501,134,0.2110236220472441
6784,492,151,0.23483670295489892
6785,516,135,0.2073732718894009
6786,486,149,0.2346456692913386
6787,521,129,0.19846153846153847
6788,511,132,0.2052877138413686
6789,499,134,0.21169036334913113
6790,510,140,0.2153846153846154
6791,498,135,0.2132701421800948
6792,503,144,0.22256568778979907
6793,514,134,0.20679012345679013
6794,501,137,0.21473354231974923
6795,494,147,0.22932917316692666
6796,505,132,0.20722135007849293
6797,513,148,0.22390317700453857
6798,499,139,0.21786833855799373
6799,503,126,0.20031796502384738
6800,503,147,0.22615384615384615
6801,506,134,0.209375
6802,493,140,0.2211690363349131
6803,488,143,0.2266244057052298
6804,527,127,0.19418960244648317
6805,501,143,0.2220496894409938
6806,504,137,0.21372854914196568
6807,509,132,0.2059282371294852
6808,501,136,0.21350078492935637
6809,494,154,0.23765432098765432
6810,493,151,0.234472049689441
6811,536,129,0.19398496240601504
6812,495,151,0.23374613003095976
6813,511,137,0.21141975308641975
6814,508,132,0.20625
6815,518,132,0.20307692307692307
6816,494,137,0.21711568938193343
6817,485,144,0.2289348171701113
6818,509,141,0.2169230769230769
6819,508,139,0.21483771251931993
6820,511,129,0.2015625
6821,499,146,0.22635658914728682
6822,498,148,0.22910216718266255
6823,500,139,0.21752738654147105
6824,513,132,0.20465116279069767
6825,519,128,0.19783616692426584
6826,505,144,0.2218798151001541
6827,503,137,0.2140625
6828,505,134,0.20970266040688576
6829,515,132,0.20401854714064915
6830,486,146,0.2310126582278481
6831,514,139,0.21286370597243492
6832,510,143,0.21898928024502298
6833,506,141,0.21792890262751158
6834,519,131,0.20153846153846153
6835,525,134,0.20333839150227617
6836,501,141,0.21962616822429906
6837,504,137,0.21372854914196568
6838,494,143,0.22448979591836735
6839,480,150,0.23809523809523808
6840,504,135,0.2112676056338028
6841,511,147,0.22340425531914893
6842,513,125,0.19592476489028213
6843,506,137,0.2130637636080871
6844,504,147,0.22580645161290322
6845,509,137,0.21207430340557276
6846,509,129,0.20219435736677116
6847,524,135,0.20485584218512898
6848,514,135,0.20801232665639446
6849,491,146,0.22919937205651492
6850,513,136,0.20955315870570107
6851,531,135,0.20270270270270271
6852,494,147,0.22932917316692666
6853,500,141,0.21996879875195008
6854,496,138,0.21766561514195584
6855,512,121,0.1911532385466035
6856,500,142,0.22118380062305296
6857,519,131,0.20153846153846153
6858,520,131,0.2012288786482335
6859,524,128,0.19631901840490798
6860,520,134,0.20489296636085627
6861,509,135,0.2096273291925466
6862,513,120,0.1895734597156398
6863,503,138,0.21528861154446177
6864,505,134,0.20970266040688576
6865,513,138,0.2119815668202765
6866,506,132,0.20689655172413793
6867,504,139,0.2161741835147745
6868,497,141,0.22100313479623823
6869,515,131,0.20278637770897834
6870,501,136,0.21350078492935637
6871,484,137,0.22061191626409019
6872,511,146,0.2222222222222222
6873,499,142,0.22152886115444617
6874,491,140,0.2218700475435816
6875,524,123,0.1901081916537867
6876,504,136,0.2125
6877,490,146,0.22955974842767296
6878,518,136,0.20795107033639143
6879,493,145,0.22727272727272727
6880,526,134,0.20303030303030303
6881,524,136,0.20606060606060606
6882,493,136,0.21621621621621623
6883,495,147,0.22897196261682243
6884,493,130,0.2086677367576244
6885,496,142,0.2225705329153605
6886,489,138,0.22009569377990432
6887,501,138,0.215962441314554
6888,528,127,0.19389312977099238
6889,514,131,0.20310077519379846
6890,515,134,0.20647149460708783
6891,514,137,0.21044546850998463
6892,514,140,0.21406727828746178
6893,519,133,0.20398773006134968
6894,508,137,0.2124031007751938
6895,505,147,0.2254601226993865
6896,516,136,0.2085889570552147
6897,492,148,0.23125
6898,529,132,0.19969742813918306
6899,493,135,0.21496815286624205
6900,522,121,0.18818040435458788
6901,502,140,0.21806853582554517
6902,499,138,0.21664050235478807
6903,514,133,0.20556414219474498
6904,521,129,0.19846153846153847
6905,526,133,0.20182094081942337
6906,501,142,0.2208398133748056
6907,514,139,0.21286370597243492
6908,501,133,0.20977917981072555
6909,499,138,0.21664050235478807
6910,476,145,0.23349436392914655
6911,501,144,0.22325581395348837
6912,511,139,0.21384615384615385
6913,521,134,0.20458015267175572
6914,517,139,0.21189024390243902
6915,506,139,0.21550387596899226
6916,496,138,0.21766561514195584
6917,487,134,0.21578099838969403
6918,500,138,0.21630094043887146
6919,519,129,0.19907407407407407
6920,513,141,0.21559633027522937
6921,491,143,0.22555205047318613
6922,499,148,0.2287480680061824
6923,521,133,0.20336391437308868
6924,499,138,0.21664050235478807
6925,496,138,0.21766561514195584
6926,497,138,0.2173228346456693
6927,501,133,0.20977917981072555
6928,516,137,0.20980091883614088
6929,505,140,0.21705426356589147
6930,511,137,0.21141975308641975
6931,491,146,0.22919937205651492
6932,496,137,0.21642969984202212
6933,467,155,0.2491961414790997
6934,506,133,0.2081377151799687
6935,510,138,0.21296296296296297
6936,503,148,0.22734254992319508
6937,516,131,0.20247295208655333
6938,512,137,0.2110939907550077
6939,494,145,0.2269170579029734
6940,506,141,0.21792890262751158
6941,493,142,0.22362204724409449
6942,505,142,0.21947449768160743
6943,494,137,0.21711568938193343
6944,509,131,0.2046875
6945,519,129,0.19907407407407407
6946,477,152,0.24165341812400637
6947,478,153,0.24247226624405704
6948,509,139,0.21450617283950618
6949,498,134,0.2120253164556962
6950,503,131,0.20662460567823343
6951,489,138,0.22009569377990432
6952,506,137,0.2130637636080871
6953,488,145,0.22906793048973143
6954,502,144,0.22291021671826625
6955,506,136,0.2118380062305296
6956,483,148,0.23454833597464342
6957,489,141,0.22380952380952382
6958,506,134,0.209375
6959,508,135,0.2099533437013997
6960,495,144,0.22535211267605634
6961,495,142,0.22291993720565148
6962,516,136,0.2085889570552147
6963,507,142,0.21879815100154082
6964,489,145,0.22870662460567823
6965,488,142,0.2253968253968254
6966,509,133,0.2071651090342679
6967,500,134,0.2113564668769716
6968,503,136,0.21283255086071987
6969,517,135,0.20705521472392638
6970,483,152,0.23937007874015748
6971,479,153,0.24208860759493672
6972,481,144,0.2304
6973,487,145,0.22943037974683544
6974,506,145,0.2227342549923195
6975,508,133,0.20748829953198128
6976,510,139,0.21417565485362094
6977,496,144,0.225
6978,504,136,0.2125
6979,483,145,0.23089171974522293
6980,538,125,0.1885369532428356
6981,491,138,0.21939586645468998
6982,506,134,0.209375
6983,517,134,0.20583717357910905
6984,496,143,0.2237871674491393
6985,500,138,0.21630094043887146
6986,513,138,0.2119815668202765
6987,498,143,0.22308892355694226
6988,528,130,0.19756838905775076
6989,491,145,0.2279874213836478
6990,492,138,0.21904761904761905
6991,521,128,0.19722650231124808
6992,521,133,0.20336391437308868
6993,493,138,0.21870047543581617
6994,483,142,0.2272
6995,520,132,0.20245398773006135
6996,510,135,0.20930232558139536
6997,498,142,0.221875
6998,493,135,0.21496815286624205
6999,502,133,0.2094488188976378
7000,489,141,0.22380952380952382
7001,499,138,0.21664050235478807
7002,527,129,0.19664634146341464
7003,497,138,0.2173228346456693
7004,491,144,0.22677165354330708
7005,505,141,0.21826625386996903
7006,490,136,0.21725239616613418
7007,500,146,0.2260061919504644
7008,495,150,0.23255813953488372
7009,494,139,0.21958925750394945
7010,521,135,0.20579268292682926
7011,493,143,0.2248427672955975
7012,499,140,0.2190923317683881
7013,508,135,0.2099533437013997
7014,500,135,0.2125984251968504
7015,498,139,0.21821036106750394
7016,516,139,0.21221374045801528
7017,499,142,0.22152886115444617
7018,514,134,0.20679012345679013
7019,497,138,0.2173228346456693
7020,506,141,0.21792890262751158
7021,496,138,0.21766561514195584
7022,495,134,0.21303656597774245
7023,512,135,0.20865533230293662
7024,503,139,0.21651090342679127
7025,502,136,0.21316614420062696
7026,513,132,0.20465116279069767
7027,499,142,0.22152886115444617
7028,514,128,0.19937694704049844
7029,484,147,0.2329635499207607
7030,505,131,0.2059748427672956
7031,501,144,0.22325581395348837
7032,505,142,0.21947449768160743
7033,514,130,0.20186335403726707
7034,532,130,0.19637462235649547
7035,507,139,0.21517027863777088
7036,510,132,0.205607476635514
7037,522,136,0.2066869300911854
7038,520,125,0.1937984496124031
7039,497,140,0.21978021978021978
7040,513,139,0.21319018404907975
7041,489,145,0.22870662460567823
7042,491,136,0.21690590111642744
7043,501,137,0.21473354231974923
7044,509,141,0.2169230769230769
7045,492,142,0.22397476340694006
7046,492,143,0.2251968503937008
7047,503,144,0.22256568778979907
7048,494,150,0.2329192546583851
7049,509,141,0.2169230769230769
7050,496,141,0.22135007849293564
7051,492,142,0.22397476340694006
7052,497,142,0.2222222222222222
7053,500,140,0.21875
7054,510,135,0.20930232558139536
7055,515,128,0.19906687402799378
7056,512,139,0.21351766513056836
7057,513,133,0.20588235294117646
7058,489,137,0.21884984025559107
7059,500,139,0.21752738654147105
7060,483,154,0.24175824175824176
7061,500,149,0.2295839753466872
7062,528,120,0.18518518518518517
7063,489,149,0.2335423197492163
7064,498,138,0.2169811320754717
7065,506,132,0.20689655172413793
7066,520,132,0.20245398773006135
7067,515,131,0.20278637770897834
7068,502,132,0.2082018927444795
7069,525,130,0.1984732824427481
7070,509,135,0.2096273291925466
7071,502,141,0.2192846034214619
7072,497,136,0.21484992101105846
7073,493,148,0.23088923556942278
7074,506,138,0.21428571428571427
7075,516,136,0.2085889570552147
7076,498,140,0.219435736677116
7077,499,136,0.2141732283464567
7078,490,142,0.22468354430379747
7079,512,133,0.2062015503875969
7080,505,141,0.21826625386996903
7081,504,135,0.2112676056338028
7082,495,144,0.22535211267605634
7083,490,137,0.21850079744816586
7084,530,121,0.1858678955453149
7085,508,142,0.21846153846153846
7086,473,149,0.2395498392282958
7087,516,124,0.19375
7088,509,144,0.22052067381316998
7089,520,135,0.20610687022900764
7090,500,136,0.2138364779874214
7091,483,138,0.2222222222222222
7092,512,130,0.20249221183800623
7093,513,135,0.20833333333333334
7094,500,141,0.21996879875195008
7095,517,139,0.21189024390243902
7096,483,150,0.23696682464454977
7097,503,137,0.2140625
7098,495,133,0.21178343949044587
7099,492,141,0.22274881516587677
7100,512,137,0.2110939907550077
7101,515,136,0.20890937019969277
7102,496,144,0.225
7103,490,144,0.22712933753943218
7104,480,149,0.2368839427662957
7105,503,135,0.2115987460815047
7106,479,154,0.24328593996840442
7107,496,140,0.22012578616352202
7108,484,144,0.22929936305732485
7109,498,147,0.22790697674418606
7110,495,142,0.22291993720565148
7111,512,132,0.20496894409937888
7112,513,138,0.2119815668202765
7113,532,132,0.19879518072289157
7114,493,135,0.21496815286624205
7115,492,149,0.23244929797191888
7116,497,135,0.21360759493670886
7117,513,125,0.19592476489028213
7118,510,135,0.20930232558139536
7119,518,134,0.20552147239263804
7120,516,131,0.20247295208655333
7121,490,146,0.22955974842767296
7122,489,155,0.2406832298136646
7123,500,131,0.2076069730586371
7124,503,137,0.2140625
7125,495,151,0.23374613003095976
7126,490,146,0.22955974842767296
7127,498,145,0.2255054432348367
7128,497,143,0.2234375
7129,500,142,0.22118380062305296
7130,518,136,0.20795107033639143
7131,517,139,0.21189024390243902
7132,511,137,0.21141975308641975
7133,500,145,0.2248062015503876
7134,522,131,0.2006125574272588
7135,494,138,0.21835443037974683
7136,500,142,0.22118380062305296
7137,515,139,0.21253822629969418
7138,480,150,0.23809523809523808
7139,511,135,0.2089783281733746
7140,509,134,0.208398133748056
7141,496,150,0.23219814241486067
7142,515,135,0.2076923076923077
7143,517,140,0.213089802130898
7144,483,139,0.22347266881028938
7145,496,139,0.2188976377952756
7146,492,140,0.22151898734177214
7147,501,134,0.2110236220472441
7148,505,147,0.2254601226993865
7149,488,143,0.2266244057052298
7150,506,141,0.21792890262751158
7151,495,137,0.21677215189873417
7152,505,144,0.2218798151001541
7153,515,140,0.21374045801526717
7154,504,134,0.21003134796238246
7155,487,151,0.23667711598746083
7156,509,136,0.21085271317829457
7157,528,128,0.1951219512195122
7158,510,138,0.21296296296296297
7159,498,141,0.22065727699530516
7160,507,138,0.21395348837209302
7161,512,142,0.21712538226299694
7162,500,143,0.2223950233281493
7163,498,140,0.219435736677116
7164,521,131,0.200920245398773
7165,508,144,0.22085889570552147
7166,485,142,0.22647527910685805
7167,513,141,0.21559633027522937
7168,507,139,0.21517027863777088
7169,498,155,0.23736600306278713
7170,500,143,0.2223950233281493
7171,503,141,0.21894409937888198
7172,526,132,0.2006079027355623
7173,511,135,0.2089783281733746
7174,490,151,0.23556942277691106
7175,494,146,0.228125
7176,516,134,0.20615384615384616
7177,514,127,0.1981279251170047
7178,499,136,0.2141732283464567
7179,508,139,0.21483771251931993
7180,503,140,0.2177293934681182
7181,514,129,0.2006220839813375
7182,485,143,0.22770700636942676
7183,485,143,0.22770700636942676
7184,496,131,0.20893141945773525
7185,522,127,0.19568567026194145
7186,503,129,0.20411392405063292
7187,503,129,0.20411392405063292
7188,497,141,0.22100313479623823
7189,495,138,0.21800947867298578
7190,501,136,0.21350078492935637
7191,516,133,0.2049306625577812
7192,521,141,0.21299093655589124
7193,514,132,0.2043343653250774
7194,505,140,0.21705426356589147
7195,497,143,0.2234375
7196,498,141,0.22065727699530516
7197,517,132,0.2033898305084746
7198,512,131,0.20373250388802489
7199,504,134,0.21003134796238246
7200,514,135,0.20801232665639446
7201,525,125,0.19230769230769232
7202,509,134,0.208398133748056
7203,490,150,0.234375
7204,488,140,0.2229299363057325
7205,510,139,0.21417565485362094
7206,495,135,0.21428571428571427
7207,508,133,0.20748829953198128
7208,519,130,0.20030816640986132
7209,486,149,0.2346456692913386
7210,504,142,0.21981424148606812
7211,514,135,0.20801232665639446
7212,522,128,0.19692307692307692
7213,512,127,0.19874804381846636
7214,505,147,0.2254601226993865
7215,485,141,0.22523961661341854
7216,519,128,0.19783616692426584
7217,506,139,0.21550387596899226
7218,508,134,0.2087227414330218
7219,499,139,0.21786833855799373
7220,508,140,0.21604938271604937
7221,495,136,0.21553090332805072
7222,505,139,0.21583850931677018
7223,491,132,0.21187800963081863
7224,482,151,0.23854660347551343
7225,512,135,0.20865533230293662
7226,511,140,0.21505376344086022
7227,502,140,0.21806853582554517
7228,519,131,0.20153846153846153
7229,489,150,0.2347417840375587
7230,508,128,0.20125786163522014
7231,505,139,0.21583850931677018
7232,513,133,0.20588235294117646
7233,502,137,0.21439749608763695
7234,497,146,0.22706065318818042
7235,501,138,0.215962441314554
7236,517,137,0.20948012232415902
7237,486,144,0.22857142857142856
7238,513,127,0.1984375
7239,503,137,0.2140625
7240,505,142,0.21947449768160743
7241,503,141,0.21894409937888198
7242,504,134,0.21003134796238246
7243,487,138,0.2208
7244,516,136,0.2085889570552147
7245,524,133,0.2024353120243531
7246,496,142,0.2225705329153605
7247,479,143,0.22990353697749197
7248,504,141,0.2186046511627907
7249,514,141,0.2152671755725191
7250,489,137,0.21884984025559107
7251,502,140,0.21806853582554517
7252,474,149,0.2391653290529695
7253,506,136,0.2118380062305296
7254,507,139,0.21517027863777088
7255,490,139,0.22098569157392686
7256,490,151,0.23556942277691106
7257,518,122,0.190625
7258,516,138,0.21100917431192662
7259,515,136,0.20890937019969277
7260,507,144,0.22119815668202766
7261,498,136,0.21451104100946372
7262,487,150,0.23547880690737832
7263,493,142,0.22362204724409449
7264,513,140,0.21439509954058192
7265,503,131,0.20662460567823343
7266,502,134,0.21069182389937108
7267,499,133,0.21044303797468356
7268,494,139,0.21958925750394945
7269,494,143,0.22448979591836735
7270,499,130,0.2066772655007949
7271,505,141,0.21826625386996903
7272,507,132,0.20657276995305165
7273,506,138,0.21428571428571427
7274,500,137,0.2150706436420722
7275,486,148,0.2334384858044164
7276,474,151,0.2416
7277,503,141,0.21894409937888198
7278,512,142,0.21712538226299694
7279,509,137,0.21207430340557276
7280,498,137,0.215748031496063
7281,494,144,0.22570532915360503
7282,501,144,0.22325581395348837
7283,482,149,0.23613312202852615
7284,506,143,0.22033898305084745
7285,520,128,0.19753086419753085
7286,523,126,0.1941448382126348
7287,506,138,0.21428571428571427
7288,499,146,0.22635658914728682
7289,498,142,0.221875
7290,513,136,0.20955315870570107
7291,505,144,0.2218798151001541
7292,518,129,0.19938176197836166
7293,489,143,0.22626582278481014
7294,505,141,0.21826625386996903
7295,495,143,0.22413793103448276
7296,511,144,0.2198473282442748
7297,503,136,0.21283255086071987
7298,498,144,0.22429906542056074
7299,508,133,0.20748829953198128
7300,526,134,0.20303030303030303
7301,527,133,0.2015151515151515
7302,486,141,0.22488038277511962
7303,510,145,0.22137404580152673
7304,498,142,0.221875
7305,495,145,0.2265625
7306,525,129,0.19724770642201836
7307,502,135,0.2119309262166405
7308,500,142,0.22118380062305296
7309,499,143,0.22274143302180685
7310,515,135,0.2076923076923077
7311,511,135,0.2089783281733746
7312,516,126,0.19626168224299065
7313,505,137,0.21339563862928349
7314,497,140,0.21978021978021978
7315,505,138,0.21461897356143078
7316,520,133,0.20367534456355282
7317,501,138,0.215962441314554
7318,501,140,0.21840873634945399
7319,484,143,0.22807017543859648
7320,507,140,0.21638330757341576
7321,520,128,0.19753086419753085
7322,518,133,0.20430107526881722
7323,503,144,0.22256568778979907
7324,476,157,0.2480252764612954
7325,496,148,0.22981366459627328
7326,500,143,0.2223950233281493
7327,518,127,0.19689922480620156
7328,507,141,0.2175925925925926
7329,514,141,0.2152671755725191
7330,522,132,0.2018348623853211
7331,509,140,0.21571648690292758
7332,474,153,0.24401913875598086
7333,519,131,0.20153846153846153
7334,505,138,0.21461897356143078
7335,494,146,0.228125
7336,483,152,0.23937007874015748
7337,515,135,0.2076923076923077
7338,504,137,0.21372854914196568
7339,490,143,0.2259083728278041
7340,491,140,0.2218700475435816
7341,506,130,0.20440251572327045
7342,495,139,0.2192429022082019
7343,502,148,0.2276923076923077
7344,508,128,0.20125786163522014
7345,489,146,0.22992125984251968
7346,490,143,0.2259083728278041
7347,505,132,0.20722135007849293
7348,500,141,0.21996879875195008
7349,495,138,0.21800947867298578
7350,509,145,0.2217125382262997
7351,512,139,0.21351766513056836
7352,512,131,0.20373250388802489
7353,511,133,0.20652173913043478
7354,499,143,0.22274143302180685
7355,509,132,0.2059282371294852
7356,517,132,0.2033898305084746
7357,478,160,0.2507836990595611
7358,504,149,0.22817764165390506
7359,514,139,0.21286370597243492
7360,513,137,0.21076923076923076
7361,524,138,0.2084592145015106
7362,515,140,0.21374045801526717
7363,490,143,0.2259083728278041
7364,510,130,0.203125
7365,508,129,0.20251177394034536
7366,511,138,0.21263482280431434
7367,481,151,0.2389240506329114
7368,497,144,0.22464898595943839
7369,506,142,0.2191358024691358
7370,521,124,0.19224806201550387
7371,507,144,0.22119815668202766
7372,500,136,0.2138364779874214
7373,527,131,0.19908814589665655
7374,490,139,0.22098569157392686
7375,518,140,0.2127659574468085
7376,512,130,0.20249221183800623
7377,505,131,0.2059748427672956
7378,523,124,0.19165378670788252
7379,490,138,0.2197452229299363
7380,486,147,0.23222748815165878
7381,497,143,0.2234375
7382,507,138,0.21395348837209302
7383,513,132,0.20465116279069767
7384,505,140,0.21705426356589147
7385,517,127,0.1972049689440994
7386,493,143,0.2248427672955975
7387,487,153,0.2390625
7388,500,140,0.21875
7389,531,126,0.1917808219178082
7390,539,114,0.17457886676875958
7391,503,144,0.22256568778979907
7392,484,145,0.23052464228934816
7393,503,144,0.22256568778979907
7394,490,145,0.2283464566929134
7395,497,135,0.21360759493670886
7396,489,142,0.22503961965134706
7397,514,134,0.20679012345679013
7398,500,143,0.2223950233281493
7399,503,140,0.2177293934681182
7400,504,131,0.2062992125984252
7401,505,144,0.2218798151001541
7402,489,148,0.23233908948194662
7403,506,132,0.20689655172413793
7404,500,138,0.21630094043887146
7405,522,130,0.19938650306748465
7406,511,138,0.21263482280431434
7407,508,150,0.22796352583586627
7408,505,139,0.21583850931677018
7409,516,134,0.20615384615384616
7410,501,138,0.215962441314554
7411,521,132,0.20214395099540583
7412,498,143,0.22308892355694226
7413,515,136,0.20890937019969277
7414,511,132,0.2052877138413686
7415,487,149,0.23427672955974843
7416,515,135,0.2076923076923077
7417,498,143,0.22308892355694226
7418,513,135,0.20833333333333334
7419,490,143,0.2259083728278041
7420,515,125,0.1953125
7421,509,139,0.21450617283950618
7422,508,132,0.20625
7423,497,142,0.2222222222222222
7424,506,135,0.21060842433697347
7425,519,131,0.20153846153846153
7426,505,137,0.21339563862928349
7427,492,131,0.2102728731942215
7428,486,145,0.22979397781299524
7429,506,132,0.20689655172413793
7430,508,141,0.2172573189522342
7431,519,126,0.19534883720930232
7432,499,136,0.2141732283464567
7433,503,151,0.2308868501529052
7434,510,138,0.21296296296296297
7435,522,127,0.19568567026194145
7436,517,137,0.20948012232415902
7437,498,143,0.22308892355694226
7438,516,141,0.2146118721461187
7439,494,146,0.228125
7440,511,135,0.2089783281733746
7441,498,143,0.22308892355694226
7442,500,139,0.21752738654147105
7443,511,130,0.20280811232449297
7444,511,140,0.21505376344086022
7445,483,155,0.24294670846394983
7446,505,133,0.2084639498432602
7447,498,135,0.2132701421800948
7448,495,134,0.21303656597774245
7449,496,146,0.22741433021806853
7450,524,135,0.20485584218512898
7451,496,141,0.22135007849293564
7452,499,132,0.2091917591125198
7453,497,141,0.22100313479623823
7454,503,142,0.22015503875968992
7455,488,147,0.231496062992126
7456,494,144,0.22570532915360503
7457,482,147,0.23370429252782193
7458,516,127,0.19751166407465007
7459,505,134,0.20970266040688576
7460,509,128,0.20094191522762953
7461,494,148,0.23052959501557632
7462,495,142,0.22291993720565148
7463,505,137,0.21339563862928349
7464,498,135,0.2132701421800948
7465,498,135,0.2132701421800948
7466,505,144,0.2218798151001541
7467,508,133,0.20748829953198128
7468,505,135,0.2109375
7469,495,147,0.22897196261682243
7470,495,140,0.2204724409448819
7471,502,137,0.21439749608763695
7472,495,141,0.22169811320754718
7473,519,121,0.1890625
7474,522,128,0.19692307692307692
7475,506,139,0.21550387596899226
7476,525,138,0.2081447963800905
7477,528,127,0.19389312977099238
7478,516,137,0.20980091883614088
7479,529,123,0.18865030674846625
7480,479,148,0.23604465709728867
7481,488,143,0.2266244057052298
7482,532,133,0.2
7483,528,130,0.19756838905775076
7484,515,138,0.2113323124042879
7485,497,142,0.2222222222222222
7486,481,153,0.24132492113564669
7487,509,142,0.21812596006144394
7488,490,154,0.2391304347826087
7489,507,129,0.2028301886792453
7490,508,134,0.2087227414330218
7491,488,148,0.23270440251572327
7492,495,140,0.2204724409448819
7493,494,143,0.22448979591836735
7494,497,151,0.2330246913580247
7495,497,150,0.23183925811437403
7496,525,123,0.18981481481481483
7497,498,135,0.2132701421800948
7498,497,137,0.21608832807570977
7499,506,137,0.2130637636080871
7500,520,139,0.2109256449165402
7501,488,150,0.23510971786833856
7502,508,141,0.2172573189522342
7503,491,149,0.2328125
7504,475,143,0.2313915857605178
7505,529,133,0.20090634441087613
7506,516,137,0.20980091883614088
7507,510,136,0.21052631578947367
7508,508,139,0.21483771251931993
7509,497,135,0.21360759493670886
7510,505,147,0.2254601226993865
7511,488,147,0.231496062992126
7512,507,136,0.2115085536547434
7513,537,129,0.19369369369369369
7514,506,139,0.21550387596899226
7515,515,137,0.21012269938650308
7516,505,136,0.2121684867394696
7517,504,143,0.22102009273570325
7518,495,143,0.22413793103448276
7519,507,141,0.2175925925925926
7520,525,123,0.18981481481481483
7521,489,144,0.22748815165876776
7522,505,136,0.2121684867394696
7523,510,132,0.205607476635514
7524,503,135,0.2115987460815047
7525,509,135,0.2096273291925466
7526,503,146,0.22496147919876733
7527,505,133,0.2084639498432602
7528,511,139,0.21384615384615385
7529,520,133,0.20367534456355282
7530,496,136,0.21518987341772153
7531,512,130,0.20249221183800623
7532,492,147,0.2300469483568075
7533,486,148,0.2334384858044164
7534,505,125,0.1984126984126984
7535,513,123,0.19339622641509435
7536,510,145,0.22137404580152673
7537,482,148,0.23492063492063492
7538,518,137,0.20916030534351146
7539,535,126,0.19062027231467474
7540,502,135,0.2119309262166405
7541,516,123,0.19248826291079812
7542,503,134,0.21036106750392464
7543,489,143,0.22626582278481014
7544,503,130,0.20537124802527645
7545,494,146,0.228125
7546,472,146,0.23624595469255663
7547,508,132,0.20625
7548,496,143,0.2237871674491393
7549,513,137,0.21076923076923076
7550,506,141,0.21792890262751158
7551,519,134,0.20520673813169985
7552,519,131,0.20153846153846153
7553,497,151,0.2330246913580247
7554,503,134,0.21036106750392464
7555,495,144,0.22535211267605634
7556,484,153,0.2401883830455259
7557,476,149,0.2384
7558,512,131,0.20373250388802489
7559,502,137,0.21439749608763695
7560,519,124,0.19284603421461896
7561,510,132,0.205607476635514
7562,475,159,0.250788643533123
7563,509,130,0.20344287949921752
7564,499,143,0.22274143302180685
7565,497,137,0.21608832807570977
7566,514,133,0.20556414219474498
7567,526,129,0.1969465648854962
7568,494,141,0.2220472440944882
7569,489,146,0.22992125984251968
7570,552,113,0.1699248120300752
7571,502,137,0.21439749608763695
7572,509,135,0.2096273291925466
7573,513,140,0.21439509954058192
7574,513,138,0.2119815668202765
7575,511,137,0.21141975308641975
7576,502,138,0.215625
7577,511,135,0.2089783281733746
7578,514,135,0.20801232665639446
7579,495,142,0.22291993720565148
7580,504,135,0.2112676056338028
7581,497,137,0.21608832807570977
7582,496,146,0.22741433021806853
7583,519,131,0.20153846153846153
7584,489,144,0.22748815165876776
7585,504,139,0.2161741835147745
7586,514,130,0.20186335403726707
7587,501,140,0.21840873634945399
7588,501,146,0.22565687789799072
7589,508,139,0.21483771251931993
7590,498,136,0.21451104100946372
7591,506,135,0.21060842433697347
7592,489,139,0.2213375796178344
7593,474,160,0.25236593059936907
7594,509,130,0.20344287949921752
7595,510,142,0.21779141104294478
7596,516,132,0.2037037037037037
7597,512,140,0.2147239263803681
7598,504,131,0.2062992125984252
7599,477,149,0.2380191693290735
7600,486,150,0.2358490566037736
7601,492,131,0.2102728731942215
7602,492,141,0.22274881516587677
7603,510,142,0.21779141104294478
7604,527,132,0.20030349013657056
7605,498,140,0.219435736677116
7606,519,135,0.20642201834862386
7607,505,137,0.21339563862928349
7608,530,138,0.20658682634730538
7609,521,130,0.19969278033794163
7610,510,126,0.19811320754716982
7611,518,136,0.20795107033639143
7612,490,152,0.2367601246105919
7613,501,137,0.21473354231974923
7614,506,138,0.21428571428571427
7615,499,145,0.2251552795031056
7616,515,138,0.2113323124042879
7617,499,143,0.22274143302180685
7618,500,140,0.21875
7619,491,140,0.2218700475435816
7620,512,136,0.20987654320987653
7621,517,135,0.20705521472392638
7622,499,135,0.21293375394321767
7623,523,123,0.19040247678018576
7624,508,134,0.2087227414330218
7625,540,125,0.18796992481203006
7626,496,132,0.21019108280254778
7627,496,137,0.21642969984202212
7628,509,135,0.2096273291925466
7629,519,122,0.19032761310452417
7630,507,145,0.2223926380368098
7631,523,129,0.19785276073619631
7632,504,141,0.2186046511627907
7633,513,131,0.20341614906832298
7634,504,131,0.2062992125984252
7635,494,145,0.2269170579029734
7636,490,146,0.22955974842767296
7637,494,139,0.21958925750394945
7638,520,135,0.20610687022900764
7639,510,135,0.20930232558139536
7640,500,137,0.2150706436420722
7641,504,134,0.21003134796238246
7642,512,136,0.20987654320987653
7643,517,129,0.1996904024767802
7644,498,141,0.22065727699530516
7645,504,137,0.21372854914196568
7646,495,141,0.22169811320754718
7647,514,132,0.2043343653250774
7648,492,147,0.2300469483568075
7649,522,133,0.20305343511450383
7650,514,128,0.19937694704049844
7651,504,141,0.2186046511627907
7652,487,145,0.22943037974683544
7653,524,132,0.20121951219512196
7654,509,148,0.2252663622526636
7655,487,152,0.2378716744913928
7656,528,140,0.20958083832335328
7657,505,127,0.20094936708860758
7658,495,139,0.2192429022082019
7659,492,155,0.23956723338485317
7660,525,133,0.20212765957446807
7661,515,134,0.20647149460708783
7662,493,142,0.22362204724409449
7663,491,145,0.2279874213836478
7664,502,148,0.2276923076923077
7665,509,135,0.2096273291925466
7666,488,142,0.2253968253968254
7667,522,127,0.19568567026194145
7668,495,136,0.21553090332805072
7669,497,137,0.21608832807570977
7670,504,147,0.22580645161290322
7671,514,128,0.19937694704049844
7672,508,134,0.2087227414330218
7673,512,136,0.20987654320987653
7674,512,141,0.21592649310872894
7675,490,139,0.22098569157392686
7676,512,137,0.2110939907550077
7677,514,140,0.21406727828746178
7678,506,140,0.21671826625386997
7679,505,140,0.21705426356589147
7680,508,140,0.21604938271604937
7681,509,146,0.22290076335877862
7682,502,131,0.20695102685624012
7683,494,147,0.22932917316692666
7684,508,139,0.21483771251931993
7685,538,133,0.19821162444113263
7686,523,138,0.2087745839636914
7687,522,129,0.19815668202764977
7688,510,134,0.2080745341614907
7689,512,135,0.20865533230293662
7690,501,140,0.21840873634945399
7691,525,134,0.20333839150227617
7692,510,136,0.21052631578947367
7693,528,132,0.2
7694,530,133,0.20060331825037708
7695,515,132,0.20401854714064915
7696,495,144,0.22535211267605634
7697,500,133,0.21011058451816747
7698,510,136,0.21052631578947367
7699,501,142,0.2208398133748056
7700,504,140,0.21739130434782608
7701,503,140,0.2177293934681182
7702,505,140,0.21705426356589147
7703,485,149,0.23501577287066247
7704,496,133,0.21144674085850557
7705,513,134,0.2071097372488408
7706,486,148,0.2334384858044164
7707,495,147,0.22897196261682243
7708,497,139,0.21855345911949686
7709,495,143,0.22413793103448276
7710,504,141,0.2186046511627907
7711,526,132,0.2006079027355623
7712,506,143,0.22033898305084745
7713,488,144,0.22784810126582278
7714,524,132,0.20121951219512196
7715,496,140,0.22012578616352202
7716,493,146,0.22848200312989045
7717,505,141,0.21826625386996903
7718,524,133,0.2024353120243531
7719,507,141,0.2175925925925926
7720,500,130,0.20634920634920634
7721,509,125,0.1971608832807571
7722,508,142,0.21846153846153846
7723,508,141,0.2172573189522342
7724,501,139,0.2171875
7725,508,137,0.2124031007751938
7726,498,142,0.221875
7727,518,131,0.20184899845916796
7728,509,134,0.208398133748056
7729,506,133,0.2081377151799687
7730,495,140,0.2204724409448819
7731,495,146,0.22776911076443057
7732,494,145,0.2269170579029734
7733,524,126,0.19384615384615383
7734,491,148,0.23161189358372458
7735,512,127,0.19874804381846636
7736,544,122,0.1831831831831832
7737,514,122,0.1918238993710692
7738,508,137,0.2124031007751938
7739,494,142,0.22327044025157233
7740,507,127,0.20031545741324921
7741,509,136,0.21085271317829457
7742,517,130,0.2009273570324575
7743,516,131,0.20247295208655333
7744,506,135,0.21060842433697347
7745,517,122,0.19092331768388107
7746,487,150,0.23547880690737832
7747,509,130,0.20344287949921752
7748,507,135,0.2102803738317757
7749,503,138,0.21528861154446177
7750,514,129,0.2006220839813375
7751,507,136,0.2115085536547434
7752,502,142,0.2204968944099379
7753,504,138,0.21495327102803738
7754,492,145,0.22762951334379905
7755,519,127,0.19659442724458204
7756,501,138,0.215962441314554
7757,496,143,0.2237871674491393
7758,489,150,0.2347417840375587
7759,508,139,0.21483771251931993
7760,493,135,0.21496815286624205
7761,515,134,0.20647149460708783
7762,519,136,0.20763358778625954
7763,507,130,0.20408163265306123
7764,519,136,0.20763358778625954
7765,495,139,0.2192429022082019
7766,511,137,0.21141975308641975
7767,508,133,0.20748829953198128
7768,541,117,0.1778115501519757
7769,505,139,0.21583850931677018
7770,508,133,0.20748829953198128
7771,502,144,0.22291021671826625
7772,499,140,0.2190923317683881
7773,536,119,0.18167938931297709
7774,492,151,0.23483670295489892
7775,505,133,0.2084639498432602
7776,486,143,0.2273449920508744
7777,499,130,0.2066772655007949
7778,508,134,0.2087227414330218
7779,501,141,0.21962616822429906
7780,510,131,0.20436817472698907
7781,500,143,0.2223950233281493
7782,517,135,0.20705521472392638
7783,516,128,0.19875776397515527
7784,488,146,0.2302839116719243
7785,502,127,0.20190779014308427
7786,487,145,0.22943037974683544
7787,492,149,0.23244929797191888
7788,522,136,0.2066869300911854
7789,518,133,0.20430107526881722
7790,506,132,0.20689655172413793
7791,519,134,0.20520673813169985
7792,501,134,0.2110236220472441
7793,479,140,0.22617124394184168
7794,519,131,0.20153846153846153
7795,513,135,0.20833333333333334
7796,496,141,0.22135007849293564
7797,504,144,0.2222222222222222
7798,501,137,0.21473354231974923
7799,506,140,0.21671826625386997
7800,498,139,0.21821036106750394
7801,506,139,0.21550387596899226
7802,503,139,0.21651090342679127
7803,490,136,0.21725239616613418
7804,498,145,0.2255054432348367
7805,497,147,0.22826086956521738
7806,499,131,0.20793650793650795
7807,509,142,0.21812596006144394
7808,507,129,0.2028301886792453
7809,497,142,0.2222222222222222
7810,515,134,0.20647149460708783
7811,500,140,0.21875
7812,517,132,0.2033898305084746
7813,486,156,0.24299065420560748
7814,491,140,0.2218700475435816
7815,494,140,0.22082018927444794
7816,498,131,0.2082670906200318
7817,511,133,0.20652173913043478
7818,505,137,0.21339563862928349
7819,487,149,0.23427672955974843
7820,506,126,0.19936708860759494
7821,497,151,0.2330246913580247
7822,520,136,0.2073170731707317
7823,517,134,0.20583717357910905
7824,521,136,0.2070015220700152
7825,490,134,0.21474358974358973
7826,511,141,0.21625766871165644
7827,507,131,0.20532915360501566
7828,507,136,0.2115085536547434
7829,493,139,0.2199367088607595
7830,511,140,0.21505376344086022
7831,482,143,0.2288
7832,493,140,0.2211690363349131
7833,489,137,0.21884984025559107
7834,501,130,0.20602218700475436
7835,498,138,0.2169811320754717
7836,531,136,0.20389805097451275
7837,499,147,0.22755417956656346
7838,500,141,0.21996879875195008
7839,493,140,0.2211690363349131
7840,531,128,0.19423368740515934
7841,507,131,0.20532915360501566
7842,502,141,0.2192846034214619
7843,491,137,0.21815286624203822
7844,496,143,0.2237871674491393
7845,494,148,0.23052959501557632
7846,514,130,0.20186335403726707
7847,499,144,0.223950233281493
7848,500,135,0.2125984251968504
7849,515,133,0.2052469135802469
7850,494,143,0.22448979591836735
7851,517,131,0.2021604938271605
7852,520,130,0.2
7853,504,139,0.2161741835147745
7854,502,139,0.21684867394695787
7855,491,144,0.22677165354330708
7856,502,139,0.21684867394695787
7857,503,147,0.22615384615384615
7858,525,126,0.1935483870967742
7859,497,143,0.2234375
7860,512,139,0.21351766513056836
7861,495,142,0.22291993720565148
7862,507,134,0.20904836193447737
7863,493,135,0.21496815286624205
7864,517,130,0.2009273570324575
7865,522,142,0.21385542168674698
7866,518,135,0.20673813169984687
7867,512,135,0.20865533230293662
7868,513,135,0.20833333333333334
7869,509,126,0.1984251968503937
7870,499,145,0.2251552795031056
7871,507,131,0.20532915360501566
7872,502,132,0.2082018927444795
7873,511,138,0.21263482280431434
7874,509,140,0.21571648690292758
7875,497,137,0.21608832807570977
7876,518,126,0.1956521739130435
7877,534,126,0.19090909090909092
7878,502,134,0.21069182389937108
7879,504,136,0.2125
7880,498,141,0.22065727699530516
7881,506,140,0.21671826625386997
7882,514,139,0.21286370597243492
7883,501,142,0.2208398133748056
7884,500,135,0.2125984251968504
7885,496,143,0.2237871674491393
7886,512,132,0.20496894409937888
7887,489,141,0.22380952380952382
7888,504,138,0.21495327102803738
7889,476,155,0.24564183835182252
7890,492,148,0.23125
7891,506,132,0.20689655172413793
7892,500,139,0.21752738654147105
7893,507,135,0.2102803738317757
7894,500,143,0.2223950233281493
7895,501,141,0.21962616822429906
7896,520,133,0.20367534456355282
7897,515,140,0.21374045801526717
7898,542,129,0.19225037257824143
7899,505,134,0.20970266040688576
7900,503,139,0.21651090342679127
7901,502,136,0.21316614420062696
7902,519,136,0.20763358778625954
7903,509,131,0.2046875
7904,512,135,0.20865533230293662
7905,519,136,0.20763358778625954
7906,502,138,0.215625
7907,496,136,0.21518987341772153
7908,495,142,0.22291993720565148
7909,510,132,0.205607476635514
7910,491,139,0.22063492063492063
7911,508,135,0.2099533437013997
7912,483,141,0.22596153846153846
7913,485,142,0.22647527910685805
7914,501,139,0.2171875
7915,513,141,0.21559633027522937
7916,466,152,0.2459546925566343
7917,493,146,0.22848200312989045
7918,522,138,0.20909090909090908
7919,503,144,0.22256568778979907
7920,505,132,0.20722135007849293
7921,508,146,0.22324159021406728
7922,492,137,0.2178060413354531
7923,497,133,0.2111111111111111
7924,519,128,0.19783616692426584
7925,519,133,0.20398773006134968
7926,505,134,0.20970266040688576
7927,500,139,0.21752738654147105
7928,513,135,0.20833333333333334
7929,498,137,0.215748031496063
7930,515,131,0.20278637770897834
7931,508,139,0.21483771251931993
7932,515,140,0.21374045801526717
7933,495,144,0.22535211267605634
7934,496,137,0.21642969984202212
7935,496,139,0.2188976377952756
7936,497,146,0.22706065318818042
7937,504,144,0.2222222222222222
7938,510,141,0.21658986175115208
7939,511,127,0.19905956112852666
7940,510,133,0.20684292379471228
7941,508,136,0.2111801242236025
7942,529,125,0.191131498470948
7943,535,114,0.17565485362095531
7944,495,136,0.21553090332805072
7945,522,135,0.2054794520547945
7946,501,136,0.21350078492935637
7947,494,142,0.22327044025157233
7948,489,142,0.22503961965134706
7949,500,140,0.21875
7950,524,139,0.2096530920060332
7951,498,144,0.22429906542056074
7952,489,143,0.22626582278481014
7953,501,134,0.2110236220472441
7954,516,135,0.2073732718894009
7955,503,136,0.21283255086071987
7956,528,124,0.1901840490797546
7957,534,124,0.1884498480243161
7958,500,131,0.2076069730586371
7959,498,146,0.2267080745341615
7960,508,132,0.20625
7961,488,132,0.2129032258064516
7962,512,135,0.20865533230293662
7963,487,144,0.22820919175911253
7964,499,140,0.2190923317683881
7965,491,145,0.2279874213836478
7966,498,147,0.22790697674418606
7967,512,135,0.20865533230293662
7968,503,134,0.21036106750392464
7969,520,131,0.2012288786482335
7970,501,139,0.2171875
7971,497,141,0.22100313479623823
7972,488,143,0.2266244057052298
7973,492,134,0.21405750798722045
7974,517,132,0.2033898305084746
7975,506,141,0.21792890262751158
7976,514,140,0.21406727828746178
7977,518,131,0.20184899845916796
7978,511,127,0.19905956112852666
7979,505,131,0.2059748427672956
7980,508,129,0.20251177394034536
7981,488,139,0.22169059011164274
7982,510,131,0.20436817472698907
7983,520,131,0.2012288786482335
7984,500,143,0.2223950233281493
7985,483,145,0.23089171974522293
7986,507,150,0.228310502283105
7987,495,133,0.21178343949044587
7988,507,135,0.2102803738317757
7989,504,128,0.20253164556962025
7990,500,135,0.2125984251968504
7991,505,128,0.20221169036334913
7992,505,133,0.2084639498432602
7993,499,139,0.21786833855799373
7994,508,129,0.20251177394034536
7995,524,131,0.2
7996,501,141,0.21962616822429906
7997,510,142,0.21779141104294478
7998,511,137,0.21141975308641975
7999,524,127,0.19508448540706605
8000,503,140,0.2177293934681182
8001,511,138,0.21263482280431434
8002,497,145,0.22585669781931464
8003,512,135,0.20865533230293662
8004,508,138,0.21362229102167182
8005,472,149,0.23993558776167473
8006,529,134,0.20211161387631976
8007,505,142,0.21947449768160743
8008,495,149,0.23136645962732919
8009,508,139,0.21483771251931993
8010,503,139,0.21651090342679127
8011,526,129,0.1969465648854962
8012,508,135,0.2099533437013997
8013,502,137,0.21439749608763695
8014,516,133,0.2049306625577812
8015,482,145,0.23125996810207336
8016,508,142,0.21846153846153846
8017,526,131,0.1993911719939117
8018,507,140,0.21638330757341576
8019,494,140,0.22082018927444794
8020,491,146,0.22919937205651492
8021,484,143,0.22807017543859648
8022,500,140,0.21875
8023,502,143,0.22170542635658916
8024,515,136,0.20890937019969277
8025,479,153,0.24208860759493672
8026,508,133,0.20748829953198128
8027,506,143,0.22033898305084745
8028,505,142,0.21947449768160743
8029,494,154,0.23765432098765432
8030,497,143,0.2234375
8031,496,142,0.2225705329153605
8032,530,128,0.1945288753799392
8033,517,135,0.20705521472392638
8034,519,135,0.20642201834862386
8035,505,134,0.20970266040688576
8036,509,141,0.2169230769230769
8037,468,159,0.2535885167464115
8038,512,131,0.20373250388802489
8039,513,135,0.20833333333333334
8040,520,121,0.18876755070202808
8041,484,147,0.2329635499207607
8042,486,139,0.2224
8043,514,137,0.21044546850998463
8044,498,140,0.219435736677116
8045,511,133,0.20652173913043478
8046,501,134,0.2110236220472441
8047,508,131,0.20500782472613457
8048,511,138,0.21263482280431434
8049,494,147,0.22932917316692666
8050,530,132,0.19939577039274925
8051,509,136,0.21085271317829457
8052,499,138,0.21664050235478807
8053,501,140,0.21840873634945399
8054,498,137,0.215748031496063
8055,513,135,0.20833333333333334
8056,501,143,0.2220496894409938
8057,501,146,0.22565687789799072
8058,477,142,0.2294022617124394
8059,496,139,0.2188976377952756
8060,514,133,0.20556414219474498
8061,495,149,0.23136645962732919
8062,517,140,0.213089802130898
8063,500,139,0.21752738654147105
8064,502,136,0.21316614420062696
8065,510,135,0.20930232558139536
8066,488,150,0.23510971786833856
8067,497,136,0.21484992101105846
8068,514,132,0.2043343653250774
8069,526,125,0.19201228878648233
8070,503,126,0.20031796502384738
8071,500,137,0.2150706436420722
8072,515,129,0.20031055900621117
8073,507,135,0.2102803738317757
8074,508,136,0.2111801242236025
8075,496,143,0.2237871674491393
8076,533,121,0.18501529051987767
8077,506,131,0.20565149136577707
8078,516,131,0.20247295208655333
8079,507,140,0.21638330757341576
8080,513,126,0.19718309859154928
8081,518,136,0.20795107033639143
8082,509,138,0.2132921174652241
8083,513,131,0.20341614906832298
8084,505,135,0.2109375
8085,514,132,0.2043343653250774
8086,506,137,0.2130637636080871
8087,506,144,0.22153846153846155
8088,523,132,0.2015267175572519
8089,504,140,0.21739130434782608
8090,498,140,0.219435736677116
8091,487,137,0.21955128205128205
8092,509,137,0.21207430340557276
8093,506,133,0.2081377151799687
8094,507,135,0.2102803738317757
8095,501,132,0.20853080568720378
8096,513,129,0.20093457943925233
8097,499,130,0.2066772655007949
8098,488,144,0.22784810126582278
8099,520,134,0.20489296636085627
8100,511,132,0.2052877138413686
8101,511,130,0.20280811232449297
8102,509,139,0.21450617283950618
8103,488,149,0.23390894819466249
8104,506,137,0.2130637636080871
8105,517,124,0.1934477379095164
8106,491,145,0.2279874213836478
8107,522,129,0.19815668202764977
8108,527,124,0.19047619047619047
8109,515,135,0.2076923076923077
8110,498,144,0.22429906542056074
8111,502,141,0.2192846034214619
8112,498,136,0.21451104100946372
8113,507,133,0.2078125
8114,527,127,0.19418960244648317
8115,502,134,0.21069182389937108
8116,513,137,0.21076923076923076
8117,514,138,0.2116564417177914
8118,507,139,0.21517027863777088
8119,496,141,0.22135007849293564
8120,522,133,0.20305343511450383
8121,491,138,0.21939586645468998
8122,511,134,0.20775193798449612
8123,496,147,0.2286158631415241
8124,484,156,0.24375
8125,502,137,0.21439749608763695
8126,490,144,0.22712933753943218
8127,514,142,0.21646341463414634
8128,501,141,0.21962616822429906
8129,485,146,0.23137876386687797
8130,514,126,0.196875
8131,495,145,0.2265625
8132,520,127,0.19629057187017002
8133,486,146,0.2310126582278481
8134,508,147,0.22442748091603054
8135,518,136,0.20795107033639143
8136,503,141,0.21894409937888198
8137,486,138,0.22115384615384615
8138,523,127,0.19538461538461538
8139,485,143,0.22770700636942676
8140,506,139,0.21550387596899226
8141,526,121,0.18701700154559506
8142,496,143,0.2237871674491393
8143,507,133,0.2078125
8144,511,140,0.21505376344086022
8145,527,128,0.19541984732824427
8146,507,137,0.2127329192546584
8147,516,133,0.2049306625577812
8148,505,136,0.2121684867394696
8149,499,139,0.21786833855799373
8150,486,144,0.22857142857142856
8151,504,134,0.21003134796238246
8152,488,150,0.23510971786833856
8153,503,140,0.2177293934681182
8154,505,136,0.2121684867394696
8155,501,143,0.2220496894409938
8156,497,137,0.21608832807570977
8157,505,132,0.20722135007849293
8158,509,135,0.2096273291925466
8159,500,143,0.2223950233281493
8160,491,149,0.2328125
8161,496,138,0.21766561514195584
8162,495,142,0.22291993720565148
8163,519,133,0.20398773006134968
8164,507,140,0.21638330757341576
8165,485,152,0.23861852433281006
8166,493,152,0.23565891472868217
8167,497,139,0.21855345911949686
8168,498,136,0.21451104100946372
8169,501,144,0.22325581395348837
8170,482,140,0.22508038585209003
8171,494,131,0.2096
8172,523,135,0.20516717325227962
8173,533,125,0.1899696048632219
8174,494,140,0.22082018927444794
8175,494,142,0.22327044025157233
8176,494,137,0.21711568938193343
8177,534,118,0.18098159509202455
8178,498,132,0.20952380952380953
8179,511,132,0.2052877138413686
8180,482,151,0.23854660347551343
8181,497,138,0.2173228346456693
8182,522,131,0.2006125574272588
8183,499,140,0.2190923317683881
8184,532,117,0.1802773497688752
8185,501,146,0.22565687789799072
8186,511,134,0.20775193798449612
8187,496,137,0.21642969984202212
8188,488,147,0.231496062992126
8189,526,127,0.19448698315467075
8190,506,135,0.21060842433697347
8191,498,137,0.215748031496063
8192,508,130,0.20376175548589343
8193,509,134,0.208398133748056
8194,514,128,0.19937694704049844
8195,501,141,0.21962616822429906
8196,494,140,0.22082018927444794
8197,507,141,0.2175925925925926
8198,504,132,0.20754716981132076
8199,505,137,0.21339563862928349
8200,492,135,0.215311004784689
8201,502,128,0.20317460317460317
8202,494,141,0.2220472440944882
8203,502,136,0.21316614420062696
8204,512,132,0.20496894409937888
8205,520,145,0.21804511278195488
8206,525,126,0.1935483870967742
8207,498,147,0.22790697674418606
8208,503,144,0.22256568778979907
8209,514,129,0.2006220839813375
8210,510,137,0.2117465224111283
8211,506,137,0.2130637636080871
8212,512,138,0.2123076923076923
8213,501,145,0.22445820433436534
8214,517,135,0.20705521472392638
8215,502,138,0.215625
8216,496,144,0.225
8217,490,149,0.23317683881064163
8218,498,145,0.2255054432348367
8219,519,127,0.19659442724458204
8220,516,126,0.19626168224299065
8221,495,150,0.23255813953488372
8222,523,133,0.2027439024390244
8223,521,133,0.20336391437308868
8224,499,140,0.2190923317683881
8225,526,134,0.20303030303030303
8226,507,136,0.2115085536547434
8227,486,144,0.22857142857142856
8228,516,144,0.21818181818181817
8229,491,142,0.22432859399684044
8230,523,132,0.2015267175572519
8231,499,145,0.2251552795031056
8232,486,146,0.2310126582278481
8233,508,140,0.21604938271604937
8234,480,146,0.23322683706070288
8235,476,144,0.23225806451612904
8236,506,135,0.21060842433697347
8237,509,137,0.21207430340557276
8238,492,146,0.22884012539184953
8239,512,142,0.21712538226299694
8240,506,133,0.2081377151799687
8241,521,132,0.20214395099540583
8242,520,132,0.20245398773006135
8243,490,149,0.23317683881064163
8244,495,144,0.22535211267605634
8245,487,149,0.23427672955974843
8246,498,133,0.21077654516640254
8247,512,139,0.21351766513056836
8248,481,154,0.24251968503937008
8249,527,129,0.19664634146341464
8250,502,138,0.215625
8251,497,133,0.2111111111111111
8252,510,131,0.20436817472698907
8253,497,149,0.2306501547987616
8254,505,137,0.21339563862928349
8255,505,135,0.2109375
8256,489,147,0.23113207547169812
8257,502,143,0.22170542635658916
8258,495,135,0.21428571428571427
8259,489,145,0.22870662460567823
8260,527,127,0.19418960244648317
8261,503,131,0.20662460567823343
8262,513,129,0.20093457943925233
8263,502,135,0.2119309262166405
8264,505,147,0.2254601226993865
8265,522,134,0.20426829268292682
8266,488,151,0.23630672926447574
8267,504,140,0.21739130434782608
8268,490,140,0.2222222222222222
8269,511,135,0.2089783281733746
8270,516,134,0.20615384615384616
8271,478,149,0.23763955342902712
8272,517,138,0.21068702290076335
8273,501,140,0.21840873634945399
8274,510,133,0.20684292379471228
8275,502,138,0.215625
8276,507,147,0.22477064220183487
8277,526,128,0.19571865443425077
8278,498,145,0.2255054432348367
8279,507,135,0.2102803738317757
8280,516,137,0.20980091883614088
8281,497,139,0.21855345911949686
8282,485,149,0.23501577287066247
8283,505,141,0.21826625386996903
8284,514,134,0.20679012345679013
8285,499,136,0.2141732283464567
8286,514,130,0.20186335403726707
8287,498,143,0.22308892355694226
8288,514,129,0.2006220839813375
8289,514,135,0.20801232665639446
8290,506,142,0.2191358024691358
8291,497,139,0.21855345911949686
8292,501,137,0.21473354231974923
8293,501,142,0.2208398133748056
8294,511,128,0.20031298904538342
8295,493,153,0.23684210526315788
8296,523,131,0.20030581039755352
8297,518,132,0.20307692307692307
8298,493,141,0.222397476340694
8299,505,130,0.2047244094488189
8300,500,144,0.2236024844720497
8301,490,144,0.22712933753943218
8302,496,146,0.22741433021806853
8303,497,142,0.2222222222222222
8304,485,144,0.2289348171701113
8305,530,122,0.18711656441717792
8306,500,148,0.22839506172839505
8307,518,129,0.19938176197836166
8308,496,142,0.2225705329153605
8309,489,155,0.2406832298136646
8310,511,132,0.2052877138413686
8311,507,125,0.19778481012658228
8312,494,143,0.22448979591836735
8313,504,135,0.2112676056338028
8314,498,144,0.22429906542056074
8315,508,141,0.2172573189522342
8316,493,132,0.2112
8317,493,146,0.22848200312989045
8318,505,141,0.21826625386996903
8319,501,143,0.2220496894409938
8320,516,124,0.19375
8321,499,139,0.21786833855799373
8322,498,139,0.21821036106750394
8323,512,132,0.20496894409937888
8324,506,135,0.21060842433697347
8325,505,145,0.2230769230769231
8326,514,132,0.2043343653250774
8327,499,142,0.22152886115444617
8328,482,141,0.22632423756019263
8329,512,138,0.2123076923076923
8330,483,157,0.2453125
8331,494,142,0.22327044025157233
8332,492,149,0.23244929797191888
8333,492,150,0.2336448598130841
8334,508,141,0.2172573189522342
8335,516,140,0.21341463414634146
8336,505,133,0.2084639498432602
8337,508,134,0.2087227414330218
8338,517,131,0.2021604938271605
8339,503,137,0.2140625
8340,519,132,0.20276497695852536
8341,507,135,0.2102803738317757
8342,503,144,0.22256568778979907
8343,487,144,0.22820919175911253
8344,512,131,0.20373250388802489
8345,489,143,0.22626582278481014
8346,492,141,0.22274881516587677
8347,485,142,0.22647527910685805
8348,508,145,0.222052067381317
8349,524,130,0.19877675840978593
8350,513,134,0.2071097372488408
8351,491,149,0.2328125
8352,517,135,0.20705521472392638
8353,522,140,0.21148036253776434
8354,514,132,0.2043343653250774
8355,512,126,0.1974921630094044
8356,507,136,0.2115085536547434
8357,503,143,0.22136222910216719
8358,498,136,0.21451104100946372
8359,508,141,0.2172573189522342
8360,500,134,0.2113564668769716
8361,506,139,0.21550387596899226
8362,513,143,0.21798780487804878
8363,498,148,0.22910216718266255
8364,524,140,0.21084337349397592
8365,507,136,0.2115085536547434
8366,482,145,0.23125996810207336
8367,514,134,0.20679012345679013
8368,505,131,0.2059748427672956
8369,514,133,0.20556414219474498
8370,510,143,0.21898928024502298
8371,525,129,0.19724770642201836
8372,500,146,0.2260061919504644
8373,502,145,0.2241112828438949
8374,502,140,0.21806853582554517
8375,494,149,0.2317262830482115
8376,503,138,0.21528861154446177
8377,510,134,0.2080745341614907
8378,517,122,0.19092331768388107
8379,531,124,0.18931297709923664
8380,502,142,0.2204968944099379
8381,501,140,0.21840873634945399
8382,514,137,0.21044546850998463
8383,484,146,0.23174603174603176
8384,539,127,0.1906906906906907
8385,498,139,0.21821036106750394
8386,510,129,0.20187793427230047
8387,494,143,0.22448979591836735
8388,525,134,0.20333839150227617
8389,520,133,0.20367534456355282
8390,521,127,0.19598765432098766
8391,505,140,0.21705426356589147
8392,481,154,0.24251968503937008
8393,512,131,0.20373250388802489
8394,503,136,0.21283255086071987
8395,508,137,0.2124031007751938
8396,499,137,0.21540880503144655
8397,501,138,0.215962441314554
8398,510,136,0.21052631578947367
8399,506,134,0.209375
8400,485,150,0.23622047244094488
8401,494,141,0.2220472440944882
8402,501,143,0.2220496894409938
8403,496,134,0.2126984126984127
8404,499,137,0.21540880503144655
8405,485,143,0.22770700636942676
8406,507,137,0.2127329192546584
8407,503,137,0.2140625
8408,494,143,0.22448979591836735
8409,523,124,0.19165378670788252
8410,514,129,0.2006220839813375
8411,481,145,0.23162939297124602
8412,520,122,0.19003115264797507
8413,516,134,0.20615384615384616
8414,520,130,0.2
8415,489,137,0.21884984025559107
8416,504,140,0.21739130434782608
8417,480,152,0.24050632911392406
8418,493,144,0.2260596546310832
8419,504,143,0.22102009273570325
8420,503,144,0.22256568778979907
8421,513,136,0.20955315870570107
8422,499,142,0.22152886115444617
8423,493,138,0.21870047543581617
8424,492,142,0.22397476340694006
8425,514,138,0.2116564417177914
8426,487,137,0.21955128205128205
8427,519,134,0.20520673813169985
8428,506,134,0.209375
8429,516,131,0.20247295208655333
8430,483,150,0.23696682464454977
8431,515,142,0.2161339421613394
8432,488,145,0.22906793048973143
8433,500,140,0.21875
8434,504,146,0.2246153846153846
8435,503,146,0.22496147919876733
8436,513,139,0.21319018404907975
8437,492,143,0.2251968503937008
8438,494,147,0.22932917316692666
8439,520,130,0.2
8440,488,145,0.22906793048973143
8441,487,150,0.23547880690737832
8442,503,144,0.22256568778979907
8443,497,143,0.2234375
8444,494,136,0.21587301587301588
8445,511,139,0.21384615384615385
8446,499,137,0.21540880503144655
8447,504,136,0.2125
8448,496,139,0.2188976377952756
8449,519,128,0.19783616692426584
8450,498,141,0.22065727699530516
8451,502,143,0.22170542635658916
8452,491,146,0.22919937205651492
8453,493,146,0.22848200312989045
8454,500,128,0.20382165605095542
8455,490,138,0.2197452229299363
8456,523,131,0.20030581039755352
8457,480,153,0.24170616113744076
8458,481,142,0.22792937399678972
8459,473,145,0.23462783171521034
8460,500,142,0.22118380062305296
8461,482,143,0.2288
8462,494,149,0.2317262830482115
8463,518,128,0.19814241486068113
8464,494,139,0.21958925750394945
8465,499,137,0.21540880503144655
8466,510,130,0.203125
8467,525,121,0.1873065015479876
8468,495,139,0.2192429022082019
8469,508,134,0.2087227414330218
8470,502,150,0.23006134969325154
8471,486,141,0.22488038277511962
8472,501,136,0.21350078492935637
8473,500,137,0.2150706436420722
8474,503,131,0.20662460567823343
8475,492,142,0.22397476340694006
8476,495,146,0.22776911076443057
8477,507,129,0.2028301886792453
8478,500,135,0.2125984251968504
8479,517,134,0.20583717357910905
8480,512,128,0.2
8481,489,140,0.22257551669316375
8482,503,134,0.21036106750392464
8483,528,129,0.1963470319634703
8484,511,132,0.2052877138413686
8485,486,141,0.22488038277511962
8486,494,143,0.22448979591836735
8487,494,141,0.2220472440944882
8488,500,142,0.22118380062305296
8489,503,138,0.21528861154446177
8490,492,152,0.2360248447204969
8491,522,133,0.20305343511450383
8492,494,140,0.22082018927444794
8493,500,139,0.21752738654147105
8494,505,139,0.21583850931677018
8495,509,134,0.208398133748056
8496,506,133,0.2081377151799687
8497,507,136,0.2115085536547434
8498,510,143,0.21898928024502298
8499,496,143,0.2237871674491393
8500,499,131,0.20793650793650795
8501,511,131,0.20404984423676012
8502,509,140,0.21571648690292758
8503,512,133,0.2062015503875969
8504,495,148,0.2301710730948678
8505,510,141,0.21658986175115208
8506,503,137,0.2140625
8507,506,134,0.209375
8508,479,140,0.22617124394184168
8509,532,124,0.18902439024390244
8510,508,133,0.20748829953198128
8511,519,130,0.20030816640986132
8512,516,126,0.19626168224299065
8513,505,135,0.2109375
8514,504,139,0.2161741835147745
8515,501,140,0.21840873634945399
8516,502,140,0.21806853582554517
8517,511,142,0.21745788667687596
8518,499,138,0.21664050235478807
8519,493,139,0.2199367088607595
8520,496,146,0.22741433021806853
8521,502,140,0.21806853582554517
8522,508,134,0.2087227414330218
8523,519,128,0.19783616692426584
8524,501,138,0.215962441314554
8525,497,139,0.21855345911949686
8526,507,138,0.21395348837209302
8527,501,142,0.2208398133748056
8528,504,133,0.2087912087912088
8529,499,136,0.2141732283464567
8530,496,135,0.21394611727416799
8531,527,123,0.18923076923076923
8532,475,154,0.24483306836248012
8533,505,135,0.2109375
8534,522,138,0.20909090909090908
8535,490,144,0.22712933753943218
8536,508,129,0.20251177394034536
8537,532,113,0.17519379844961241
8538,496,140,0.22012578616352202
8539,497,142,0.2222222222222222
8540,500,138,0.21630094043887146
8541,492,152,0.2360248447204969
8542,496,143,0.2237871674491393
8543,519,132,0.20276497695852536
8544,495,148,0.2301710730948678
8545,499,138,0.21664050235478807
8546,494,147,0.22932917316692666
8547,518,132,0.20307692307692307
8548,513,138,0.2119815668202765
8549,517,132,0.2033898305084746
8550,513,136,0.20955315870570107
8551,509,135,0.2096273291925466
8552,506,132,0.20689655172413793
8553,508,128,0.20125786163522014
8554,491,140,0.2218700475435816
8555,521,129,0.19846153846153847
8556,506,145,0.2227342549923195
8557,487,146,0.23064770932069512
8558,491,137,0.21815286624203822
8559,496,147,0.2286158631415241
8560,492,141,0.22274881516587677
8561,525,130,0.1984732824427481
8562,501,140,0.21840873634945399
8563,507,133,0.2078125
8564,493,139,0.2199367088607595
8565,511,127,0.19905956112852666
8566,510,132,0.205607476635514
8567,500,137,0.2150706436420722
8568,506,133,0.2081377151799687
8569,529,128,0.1948249619482496
8570,494,146,0.228125
8571,489,133,0.21382636655948553
8572,489,145,0.22870662460567823
8573,501,138,0.215962441314554
8574,516,129,0.2
8575,488,143,0.2266244057052298
8576,504,139,0.2161741835147745
8577,517,141,0.21428571428571427
8578,508,136,0.2111801242236025
8579,492,141,0.22274881516587677
8580,514,136,0.20923076923076922
8581,508,141,0.2172573189522342
8582,496,142,0.2225705329153605
8583,502,144,0.22291021671826625
8584,507,134,0.20904836193447737
8585,497,133,0.2111111111111111
8586,508,131,0.20500782472613457
8587,508,139,0.21483771251931993
8588,499,136,0.2141732283464567
8589,512,141,0.21592649310872894
8590,514,129,0.2006220839813375
8591,528,121,0.1864406779661017
8592,487,146,0.23064770932069512
8593,516,135,0.2073732718894009
8594,497,147,0.22826086956521738
8595,511,137,0.21141975308641975
8596,502,145,0.2241112828438949
8597,502,140,0.21806853582554517
8598,512,132,0.20496894409937888
8599,495,141,0.22169811320754718
8600,511,141,0.21625766871165644
8601,485,150,0.23622047244094488
8602,518,125,0.19440124416796267
8603,495,139,0.2192429022082019
8604,504,139,0.2161741835147745
8605,502,139,0.21684867394695787
8606,501,134,0.2110236220472441
8607,492,139,0.2202852614896989
8608,507,140,0.21638330757341576
8609,497,141,0.22100313479623823
8610,497,140,0.21978021978021978
8611,501,145,0.22445820433436534
8612,482,140,0.22508038585209003
8613,507,137,0.2127329192546584
8614,507,146,0.22358346094946402
8615,508,135,0.2099533437013997
8616,507,136,0.2115085536547434
8617,489,141,0.22380952380952382
8618,512,130,0.20249221183800623
8619,525,123,0.18981481481481483
8620,495,142,0.22291993720565148
8621,513,121,0.19085173501577288
8622,493,142,0.22362204724409449
8623,506,142,0.2191358024691358
8624,493,139,0.2199367088607595
8625,499,142,0.22152886115444617
8626,525,118,0.18351477449455678
8627,502,136,0.21316614420062696
8628,509,133,0.2071651090342679
8629,514,140,0.21406727828746178
8630,495,146,0.22776911076443057
8631,528,130,0.19756838905775076
8632,505,135,0.2109375
8633,502,132,0.2082018927444795
8634,528,133,0.20121028744326777
8635,513,133,0.20588235294117646
8636,496,137,0.21642969984202212
8637,513,137,0.21076923076923076
8638,494,139,0.21958925750394945
8639,507,132,0.20657276995305165
8640,489,145,0.22870662460567823
8641,506,138,0.21428571428571427
8642,503,136,0.21283255086071987
8643,509,130,0.20344287949921752
8644,496,142,0.2225705329153605
8645,473,154,0.24561403508771928
8646,521,135,0.20579268292682926
8647,495,148,0.2301710730948678
8648,497,140,0.21978021978021978
8649,502,134,0.21069182389937108
8650,518,140,0.2127659574468085
8651,503,145,0.22376543209876543
8652,505,138,0.21461897356143078
8653,502,144,0.22291021671826625
8654,495,139,0.2192429022082019
8655,488,144,0.22784810126582278
8656,520,131,0.2012288786482335
8657,484,149,0.2353870458135861
8658,489,142,0.22503961965134706
8659,472,150,0.24115755627009647
8660,507,132,0.20657276995305165
8661,484,145,0.23052464228934816
8662,519,122,0.19032761310452417
8663,504,139,0.2161741835147745
8664,511,135,0.2089783281733746
8665,506,134,0.209375
8666,493,140,0.2211690363349131
8667,486,150,0.2358490566037736
8668,495,146,0.22776911076443057
8669,513,134,0.2071097372488408
8670,495,133,0.21178343949044587
8671,490,143,0.2259083728278041
8672,502,139,0.21684867394695787
8673,508,135,0.2099533437013997
8674,506,133,0.2081377151799687
8675,495,138,0.21800947867298578
8676,500,146,0.2260061919504644
8677,505,149,0.22782874617737003
8678,513,132,0.20465116279069767
8679,519,129,0.19907407407407407
8680,510,140,0.2153846153846154
8681,493,142,0.22362204724409449
8682,507,142,0.21879815100154082
8683,505,137,0.21339563862928349
8684,498,145,0.2255054432348367
8685,499,136,0.2141732283464567
8686,481,146,0.23285486443381181
8687,495,142,0.22291993720565148
8688,503,143,0.22136222910216719
8689,517,130,0.2009273570324575
8690,482,151,0.23854660347551343
8691,488,144,0.22784810126582278
8692,502,137,0.21439749608763695
8693,518,134,0.20552147239263804
8694,529,122,0.18740399385560677
8695,491,139,0.22063492063492063
8696,487,141,0.22452229299363058
8697,504,132,0.20754716981132076
8698,497,139,0.21855345911949686
8699,500,134,0.2113564668769716
8700,516,138,0.21100917431192662
8701,495,144,0.22535211267605634
8702,504,132,0.20754716981132076
8703,515,128,0.19906687402799378
8704,494,147,0.22932917316692666
8705,518,132,0.20307692307692307
8706,498,146,0.2267080745341615
8707,508,134,0.2087227414330218
8708,498,137,0.215748031496063
8709,513,133,0.20588235294117646
8710,498,140,0.219435736677116
8711,508,136,0.2111801242236025
8712,505,138,0.21461897356143078
8713,497,142,0.2222222222222222
8714,510,141,0.21658986175115208
8715,500,143,0.2223950233281493
8716,511,132,0.2052877138413686
8717,512,136,0.20987654320987653
8718,477,156,0.24644549763033174
8719,482,152,0.23974763406940064
8720,480,151,0.2393026941362916
8721,519,128,0.19783616692426584
8722,515,137,0.21012269938650308
8723,489,149,0.2335423197492163
8724,511,130,0.20280811232449297
8725,484,144,0.22929936305732485
8726,496,140,0.22012578616352202
8727,527,125,0.19171779141104295
8728,496,135,0.21394611727416799
8729,515,129,0.20031055900621117
8730,489,139,0.2213375796178344
8731,496,133,0.21144674085850557
8732,505,142,0.21947449768160743
8733,496,130,0.20766773162939298
8734,503,146,0.22496147919876733
8735,498,139,0.21821036106750394
8736,516,133,0.2049306625577812
8737,513,134,0.2071097372488408
8738,482,145,0.23125996810207336
8739,485,152,0.23861852433281006
8740,503,137,0.2140625
8741,509,135,0.2096273291925466
8742,490,138,0.2197452229299363
8743,519,132,0.20276497695852536
8744,502,136,0.21316614420062696
8745,497,141,0.22100313479623823
8746,510,139,0.21417565485362094
8747,481,150,0.23771790808240886
8748,504,139,0.2161741835147745
8749,521,128,0.19722650231124808
8750,520,131,0.2012288786482335
8751,502,136,0.21316614420062696
8752,484,140,0.22435897435897437
8753,507,137,0.2127329192546584
8754,503,139,0.21651090342679127
8755,497,128,0.2048
8756,489,146,0.22992125984251968
8757,521,129,0.19846153846153847
8758,507,126,0.1990521327014218
8759,515,133,0.2052469135802469
8760,493,138,0.21870047543581617
8761,506,140,0.21671826625386997
8762,526,129,0.1969465648854962
8763,514,136,0.20923076923076922
8764,504,134,0.21003134796238246
8765,496,140,0.22012578616352202
8766,498,143,0.22308892355694226
8767,522,128,0.19692307692307692
8768,499,137,0.21540880503144655
8769,499,145,0.2251552795031056
8770,494,137,0.21711568938193343
8771,511,137,0.21141975308641975
8772,507,142,0.21879815100154082
8773,509,137,0.21207430340557276
8774,517,128,0.19844961240310077
8775,514,126,0.196875
8776,503,138,0.21528861154446177
8777,509,142,0.21812596006144394
8778,501,142,0.2208398133748056
8779,502,133,0.2094488188976378
8780,519,133,0.20398773006134968
8781,493,152,0.23565891472868217
8782,530,131,0.19818456883509833
8783,502,132,0.2082018927444795
8784,526,138,0.20783132530120482
8785,511,125,0.19654088050314467
8786,521,132,0.20214395099540583
8787,505,139,0.21583850931677018
8788,498,137,0.215748031496063
8789,496,138,0.21766561514195584
8790,514,131,0.20310077519379846
8791,499,142,0.22152886115444617
8792,511,135,0.2089783281733746
8793,497,138,0.2173228346456693
8794,517,130,0.2009273570324575
8795,505,140,0.21705426356589147
8796,528,126,0.1926605504587156
8797,523,127,0.19538461538461538
8798,510,136,0.21052631578947367
8799,497,137,0.21608832807570977
8800,519,136,0.20763358778625954
8801,501,136,0.21350078492935637
8802,496,139,0.2188976377952756
8803,504,138,0.21495327102803738
8804,512,128,0.2
8805,489,148,0.23233908948194662
8806,525,122,0.18856259659969088
8807,506,143,0.22033898305084745
8808,508,140,0.21604938271604937
8809,501,138,0.215962441314554
8810,485,147,0.23259493670886075
8811,475,157,0.24841772151898733
8812,502,140,0.21806853582554517
8813,494,135,0.21462639109697934
8814,497,134,0.21236133122028525
8815,503,132,0.2078740157480315
8816,525,123,0.18981481481481483
8817,484,149,0.2353870458135861
8818,512,128,0.2
8819,524,125,0.1926040061633282
8820,507,134,0.20904836193447737
8821,519,130,0.20030816640986132
8822,490,149,0.23317683881064163
8823,485,152,0.23861852433281006
8824,499,140,0.2190923317683881
8825,499,131,0.20793650793650795
8826,469,145,0.23615635179153094
8827,512,135,0.20865533230293662
8828,493,152,0.23565891472868217
8829,498,136,0.21451104100946372
8830,530,130,0.19696969696969696
8831,492,142,0.22397476340694006
8832,487,150,0.23547880690737832
8833,533,131,0.19728915662650603
8834,513,136,0.20955315870570107
8835,501,135,0.21226415094339623
8836,495,135,0.21428571428571427
8837,506,125,0.19809825673534073
8838,482,148,0.23492063492063492
8839,513,133,0.20588235294117646
8840,500,145,0.2248062015503876
8841,512,131,0.20373250388802489
8842,505,148,0.22664624808575803
8843,518,130,0.2006172839506173
8844,517,137,0.20948012232415902
8845,498,134,0.2120253164556962
8846,483,147,0.23333333333333334
8847,491,145,0.2279874213836478
8848,538,125,0.1885369532428356
8849,476,157,0.2480252764612954
8850,496,136,0.21518987341772153
8851,499,146,0.22635658914728682
8852,518,130,0.2006172839506173
8853,519,130,0.20030816640986132
8854,491,139,0.22063492063492063
8855,515,141,0.2149390243902439
8856,508,130,0.20376175548589343
8857,500,134,0.2113564668769716
8858,494,143,0.22448979591836735
8859,487,144,0.22820919175911253
8860,517,133,0.20461538461538462
8861,496,142,0.2225705329153605
8862,498,147,0.22790697674418606
8863,505,137,0.21339563862928349
8864,498,140,0.219435736677116
8865,503,130,0.20537124802527645
8866,520,137,0.2085235920852359
8867,523,124,0.19165378670788252
8868,510,134,0.2080745341614907
8869,513,127,0.1984375
8870,518,134,0.20552147239263804
8871,505,131,0.2059748427672956
8872,495,132,0.21052631578947367
8873,519,121,0.1890625
8874,515,133,0.2052469135802469
8875,507,136,0.2115085536547434
8876,498,140,0.219435736677116
8877,485,143,0.22770700636942676
8878,492,144,0.22641509433962265
8879,497,150,0.23183925811437403
8880,511,124,0.1952755905511811
8881,503,134,0.21036106750392464
8882,510,137,0.2117465224111283
8883,525,131,0.19969512195121952
8884,500,139,0.21752738654147105
8885,516,129,0.2
8886,503,134,0.21036106750392464
8887,500,141,0.21996879875195008
8888,495,140,0.2204724409448819
8889,498,139,0.21821036106750394
8890,506,137,0.2130637636080871
8891,524,128,0.19631901840490798
8892,486,143,0.2273449920508744
8893,511,134,0.20775193798449612
8894,526,129,0.1969465648854962
8895,511,133,0.20652173913043478
8896,520,128,0.19753086419753085
8897,489,144,0.22748815165876776
8898,509,134,0.208398133748056
8899,484,146,0.23174603174603176
8900,512,134,0.20743034055727555
8901,524,131,0.2
8902,509,128,0.20094191522762953
8903,505,136,0.2121684867394696
8904,491,144,0.22677165354330708
8905,491,139,0.22063492063492063
8906,499,133,0.21044303797468356
8907,523,131,0.20030581039755352
8908,494,142,0.22327044025157233
8909,501,146,0.22565687789799072
8910,508,136,0.2111801242236025
8911,505,134,0.20970266040688576
8912,505,141,0.21826625386996903
8913,509,144,0.22052067381316998
8914,477,149,0.2380191693290735
8915,516,135,0.2073732718894009
8916,508,148,0.22560975609756098
8917,521,137,0.20820668693009117
8918,506,155,0.2344931921331316
8919,528,135,0.20361990950226244
8920,504,135,0.2112676056338028
8921,493,158,0.24270353302611367
8922,497,140,0.21978021978021978
8923,496,151,0.23338485316846985
8924,507,135,0.2102803738317757
8925,502,140,0.21806853582554517
8926,510,133,0.20684292379471228
8927,498,136,0.21451104100946372
8928,510,133,0.20684292379471228
8929,514,133,0.20556414219474498
8930,507,135,0.2102803738317757
8931,515,135,0.2076923076923077
8932,502,136,0.21316614420062696
8933,522,127,0.19568567026194145
8934,508,137,0.2124031007751938
8935,501,140,0.21840873634945399
8936,487,150,0.23547880690737832
8937,492,147,0.2300469483568075
8938,514,128,0.19937694704049844
8939,511,136,0.21020092735703247
8940,499,141,0.2203125
8941,507,139,0.21517027863777088
8942,519,135,0.20642201834862386
8943,517,134,0.20583717357910905
8944,487,143,0.22698412698412698
8945,511,142,0.21745788667687596
8946,507,130,0.20408163265306123
8947,502,137,0.21439749608763695
8948,515,127,0.19781931464174454
8949,503,139,0.21651090342679127
8950,510,141,0.21658986175115208
8951,500,142,0.22118380062305296
8952,526,127,0.19448698315467075
8953,490,145,0.2283464566929134
8954,509,140,0.21571648690292758
8955,502,138,0.215625
8956,511,138,0.21263482280431434
8957,500,137,0.2150706436420722
8958,487,141,0.22452229299363058
8959,492,135,0.215311004784689
8960,531,127,0.19300911854103345
8961,505,139,0.21583850931677018
8962,499,139,0.21786833855799373
8963,514,134,0.20679012345679013
8964,505,138,0.21461897356143078
8965,495,146,0.22776911076443057
8966,506,143,0.22033898305084745
8967,504,140,0.21739130434782608
8968,491,149,0.2328125
8969,521,132,0.20214395099540583
8970,501,136,0.21350078492935637
8971,497,139,0.21855345911949686
8972,505,144,0.2218798151001541
8973,487,139,0.2220447284345048
8974,508,136,0.2111801242236025
8975,515,126,0.19656786271450857
8976,489,146,0.22992125984251968
8977,490,151,0.23556942277691106
8978,518,133,0.20430107526881722
8979,487,140,0.22328548644338117
8980,479,142,0.2286634460547504
8981,510,143,0.21898928024502298
8982,511,142,0.21745788667687596
8983,507,139,0.21517027863777088
8984,493,139,0.2199367088607595
8985,497,145,0.22585669781931464
8986,504,131,0.2062992125984252
8987,510,137,0.2117465224111283
8988,517,130,0.2009273570324575
8989,512,139,0.21351766513056836
8990,521,126,0.1947449768160742
8991,497,145,0.22585669781931464
8992,504,138,0.21495327102803738
8993,508,131,0.20500782472613457
8994,493,134,0.21371610845295055
8995,516,127,0.19751166407465007
8996,508,129,0.20251177394034536
8997,501,134,0.2110236220472441
8998,493,142,0.22362204724409449
8999,496,144,0.225
9000,490,143,0.2259083728278041
9001,508,134,0.2087227414330218
9002,517,136,0.2082695252679939
9003,496,143,0.2237871674491393
9004,524,125,0.1926040061633282
9005,493,138,0.21870047543581617
9006,496,147,0.2286158631415241
9007,512,141,0.21592649310872894
9008,497,144,0.22464898595943839
9009,480,152,0.24050632911392406
9010,486,144,0.22857142857142856
9011,494,143,0.22448979591836735
9012,509,136,0.21085271317829457
9013,510,136,0.21052631578947367
9014,520,123,0.19129082426127528
9015,495,143,0.22413793103448276
9016,502,130,0.20569620253164558
9017,516,133,0.2049306625577812
9018,507,135,0.2102803738317757
9019,486,144,0.22857142857142856
9020,500,143,0.2223950233281493
9021,517,128,0.19844961240310077
9022,514,135,0.20801232665639446
9023,499,138,0.21664050235478807
9024,501,144,0.22325581395348837
9025,499,145,0.2251552795031056
9026,502,138,0.215625
9027,510,131,0.20436817472698907
9028,537,124,0.1875945537065053
9029,491,143,0.22555205047318613
9030,506,139,0.21550387596899226
9031,502,148,0.2276923076923077
9032,505,132,0.20722135007849293
9033,510,136,0.21052631578947367
9034,502,146,0.22530864197530864
9035,513,135,0.20833333333333334
9036,514,132,0.2043343653250774
9037,511,140,0.21505376344086022
9038,478,146,0.23397435897435898
9039,505,136,0.2121684867394696
9040,489,142,0.22503961965134706
9041,516,131,0.20247295208655333
9042,504,138,0.21495327102803738
9043,503,140,0.2177293934681182
9044,495,140,0.2204724409448819
9045,502,140,0.21806853582554517
9046,519,134,0.20520673813169985
9047,490,143,0.2259083728278041
9048,507,130,0.20408163265306123
9049,505,138,0.21461897356143078
9050,510,146,0.2225609756097561
9051,489,148,0.23233908948194662
9052,508,138,0.21362229102167182
9053,502,145,0.2241112828438949
9054,494,140,0.22082018927444794
9055,500,136,0.2138364779874214
9056,483,142,0.2272
9057,519,126,0.19534883720930232
9058,500,133,0.21011058451816747
9059,496,146,0.22741433021806853
9060,502,141,0.2192846034214619
9061,509,133,0.2071651090342679
9062,504,135,0.2112676056338028
9063,509,131,0.2046875
9064,476,148,0.23717948717948717
9065,510,142,0.21779141104294478
9066,500,140,0.21875
9067,500,144,0.2236024844720497
9068,489,137,0.21884984025559107
9069,536,131,0.19640179910044978
9070,515,128,0.19906687402799378
9071,503,139,0.21651090342679127
9072,530,124,0.18960244648318042
9073,515,132,0.20401854714064915
9074,514,130,0.20186335403726707
9075,490,146,0.22955974842767296
9076,525,133,0.20212765957446807
9077,521,124,0.19224806201550387
9078,507,138,0.21395348837209302
9079,491,151,0.235202492211838
9080,502,138,0.215625
9081,505,133,0.2084639498432602
9082,487,149,0.23427672955974843
9083,515,134,0.20647149460708783
9084,509,138,0.2132921174652241
9085,505,138,0.21461897356143078
9086,512,134,0.20743034055727555
9087,499,143,0.22274143302180685
9088,512,129,0.20124804992199688
9089,508,139,0.21483771251931993
9090,520,129,0.1987673343605547
9091,498,137,0.215748031496063
9092,503,136,0.21283255086071987
9093,501,142,0.2208398133748056
9094,495,138,0.21800947867298578
9095,503,141,0.21894409937888198
9096,514,133,0.20556414219474498
9097,512,129,0.20124804992199688
9098,502,141,0.2192846034214619
9099,499,141,0.2203125
9100,497,135,0.21360759493670886
9101,516,136,0.2085889570552147
9102,518,138,0.21036585365853658
9103,521,137,0.20820668693009117
9104,526,129,0.1969465648854962
9105,513,142,0.216793893129771
9106,518,127,0.19689922480620156
9107,517,138,0.21068702290076335
9108,501,135,0.21226415094339623
9109,508,136,0.2111801242236025
9110,512,139,0.21351766513056836
9111,506,131,0.20565149136577707
9112,492,144,0.22641509433962265
9113,496,136,0.21518987341772153
9114,500,138,0.21630094043887146
9115,502,133,0.2094488188976378
9116,492,147,0.2300469483568075
9117,498,137,0.215748031496063
9118,501,135,0.21226415094339623
9119,501,143,0.2220496894409938
9120,505,139,0.21583850931677018
9121,482,142,0.22756410256410256
9122,512,132,0.20496894409937888
9123,508,128,0.20125786163522014
9124,525,127,0.19478527607361965
9125,489,145,0.22870662460567823
9126,521,132,0.20214395099540583
9127,514,135,0.20801232665639446
9128,517,134,0.20583717357910905
9129,507,135,0.2102803738317757
9130,489,147,0.23113207547169812
9131,503,131,0.20662460567823343
9132,509,143,0.21932515337423314
9133,497,139,0.21855345911949686
9134,495,145,0.2265625
9135,476,148,0.23717948717948717
9136,498,134,0.2120253164556962
9137,514,133,0.20556414219474498
9138,510,139,0.21417565485362094
9139,526,128,0.19571865443425077
9140,511,132,0.2052877138413686
9141,494,139,0.21958925750394945
9142,521,138,0.2094081942336874
9143,496,149,0.2310077519379845
9144,511,134,0.20775193798449612
9145,491,148,0.23161189358372458
9146,516,137,0.20980091883614088
9147,504,134,0.21003134796238246
9148,514,137,0.21044546850998463
9149,500,138,0.21630094043887146
9150,505,143,0.22067901234567902
9151,506,140,0.21671826625386997
9152,518,135,0.20673813169984687
9153,506,141,0.21792890262751158
9154,501,139,0.2171875
9155,477,149,0.2380191693290735
9156,506,127,0.20063191153238547
9157,517,136,0.2082695252679939
9158,531,125,0.19054878048780488
9159,537,130,0.19490254872563717
9160,481,147,0.2340764331210191
9161,510,137,0.2117465224111283
9162,498,143,0.22308892355694226
9163,519,136,0.20763358778625954
9164,506,138,0.21428571428571427
9165,516,136,0.2085889570552147
9166,487,146,0.23064770932069512
9167,520,142,0.21450151057401812
9168,509,135,0.2096273291925466
9169,491,152,0.2363919129082426
9170,499,145,0.2251552795031056
9171,517,141,0.21428571428571427
9172,502,143,0.22170542635658916
9173,520,129,0.1987673343605547
9174,510,128,0.2006269592476489
9175,507,138,0.21395348837209302
9176,484,143,0.22807017543859648
9177,499,142,0.22152886115444617
9178,509,137,0.21207430340557276
9179,493,146,0.22848200312989045
9180,467,151,0.24433656957928804
9181,502,141,0.2192846034214619
9182,505,143,0.22067901234567902
9183,494,141,0.2220472440944882
9184,505,146,0.22427035330261136
9185,501,137,0.21473354231974923
9186,516,126,0.19626168224299065
9187,508,137,0.2124031007751938
9188,507,138,0.21395348837209302
9189,516,130,0.20123839009287925
9190,506,139,0.21550387596899226
9191,521,133,0.20336391437308868
9192,491,138,0.21939586645468998
9193,507,136,0.2115085536547434
9194,487,140,0.22328548644338117
9195,516,125,0.19500780031201248
9196,514,135,0.20801232665639446
9197,527,122,0.18798151001540833
9198,513,135,0.20833333333333334
9199,532,128,0.19393939393939394
9200,511,139,0.21384615384615385
9201,500,142,0.22118380062305296
9202,492,142,0.22397476340694006
9203,501,145,0.22445820433436534
9204,503,130,0.20537124802527645
9205,521,133,0.20336391437308868
9206,487,147,0.23186119873817035
9207,512,145,0.2207001522070015
9208,486,147,0.23222748815165878
9209,489,150,0.2347417840375587
9210,506,141,0.21792890262751158
9211,497,133,0.2111111111111111
9212,518,142,0.21515151515151515
9213,497,144,0.22464898595943839
9214,520,134,0.20489296636085627
9215,493,142,0.22362204724409449
9216,517,123,0.1921875
9217,509,139,0.21450617283950618
9218,493,139,0.2199367088607595
9219,518,129,0.19938176197836166
9220,510,134,0.2080745341614907
9221,505,141,0.21826625386996903
9222,508,137,0.2124031007751938
9223,501,140,0.21840873634945399
9224,515,129,0.20031055900621117
9225,494,143,0.22448979591836735
9226,523,123,0.19040247678018576
9227,514,131,0.20310077519379846
9228,498,139,0.21821036106750394
9229,507,143,0.22
9230,476,154,0.24444444444444444
9231,517,128,0.19844961240310077
9232,493,137,0.21746031746031746
9233,486,132,0.21359223300970873
9234,499,145,0.2251552795031056
9235,508,129,0.20251177394034536
9236,517,136,0.2082695252679939
9237,522,135,0.2054794520547945
9238,499,140,0.2190923317683881
9239,514,139,0.21286370597243492
9240,516,140,0.21341463414634146
9241,504,139,0.2161741835147745
9242,524,125,0.1926040061633282
9243,484,153,0.2401883830455259
9244,485,145,0.23015873015873015
9245,515,137,0.21012269938650308
9246,513,134,0.2071097372488408
9247,513,137,0.21076923076923076
9248,503,140,0.2177293934681182
9249,502,138,0.215625
9250,496,145,0.22620904836193448
9251,470,146,0.237012987012987
9252,507,132,0.20657276995305165
9253,507,136,0.2115085536547434
9254,490,146,0.22955974842767296
9255,491,136,0.21690590111642744
9256,511,132,0.2052877138413686
9257,492,143,0.2251968503937008
9258,501,147,0.22685185185185186
9259,517,136,0.2082695252679939
9260,517,135,0.20705521472392638
9261,509,144,0.22052067381316998
9262,502,138,0.215625
9263,493,145,0.22727272727272727
9264,526,129,0.1969465648854962
9265,493,147,0.2296875
9266,518,129,0.19938176197836166
9267,507,137,0.2127329192546584
9268,507,136,0.2115085536547434
9269,496,143,0.2237871674491393
9270,508,130,0.20376175548589343
9271,496,145,0.22620904836193448
9272,503,132,0.2078740157480315
9273,510,137,0.2117465224111283
9274,509,145,0.2217125382262997
9275,490,146,0.22955974842767296
9276,473,152,0.2432
9277,512,134,0.20743034055727555
9278,496,134,0.2126984126984127
9279,513,134,0.2071097372488408
9280,494,140,0.22082018927444794
9281,507,138,0.21395348837209302
9282,500,138,0.21630094043887146
9283,505,139,0.21583850931677018
9284,500,144,0.2236024844720497
9285,514,139,0.21286370597243492
9286,506,132,0.20689655172413793
9287,524,137,0.20726172465960666
9288,483,150,0.23696682464454977
9289,505,137,0.21339563862928349
9290,509,135,0.2096273291925466
9291,503,131,0.20662460567823343
9292,494,137,0.21711568938193343
9293,512,130,0.20249221183800623
9294,524,133,0.2024353120243531
9295,510,139,0.21417565485362094
9296,500,140,0.21875
9297,509,140,0.21571648690292758
9298,514,133,0.20556414219474498
9299,506,135,0.21060842433697347
9300,519,122,0.19032761310452417
9301,495,139,0.2192429022082019
9302,540,125,0.18796992481203006
9303,507,141,0.2175925925925926
9304,500,134,0.2113564668769716
9305,491,139,0.22063492063492063
9306,497,141,0.22100313479623823
9307,507,131,0.20532915360501566
9308,495,143,0.22413793103448276
9309,517,131,0.2021604938271605
9310,493,138,0.21870047543581617
9311,483,143,0.22843450479233227
9312,509,139,0.21450617283950618
9313,512,141,0.21592649310872894
9314,497,143,0.2234375
9315,512,146,0.22188449848024316
9316,504,142,0.21981424148606812
9317,494,132,0.2108626198083067
9318,484,146,0.23174603174603176
9319,507,140,0.21638330757341576
9320,495,141,0.22169811320754718
9321,519,133,0.20398773006134968
9322,508,139,0.21483771251931993
9323,502,149,0.22887864823348694
9324,517,131,0.2021604938271605
9325,509,138,0.2132921174652241
9326,500,139,0.21752738654147105
9327,513,131,0.20341614906832298
9328,484,148,0.23417721518987342
9329,509,142,0.21812596006144394
9330,496,137,0.21642969984202212
9331,500,139,0.21752738654147105
9332,532,131,0.1975867269984917
9333,496,132,0.21019108280254778
9334,513,143,0.21798780487804878
9335,482,149,0.23613312202852615
9336,500,138,0.21630094043887146
9337,526,130,0.19817073170731708
9338,523,127,0.19538461538461538
9339,488,149,0.23390894819466249
9340,482,151,0.23854660347551343
9341,524,134,0.20364741641337386
9342,505,136,0.2121684867394696
9343,505,139,0.21583850931677018
9344,517,134,0.20583717357910905
9345,506,134,0.209375
9346,542,125,0.1874062968515742
9347,511,132,0.2052877138413686
9348,494,133,0.21212121212121213
9349,505,139,0.21583850931677018
9350,495,145,0.2265625
9351,511,136,0.21020092735703247
9352,526,130,0.19817073170731708
9353,495,137,0.21677215189873417
9354,525,127,0.19478527607361965
9355,508,134,0.2087227414330218
9356,484,140,0.22435897435897437
9357,491,145,0.2279874213836478
9358,497,138,0.2173228346456693
9359,503,138,0.21528861154446177
9360,506,140,0.21671826625386997
9361,486,146,0.2310126582278481
9362,511,140,0.21505376344086022
9363,511,128,0.20031298904538342
9364,485,151,0.23742138364779874
9365,505,141,0.21826625386996903
9366,506,138,0.21428571428571427
9367,499,140,0.2190923317683881
9368,511,143,0.21865443425076453
9369,508,134,0.2087227414330218
9370,508,135,0.2099533437013997
9371,524,128,0.19631901840490798
9372,488,145,0.22906793048973143
9373,493,149,0.23208722741433022
9374,509,130,0.20344287949921752
9375,490,142,0.22468354430379747
9376,508,131,0.20500782472613457
9377,500,135,0.2125984251968504
9378,522,143,0.21503759398496242
9379,514,133,0.20556414219474498
9380,496,143,0.2237871674491393
9381,492,148,0.23125
9382,491,137,0.21815286624203822
9383,503,148,0.22734254992319508
9384,499,150,0.23112480739599384
9385,508,133,0.20748829953198128
9386,502,141,0.2192846034214619
9387,516,134,0.20615384615384616
9388,494,140,0.22082018927444794
9389,514,131,0.20310077519379846
9390,499,132,0.2091917591125198
9391,498,141,0.22065727699530516
9392,513,129,0.20093457943925233
9393,496,137,0.21642969984202212
9394,502,142,0.2204968944099379
9395,493,146,0.22848200312989045
9396,504,134,0.21003134796238246
9397,509,138,0.2132921174652241
9398,522,126,0.19444444444444445
9399,510,133,0.20684292379471228
9400,505,141,0.21826625386996903
9401,515,132,0.20401854714064915
9402,489,153,0.2383177570093458
9403,514,136,0.20923076923076922
9404,487,150,0.23547880690737832
9405,509,148,0.2252663622526636
9406,511,134,0.20775193798449612
9407,533,128,0.19364599092284418
9408,512,124,0.1949685534591195
9409,503,132,0.2078740157480315
9410,508,135,0.2099533437013997
9411,511,130,0.20280811232449297
9412,486,140,0.22364217252396165
9413,502,132,0.2082018927444795
9414,509,140,0.21571648690292758
9415,493,143,0.2248427672955975
9416,511,144,0.2198473282442748
9417,513,137,0.21076923076923076
9418,494,135,0.21462639109697934
9419,506,141,0.21792890262751158
9420,513,134,0.2071097372488408
9421,488,148,0.23270440251572327
9422,512,138,0.2123076923076923
9423,524,135,0.20485584218512898
9424,516,131,0.20247295208655333
9425,487,147,0.23186119873817035
9426,519,138,0.2100456621004566
9427,506,136,0.2118380062305296
9428,499,137,0.21540880503144655
9429,496,139,0.2188976377952756
9430,510,137,0.2117465224111283
9431,507,134,0.20904836193447737
9432,497,138,0.2173228346456693
9433,539,126,0.18947368421052632
9434,518,136,0.20795107033639143
9435,499,139,0.21786833855799373
9436,500,137,0.2150706436420722
9437,495,134,0.21303656597774245
9438,500,139,0.21752738654147105
9439,521,134,0.20458015267175572
9440,507,136,0.2115085536547434
9441,517,127,0.1972049689440994
9442,481,145,0.23162939297124602
9443,501,143,0.2220496894409938
9444,489,140,0.22257551669316375
9445,501,134,0.2110236220472441
9446,522,129,0.19815668202764977
9447,520,139,0.2109256449165402
9448,501,143,0.2220496894409938
9449,477,151,0.24044585987261147
9450,507,143,0.22
9451,495,138,0.21800947867298578
9452,492,142,0.22397476340694006
9453,513,134,0.2071097372488408
9454,501,144,0.22325581395348837
9455,493,143,0.2248427672955975
9456,509,133,0.2071651090342679
9457,506,136,0.2118380062305296
9458,502,135,0.2119309262166405
9459,495,139,0.2192429022082019
9460,522,139,0.2102874432677761
9461,496,146,0.22741433021806853
9462,521,132,0.20214395099540583
9463,509,138,0.2132921174652241
9464,511,138,0.21263482280431434
9465,504,140,0.21739130434782608
9466,506,140,0.21671826625386997
9467,503,142,0.22015503875968992
9468,497,145,0.22585669781931464
9469,498,143,0.22308892355694226
9470,503,131,0.20662460567823343
9471,487,149,0.23427672955974843
9472,508,136,0.2111801242236025
9473,488,150,0.23510971786833856
9474,515,129,0.20031055900621117
9475,528,133,0.20121028744326777
9476,510,134,0.2080745341614907
9477,518,135,0.20673813169984687
9478,497,139,0.21855345911949686
9479,499,148,0.2287480680061824
9480,504,143,0.22102009273570325
9481,502,139,0.21684867394695787
9482,504,140,0.21739130434782608
9483,512,140,0.2147239263803681
9484,503,136,0.21283255086071987
9485,502,140,0.21806853582554517
9486,513,135,0.20833333333333334
9487,511,135,0.2089783281733746
9488,503,148,0.22734254992319508
9489,506,137,0.2130637636080871
9490,504,138,0.21495327102803738
9491,505,128,0.20221169036334913
9492,496,140,0.22012578616352202
9493,519,127,0.19659442724458204
9494,529,132,0.19969742813918306
9495,511,136,0.21020092735703247
9496,495,152,0.23493044822256567
9497,499,146,0.22635658914728682
9498,510,140,0.2153846153846154
9499,535,121,0.18445121951219512
9500,511,140,0.21505376344086022
9501,477,149,0.2380191693290735
9502,504,139,0.2161741835147745
9503,478,159,0.24960753532182103
9504,486,148,0.2334384858044164
9505,517,134,0.20583717357910905
9506,502,138,0.215625
9507,499,130,0.2066772655007949
9508,477,142,0.2294022617124394
9509,506,134,0.209375
9510,495,135,0.21428571428571427
9511,520,128,0.19753086419753085
9512,501,142,0.2208398133748056
9513,479,139,0.22491909385113268
9514,511,140,0.21505376344086022
9515,519,135,0.20642201834862386
9516,498,134,0.2120253164556962
9517,517,134,0.20583717357910905
9518,527,130,0.197869101978691
9519,487,141,0.22452229299363058
9520,506,132,0.20689655172413793
9521,529,123,0.18865030674846625
9522,497,144,0.22464898595943839
9523,497,146,0.22706065318818042
9524,487,143,0.22698412698412698
9525,504,143,0.22102009273570325
9526,484,142,0.2268370607028754
9527,509,141,0.2169230769230769
9528,491,139,0.22063492063492063
9529,507,143,0.22
9530,509,145,0.2217125382262997
9531,486,143,0.2273449920508744
9532,480,146,0.23322683706070288
9533,527,126,0.19295558958652373
9534,482,145,0.23125996810207336
9535,495,147,0.22897196261682243
9536,511,128,0.20031298904538342
9537,492,144,0.22641509433962265
9538,495,140,0.2204724409448819
9539,495,137,0.21677215189873417
9540,501,150,0.2304147465437788
9541,495,144,0.22535211267605634
9542,498,139,0.21821036106750394
9543,494,147,0.22932917316692666
9544,529,125,0.191131498470948
9545,484,148,0.23417721518987342
9546,498,148,0.22910216718266255
9547,490,143,0.2259083728278041
9548,481,146,0.23285486443381181
9549,513,138,0.2119815668202765
9550,494,145,0.2269170579029734
9551,508,135,0.2099533437013997
9552,487,145,0.22943037974683544
9553,498,140,0.219435736677116
9554,519,138,0.2100456621004566
9555,494,138,0.21835443037974683
9556,482,141,0.22632423756019263
9557,494,135,0.21462639109697934
9558,507,141,0.2175925925925926
9559,525,131,0.19969512195121952
9560,500,140,0.21875
9561,508,139,0.21483771251931993
9562,485,145,0.23015873015873015
9563,505,142,0.21947449768160743
9564,530,119,0.18335901386748846
9565,497,147,0.22826086956521738
9566,491,146,0.22919937205651492
9567,505,134,0.20970266040688576
9568,511,132,0.2052877138413686
9569,505,138,0.21461897356143078
9570,481,158,0.24726134585289514
9571,504,143,0.22102009273570325
9572,495,138,0.21800947867298578
9573,509,131,0.2046875
9574,496,131,0.20893141945773525
9575,478,153,0.24247226624405704
9576,501,141,0.21962616822429906
9577,508,142,0.21846153846153846
9578,485,142,0.22647527910685805
9579,522,133,0.20305343511450383
9580,515,143,0.21732522796352582
9581,511,138,0.21263482280431434
9582,513,135,0.20833333333333334
9583,506,144,0.22153846153846155
9584,515,130,0.20155038759689922
9585,483,144,0.22966507177033493
9586,501,135,0.21226415094339623
9587,513,141,0.21559633027522937
9588,521,140,0.2118003025718608
9589,484,143,0.22807017543859648
9590,525,133,0.20212765957446807
9591,487,146,0.23064770932069512
9592,499,142,0.22152886115444617
9593,489,140,0.22257551669316375
9594,488,138,0.22044728434504793
9595,496,138,0.21766561514195584
9596,502,144,0.22291021671826625
9597,507,133,0.2078125
9598,510,136,0.21052631578947367
9599,529,133,0.20090634441087613
9600,487,141,0.22452229299363058
9601,481,143,0.22916666666666666
9602,496,148,0.22981366459627328
9603,507,131,0.20532915360501566
9604,495,148,0.2301710730948678
9605,502,141,0.2192846034214619
9606,495,148,0.2301710730948678
9607,499,146,0.22635658914728682
9608,495,143,0.22413793103448276
9609,500,145,0.2248062015503876
9610,507,142,0.21879815100154082
9611,506,141,0.21792890262751158
9612,489,144,0.22748815165876776
9613,501,145,0.22445820433436534
9614,487,144,0.22820919175911253
9615,505,142,0.21947449768160743
9616,493,146,0.22848200312989045
9617,512,133,0.2062015503875969
9618,512,135,0.20865533230293662
9619,484,142,0.2268370607028754
9620,498,138,0.2169811320754717
9621,498,146,0.2267080745341615
9622,499,140,0.2190923317683881
9623,523,129,0.19785276073619631
9624,497,140,0.21978021978021978
9625,504,136,0.2125
9626,514,145,0.22003034901365706
9627,497,141,0.22100313479623823
9628,478,146,0.23397435897435898
9629,518,135,0.20673813169984687
9630,484,149,0.2353870458135861
9631,490,152,0.2367601246105919
9632,495,140,0.2204724409448819
9633,510,130,0.203125
9634,501,139,0.2171875
9635,516,130,0.20123839009287925
9636,511,130,0.20280811232449297
9637,511,133,0.20652173913043478
9638,498,143,0.22308892355694226
9639,517,133,0.20461538461538462
9640,505,141,0.21826625386996903
9641,488,147,0.231496062992126
9642,513,137,0.21076923076923076
9643,528,122,0.18769230769230769
9644,500,139,0.21752738654147105
9645,515,129,0.20031055900621117
9646,520,124,0.19254658385093168
9647,511,133,0.20652173913043478
9648,502,144,0.22291021671826625
9649,503,134,0.21036106750392464
9650,511,134,0.20775193798449612
9651,498,140,0.219435736677116
9652,507,132,0.20657276995305165
9653,502,143,0.22170542635658916
9654,487,144,0.22820919175911253
9655,493,146,0.22848200312989045
9656,515,132,0.20401854714064915
9657,499,142,0.22152886115444617
9658,528,131,0.19878603945371776
9659,498,139,0.21821036106750394
9660,522,128,0.19692307692307692
9661,501,137,0.21473354231974923
9662,529,131,0.1984848484848485
9663,493,146,0.22848200312989045
9664,504,136,0.2125
9665,495,145,0.2265625
9666,500,138,0.21630094043887146
9667,490,136,0.21725239616613418
9668,529,133,0.20090634441087613
9669,526,128,0.19571865443425077
9670,542,126,0.18862275449101795
9671,494,144,0.22570532915360503
9672,470,156,0.24920127795527156
9673,513,128,0.1996879875195008
9674,511,134,0.20775193798449612
9675,505,140,0.21705426356589147
9676,520,130,0.2
9677,496,133,0.21144674085850557
9678,481,149,0.2365079365079365
9679,508,143,0.2196620583717358
9680,491,143,0.22555205047318613
9681,505,145,0.2230769230769231
9682,486,143,0.2273449920508744
9683,495,143,0.22413793103448276
9684,504,139,0.2161741835147745
9685,509,133,0.2071651090342679
9686,510,139,0.21417565485362094
9687,499,134,0.21169036334913113
9688,506,140,0.21671826625386997
9689,498,141,0.22065727699530516
9690,497,147,0.22826086956521738
9691,511,133,0.20652173913043478
9692,495,144,0.22535211267605634
9693,516,131,0.20247295208655333
9694,483,153,0.24056603773584906
9695,519,130,0.20030816640986132
9696,476,141,0.22852512155591573
9697,496,144,0.225
9698,493,142,0.22362204724409449
9699,507,136,0.2115085536547434
9700,481,151,0.2389240506329114
9701,503,138,0.21528861154446177
9702,503,138,0.21528861154446177
9703,504,145,0.22342064714946072
9704,510,130,0.203125
9705,504,135,0.2112676056338028
9706,492,138,0.21904761904761905
9707,490,136,0.21725239616613418
9708,522,124,0.19195046439628483
9709,524,128,0.19631901840490798
9710,523,141,0.21234939759036145
9711,500,133,0.21011058451816747
9712,545,126,0.18777943368107303
9713,522,127,0.19568567026194145
9714,491,146,0.22919937205651492
9715,514,127,0.1981279251170047
9716,502,137,0.21439749608763695
9717,512,130,0.20249221183800623
9718,499,139,0.21786833855799373
9719,516,132,0.2037037037037037
9720,512,134,0.20743034055727555
9721,527,129,0.19664634146341464
9722,506,147,0.225114854517611
9723,503,134,0.21036106750392464
9724,482,141,0.22632423756019263
9725,501,146,0.22565687789799072
9726,521,133,0.20336391437308868
9727,509,131,0.2046875
9728,503,137,0.2140625
9729,492,141,0.22274881516587677
9730,501,142,0.2208398133748056
9731,517,122,0.19092331768388107
9732,539,120,0.18209408194233687
9733,518,136,0.20795107033639143
9734,517,128,0.19844961240310077
9735,503,137,0.2140625
9736,514,131,0.20310077519379846
9737,497,132,0.20985691573926868
9738,507,140,0.21638330757341576
9739,503,140,0.2177293934681182
9740,471,144,0.23414634146341465
9741,500,142,0.22118380062305296
9742,537,124,0.1875945537065053
9743,509,133,0.2071651090342679
9744,522,122,0.18944099378881987
9745,517,130,0.2009273570324575
9746,516,133,0.2049306625577812
9747,510,130,0.203125
9748,489,150,0.2347417840375587
9749,496,144,0.225
9750,514,140,0.21406727828746178
9751,504,132,0.20754716981132076
9752,525,125,0.19230769230769232
9753,508,130,0.20376175548589343
9754,507,138,0.21395348837209302
9755,510,131,0.20436817472698907
9756,489,146,0.22992125984251968
9757,483,144,0.22966507177033493
9758,495,149,0.23136645962732919
9759,532,123,0.18778625954198475
9760,512,136,0.20987654320987653
9761,505,143,0.22067901234567902
9762,492,147,0.2300469483568075
9763,527,126,0.19295558958652373
9764,509,137,0.21207430340557276
9765,483,148,0.23454833597464342
9766,504,143,0.22102009273570325
9767,498,140,0.219435736677116
9768,510,127,0.19937205651491366
9769,499,129,0.2054140127388535
9770,506,138,0.21428571428571427
9771,500,143,0.2223950233281493
9772,489,144,0.22748815165876776
9773,499,147,0.22755417956656346
9774,493,138,0.21870047543581617
9775,509,147,0.22408536585365854
9776,515,133,0.2052469135802469
9777,509,130,0.20344287949921752
9778,501,138,0.215962441314554
9779,501,143,0.2220496894409938
9780,513,127,0.1984375
9781,482,143,0.2288
9782,489,147,0.23113207547169812
9783,504,149,0.22817764165390506
9784,505,139,0.21583850931677018
9785,516,131,0.20247295208655333
9786,507,144,0.22119815668202766
9787,496,139,0.2188976377952756
9788,505,142,0.21947449768160743
9789,520,134,0.20489296636085627
9790,513,133,0.20588235294117646
9791,503,143,0.22136222910216719
9792,522,129,0.19815668202764977
9793,513,138,0.2119815668202765
9794,500,137,0.2150706436420722
9795,480,145,0.232
9796,503,136,0.21283255086071987
9797,482,142,0.22756410256410256
9798,511,139,0.21384615384615385
9799,507,134,0.20904836193447737
9800,499,137,0.21540880503144655
9801,501,135,0.21226415094339623
9802,508,127,0.2
9803,493,141,0.222397476340694
9804,480,152,0.24050632911392406
9805,500,136,0.2138364779874214
9806,518,140,0.2127659574468085
9807,504,139,0.2161741835147745
9808,485,156,0.24336973478939158
9809,490,143,0.2259083728278041
9810,497,141,0.22100313479623823
9811,504,141,0.2186046511627907
9812,490,149,0.23317683881064163
9813,481,145,0.23162939297124602
9814,508,136,0.2111801242236025
9815,518,133,0.20430107526881722
9816,489,141,0.22380952380952382
9817,507,141,0.2175925925925926
9818,531,135,0.20270270270270271
9819,509,129,0.20219435736677116
9820,495,147,0.22897196261682243
9821,514,138,0.2116564417177914
9822,493,144,0.2260596546310832
9823,510,142,0.21779141104294478
9824,495,138,0.21800947867298578
9825,496,139,0.2188976377952756
9826,502,135,0.2119309262166405
9827,503,144,0.22256568778979907
9828,493,147,0.2296875
9829,487,157,0.24378881987577639
9830,518,130,0.2006172839506173
9831,523,129,0.19785276073619631
9832,490,140,0.2222222222222222
9833,498,140,0.219435736677116
9834,499,147,0.22755417956656346
9835,514,139,0.21286370597243492
9836,513,137,0.21076923076923076
9837,491,143,0.22555205047318613
9838,509,133,0.2071651090342679
9839,515,133,0.2052469135802469
9840,512,132,0.20496894409937888
9841,497,132,0.20985691573926868
9842,510,138,0.21296296296296297
9843,489,143,0.22626582278481014
9844,510,132,0.205607476635514
9845,500,132,0.2088607594936709
9846,523,127,0.19538461538461538
9847,510,133,0.20684292379471228
9848,498,141,0.22065727699530516
9849,519,128,0.19783616692426584
9850,505,138,0.21461897356143078
9851,508,128,0.20125786163522014
9852,487,144,0.22820919175911253
9853,493,140,0.2211690363349131
9854,505,143,0.22067901234567902
9855,519,124,0.19284603421461896
9856,485,146,0.23137876386687797
9857,487,145,0.22943037974683544
9858,498,146,0.2267080745341615
9859,518,132,0.20307692307692307
9860,527,120,0.18547140649149924
9861,520,134,0.20489296636085627
9862,491,155,0.23993808049535603
9863,517,129,0.1996904024767802
9864,499,148,0.2287480680061824
9865,535,117,0.1794478527607362
9866,518,133,0.20430107526881722
9867,508,124,0.1962025316455696
9868,496,140,0.22012578616352202
9869,503,143,0.22136222910216719
9870,509,139,0.21450617283950618
9871,490,140,0.2222222222222222
9872,536,124,0.18787878787878787
9873,486,147,0.23222748815165878
9874,509,136,0.21085271317829457
9875,527,128,0.19541984732824427
9876,490,148,0.23197492163009403
9877,509,130,0.20344287949921752
9878,523,129,0.19785276073619631
9879,488,140,0.2229299363057325
9880,500,136,0.2138364779874214
9881,494,139,0.21958925750394945
9882,495,146,0.22776911076443057
9883,498,133,0.21077654516640254
9884,490,150,0.234375
9885,526,129,0.1969465648854962
9886,499,139,0.21786833855799373
9887,509,138,0.2132921174652241
9888,530,132,0.19939577039274925
9889,496,143,0.2237871674491393
9890,509,139,0.21450617283950618
9891,521,130,0.19969278033794163
9892,502,131,0.20695102685624012
9893,491,154,0.23875968992248062
9894,507,134,0.20904836193447737
9895,480,151,0.2393026941362916
9896,501,129,0.20476190476190476
9897,485,149,0.23501577287066247
9898,522,131,0.2006125574272588
9899,512,131,0.20373250388802489
9900,495,139,0.2192429022082019
9901,492,130,0.2090032154340836
9902,526,133,0.20182094081942337
9903,505,138,0.21461897356143078
9904,503,128,0.20285261489698891
9905,527,127,0.19418960244648317
9906,498,134,0.2120253164556962
9907,485,145,0.23015873015873015
9908,502,141,0.2192846034214619
9909,504,130,0.20504731861198738
9910,488,146,0.2302839116719243
9911,500,134,0.2113564668769716
9912,508,145,0.222052067381317
9913,509,134,0.208398133748056
9914,522,125,0.19319938176197837
9915,500,140,0.21875
9916,500,139,0.21752738654147105
9917,491,149,0.2328125
9918,496,140,0.22012578616352202
9919,504,140,0.21739130434782608
9920,478,152,0.24126984126984127
9921,495,147,0.22897196261682243
9922,498,137,0.215748031496063
9923,490,143,0.2259083728278041
9924,494,151,0.23410852713178296
9925,489,150,0.2347417840375587
9926,495,136,0.21553090332805072
9927,525,133,0.20212765957446807
9928,539,129,0.19311377245508982
9929,522,143,0.21503759398496242
9930,520,127,0.19629057187017002
9931,521,133,0.20336391437308868
9932,487,137,0.21955128205128205
9933,518,131,0.20184899845916796
9934,530,126,0.19207317073170732
9935,485,150,0.23622047244094488
9936,518,132,0.20307692307692307
9937,501,140,0.21840873634945399
9938,511,134,0.20775193798449612
9939,519,126,0.19534883720930232
9940,508,140,0.21604938271604937
9941,497,136,0.21484992101105846
9942,486,142,0.22611464968152867
9943,503,151,0.2308868501529052
9944,498,142,0.221875
9945,503,126,0.20031796502384738
9946,511,130,0.20280811232449297
9947,527,120,0.18547140649149924
9948,501,147,0.22685185185185186
9949,510,136,0.21052631578947367
9950,518,140,0.2127659574468085
9951,500,145,0.2248062015503876
9952,491,144,0.22677165354330708
9953,501,141,0.21962616822429906
9954,505,136,0.2121684867394696
9955,507,135,0.2102803738317757
9956,478,145,0.23274478330658105
9957,520,132,0.20245398773006135
9958,497,145,0.22585669781931464
9959,520,137,0.2085235920852359
9960,512,136,0.20987654320987653
9961,517,122,0.19092331768388107
9962,504,142,0.21981424148606812
9963,495,138,0.21800947867298578
9964,504,138,0.21495327102803738
9965,500,137,0.2150706436420722
9966,510,134,0.2080745341614907
9967,502,144,0.22291021671826625
9968,509,133,0.2071651090342679
9969,530,135,0.20300751879699247
9970,483,140,0.2247191011235955
9971,498,131,0.2082670906200318
9972,494,146,0.228125
9973,511,143,0.21865443425076453
9974,489,147,0.23113207547169812
9975,493,141,0.222397476340694
9976,523,126,0.1941448382126348
9977,496,148,0.22981366459627328
9978,504,147,0.22580645161290322
9979,504,129,0.2037914691943128
9980,503,146,0.22496147919876733
9981,500,143,0.2223950233281493
9982,491,148,0.23161189358372458
9983,522,129,0.19815668202764977
9984,502,137,0.21439749608763695
9985,498,138,0.2169811320754717
9986,494,145,0.2269170579029734
9987,512,134,0.20743034055727555
9988,527,133,0.2015151515151515
9989,473,147,0.23709677419354838
9990,518,127,0.19689922480620156
9991,502,145,0.2241112828438949
9992,501,155,0.23628048780487804
9993,505,133,0.2084639498432602
9994,522,131,0.2006125574272588
9995,505,138,0.21461897356143078
9996,504,133,0.2087912087912088
9997,482,141,0.22632423756019263
9998,513,134,0.2071097372488408
9999,507,136,0.2115085536547434
10000,491,149,0.2328125
