analysis_identity_id,evidence_set_id,candidate_selected
A001300,experiment:barbosa_sete_lagoas_two_nursery_downy_mildew,0
A001404,experiment:barbosa_sete_lagoas_two_nursery_downy_mildew,1
A001551,experiment:erpelding_isabela_anthracnose_2007_2008_campaign,0
A001746,experiment:erpelding_isabela_anthracnose_2007_2008_campaign,0
A001747,experiment:erpelding_isabela_anthracnose_2007_2008_campaign,0
A001748,experiment:erpelding_isabela_anthracnose_2007_2008_campaign,0
A001749,experiment:erpelding_isabela_anthracnose_2007_2008_campaign,0
A001750,experiment:erpelding_isabela_anthracnose_2007_2008_campaign,1
A001751,experiment:erpelding_isabela_anthracnose_2007_2008_campaign,0
A001752,experiment:erpelding_isabela_anthracnose_2007_2008_campaign,1
A001753,experiment:erpelding_isabela_anthracnose_2007_2008_campaign,0
A001754,experiment:erpelding_isabela_anthracnose_2007_2008_campaign,1
A001755,experiment:erpelding_isabela_anthracnose_2007_2008_campaign,0
A001756,experiment:erpelding_isabela_anthracnose_2007_2008_campaign,1
A001757,experiment:erpelding_isabela_anthracnose_2007_2008_campaign,1
A001758,experiment:erpelding_isabela_anthracnose_2007_2008_campaign,1
A001759,experiment:erpelding_isabela_anthracnose_2007_2008_campaign,1
A001760,experiment:erpelding_isabela_anthracnose_2007_2008_campaign,0
A001761,experiment:erpelding_isabela_anthracnose_2007_2008_campaign,0
A001762,experiment:erpelding_isabela_anthracnose_2007_2008_campaign,1
A001763,experiment:erpelding_isabela_anthracnose_2007_2008_campaign,1
A001764,experiment:erpelding_isabela_anthracnose_2007_2008_campaign,0
A001765,experiment:erpelding_isabela_anthracnose_2007_2008_campaign,1
A001766,experiment:erpelding_isabela_anthracnose_2007_2008_campaign,1
A001767,experiment:erpelding_isabela_anthracnose_2007_2008_campaign,0
A001768,experiment:erpelding_isabela_anthracnose_2007_2008_campaign,0
A001769,experiment:erpelding_isabela_anthracnose_2007_2008_campaign,0
A001770,experiment:erpelding_isabela_anthracnose_2007_2008_campaign,1
A001771,experiment:erpelding_isabela_anthracnose_2007_2008_campaign,1
A001772,experiment:erpelding_isabela_anthracnose_2007_2008_campaign,0
A001773,experiment:erpelding_isabela_anthracnose_2007_2008_campaign,0
A001774,experiment:erpelding_isabela_anthracnose_2007_2008_campaign,1
A001775,experiment:erpelding_isabela_anthracnose_2007_2008_campaign,0
A001776,experiment:erpelding_isabela_anthracnose_2007_2008_campaign,0
A001777,experiment:erpelding_isabela_anthracnose_2007_2008_campaign,1
A001778,experiment:erpelding_isabela_anthracnose_2007_2008_campaign,0
A001779,experiment:erpelding_isabela_anthracnose_2007_2008_campaign,0
A001780,experiment:erpelding_isabela_anthracnose_2007_2008_campaign,1
A001781,experiment:erpelding_isabela_anthracnose_2007_2008_campaign,1
A001782,experiment:erpelding_isabela_anthracnose_2007_2008_campaign,1
A001783,experiment:erpelding_isabela_anthracnose_2007_2008_campaign,1
A001784,experiment:erpelding_isabela_anthracnose_2007_2008_campaign,1
A001785,experiment:erpelding_isabela_anthracnose_2007_2008_campaign,1
A001786,experiment:erpelding_isabela_anthracnose_2007_2008_campaign,1
A001787,experiment:erpelding_isabela_anthracnose_2007_2008_campaign,1
A001788,experiment:erpelding_isabela_anthracnose_2007_2008_campaign,1
A001789,experiment:erpelding_isabela_anthracnose_2007_2008_campaign,1
A001790,experiment:erpelding_isabela_anthracnose_2007_2008_campaign,1
A001791,experiment:erpelding_isabela_anthracnose_2007_2008_campaign,1
A001792,experiment:erpelding_isabela_anthracnose_2007_2008_campaign,1
A001793,experiment:erpelding_isabela_anthracnose_2007_2008_campaign,0
A001794,experiment:erpelding_isabela_anthracnose_2007_2008_campaign,1
A001795,experiment:erpelding_isabela_anthracnose_2007_2008_campaign,1
A001796,experiment:erpelding_isabela_anthracnose_2007_2008_campaign,1
A001797,experiment:erpelding_isabela_anthracnose_2007_2008_campaign,1
A001798,experiment:erpelding_isabela_anthracnose_2007_2008_campaign,1
A001799,experiment:erpelding_isabela_anthracnose_2007_2008_campaign,0
A001800,experiment:erpelding_isabela_anthracnose_2007_2008_campaign,0
A001801,experiment:erpelding_isabela_anthracnose_2007_2008_campaign,1
A001802,experiment:erpelding_isabela_anthracnose_2007_2008_campaign,1
A001803,experiment:erpelding_isabela_anthracnose_2007_2008_campaign,1
A001804,experiment:erpelding_isabela_anthracnose_2007_2008_campaign,1
A001805,experiment:erpelding_isabela_anthracnose_2007_2008_campaign,0
A001806,experiment:erpelding_isabela_anthracnose_2007_2008_campaign,0
A001807,experiment:erpelding_isabela_anthracnose_2007_2008_campaign,1
A001808,experiment:erpelding_isabela_anthracnose_2007_2008_campaign,1
A001809,experiment:erpelding_isabela_anthracnose_2007_2008_campaign,1
A001810,experiment:erpelding_isabela_anthracnose_2007_2008_campaign,0
A001811,experiment:erpelding_isabela_anthracnose_2007_2008_campaign,0
A001812,experiment:erpelding_isabela_anthracnose_2007_2008_campaign,1
A001813,experiment:erpelding_isabela_anthracnose_2007_2008_campaign,0
A001814,experiment:erpelding_isabela_anthracnose_2007_2008_campaign,1
A001815,experiment:erpelding_isabela_anthracnose_2007_2008_campaign,1
A001816,experiment:erpelding_isabela_anthracnose_2007_2008_campaign,1
A001817,experiment:erpelding_isabela_anthracnose_2007_2008_campaign,1
A001818,experiment:erpelding_isabela_anthracnose_2007_2008_campaign,1
A001819,experiment:erpelding_isabela_anthracnose_2007_2008_campaign,1
A001820,experiment:erpelding_isabela_anthracnose_2007_2008_campaign,1
A001821,experiment:erpelding_isabela_anthracnose_2007_2008_campaign,1
A001822,experiment:erpelding_isabela_anthracnose_2007_2008_campaign,1
A001823,experiment:erpelding_isabela_anthracnose_2007_2008_campaign,1
A001824,experiment:erpelding_isabela_anthracnose_2007_2008_campaign,0
A001825,experiment:erpelding_isabela_anthracnose_2007_2008_campaign,1
A001826,experiment:erpelding_isabela_anthracnose_2007_2008_campaign,1
A001827,experiment:erpelding_isabela_anthracnose_2007_2008_campaign,0
A001828,experiment:erpelding_isabela_anthracnose_2007_2008_campaign,0
A001829,experiment:erpelding_isabela_anthracnose_2007_2008_campaign,0
A001830,experiment:erpelding_isabela_anthracnose_2007_2008_campaign,0
A001831,experiment:erpelding_isabela_anthracnose_2007_2008_campaign,1
A001832,experiment:erpelding_isabela_anthracnose_2007_2008_campaign,0
A001833,experiment:erpelding_isabela_anthracnose_2007_2008_campaign,0
A001834,experiment:erpelding_isabela_anthracnose_2007_2008_campaign,0
A001835,experiment:erpelding_isabela_anthracnose_2007_2008_campaign,1
A001836,experiment:erpelding_isabela_anthracnose_2007_2008_campaign,1
A001837,experiment:erpelding_isabela_anthracnose_2007_2008_campaign,0
A001838,experiment:erpelding_isabela_anthracnose_2007_2008_campaign,0
A001839,experiment:erpelding_isabela_anthracnose_2007_2008_campaign,0
A001840,experiment:erpelding_isabela_anthracnose_2007_2008_campaign,0
A001841,experiment:erpelding_isabela_anthracnose_2007_2008_campaign,1
A001842,experiment:erpelding_isabela_anthracnose_2007_2008_campaign,1
A001843,experiment:erpelding_isabela_anthracnose_2007_2008_campaign,1
A001844,experiment:erpelding_isabela_anthracnose_2007_2008_campaign,0
A001845,experiment:erpelding_isabela_anthracnose_2007_2008_campaign,0
A001846,experiment:erpelding_isabela_anthracnose_2007_2008_campaign,0
A001847,experiment:erpelding_isabela_anthracnose_2007_2008_campaign,1
A001848,experiment:erpelding_isabela_anthracnose_2007_2008_campaign,0
A001849,experiment:erpelding_isabela_anthracnose_2007_2008_campaign,0
A001850,experiment:erpelding_isabela_anthracnose_2007_2008_campaign,0
A001857,experiment:erpelding_isabela_anthracnose_2007_2008_campaign,0
A001858,experiment:erpelding_isabela_anthracnose_2007_2008_campaign,0
A001859,experiment:erpelding_isabela_anthracnose_2007_2008_campaign,0
A001860,experiment:erpelding_isabela_anthracnose_2007_2008_campaign,0
A001861,experiment:erpelding_isabela_anthracnose_2007_2008_campaign,0
A001862,experiment:erpelding_isabela_anthracnose_2007_2008_campaign,0
A001863,experiment:erpelding_isabela_anthracnose_2007_2008_campaign,0
A001864,experiment:erpelding_isabela_anthracnose_2007_2008_campaign,0
A001865,experiment:erpelding_isabela_anthracnose_2007_2008_campaign,0
A001866,experiment:erpelding_isabela_anthracnose_2007_2008_campaign,0
A001867,experiment:erpelding_isabela_anthracnose_2007_2008_campaign,0
A001868,experiment:erpelding_isabela_anthracnose_2007_2008_campaign,1
A001869,experiment:erpelding_isabela_anthracnose_2007_2008_campaign,1
A001870,experiment:erpelding_isabela_anthracnose_2007_2008_campaign,0
A001871,experiment:erpelding_isabela_anthracnose_2007_2008_campaign,1
A001872,experiment:erpelding_isabela_anthracnose_2007_2008_campaign,0
A001873,experiment:erpelding_isabela_anthracnose_2007_2008_campaign,0
A001874,experiment:erpelding_isabela_anthracnose_2007_2008_campaign,0
A001875,experiment:erpelding_isabela_anthracnose_2007_2008_campaign,0
A001876,experiment:erpelding_isabela_anthracnose_2007_2008_campaign,0
A001877,experiment:erpelding_isabela_anthracnose_2007_2008_campaign,0
A001878,experiment:erpelding_isabela_anthracnose_2007_2008_campaign,0
A001879,experiment:erpelding_isabela_anthracnose_2007_2008_campaign,0
A001880,experiment:erpelding_isabela_anthracnose_2007_2008_campaign,0
A001881,experiment:erpelding_isabela_anthracnose_2007_2008_campaign,0
A001882,experiment:erpelding_isabela_anthracnose_2007_2008_campaign,0
A001883,experiment:erpelding_isabela_anthracnose_2007_2008_campaign,0
A001884,experiment:erpelding_isabela_anthracnose_2007_2008_campaign,0
A001885,experiment:erpelding_isabela_anthracnose_2007_2008_campaign,1
A001886,experiment:erpelding_isabela_anthracnose_2007_2008_campaign,1
A001887,experiment:erpelding_isabela_anthracnose_2007_2008_campaign,1
A001888,experiment:erpelding_isabela_anthracnose_2007_2008_campaign,1
A001889,experiment:erpelding_isabela_anthracnose_2007_2008_campaign,1
A001890,experiment:erpelding_isabela_anthracnose_2007_2008_campaign,0
A001891,experiment:erpelding_isabela_anthracnose_2007_2008_campaign,0
A001892,experiment:erpelding_isabela_anthracnose_2007_2008_campaign,0
A001893,experiment:erpelding_isabela_anthracnose_2007_2008_campaign,0
A001894,experiment:erpelding_isabela_anthracnose_2007_2008_campaign,0
A001895,experiment:erpelding_isabela_anthracnose_2007_2008_campaign,1
A001896,experiment:erpelding_isabela_anthracnose_2007_2008_campaign,0
A001897,experiment:erpelding_isabela_anthracnose_2007_2008_campaign,0
A001898,experiment:erpelding_isabela_anthracnose_2007_2008_campaign,1
A001899,experiment:erpelding_isabela_anthracnose_2007_2008_campaign,0
A001900,experiment:erpelding_isabela_anthracnose_2007_2008_campaign,0
A001901,experiment:erpelding_isabela_anthracnose_2007_2008_campaign,1
A001902,experiment:erpelding_isabela_anthracnose_2007_2008_campaign,1
A001903,experiment:erpelding_isabela_anthracnose_2007_2008_campaign,1
A001904,experiment:erpelding_isabela_anthracnose_2007_2008_campaign,0
A001905,experiment:erpelding_isabela_anthracnose_2007_2008_campaign,0
A001906,experiment:erpelding_isabela_anthracnose_2007_2008_campaign,0
A001907,experiment:erpelding_isabela_anthracnose_2007_2008_campaign,0
A001908,experiment:erpelding_isabela_anthracnose_2007_2008_campaign,0
A001909,experiment:erpelding_isabela_anthracnose_2007_2008_campaign,1
A001910,experiment:erpelding_isabela_anthracnose_2007_2008_campaign,0
A001911,experiment:erpelding_isabela_anthracnose_2007_2008_campaign,1
A001912,experiment:erpelding_isabela_anthracnose_2007_2008_campaign,1
A001913,experiment:erpelding_isabela_anthracnose_2007_2008_campaign,1
A001914,experiment:erpelding_isabela_anthracnose_2007_2008_campaign,1
A001915,experiment:erpelding_isabela_anthracnose_2007_2008_campaign,1
A001916,experiment:erpelding_isabela_anthracnose_2007_2008_campaign,1
A001917,experiment:erpelding_isabela_anthracnose_2007_2008_campaign,0
A001918,experiment:erpelding_isabela_anthracnose_2007_2008_campaign,0
A001919,experiment:erpelding_isabela_anthracnose_2007_2008_campaign,1
A001920,experiment:erpelding_isabela_anthracnose_2007_2008_campaign,0
A001921,experiment:erpelding_isabela_anthracnose_2007_2008_campaign,1
A001922,experiment:erpelding_isabela_anthracnose_2007_2008_campaign,0
A001923,experiment:erpelding_isabela_anthracnose_2007_2008_campaign,0
A001924,experiment:erpelding_isabela_anthracnose_2007_2008_campaign,1
A001925,experiment:erpelding_isabela_anthracnose_2007_2008_campaign,0
A001926,experiment:erpelding_isabela_anthracnose_2007_2008_campaign,0
A001927,experiment:erpelding_isabela_anthracnose_2007_2008_campaign,0
A001928,experiment:erpelding_isabela_anthracnose_2007_2008_campaign,1
A001929,experiment:erpelding_isabela_anthracnose_2007_2008_campaign,0
A001930,experiment:erpelding_isabela_anthracnose_2007_2008_campaign,0
A001931,experiment:erpelding_isabela_anthracnose_2007_2008_campaign,0
A001932,experiment:erpelding_isabela_anthracnose_2007_2008_campaign,0
A001933,experiment:erpelding_isabela_anthracnose_2007_2008_campaign,0
A001934,experiment:erpelding_isabela_anthracnose_2007_2008_campaign,0
A001935,experiment:erpelding_isabela_anthracnose_2007_2008_campaign,1
A001936,experiment:erpelding_isabela_anthracnose_2007_2008_campaign,0
A001937,experiment:erpelding_isabela_anthracnose_2007_2008_campaign,0
A001938,experiment:erpelding_isabela_anthracnose_2007_2008_campaign,0
A001939,experiment:erpelding_isabela_anthracnose_2007_2008_campaign,0
A001940,experiment:erpelding_isabela_anthracnose_2007_2008_campaign,1
A001941,experiment:erpelding_isabela_anthracnose_2007_2008_campaign,0
A001942,experiment:erpelding_isabela_anthracnose_2007_2008_campaign,1
A001943,experiment:erpelding_isabela_anthracnose_2007_2008_campaign,0
A001944,experiment:erpelding_isabela_anthracnose_2007_2008_campaign,0
A001945,experiment:erpelding_isabela_anthracnose_2007_2008_campaign,0
A001946,experiment:erpelding_isabela_anthracnose_2007_2008_campaign,0
A001947,experiment:erpelding_isabela_anthracnose_2007_2008_campaign,0
A001948,experiment:erpelding_isabela_anthracnose_2007_2008_campaign,1
A001949,experiment:erpelding_isabela_anthracnose_2007_2008_campaign,0
A001950,experiment:erpelding_isabela_anthracnose_2007_2008_campaign,0
A001951,experiment:erpelding_isabela_anthracnose_2007_2008_campaign,0
A001952,experiment:erpelding_isabela_anthracnose_2007_2008_campaign,1
A001953,experiment:erpelding_isabela_anthracnose_2007_2008_campaign,0
A001954,experiment:erpelding_isabela_anthracnose_2007_2008_campaign,1
A001955,experiment:erpelding_isabela_anthracnose_2007_2008_campaign,1
A001956,experiment:erpelding_isabela_anthracnose_2007_2008_campaign,1
A001957,experiment:erpelding_isabela_anthracnose_2007_2008_campaign,1
A001958,experiment:erpelding_isabela_anthracnose_2007_2008_campaign,0
A001959,experiment:erpelding_isabela_anthracnose_2007_2008_campaign,0
A001960,experiment:erpelding_isabela_anthracnose_2007_2008_campaign,0
A001961,experiment:erpelding_isabela_anthracnose_2007_2008_campaign,0
A001962,experiment:erpelding_isabela_anthracnose_2007_2008_campaign,1
A001963,experiment:erpelding_isabela_anthracnose_2007_2008_campaign,1
A001964,experiment:erpelding_isabela_anthracnose_2007_2008_campaign,1
A001965,experiment:erpelding_isabela_anthracnose_2007_2008_campaign,0
A001966,experiment:erpelding_isabela_anthracnose_2007_2008_campaign,0
A001967,experiment:erpelding_isabela_anthracnose_2007_2008_campaign,0
A001968,experiment:erpelding_isabela_anthracnose_2007_2008_campaign,0
A001969,experiment:erpelding_isabela_anthracnose_2007_2008_campaign,0
A001970,experiment:erpelding_isabela_anthracnose_2007_2008_campaign,0
A001971,experiment:erpelding_isabela_anthracnose_2007_2008_campaign,1
A001972,experiment:erpelding_isabela_anthracnose_2007_2008_campaign,0
A001973,experiment:erpelding_isabela_anthracnose_2007_2008_campaign,1
A001974,experiment:erpelding_isabela_anthracnose_2007_2008_campaign,1
A001975,experiment:erpelding_isabela_anthracnose_2007_2008_campaign,1
A001976,experiment:erpelding_isabela_anthracnose_2007_2008_campaign,0
A001977,experiment:erpelding_isabela_anthracnose_2007_2008_campaign,0
A001978,experiment:erpelding_isabela_anthracnose_2007_2008_campaign,1
A001979,experiment:erpelding_isabela_anthracnose_2007_2008_campaign,1
A001980,experiment:erpelding_isabela_anthracnose_2007_2008_campaign,0
A001981,experiment:erpelding_isabela_anthracnose_2007_2008_campaign,1
A001982,experiment:erpelding_isabela_anthracnose_2007_2008_campaign,0
A001983,experiment:erpelding_isabela_anthracnose_2007_2008_campaign,1
A001984,experiment:erpelding_isabela_anthracnose_2007_2008_campaign,0
A001985,experiment:erpelding_isabela_anthracnose_2007_2008_campaign,0
A001986,experiment:erpelding_isabela_anthracnose_2007_2008_campaign,0
A002176,experiment:erpelding_isabela_anthracnose_2007_2008_campaign,1
A002177,experiment:erpelding_isabela_anthracnose_2007_2008_campaign,1
A002178,experiment:erpelding_isabela_anthracnose_2007_2008_campaign,1
A002179,experiment:erpelding_isabela_anthracnose_2007_2008_campaign,0
A002180,experiment:erpelding_isabela_anthracnose_2007_2008_campaign,1
A002181,experiment:erpelding_isabela_anthracnose_2007_2008_campaign,1
A002182,experiment:erpelding_isabela_anthracnose_2007_2008_campaign,1
A002183,experiment:erpelding_isabela_anthracnose_2007_2008_campaign,1
A002184,experiment:erpelding_isabela_anthracnose_2007_2008_campaign,0
A002185,experiment:erpelding_isabela_anthracnose_2007_2008_campaign,1
A002186,experiment:erpelding_isabela_anthracnose_2007_2008_campaign,0
A002187,experiment:erpelding_isabela_anthracnose_2007_2008_campaign,0
A002188,experiment:erpelding_isabela_anthracnose_2007_2008_campaign,1
A002189,experiment:erpelding_isabela_anthracnose_2007_2008_campaign,1
A002190,experiment:erpelding_isabela_anthracnose_2007_2008_campaign,1
A002191,experiment:erpelding_isabela_anthracnose_2007_2008_campaign,1
A002192,experiment:erpelding_isabela_anthracnose_2007_2008_campaign,1
A002363,experiment:erpelding_isabela_anthracnose_2007_2008_campaign,1
A002376,experiment:erpelding_isabela_anthracnose_2007_2008_campaign,1
A002377,experiment:erpelding_isabela_anthracnose_2007_2008_campaign,1
A002378,experiment:erpelding_isabela_anthracnose_2007_2008_campaign,1
A002379,experiment:erpelding_isabela_anthracnose_2007_2008_campaign,1
A002380,experiment:erpelding_isabela_anthracnose_2007_2008_campaign,0
A002381,experiment:erpelding_isabela_anthracnose_2007_2008_campaign,1
A002382,experiment:erpelding_isabela_anthracnose_2007_2008_campaign,0
A002383,experiment:erpelding_isabela_anthracnose_2007_2008_campaign,0
A002384,experiment:erpelding_isabela_anthracnose_2007_2008_campaign,0
A002385,experiment:erpelding_isabela_anthracnose_2007_2008_campaign,1
A002386,experiment:erpelding_isabela_anthracnose_2007_2008_campaign,1
A002387,experiment:erpelding_isabela_anthracnose_2007_2008_campaign,0
A002388,experiment:erpelding_isabela_anthracnose_2007_2008_campaign,1
A002389,experiment:erpelding_isabela_anthracnose_2007_2008_campaign,0
A002390,experiment:erpelding_isabela_anthracnose_2007_2008_campaign,1
A002391,experiment:erpelding_isabela_anthracnose_2007_2008_campaign,0
A002392,experiment:erpelding_isabela_anthracnose_2007_2008_campaign,0
A002393,experiment:erpelding_isabela_anthracnose_2007_2008_campaign,0
A002394,experiment:erpelding_isabela_anthracnose_2007_2008_campaign,0
A002395,experiment:erpelding_isabela_anthracnose_2007_2008_campaign,1
A002396,experiment:erpelding_isabela_anthracnose_2007_2008_campaign,0
A002397,experiment:erpelding_isabela_anthracnose_2007_2008_campaign,1
A002408,experiment:erpelding_isabela_anthracnose_2007_2008_campaign,0
A002778,experiment:erpelding_isabela_anthracnose_2007_2008_campaign,0
A002819,experiment:erpelding_isabela_anthracnose_2007_2008_campaign,0
A002820,experiment:erpelding_isabela_anthracnose_2007_2008_campaign,1
A002821,experiment:erpelding_isabela_anthracnose_2007_2008_campaign,1
A002822,experiment:erpelding_isabela_anthracnose_2007_2008_campaign,0
A002823,experiment:erpelding_isabela_anthracnose_2007_2008_campaign,1
A002824,experiment:erpelding_isabela_anthracnose_2007_2008_campaign,1
A002825,experiment:erpelding_isabela_anthracnose_2007_2008_campaign,0
A002826,experiment:erpelding_isabela_anthracnose_2007_2008_campaign,1
A002827,experiment:erpelding_isabela_anthracnose_2007_2008_campaign,1
A002828,experiment:erpelding_isabela_anthracnose_2007_2008_campaign,0
A002829,experiment:erpelding_isabela_anthracnose_2007_2008_campaign,0
A003407,experiment:erpelding_isabela_anthracnose_2007_2008_campaign,0
A003408,experiment:erpelding_isabela_anthracnose_2007_2008_campaign,0
A003409,experiment:erpelding_isabela_anthracnose_2007_2008_campaign,0
A003410,experiment:erpelding_isabela_anthracnose_2007_2008_campaign,0
A003412,experiment:erpelding_isabela_anthracnose_2007_2008_campaign,0
A002173,experiment:erpelding_isabela_mali_anthracnose_2004_2005_campaign,0
A002174,experiment:erpelding_isabela_mali_anthracnose_2004_2005_campaign,1
A002175,experiment:erpelding_isabela_mali_anthracnose_2004_2005_campaign,1
A002830,experiment:erpelding_isabela_mali_anthracnose_2004_2005_campaign,1
A002861,experiment:erpelding_isabela_mali_anthracnose_2004_2005_campaign,1
A002862,experiment:erpelding_isabela_mali_anthracnose_2004_2005_campaign,0
A002863,experiment:erpelding_isabela_mali_anthracnose_2004_2005_campaign,0
A002864,experiment:erpelding_isabela_mali_anthracnose_2004_2005_campaign,1
A002865,experiment:erpelding_isabela_mali_anthracnose_2004_2005_campaign,1
A002866,experiment:erpelding_isabela_mali_anthracnose_2004_2005_campaign,1
A002867,experiment:erpelding_isabela_mali_anthracnose_2004_2005_campaign,1
A002868,experiment:erpelding_isabela_mali_anthracnose_2004_2005_campaign,1
A002869,experiment:erpelding_isabela_mali_anthracnose_2004_2005_campaign,1
A002870,experiment:erpelding_isabela_mali_anthracnose_2004_2005_campaign,1
A002871,experiment:erpelding_isabela_mali_anthracnose_2004_2005_campaign,1
A002872,experiment:erpelding_isabela_mali_anthracnose_2004_2005_campaign,1
A002873,experiment:erpelding_isabela_mali_anthracnose_2004_2005_campaign,1
A002874,experiment:erpelding_isabela_mali_anthracnose_2004_2005_campaign,1
A002875,experiment:erpelding_isabela_mali_anthracnose_2004_2005_campaign,1
A002876,experiment:erpelding_isabela_mali_anthracnose_2004_2005_campaign,1
A002877,experiment:erpelding_isabela_mali_anthracnose_2004_2005_campaign,1
A002878,experiment:erpelding_isabela_mali_anthracnose_2004_2005_campaign,1
A002879,experiment:erpelding_isabela_mali_anthracnose_2004_2005_campaign,1
A002880,experiment:erpelding_isabela_mali_anthracnose_2004_2005_campaign,1
A002881,experiment:erpelding_isabela_mali_anthracnose_2004_2005_campaign,1
A002882,experiment:erpelding_isabela_mali_anthracnose_2004_2005_campaign,1
A002883,experiment:erpelding_isabela_mali_anthracnose_2004_2005_campaign,1
A002884,experiment:erpelding_isabela_mali_anthracnose_2004_2005_campaign,1
A002885,experiment:erpelding_isabela_mali_anthracnose_2004_2005_campaign,1
A002886,experiment:erpelding_isabela_mali_anthracnose_2004_2005_campaign,1
A002887,experiment:erpelding_isabela_mali_anthracnose_2004_2005_campaign,1
A002888,experiment:erpelding_isabela_mali_anthracnose_2004_2005_campaign,1
A002889,experiment:erpelding_isabela_mali_anthracnose_2004_2005_campaign,1
A002890,experiment:erpelding_isabela_mali_anthracnose_2004_2005_campaign,1
A002891,experiment:erpelding_isabela_mali_anthracnose_2004_2005_campaign,1
A002892,experiment:erpelding_isabela_mali_anthracnose_2004_2005_campaign,1
A002893,experiment:erpelding_isabela_mali_anthracnose_2004_2005_campaign,1
A002894,experiment:erpelding_isabela_mali_anthracnose_2004_2005_campaign,1
A002895,experiment:erpelding_isabela_mali_anthracnose_2004_2005_campaign,1
A002896,experiment:erpelding_isabela_mali_anthracnose_2004_2005_campaign,0
A002899,experiment:erpelding_isabela_mali_anthracnose_2004_2005_campaign,0
A002900,experiment:erpelding_isabela_mali_anthracnose_2004_2005_campaign,0
A002901,experiment:erpelding_isabela_mali_anthracnose_2004_2005_campaign,0
A002902,experiment:erpelding_isabela_mali_anthracnose_2004_2005_campaign,1
A002903,experiment:erpelding_isabela_mali_anthracnose_2004_2005_campaign,1
A002904,experiment:erpelding_isabela_mali_anthracnose_2004_2005_campaign,0
A002905,experiment:erpelding_isabela_mali_anthracnose_2004_2005_campaign,1
A002906,experiment:erpelding_isabela_mali_anthracnose_2004_2005_campaign,0
A002907,experiment:erpelding_isabela_mali_anthracnose_2004_2005_campaign,1
A002908,experiment:erpelding_isabela_mali_anthracnose_2004_2005_campaign,1
A002909,experiment:erpelding_isabela_mali_anthracnose_2004_2005_campaign,0
A002910,experiment:erpelding_isabela_mali_anthracnose_2004_2005_campaign,0
A002917,experiment:erpelding_isabela_mali_anthracnose_2004_2005_campaign,1
A002918,experiment:erpelding_isabela_mali_anthracnose_2004_2005_campaign,1
A002919,experiment:erpelding_isabela_mali_anthracnose_2004_2005_campaign,1
A002920,experiment:erpelding_isabela_mali_anthracnose_2004_2005_campaign,0
A002922,experiment:erpelding_isabela_mali_anthracnose_2004_2005_campaign,0
A002923,experiment:erpelding_isabela_mali_anthracnose_2004_2005_campaign,1
A002924,experiment:erpelding_isabela_mali_anthracnose_2004_2005_campaign,0
A002925,experiment:erpelding_isabela_mali_anthracnose_2004_2005_campaign,0
A002926,experiment:erpelding_isabela_mali_anthracnose_2004_2005_campaign,1
A002927,experiment:erpelding_isabela_mali_anthracnose_2004_2005_campaign,1
A002928,experiment:erpelding_isabela_mali_anthracnose_2004_2005_campaign,1
A002929,experiment:erpelding_isabela_mali_anthracnose_2004_2005_campaign,0
A002930,experiment:erpelding_isabela_mali_anthracnose_2004_2005_campaign,0
A002931,experiment:erpelding_isabela_mali_anthracnose_2004_2005_campaign,0
A002932,experiment:erpelding_isabela_mali_anthracnose_2004_2005_campaign,0
A002933,experiment:erpelding_isabela_mali_anthracnose_2004_2005_campaign,0
A002934,experiment:erpelding_isabela_mali_anthracnose_2004_2005_campaign,0
A002935,experiment:erpelding_isabela_mali_anthracnose_2004_2005_campaign,0
A002937,experiment:erpelding_isabela_mali_anthracnose_2004_2005_campaign,0
A002938,experiment:erpelding_isabela_mali_anthracnose_2004_2005_campaign,1
A002939,experiment:erpelding_isabela_mali_anthracnose_2004_2005_campaign,0
A002940,experiment:erpelding_isabela_mali_anthracnose_2004_2005_campaign,0
A002941,experiment:erpelding_isabela_mali_anthracnose_2004_2005_campaign,0
A002942,experiment:erpelding_isabela_mali_anthracnose_2004_2005_campaign,0
A002943,experiment:erpelding_isabela_mali_anthracnose_2004_2005_campaign,0
A002944,experiment:erpelding_isabela_mali_anthracnose_2004_2005_campaign,0
A002945,experiment:erpelding_isabela_mali_anthracnose_2004_2005_campaign,1
A002946,experiment:erpelding_isabela_mali_anthracnose_2004_2005_campaign,1
A002947,experiment:erpelding_isabela_mali_anthracnose_2004_2005_campaign,0
A002948,experiment:erpelding_isabela_mali_anthracnose_2004_2005_campaign,1
A002949,experiment:erpelding_isabela_mali_anthracnose_2004_2005_campaign,1
A002993,experiment:erpelding_isabela_mali_anthracnose_2004_2005_campaign,1
A003042,experiment:erpelding_isabela_mali_anthracnose_2004_2005_campaign,1
A003043,experiment:erpelding_isabela_mali_anthracnose_2004_2005_campaign,1
A003044,experiment:erpelding_isabela_mali_anthracnose_2004_2005_campaign,1
A003045,experiment:erpelding_isabela_mali_anthracnose_2004_2005_campaign,1
A003046,experiment:erpelding_isabela_mali_anthracnose_2004_2005_campaign,1
A003047,experiment:erpelding_isabela_mali_anthracnose_2004_2005_campaign,1
A003048,experiment:erpelding_isabela_mali_anthracnose_2004_2005_campaign,1
A003050,experiment:erpelding_isabela_mali_anthracnose_2004_2005_campaign,1
A003051,experiment:erpelding_isabela_mali_anthracnose_2004_2005_campaign,1
A003052,experiment:erpelding_isabela_mali_anthracnose_2004_2005_campaign,1
A003053,experiment:erpelding_isabela_mali_anthracnose_2004_2005_campaign,0
A003054,experiment:erpelding_isabela_mali_anthracnose_2004_2005_campaign,1
A003055,experiment:erpelding_isabela_mali_anthracnose_2004_2005_campaign,0
A003056,experiment:erpelding_isabela_mali_anthracnose_2004_2005_campaign,0
A003057,experiment:erpelding_isabela_mali_anthracnose_2004_2005_campaign,1
A003058,experiment:erpelding_isabela_mali_anthracnose_2004_2005_campaign,0
A003059,experiment:erpelding_isabela_mali_anthracnose_2004_2005_campaign,0
A003060,experiment:erpelding_isabela_mali_anthracnose_2004_2005_campaign,0
A003061,experiment:erpelding_isabela_mali_anthracnose_2004_2005_campaign,1
A003062,experiment:erpelding_isabela_mali_anthracnose_2004_2005_campaign,1
A003063,experiment:erpelding_isabela_mali_anthracnose_2004_2005_campaign,1
A003064,experiment:erpelding_isabela_mali_anthracnose_2004_2005_campaign,1
A003065,experiment:erpelding_isabela_mali_anthracnose_2004_2005_campaign,0
A003066,experiment:erpelding_isabela_mali_anthracnose_2004_2005_campaign,0
A003067,experiment:erpelding_isabela_mali_anthracnose_2004_2005_campaign,0
A003068,experiment:erpelding_isabela_mali_anthracnose_2004_2005_campaign,1
A003069,experiment:erpelding_isabela_mali_anthracnose_2004_2005_campaign,0
A003070,experiment:erpelding_isabela_mali_anthracnose_2004_2005_campaign,0
A003071,experiment:erpelding_isabela_mali_anthracnose_2004_2005_campaign,0
A003072,experiment:erpelding_isabela_mali_anthracnose_2004_2005_campaign,0
A003073,experiment:erpelding_isabela_mali_anthracnose_2004_2005_campaign,1
A003074,experiment:erpelding_isabela_mali_anthracnose_2004_2005_campaign,0
A003075,experiment:erpelding_isabela_mali_anthracnose_2004_2005_campaign,0
A003076,experiment:erpelding_isabela_mali_anthracnose_2004_2005_campaign,0
A003077,experiment:erpelding_isabela_mali_anthracnose_2004_2005_campaign,0
A003078,experiment:erpelding_isabela_mali_anthracnose_2004_2005_campaign,0
A003079,experiment:erpelding_isabela_mali_anthracnose_2004_2005_campaign,1
A003081,experiment:erpelding_isabela_mali_anthracnose_2004_2005_campaign,1
A003082,experiment:erpelding_isabela_mali_anthracnose_2004_2005_campaign,0
A003083,experiment:erpelding_isabela_mali_anthracnose_2004_2005_campaign,1
A003084,experiment:erpelding_isabela_mali_anthracnose_2004_2005_campaign,0
A003085,experiment:erpelding_isabela_mali_anthracnose_2004_2005_campaign,0
A003086,experiment:erpelding_isabela_mali_anthracnose_2004_2005_campaign,1
A003087,experiment:erpelding_isabela_mali_anthracnose_2004_2005_campaign,1
A003088,experiment:erpelding_isabela_mali_anthracnose_2004_2005_campaign,1
A003089,experiment:erpelding_isabela_mali_anthracnose_2004_2005_campaign,1
A003090,experiment:erpelding_isabela_mali_anthracnose_2004_2005_campaign,1
A003091,experiment:erpelding_isabela_mali_anthracnose_2004_2005_campaign,1
A003092,experiment:erpelding_isabela_mali_anthracnose_2004_2005_campaign,1
A003093,experiment:erpelding_isabela_mali_anthracnose_2004_2005_campaign,1
A003094,experiment:erpelding_isabela_mali_anthracnose_2004_2005_campaign,0
A003095,experiment:erpelding_isabela_mali_anthracnose_2004_2005_campaign,1
A003096,experiment:erpelding_isabela_mali_anthracnose_2004_2005_campaign,0
A003097,experiment:erpelding_isabela_mali_anthracnose_2004_2005_campaign,0
A003098,experiment:erpelding_isabela_mali_anthracnose_2004_2005_campaign,0
A003099,experiment:erpelding_isabela_mali_anthracnose_2004_2005_campaign,1
A003100,experiment:erpelding_isabela_mali_anthracnose_2004_2005_campaign,0
A003101,experiment:erpelding_isabela_mali_anthracnose_2004_2005_campaign,0
A003102,experiment:erpelding_isabela_mali_anthracnose_2004_2005_campaign,0
A003103,experiment:erpelding_isabela_mali_anthracnose_2004_2005_campaign,0
A003104,experiment:erpelding_isabela_mali_anthracnose_2004_2005_campaign,1
A003105,experiment:erpelding_isabela_mali_anthracnose_2004_2005_campaign,1
A003106,experiment:erpelding_isabela_mali_anthracnose_2004_2005_campaign,1
A003179,experiment:erpelding_isabela_mali_anthracnose_2004_2005_campaign,1
A003180,experiment:erpelding_isabela_mali_anthracnose_2004_2005_campaign,1
A003181,experiment:erpelding_isabela_mali_anthracnose_2004_2005_campaign,0
A003182,experiment:erpelding_isabela_mali_anthracnose_2004_2005_campaign,1
A003223,experiment:erpelding_isabela_mali_anthracnose_2004_2005_campaign,0
A003224,experiment:erpelding_isabela_mali_anthracnose_2004_2005_campaign,0
A003225,experiment:erpelding_isabela_mali_anthracnose_2004_2005_campaign,1
A003226,experiment:erpelding_isabela_mali_anthracnose_2004_2005_campaign,1
A003227,experiment:erpelding_isabela_mali_anthracnose_2004_2005_campaign,1
A003228,experiment:erpelding_isabela_mali_anthracnose_2004_2005_campaign,1
A003229,experiment:erpelding_isabela_mali_anthracnose_2004_2005_campaign,1
A003270,experiment:erpelding_isabela_mali_anthracnose_2004_2005_campaign,1
A003271,experiment:erpelding_isabela_mali_anthracnose_2004_2005_campaign,1
A003272,experiment:erpelding_isabela_mali_anthracnose_2004_2005_campaign,1
A003273,experiment:erpelding_isabela_mali_anthracnose_2004_2005_campaign,0
A003274,experiment:erpelding_isabela_mali_anthracnose_2004_2005_campaign,0
A003275,experiment:erpelding_isabela_mali_anthracnose_2004_2005_campaign,1
A003276,experiment:erpelding_isabela_mali_anthracnose_2004_2005_campaign,0
A003277,experiment:erpelding_isabela_mali_anthracnose_2004_2005_campaign,0
A003278,experiment:erpelding_isabela_mali_anthracnose_2004_2005_campaign,1
A003279,experiment:erpelding_isabela_mali_anthracnose_2004_2005_campaign,1
A003280,experiment:erpelding_isabela_mali_anthracnose_2004_2005_campaign,1
A003281,experiment:erpelding_isabela_mali_anthracnose_2004_2005_campaign,0
A003282,experiment:erpelding_isabela_mali_anthracnose_2004_2005_campaign,1
A003283,experiment:erpelding_isabela_mali_anthracnose_2004_2005_campaign,1
A003284,experiment:erpelding_isabela_mali_anthracnose_2004_2005_campaign,1
A003285,experiment:erpelding_isabela_mali_anthracnose_2004_2005_campaign,1
A003286,experiment:erpelding_isabela_mali_anthracnose_2004_2005_campaign,1
A003287,experiment:erpelding_isabela_mali_anthracnose_2004_2005_campaign,1
A003288,experiment:erpelding_isabela_mali_anthracnose_2004_2005_campaign,1
A003289,experiment:erpelding_isabela_mali_anthracnose_2004_2005_campaign,1
A003290,experiment:erpelding_isabela_mali_anthracnose_2004_2005_campaign,1
A003291,experiment:erpelding_isabela_mali_anthracnose_2004_2005_campaign,1
A003292,experiment:erpelding_isabela_mali_anthracnose_2004_2005_campaign,1
A003293,experiment:erpelding_isabela_mali_anthracnose_2004_2005_campaign,1
A003294,experiment:erpelding_isabela_mali_anthracnose_2004_2005_campaign,0
A003295,experiment:erpelding_isabela_mali_anthracnose_2004_2005_campaign,1
A003296,experiment:erpelding_isabela_mali_anthracnose_2004_2005_campaign,1
A003297,experiment:erpelding_isabela_mali_anthracnose_2004_2005_campaign,1
A003298,experiment:erpelding_isabela_mali_anthracnose_2004_2005_campaign,1
A003299,experiment:erpelding_isabela_mali_anthracnose_2004_2005_campaign,1
A003300,experiment:erpelding_isabela_mali_anthracnose_2004_2005_campaign,1
A003301,experiment:erpelding_isabela_mali_anthracnose_2004_2005_campaign,1
A003302,experiment:erpelding_isabela_mali_anthracnose_2004_2005_campaign,1
A003303,experiment:erpelding_isabela_mali_anthracnose_2004_2005_campaign,1
A003304,experiment:erpelding_isabela_mali_anthracnose_2004_2005_campaign,1
A003305,experiment:erpelding_isabela_mali_anthracnose_2004_2005_campaign,1
A003306,experiment:erpelding_isabela_mali_anthracnose_2004_2005_campaign,1
A003307,experiment:erpelding_isabela_mali_anthracnose_2004_2005_campaign,1
A003308,experiment:erpelding_isabela_mali_anthracnose_2004_2005_campaign,1
A003309,experiment:erpelding_isabela_mali_anthracnose_2004_2005_campaign,1
A003310,experiment:erpelding_isabela_mali_anthracnose_2004_2005_campaign,1
A003311,experiment:erpelding_isabela_mali_anthracnose_2004_2005_campaign,1
A003312,experiment:erpelding_isabela_mali_anthracnose_2004_2005_campaign,1
A003313,experiment:erpelding_isabela_mali_anthracnose_2004_2005_campaign,1
A003314,experiment:erpelding_isabela_mali_anthracnose_2004_2005_campaign,1
A003315,experiment:erpelding_isabela_mali_anthracnose_2004_2005_campaign,1
A003316,experiment:erpelding_isabela_mali_anthracnose_2004_2005_campaign,0
A003317,experiment:erpelding_isabela_mali_anthracnose_2004_2005_campaign,1
A003318,experiment:erpelding_isabela_mali_anthracnose_2004_2005_campaign,0
A003319,experiment:erpelding_isabela_mali_anthracnose_2004_2005_campaign,1
A003320,experiment:erpelding_isabela_mali_anthracnose_2004_2005_campaign,1
A003321,experiment:erpelding_isabela_mali_anthracnose_2004_2005_campaign,0
A003322,experiment:erpelding_isabela_mali_anthracnose_2004_2005_campaign,0
A003323,experiment:erpelding_isabela_mali_anthracnose_2004_2005_campaign,1
A003324,experiment:erpelding_isabela_mali_anthracnose_2004_2005_campaign,1
A003325,experiment:erpelding_isabela_mali_anthracnose_2004_2005_campaign,1
A003326,experiment:erpelding_isabela_mali_anthracnose_2004_2005_campaign,1
A003327,experiment:erpelding_isabela_mali_anthracnose_2004_2005_campaign,1
A003328,experiment:erpelding_isabela_mali_anthracnose_2004_2005_campaign,0
A003329,experiment:erpelding_isabela_mali_anthracnose_2004_2005_campaign,1
A003330,experiment:erpelding_isabela_mali_anthracnose_2004_2005_campaign,1
A003331,experiment:erpelding_isabela_mali_anthracnose_2004_2005_campaign,1
A003332,experiment:erpelding_isabela_mali_anthracnose_2004_2005_campaign,1
A003333,experiment:erpelding_isabela_mali_anthracnose_2004_2005_campaign,1
A003334,experiment:erpelding_isabela_mali_anthracnose_2004_2005_campaign,1
A003335,experiment:erpelding_isabela_mali_anthracnose_2004_2005_campaign,1
A003336,experiment:erpelding_isabela_mali_anthracnose_2004_2005_campaign,1
A003337,experiment:erpelding_isabela_mali_anthracnose_2004_2005_campaign,1
A003338,experiment:erpelding_isabela_mali_anthracnose_2004_2005_campaign,1
A003355,experiment:erpelding_isabela_mali_anthracnose_2004_2005_campaign,0
A003362,experiment:erpelding_isabela_mali_anthracnose_2004_2005_campaign,0
A000001,experiment:ethiopian_field_anthracnose_multisite,0
A000008,experiment:ethiopian_field_anthracnose_multisite,0
A000009,experiment:ethiopian_field_anthracnose_multisite,0
A000011,experiment:ethiopian_field_anthracnose_multisite,1
A000012,experiment:ethiopian_field_anthracnose_multisite,0
A000014,experiment:ethiopian_field_anthracnose_multisite,0
A000015,experiment:ethiopian_field_anthracnose_multisite,1
A000018,experiment:ethiopian_field_anthracnose_multisite,0
A000021,experiment:ethiopian_field_anthracnose_multisite,1
A000023,experiment:ethiopian_field_anthracnose_multisite,1
A000024,experiment:ethiopian_field_anthracnose_multisite,0
A000025,experiment:ethiopian_field_anthracnose_multisite,1
A000026,experiment:ethiopian_field_anthracnose_multisite,0
A000027,experiment:ethiopian_field_anthracnose_multisite,0
A000031,experiment:ethiopian_field_anthracnose_multisite,0
A000032,experiment:ethiopian_field_anthracnose_multisite,0
A000033,experiment:ethiopian_field_anthracnose_multisite,1
A000034,experiment:ethiopian_field_anthracnose_multisite,1
A000036,experiment:ethiopian_field_anthracnose_multisite,0
A000038,experiment:ethiopian_field_anthracnose_multisite,0
A000040,experiment:ethiopian_field_anthracnose_multisite,1
A000041,experiment:ethiopian_field_anthracnose_multisite,0
A000042,experiment:ethiopian_field_anthracnose_multisite,0
A000047,experiment:ethiopian_field_anthracnose_multisite,0
A000048,experiment:ethiopian_field_anthracnose_multisite,0
A000049,experiment:ethiopian_field_anthracnose_multisite,1
A000050,experiment:ethiopian_field_anthracnose_multisite,0
A000051,experiment:ethiopian_field_anthracnose_multisite,0
A000053,experiment:ethiopian_field_anthracnose_multisite,0
A000054,experiment:ethiopian_field_anthracnose_multisite,0
A000058,experiment:ethiopian_field_anthracnose_multisite,0
A000061,experiment:ethiopian_field_anthracnose_multisite,0
A000062,experiment:ethiopian_field_anthracnose_multisite,0
A000067,experiment:ethiopian_field_anthracnose_multisite,0
A000077,experiment:ethiopian_field_anthracnose_multisite,1
A000083,experiment:ethiopian_field_anthracnose_multisite,0
A000085,experiment:ethiopian_field_anthracnose_multisite,0
A000090,experiment:ethiopian_field_anthracnose_multisite,0
A000092,experiment:ethiopian_field_anthracnose_multisite,1
A000093,experiment:ethiopian_field_anthracnose_multisite,0
A000094,experiment:ethiopian_field_anthracnose_multisite,0
A000095,experiment:ethiopian_field_anthracnose_multisite,1
A000096,experiment:ethiopian_field_anthracnose_multisite,0
A000099,experiment:ethiopian_field_anthracnose_multisite,0
A000100,experiment:ethiopian_field_anthracnose_multisite,0
A000101,experiment:ethiopian_field_anthracnose_multisite,0
A000103,experiment:ethiopian_field_anthracnose_multisite,1
A000108,experiment:ethiopian_field_anthracnose_multisite,0
A000118,experiment:ethiopian_field_anthracnose_multisite,0
A000119,experiment:ethiopian_field_anthracnose_multisite,0
A000121,experiment:ethiopian_field_anthracnose_multisite,0
A000124,experiment:ethiopian_field_anthracnose_multisite,1
A000126,experiment:ethiopian_field_anthracnose_multisite,1
A000127,experiment:ethiopian_field_anthracnose_multisite,0
A000137,experiment:ethiopian_field_anthracnose_multisite,1
A000144,experiment:ethiopian_field_anthracnose_multisite,0
A000151,experiment:ethiopian_field_anthracnose_multisite,0
A000153,experiment:ethiopian_field_anthracnose_multisite,0
A000157,experiment:ethiopian_field_anthracnose_multisite,0
A000160,experiment:ethiopian_field_anthracnose_multisite,0
A000166,experiment:ethiopian_field_anthracnose_multisite,0
A000169,experiment:ethiopian_field_anthracnose_multisite,0
A000172,experiment:ethiopian_field_anthracnose_multisite,0
A000176,experiment:ethiopian_field_anthracnose_multisite,0
A000185,experiment:ethiopian_field_anthracnose_multisite,0
A000189,experiment:ethiopian_field_anthracnose_multisite,0
A000196,experiment:ethiopian_field_anthracnose_multisite,0
A000203,experiment:ethiopian_field_anthracnose_multisite,0
A000204,experiment:ethiopian_field_anthracnose_multisite,0
A000206,experiment:ethiopian_field_anthracnose_multisite,0
A000214,experiment:ethiopian_field_anthracnose_multisite,0
A000215,experiment:ethiopian_field_anthracnose_multisite,0
A000228,experiment:ethiopian_field_anthracnose_multisite,1
A000232,experiment:ethiopian_field_anthracnose_multisite,0
A000238,experiment:ethiopian_field_anthracnose_multisite,0
A000242,experiment:ethiopian_field_anthracnose_multisite,0
A000244,experiment:ethiopian_field_anthracnose_multisite,0
A000245,experiment:ethiopian_field_anthracnose_multisite,0
A000251,experiment:ethiopian_field_anthracnose_multisite,0
A000253,experiment:ethiopian_field_anthracnose_multisite,0
A000259,experiment:ethiopian_field_anthracnose_multisite,0
A000260,experiment:ethiopian_field_anthracnose_multisite,0
A000262,experiment:ethiopian_field_anthracnose_multisite,0
A000263,experiment:ethiopian_field_anthracnose_multisite,1
A000264,experiment:ethiopian_field_anthracnose_multisite,0
A000267,experiment:ethiopian_field_anthracnose_multisite,0
A000269,experiment:ethiopian_field_anthracnose_multisite,1
A000271,experiment:ethiopian_field_anthracnose_multisite,0
A000272,experiment:ethiopian_field_anthracnose_multisite,0
A000273,experiment:ethiopian_field_anthracnose_multisite,0
A000276,experiment:ethiopian_field_anthracnose_multisite,1
A000286,experiment:ethiopian_field_anthracnose_multisite,0
A000291,experiment:ethiopian_field_anthracnose_multisite,0
A000293,experiment:ethiopian_field_anthracnose_multisite,0
A000298,experiment:ethiopian_field_anthracnose_multisite,0
A000301,experiment:ethiopian_field_anthracnose_multisite,0
A000303,experiment:ethiopian_field_anthracnose_multisite,0
A000304,experiment:ethiopian_field_anthracnose_multisite,0
A000306,experiment:ethiopian_field_anthracnose_multisite,0
A000313,experiment:ethiopian_field_anthracnose_multisite,1
A000331,experiment:ethiopian_field_anthracnose_multisite,0
A000337,experiment:ethiopian_field_anthracnose_multisite,0
A000342,experiment:ethiopian_field_anthracnose_multisite,0
A000348,experiment:ethiopian_field_anthracnose_multisite,0
A000354,experiment:ethiopian_field_anthracnose_multisite,0
A000355,experiment:ethiopian_field_anthracnose_multisite,1
A000358,experiment:ethiopian_field_anthracnose_multisite,1
A000360,experiment:ethiopian_field_anthracnose_multisite,0
A000365,experiment:ethiopian_field_anthracnose_multisite,0
A000372,experiment:ethiopian_field_anthracnose_multisite,1
A000373,experiment:ethiopian_field_anthracnose_multisite,0
A000377,experiment:ethiopian_field_anthracnose_multisite,0
A000398,experiment:ethiopian_field_anthracnose_multisite,1
A000399,experiment:ethiopian_field_anthracnose_multisite,0
A000410,experiment:ethiopian_field_anthracnose_multisite,0
A000414,experiment:ethiopian_field_anthracnose_multisite,0
A000415,experiment:ethiopian_field_anthracnose_multisite,0
A000418,experiment:ethiopian_field_anthracnose_multisite,0
A000420,experiment:ethiopian_field_anthracnose_multisite,0
A000423,experiment:ethiopian_field_anthracnose_multisite,0
A000433,experiment:ethiopian_field_anthracnose_multisite,0
A000438,experiment:ethiopian_field_anthracnose_multisite,0
A000439,experiment:ethiopian_field_anthracnose_multisite,1
A000441,experiment:ethiopian_field_anthracnose_multisite,0
A000451,experiment:ethiopian_field_anthracnose_multisite,0
A000456,experiment:ethiopian_field_anthracnose_multisite,0
A000462,experiment:ethiopian_field_anthracnose_multisite,0
A000465,experiment:ethiopian_field_anthracnose_multisite,1
A000468,experiment:ethiopian_field_anthracnose_multisite,0
A000476,experiment:ethiopian_field_anthracnose_multisite,1
A000480,experiment:ethiopian_field_anthracnose_multisite,0
A000481,experiment:ethiopian_field_anthracnose_multisite,0
A000491,experiment:ethiopian_field_anthracnose_multisite,0
A000495,experiment:ethiopian_field_anthracnose_multisite,0
A000501,experiment:ethiopian_field_anthracnose_multisite,0
A000505,experiment:ethiopian_field_anthracnose_multisite,0
A000512,experiment:ethiopian_field_anthracnose_multisite,0
A000514,experiment:ethiopian_field_anthracnose_multisite,1
A000518,experiment:ethiopian_field_anthracnose_multisite,0
A000519,experiment:ethiopian_field_anthracnose_multisite,0
A000527,experiment:ethiopian_field_anthracnose_multisite,0
A000529,experiment:ethiopian_field_anthracnose_multisite,0
A000530,experiment:ethiopian_field_anthracnose_multisite,0
A000536,experiment:ethiopian_field_anthracnose_multisite,0
A000540,experiment:ethiopian_field_anthracnose_multisite,1
A000541,experiment:ethiopian_field_anthracnose_multisite,1
A000544,experiment:ethiopian_field_anthracnose_multisite,0
A000548,experiment:ethiopian_field_anthracnose_multisite,0
A000551,experiment:ethiopian_field_anthracnose_multisite,0
A000555,experiment:ethiopian_field_anthracnose_multisite,0
A000563,experiment:ethiopian_field_anthracnose_multisite,0
A000570,experiment:ethiopian_field_anthracnose_multisite,0
A000573,experiment:ethiopian_field_anthracnose_multisite,0
A000576,experiment:ethiopian_field_anthracnose_multisite,0
A000577,experiment:ethiopian_field_anthracnose_multisite,0
A000585,experiment:ethiopian_field_anthracnose_multisite,0
A000592,experiment:ethiopian_field_anthracnose_multisite,0
A000593,experiment:ethiopian_field_anthracnose_multisite,0
A000594,experiment:ethiopian_field_anthracnose_multisite,0
A000597,experiment:ethiopian_field_anthracnose_multisite,0
A000601,experiment:ethiopian_field_anthracnose_multisite,0
A000603,experiment:ethiopian_field_anthracnose_multisite,0
A000605,experiment:ethiopian_field_anthracnose_multisite,1
A000606,experiment:ethiopian_field_anthracnose_multisite,1
A000614,experiment:ethiopian_field_anthracnose_multisite,0
A000615,experiment:ethiopian_field_anthracnose_multisite,0
A000616,experiment:ethiopian_field_anthracnose_multisite,0
A000618,experiment:ethiopian_field_anthracnose_multisite,0
A000620,experiment:ethiopian_field_anthracnose_multisite,0
A000621,experiment:ethiopian_field_anthracnose_multisite,0
A000622,experiment:ethiopian_field_anthracnose_multisite,0
A000623,experiment:ethiopian_field_anthracnose_multisite,0
A000634,experiment:ethiopian_field_anthracnose_multisite,0
A000636,experiment:ethiopian_field_anthracnose_multisite,0
A000638,experiment:ethiopian_field_anthracnose_multisite,0
A000644,experiment:ethiopian_field_anthracnose_multisite,1
A000658,experiment:ethiopian_field_anthracnose_multisite,0
A000661,experiment:ethiopian_field_anthracnose_multisite,0
A000663,experiment:ethiopian_field_anthracnose_multisite,0
A000665,experiment:ethiopian_field_anthracnose_multisite,0
A000670,experiment:ethiopian_field_anthracnose_multisite,0
A000679,experiment:ethiopian_field_anthracnose_multisite,0
A000680,experiment:ethiopian_field_anthracnose_multisite,1
A000684,experiment:ethiopian_field_anthracnose_multisite,0
A000685,experiment:ethiopian_field_anthracnose_multisite,1
A000698,experiment:ethiopian_field_anthracnose_multisite,0
A000699,experiment:ethiopian_field_anthracnose_multisite,0
A000703,experiment:ethiopian_field_anthracnose_multisite,0
A000710,experiment:ethiopian_field_anthracnose_multisite,0
A000711,experiment:ethiopian_field_anthracnose_multisite,0
A000715,experiment:ethiopian_field_anthracnose_multisite,0
A000717,experiment:ethiopian_field_anthracnose_multisite,0
A000719,experiment:ethiopian_field_anthracnose_multisite,0
A000722,experiment:ethiopian_field_anthracnose_multisite,1
A000728,experiment:ethiopian_field_anthracnose_multisite,0
A000739,experiment:ethiopian_field_anthracnose_multisite,0
A000742,experiment:ethiopian_field_anthracnose_multisite,0
A000744,experiment:ethiopian_field_anthracnose_multisite,0
A000745,experiment:ethiopian_field_anthracnose_multisite,0
A000746,experiment:ethiopian_field_anthracnose_multisite,0
A000755,experiment:ethiopian_field_anthracnose_multisite,0
A000761,experiment:ethiopian_field_anthracnose_multisite,0
A000764,experiment:ethiopian_field_anthracnose_multisite,0
A000772,experiment:ethiopian_field_anthracnose_multisite,0
A000774,experiment:ethiopian_field_anthracnose_multisite,0
A000779,experiment:ethiopian_field_anthracnose_multisite,0
A000782,experiment:ethiopian_field_anthracnose_multisite,0
A000785,experiment:ethiopian_field_anthracnose_multisite,0
A000792,experiment:ethiopian_field_anthracnose_multisite,0
A000793,experiment:ethiopian_field_anthracnose_multisite,0
A000801,experiment:ethiopian_field_anthracnose_multisite,0
A000804,experiment:ethiopian_field_anthracnose_multisite,1
A000818,experiment:ethiopian_field_anthracnose_multisite,1
A000819,experiment:ethiopian_field_anthracnose_multisite,0
A000821,experiment:ethiopian_field_anthracnose_multisite,1
A000829,experiment:ethiopian_field_anthracnose_multisite,0
A000833,experiment:ethiopian_field_anthracnose_multisite,0
A000834,experiment:ethiopian_field_anthracnose_multisite,0
A000840,experiment:ethiopian_field_anthracnose_multisite,0
A000844,experiment:ethiopian_field_anthracnose_multisite,0
A000851,experiment:ethiopian_field_anthracnose_multisite,1
A000854,experiment:ethiopian_field_anthracnose_multisite,0
A000859,experiment:ethiopian_field_anthracnose_multisite,0
A000860,experiment:ethiopian_field_anthracnose_multisite,0
A000861,experiment:ethiopian_field_anthracnose_multisite,0
A000866,experiment:ethiopian_field_anthracnose_multisite,1
A000867,experiment:ethiopian_field_anthracnose_multisite,0
A000872,experiment:ethiopian_field_anthracnose_multisite,0
A000873,experiment:ethiopian_field_anthracnose_multisite,0
A000885,experiment:ethiopian_field_anthracnose_multisite,1
A000886,experiment:ethiopian_field_anthracnose_multisite,0
A000887,experiment:ethiopian_field_anthracnose_multisite,0
A000888,experiment:ethiopian_field_anthracnose_multisite,0
A000891,experiment:ethiopian_field_anthracnose_multisite,0
A000892,experiment:ethiopian_field_anthracnose_multisite,0
A000893,experiment:ethiopian_field_anthracnose_multisite,0
A000895,experiment:ethiopian_field_anthracnose_multisite,0
A000898,experiment:ethiopian_field_anthracnose_multisite,0
A000904,experiment:ethiopian_field_anthracnose_multisite,0
A000907,experiment:ethiopian_field_anthracnose_multisite,0
A000910,experiment:ethiopian_field_anthracnose_multisite,0
A000918,experiment:ethiopian_field_anthracnose_multisite,0
A000920,experiment:ethiopian_field_anthracnose_multisite,0
A000921,experiment:ethiopian_field_anthracnose_multisite,0
A000925,experiment:ethiopian_field_anthracnose_multisite,1
A000926,experiment:ethiopian_field_anthracnose_multisite,0
A000931,experiment:ethiopian_field_anthracnose_multisite,0
A000936,experiment:ethiopian_field_anthracnose_multisite,0
A000937,experiment:ethiopian_field_anthracnose_multisite,0
A000938,experiment:ethiopian_field_anthracnose_multisite,0
A000941,experiment:ethiopian_field_anthracnose_multisite,0
A000945,experiment:ethiopian_field_anthracnose_multisite,0
A000947,experiment:ethiopian_field_anthracnose_multisite,0
A000949,experiment:ethiopian_field_anthracnose_multisite,0
A000957,experiment:ethiopian_field_anthracnose_multisite,0
A000959,experiment:ethiopian_field_anthracnose_multisite,0
A000966,experiment:ethiopian_field_anthracnose_multisite,0
A000967,experiment:ethiopian_field_anthracnose_multisite,0
A000972,experiment:ethiopian_field_anthracnose_multisite,0
A000975,experiment:ethiopian_field_anthracnose_multisite,0
A000976,experiment:ethiopian_field_anthracnose_multisite,0
A000982,experiment:ethiopian_field_anthracnose_multisite,0
A000994,experiment:ethiopian_field_anthracnose_multisite,0
A000995,experiment:ethiopian_field_anthracnose_multisite,1
A000997,experiment:ethiopian_field_anthracnose_multisite,0
A001004,experiment:ethiopian_field_anthracnose_multisite,0
A001007,experiment:ethiopian_field_anthracnose_multisite,1
A001008,experiment:ethiopian_field_anthracnose_multisite,0
A001010,experiment:ethiopian_field_anthracnose_multisite,0
A001012,experiment:ethiopian_field_anthracnose_multisite,0
A001022,experiment:ethiopian_field_anthracnose_multisite,0
A001027,experiment:ethiopian_field_anthracnose_multisite,0
A001032,experiment:ethiopian_field_anthracnose_multisite,0
A001033,experiment:ethiopian_field_anthracnose_multisite,0
A001034,experiment:ethiopian_field_anthracnose_multisite,0
A001035,experiment:ethiopian_field_anthracnose_multisite,0
A001038,experiment:ethiopian_field_anthracnose_multisite,0
A001040,experiment:ethiopian_field_anthracnose_multisite,1
A001043,experiment:ethiopian_field_anthracnose_multisite,0
A001045,experiment:ethiopian_field_anthracnose_multisite,0
A001048,experiment:ethiopian_field_anthracnose_multisite,0
A001052,experiment:ethiopian_field_anthracnose_multisite,0
A001058,experiment:ethiopian_field_anthracnose_multisite,0
A001064,experiment:ethiopian_field_anthracnose_multisite,0
A001068,experiment:ethiopian_field_anthracnose_multisite,0
A001069,experiment:ethiopian_field_anthracnose_multisite,0
A001080,experiment:ethiopian_field_anthracnose_multisite,0
A001082,experiment:ethiopian_field_anthracnose_multisite,0
A001086,experiment:ethiopian_field_anthracnose_multisite,1
A001087,experiment:ethiopian_field_anthracnose_multisite,0
A001093,experiment:ethiopian_field_anthracnose_multisite,0
A001094,experiment:ethiopian_field_anthracnose_multisite,0
A001096,experiment:ethiopian_field_anthracnose_multisite,0
A001103,experiment:ethiopian_field_anthracnose_multisite,0
A001104,experiment:ethiopian_field_anthracnose_multisite,0
A001108,experiment:ethiopian_field_anthracnose_multisite,1
A001115,experiment:ethiopian_field_anthracnose_multisite,0
A001118,experiment:ethiopian_field_anthracnose_multisite,0
A001119,experiment:ethiopian_field_anthracnose_multisite,0
A001121,experiment:ethiopian_field_anthracnose_multisite,0
A001123,experiment:ethiopian_field_anthracnose_multisite,0
A001124,experiment:ethiopian_field_anthracnose_multisite,0
A001125,experiment:ethiopian_field_anthracnose_multisite,0
A001129,experiment:ethiopian_field_anthracnose_multisite,0
A001131,experiment:ethiopian_field_anthracnose_multisite,0
A001136,experiment:ethiopian_field_anthracnose_multisite,0
A001142,experiment:ethiopian_field_anthracnose_multisite,0
A001172,experiment:ethiopian_field_anthracnose_multisite,0
A001182,experiment:ethiopian_field_anthracnose_multisite,0
A001184,experiment:ethiopian_field_anthracnose_multisite,0
A001190,experiment:ethiopian_field_anthracnose_multisite,0
A001201,experiment:ethiopian_field_anthracnose_multisite,0
A001203,experiment:ethiopian_field_anthracnose_multisite,0
A001204,experiment:ethiopian_field_anthracnose_multisite,0
A001209,experiment:ethiopian_field_anthracnose_multisite,0
A001213,experiment:ethiopian_field_anthracnose_multisite,0
A001214,experiment:ethiopian_field_anthracnose_multisite,0
A001222,experiment:ethiopian_field_anthracnose_multisite,0
A001225,experiment:ethiopian_field_anthracnose_multisite,0
A001233,experiment:ethiopian_field_anthracnose_multisite,0
A001235,experiment:ethiopian_field_anthracnose_multisite,0
A001239,experiment:ethiopian_field_anthracnose_multisite,0
A001242,experiment:ethiopian_field_anthracnose_multisite,0
A001243,experiment:ethiopian_field_anthracnose_multisite,0
A001245,experiment:ethiopian_field_anthracnose_multisite,0
A001247,experiment:ethiopian_field_anthracnose_multisite,0
A001249,experiment:ethiopian_field_anthracnose_multisite,0
A001262,experiment:ethiopian_field_anthracnose_multisite,0
A001272,experiment:ethiopian_field_anthracnose_multisite,0
A001275,experiment:ethiopian_field_anthracnose_multisite,0
A001282,experiment:ethiopian_field_anthracnose_multisite,0
A001284,experiment:ethiopian_field_anthracnose_multisite,0
A001289,experiment:ethiopian_field_anthracnose_multisite,0
A001291,experiment:ethiopian_field_anthracnose_multisite,0
A001297,experiment:ethiopian_field_anthracnose_multisite,0
A001319,experiment:ethiopian_field_anthracnose_multisite,1
A001333,experiment:ethiopian_field_anthracnose_multisite,0
A001334,experiment:ethiopian_field_anthracnose_multisite,0
A001337,experiment:ethiopian_field_anthracnose_multisite,0
A001344,experiment:ethiopian_field_anthracnose_multisite,0
A001355,experiment:ethiopian_field_anthracnose_multisite,0
A001357,experiment:ethiopian_field_anthracnose_multisite,1
A001363,experiment:ethiopian_field_anthracnose_multisite,0
A001364,experiment:ethiopian_field_anthracnose_multisite,0
A001365,experiment:ethiopian_field_anthracnose_multisite,0
A001370,experiment:ethiopian_field_anthracnose_multisite,0
A001391,experiment:ethiopian_field_anthracnose_multisite,0
A000005,experiment:gaffoor_pennsylvania_anthracnose_selected_subset_2016,0
A001407,experiment:gaffoor_pennsylvania_anthracnose_selected_subset_2016,0
A001395,experiment:icrisat_patancheru_grain_mold_2006_2007,1
A001425,experiment:panelA_pr_multidisease,1
A001520,experiment:panelA_pr_multidisease,1
A001528,experiment:panelA_pr_multidisease,1
A001544,experiment:panelA_pr_multidisease,1
A001548,experiment:panelA_pr_multidisease,1
A001553,experiment:panelA_pr_multidisease,1
A001554,experiment:panelA_pr_multidisease,1
A001555,experiment:panelA_pr_multidisease,0
A001556,experiment:panelA_pr_multidisease,1
A001557,experiment:panelA_pr_multidisease,0
A001558,experiment:panelA_pr_multidisease,1
A001599,experiment:panelA_pr_multidisease,1
A001600,experiment:panelA_pr_multidisease,1
A001607,experiment:panelA_pr_multidisease,0
A001989,experiment:panelA_pr_multidisease,1
A001994,experiment:panelA_pr_multidisease,1
A001995,experiment:panelA_pr_multidisease,1
A001996,experiment:panelA_pr_multidisease,0
A002016,experiment:panelA_pr_multidisease,0
A002018,experiment:panelA_pr_multidisease,1
A002050,experiment:panelA_pr_multidisease,1
A002085,experiment:panelA_pr_multidisease,1
A002086,experiment:panelA_pr_multidisease,1
A002087,experiment:panelA_pr_multidisease,1
A002091,experiment:panelA_pr_multidisease,1
A002092,experiment:panelA_pr_multidisease,0
A002098,experiment:panelA_pr_multidisease,1
A002101,experiment:panelA_pr_multidisease,0
A002102,experiment:panelA_pr_multidisease,1
A002115,experiment:panelA_pr_multidisease,1
A002121,experiment:panelA_pr_multidisease,1
A002124,experiment:panelA_pr_multidisease,1
A002154,experiment:panelA_pr_multidisease,1
A002155,experiment:panelA_pr_multidisease,1
A002156,experiment:panelA_pr_multidisease,1
A002157,experiment:panelA_pr_multidisease,1
A002158,experiment:panelA_pr_multidisease,1
A002159,experiment:panelA_pr_multidisease,1
A002160,experiment:panelA_pr_multidisease,1
A002161,experiment:panelA_pr_multidisease,1
A002162,experiment:panelA_pr_multidisease,1
A002163,experiment:panelA_pr_multidisease,1
A002164,experiment:panelA_pr_multidisease,1
A002165,experiment:panelA_pr_multidisease,1
A002166,experiment:panelA_pr_multidisease,1
A002167,experiment:panelA_pr_multidisease,1
A002213,experiment:panelA_pr_multidisease,1
A002214,experiment:panelA_pr_multidisease,1
A002224,experiment:panelA_pr_multidisease,1
A002237,experiment:panelA_pr_multidisease,1
A002252,experiment:panelA_pr_multidisease,1
A002259,experiment:panelA_pr_multidisease,1
A002261,experiment:panelA_pr_multidisease,1
A002263,experiment:panelA_pr_multidisease,1
A002301,experiment:panelA_pr_multidisease,1
A002330,experiment:panelA_pr_multidisease,0
A002331,experiment:panelA_pr_multidisease,1
A002334,experiment:panelA_pr_multidisease,1
A002339,experiment:panelA_pr_multidisease,1
A002349,experiment:panelA_pr_multidisease,1
A002351,experiment:panelA_pr_multidisease,1
A002352,experiment:panelA_pr_multidisease,1
A002354,experiment:panelA_pr_multidisease,1
A002429,experiment:panelA_pr_multidisease,0
A002430,experiment:panelA_pr_multidisease,1
A002431,experiment:panelA_pr_multidisease,0
A002450,experiment:panelA_pr_multidisease,1
A002451,experiment:panelA_pr_multidisease,0
A002452,experiment:panelA_pr_multidisease,1
A002453,experiment:panelA_pr_multidisease,1
A002772,experiment:panelA_pr_multidisease,1
A002784,experiment:panelA_pr_multidisease,1
A002785,experiment:panelA_pr_multidisease,1
A002786,experiment:panelA_pr_multidisease,1
A002787,experiment:panelA_pr_multidisease,1
A002788,experiment:panelA_pr_multidisease,1
A002789,experiment:panelA_pr_multidisease,1
A002805,experiment:panelA_pr_multidisease,1
A002806,experiment:panelA_pr_multidisease,1
A002808,experiment:panelA_pr_multidisease,1
A002989,experiment:panelA_pr_multidisease,0
A003112,experiment:panelA_pr_multidisease,1
A003411,experiment:panelA_pr_multidisease,0
A003413,experiment:panelA_pr_multidisease,1
A003478,experiment:panelA_pr_multidisease,0
A003520,experiment:panelA_pr_multidisease,1
A003541,experiment:panelA_pr_multidisease,1
A003568,experiment:panelA_pr_multidisease,1
A003632,experiment:panelA_pr_multidisease,1
A003633,experiment:panelA_pr_multidisease,1
A003634,experiment:panelA_pr_multidisease,0
A003635,experiment:panelA_pr_multidisease,1
A003636,experiment:panelA_pr_multidisease,1
A003637,experiment:panelA_pr_multidisease,1
A003638,experiment:panelA_pr_multidisease,1
A003639,experiment:panelA_pr_multidisease,1
A003640,experiment:panelA_pr_multidisease,1
A003641,experiment:panelA_pr_multidisease,0
A003642,experiment:panelA_pr_multidisease,0
A003643,experiment:panelA_pr_multidisease,0
A003644,experiment:panelA_pr_multidisease,0
A003646,experiment:panelA_pr_multidisease,1
A003647,experiment:panelA_pr_multidisease,0
A003648,experiment:panelA_pr_multidisease,0
A003649,experiment:panelA_pr_multidisease,1
A003650,experiment:panelA_pr_multidisease,1
A003651,experiment:panelA_pr_multidisease,1
A003652,experiment:panelA_pr_multidisease,1
A001565,experiment:prom_accession_anthracnose_grain_mold_texas_2010_2015,0
A002206,experiment:prom_accession_anthracnose_grain_mold_texas_2010_2015,0
A002213,experiment:prom_accession_anthracnose_grain_mold_texas_2010_2015,1
A002223,experiment:prom_accession_anthracnose_grain_mold_texas_2010_2015,0
A002228,experiment:prom_accession_anthracnose_grain_mold_texas_2010_2015,0
A002230,experiment:prom_accession_anthracnose_grain_mold_texas_2010_2015,0
A002232,experiment:prom_accession_anthracnose_grain_mold_texas_2010_2015,0
A002233,experiment:prom_accession_anthracnose_grain_mold_texas_2010_2015,0
A002234,experiment:prom_accession_anthracnose_grain_mold_texas_2010_2015,0
A002244,experiment:prom_accession_anthracnose_grain_mold_texas_2010_2015,0
A002264,experiment:prom_accession_anthracnose_grain_mold_texas_2010_2015,0
A002275,experiment:prom_accession_anthracnose_grain_mold_texas_2010_2015,0
A002310,experiment:prom_accession_anthracnose_grain_mold_texas_2010_2015,1
A002314,experiment:prom_accession_anthracnose_grain_mold_texas_2010_2015,0
A002345,experiment:prom_accession_anthracnose_grain_mold_texas_2010_2015,1
A002360,experiment:prom_accession_anthracnose_grain_mold_texas_2010_2015,1
A002763,experiment:prom_accession_anthracnose_grain_mold_texas_2010_2015,1
A002777,experiment:prom_accession_anthracnose_grain_mold_texas_2010_2015,0
A002973,experiment:prom_accession_anthracnose_grain_mold_texas_2010_2015,0
A002979,experiment:prom_accession_anthracnose_grain_mold_texas_2010_2015,0
A003135,experiment:prom_accession_anthracnose_grain_mold_texas_2010_2015,0
A003386,experiment:prom_accession_anthracnose_grain_mold_texas_2010_2015,1
A003398,experiment:prom_accession_anthracnose_grain_mold_texas_2010_2015,0
A003482,experiment:prom_accession_anthracnose_grain_mold_texas_2010_2015,0
A003486,experiment:prom_accession_anthracnose_grain_mold_texas_2010_2015,0
A003493,experiment:prom_accession_anthracnose_grain_mold_texas_2010_2015,0
A003570,experiment:prom_accession_anthracnose_grain_mold_texas_2010_2015,0
A003571,experiment:prom_accession_anthracnose_grain_mold_texas_2010_2015,0
A003572,experiment:prom_accession_anthracnose_grain_mold_texas_2010_2015,0
A003573,experiment:prom_accession_anthracnose_grain_mold_texas_2010_2015,0
A003574,experiment:prom_accession_anthracnose_grain_mold_texas_2010_2015,0
A003575,experiment:prom_accession_anthracnose_grain_mold_texas_2010_2015,0
A003576,experiment:prom_accession_anthracnose_grain_mold_texas_2010_2015,0
A003577,experiment:prom_accession_anthracnose_grain_mold_texas_2010_2015,0
A003578,experiment:prom_accession_anthracnose_grain_mold_texas_2010_2015,1
A003619,experiment:prom_accession_anthracnose_grain_mold_texas_2010_2015,0
A003620,experiment:prom_accession_anthracnose_grain_mold_texas_2010_2015,0
A003621,experiment:prom_accession_anthracnose_grain_mold_texas_2010_2015,0
A003622,experiment:prom_accession_anthracnose_grain_mold_texas_2010_2015,1
A003623,experiment:prom_accession_anthracnose_grain_mold_texas_2010_2015,1
A003624,experiment:prom_accession_anthracnose_grain_mold_texas_2010_2015,1
A003625,experiment:prom_accession_anthracnose_grain_mold_texas_2010_2015,1
A003626,experiment:prom_accession_anthracnose_grain_mold_texas_2010_2015,0
A003627,experiment:prom_accession_anthracnose_grain_mold_texas_2010_2015,1
A003628,experiment:prom_accession_anthracnose_grain_mold_texas_2010_2015,1
A003629,experiment:prom_accession_anthracnose_grain_mold_texas_2010_2015,0
A003630,experiment:prom_accession_anthracnose_grain_mold_texas_2010_2015,0
A001614,experiment:prom_chinese_shared_panel_college_station_2005_2006_screening_program,1
A001987,experiment:prom_chinese_shared_panel_college_station_2005_2006_screening_program,1
A002367,experiment:prom_chinese_shared_panel_college_station_2005_2006_screening_program,0
A002368,experiment:prom_chinese_shared_panel_college_station_2005_2006_screening_program,1
A002433,experiment:prom_chinese_shared_panel_college_station_2005_2006_screening_program,1
A002434,experiment:prom_chinese_shared_panel_college_station_2005_2006_screening_program,1
A002435,experiment:prom_chinese_shared_panel_college_station_2005_2006_screening_program,0
A002436,experiment:prom_chinese_shared_panel_college_station_2005_2006_screening_program,0
A002437,experiment:prom_chinese_shared_panel_college_station_2005_2006_screening_program,1
A002438,experiment:prom_chinese_shared_panel_college_station_2005_2006_screening_program,1
A002439,experiment:prom_chinese_shared_panel_college_station_2005_2006_screening_program,0
A002440,experiment:prom_chinese_shared_panel_college_station_2005_2006_screening_program,1
A002441,experiment:prom_chinese_shared_panel_college_station_2005_2006_screening_program,0
A002442,experiment:prom_chinese_shared_panel_college_station_2005_2006_screening_program,0
A002443,experiment:prom_chinese_shared_panel_college_station_2005_2006_screening_program,1
A002444,experiment:prom_chinese_shared_panel_college_station_2005_2006_screening_program,0
A002445,experiment:prom_chinese_shared_panel_college_station_2005_2006_screening_program,0
A002446,experiment:prom_chinese_shared_panel_college_station_2005_2006_screening_program,0
A002456,experiment:prom_chinese_shared_panel_college_station_2005_2006_screening_program,0
A002457,experiment:prom_chinese_shared_panel_college_station_2005_2006_screening_program,0
A002458,experiment:prom_chinese_shared_panel_college_station_2005_2006_screening_program,0
A002459,experiment:prom_chinese_shared_panel_college_station_2005_2006_screening_program,0
A002460,experiment:prom_chinese_shared_panel_college_station_2005_2006_screening_program,0
A002461,experiment:prom_chinese_shared_panel_college_station_2005_2006_screening_program,0
A003343,experiment:prom_chinese_shared_panel_college_station_2005_2006_screening_program,0
A003344,experiment:prom_chinese_shared_panel_college_station_2005_2006_screening_program,1
A003345,experiment:prom_chinese_shared_panel_college_station_2005_2006_screening_program,0
A003346,experiment:prom_chinese_shared_panel_college_station_2005_2006_screening_program,1
A003347,experiment:prom_chinese_shared_panel_college_station_2005_2006_screening_program,0
A003348,experiment:prom_chinese_shared_panel_college_station_2005_2006_screening_program,0
A003349,experiment:prom_chinese_shared_panel_college_station_2005_2006_screening_program,0
A003350,experiment:prom_chinese_shared_panel_college_station_2005_2006_screening_program,0
A003351,experiment:prom_chinese_shared_panel_college_station_2005_2006_screening_program,1
A003352,experiment:prom_chinese_shared_panel_college_station_2005_2006_screening_program,0
A003353,experiment:prom_chinese_shared_panel_college_station_2005_2006_screening_program,0
A003354,experiment:prom_chinese_shared_panel_college_station_2005_2006_screening_program,1
A003368,experiment:prom_chinese_shared_panel_college_station_2005_2006_screening_program,1
A002195,experiment:prom_converted_panel_texas_2008_2009,1
A002197,experiment:prom_converted_panel_texas_2008_2009,0
A002200,experiment:prom_converted_panel_texas_2008_2009,1
A002206,experiment:prom_converted_panel_texas_2008_2009,1
A002208,experiment:prom_converted_panel_texas_2008_2009,0
A002215,experiment:prom_converted_panel_texas_2008_2009,1
A002219,experiment:prom_converted_panel_texas_2008_2009,0
A002220,experiment:prom_converted_panel_texas_2008_2009,0
A002246,experiment:prom_converted_panel_texas_2008_2009,0
A002247,experiment:prom_converted_panel_texas_2008_2009,0
A002248,experiment:prom_converted_panel_texas_2008_2009,0
A002249,experiment:prom_converted_panel_texas_2008_2009,1
A002252,experiment:prom_converted_panel_texas_2008_2009,0
A002255,experiment:prom_converted_panel_texas_2008_2009,1
A002266,experiment:prom_converted_panel_texas_2008_2009,0
A002274,experiment:prom_converted_panel_texas_2008_2009,1
A002286,experiment:prom_converted_panel_texas_2008_2009,0
A002290,experiment:prom_converted_panel_texas_2008_2009,1
A002296,experiment:prom_converted_panel_texas_2008_2009,1
A002297,experiment:prom_converted_panel_texas_2008_2009,0
A002303,experiment:prom_converted_panel_texas_2008_2009,0
A002305,experiment:prom_converted_panel_texas_2008_2009,0
A002308,experiment:prom_converted_panel_texas_2008_2009,0
A002311,experiment:prom_converted_panel_texas_2008_2009,1
A002312,experiment:prom_converted_panel_texas_2008_2009,0
A002316,experiment:prom_converted_panel_texas_2008_2009,1
A002319,experiment:prom_converted_panel_texas_2008_2009,0
A002321,experiment:prom_converted_panel_texas_2008_2009,0
A002322,experiment:prom_converted_panel_texas_2008_2009,0
A002324,experiment:prom_converted_panel_texas_2008_2009,1
A002328,experiment:prom_converted_panel_texas_2008_2009,1
A002331,experiment:prom_converted_panel_texas_2008_2009,0
A002333,experiment:prom_converted_panel_texas_2008_2009,1
A002337,experiment:prom_converted_panel_texas_2008_2009,1
A002339,experiment:prom_converted_panel_texas_2008_2009,0
A002342,experiment:prom_converted_panel_texas_2008_2009,0
A002348,experiment:prom_converted_panel_texas_2008_2009,1
A002353,experiment:prom_converted_panel_texas_2008_2009,1
A002355,experiment:prom_converted_panel_texas_2008_2009,1
A002356,experiment:prom_converted_panel_texas_2008_2009,1
A002357,experiment:prom_converted_panel_texas_2008_2009,0
A002358,experiment:prom_converted_panel_texas_2008_2009,0
A002359,experiment:prom_converted_panel_texas_2008_2009,0
A002447,experiment:prom_converted_panel_texas_2008_2009,0
A002586,experiment:prom_converted_panel_texas_2008_2009,0
A002608,experiment:prom_converted_panel_texas_2008_2009,0
A002612,experiment:prom_converted_panel_texas_2008_2009,1
A002676,experiment:prom_converted_panel_texas_2008_2009,1
A002701,experiment:prom_converted_panel_texas_2008_2009,0
A002723,experiment:prom_converted_panel_texas_2008_2009,0
A002741,experiment:prom_converted_panel_texas_2008_2009,0
A002758,experiment:prom_converted_panel_texas_2008_2009,0
A002771,experiment:prom_converted_panel_texas_2008_2009,0
A002780,experiment:prom_converted_panel_texas_2008_2009,0
A002783,experiment:prom_converted_panel_texas_2008_2009,1
A002798,experiment:prom_converted_panel_texas_2008_2009,0
A002799,experiment:prom_converted_panel_texas_2008_2009,0
A002800,experiment:prom_converted_panel_texas_2008_2009,0
A002950,experiment:prom_converted_panel_texas_2008_2009,0
A002952,experiment:prom_converted_panel_texas_2008_2009,0
A002977,experiment:prom_converted_panel_texas_2008_2009,1
A002978,experiment:prom_converted_panel_texas_2008_2009,0
A002982,experiment:prom_converted_panel_texas_2008_2009,0
A001589,experiment:prom_ethiopia_anthracnose_2019,0
A001591,experiment:prom_ethiopia_anthracnose_2019,1
A001595,experiment:prom_ethiopia_anthracnose_2019,1
A001618,experiment:prom_ethiopia_anthracnose_2019,1
A001620,experiment:prom_ethiopia_anthracnose_2019,1
A001621,experiment:prom_ethiopia_anthracnose_2019,1
A001622,experiment:prom_ethiopia_anthracnose_2019,1
A001623,experiment:prom_ethiopia_anthracnose_2019,1
A001625,experiment:prom_ethiopia_anthracnose_2019,1
A001626,experiment:prom_ethiopia_anthracnose_2019,1
A001627,experiment:prom_ethiopia_anthracnose_2019,1
A001629,experiment:prom_ethiopia_anthracnose_2019,1
A001632,experiment:prom_ethiopia_anthracnose_2019,1
A001633,experiment:prom_ethiopia_anthracnose_2019,1
A001634,experiment:prom_ethiopia_anthracnose_2019,1
A001635,experiment:prom_ethiopia_anthracnose_2019,1
A001638,experiment:prom_ethiopia_anthracnose_2019,1
A001639,experiment:prom_ethiopia_anthracnose_2019,1
A001640,experiment:prom_ethiopia_anthracnose_2019,1
A001641,experiment:prom_ethiopia_anthracnose_2019,1
A001643,experiment:prom_ethiopia_anthracnose_2019,1
A001645,experiment:prom_ethiopia_anthracnose_2019,1
A001646,experiment:prom_ethiopia_anthracnose_2019,1
A001647,experiment:prom_ethiopia_anthracnose_2019,1
A001651,experiment:prom_ethiopia_anthracnose_2019,1
A002818,experiment:prom_ethiopia_anthracnose_2019,1
A001421,experiment:prom_ethiopia_subset_isabela_2019_2020,0
A001425,experiment:prom_ethiopia_subset_isabela_2019_2020,0
A001520,experiment:prom_ethiopia_subset_isabela_2019_2020,1
A001544,experiment:prom_ethiopia_subset_isabela_2019_2020,1
A001553,experiment:prom_ethiopia_subset_isabela_2019_2020,0
A001554,experiment:prom_ethiopia_subset_isabela_2019_2020,1
A001555,experiment:prom_ethiopia_subset_isabela_2019_2020,0
A001556,experiment:prom_ethiopia_subset_isabela_2019_2020,1
A001557,experiment:prom_ethiopia_subset_isabela_2019_2020,0
A001558,experiment:prom_ethiopia_subset_isabela_2019_2020,1
A001592,experiment:prom_ethiopia_subset_isabela_2019_2020,0
A001599,experiment:prom_ethiopia_subset_isabela_2019_2020,0
A001601,experiment:prom_ethiopia_subset_isabela_2019_2020,0
A001602,experiment:prom_ethiopia_subset_isabela_2019_2020,1
A001604,experiment:prom_ethiopia_subset_isabela_2019_2020,1
A001605,experiment:prom_ethiopia_subset_isabela_2019_2020,1
A002211,experiment:prom_ethiopia_subset_isabela_2019_2020,0
A002213,experiment:prom_ethiopia_subset_isabela_2019_2020,1
A002214,experiment:prom_ethiopia_subset_isabela_2019_2020,0
A002252,experiment:prom_ethiopia_subset_isabela_2019_2020,1
A002259,experiment:prom_ethiopia_subset_isabela_2019_2020,1
A002261,experiment:prom_ethiopia_subset_isabela_2019_2020,0
A002263,experiment:prom_ethiopia_subset_isabela_2019_2020,1
A002301,experiment:prom_ethiopia_subset_isabela_2019_2020,0
A002330,experiment:prom_ethiopia_subset_isabela_2019_2020,0
A002331,experiment:prom_ethiopia_subset_isabela_2019_2020,1
A002339,experiment:prom_ethiopia_subset_isabela_2019_2020,1
A002349,experiment:prom_ethiopia_subset_isabela_2019_2020,0
A002351,experiment:prom_ethiopia_subset_isabela_2019_2020,1
A002354,experiment:prom_ethiopia_subset_isabela_2019_2020,0
A002450,experiment:prom_ethiopia_subset_isabela_2019_2020,1
A002451,experiment:prom_ethiopia_subset_isabela_2019_2020,0
A002452,experiment:prom_ethiopia_subset_isabela_2019_2020,0
A002453,experiment:prom_ethiopia_subset_isabela_2019_2020,1
A002701,experiment:prom_ethiopia_subset_isabela_2019_2020,0
A002772,experiment:prom_ethiopia_subset_isabela_2019_2020,1
A002784,experiment:prom_ethiopia_subset_isabela_2019_2020,0
A002785,experiment:prom_ethiopia_subset_isabela_2019_2020,1
A002787,experiment:prom_ethiopia_subset_isabela_2019_2020,1
A002788,experiment:prom_ethiopia_subset_isabela_2019_2020,0
A002789,experiment:prom_ethiopia_subset_isabela_2019_2020,1
A002805,experiment:prom_ethiopia_subset_isabela_2019_2020,1
A003112,experiment:prom_ethiopia_subset_isabela_2019_2020,0
A003411,experiment:prom_ethiopia_subset_isabela_2019_2020,0
A003413,experiment:prom_ethiopia_subset_isabela_2019_2020,0
A003633,experiment:prom_ethiopia_subset_isabela_2019_2020,1
A003634,experiment:prom_ethiopia_subset_isabela_2019_2020,0
A003635,experiment:prom_ethiopia_subset_isabela_2019_2020,0
A003636,experiment:prom_ethiopia_subset_isabela_2019_2020,0
A003637,experiment:prom_ethiopia_subset_isabela_2019_2020,1
A003638,experiment:prom_ethiopia_subset_isabela_2019_2020,0
A003639,experiment:prom_ethiopia_subset_isabela_2019_2020,1
A003640,experiment:prom_ethiopia_subset_isabela_2019_2020,1
A003641,experiment:prom_ethiopia_subset_isabela_2019_2020,1
A003642,experiment:prom_ethiopia_subset_isabela_2019_2020,0
A003643,experiment:prom_ethiopia_subset_isabela_2019_2020,0
A003644,experiment:prom_ethiopia_subset_isabela_2019_2020,0
A003645,experiment:prom_ethiopia_subset_isabela_2019_2020,1
A003647,experiment:prom_ethiopia_subset_isabela_2019_2020,1
A003648,experiment:prom_ethiopia_subset_isabela_2019_2020,0
A003649,experiment:prom_ethiopia_subset_isabela_2019_2020,0
A003650,experiment:prom_ethiopia_subset_isabela_2019_2020,0
A003651,experiment:prom_ethiopia_subset_isabela_2019_2020,0
A003654,experiment:prom_ethiopia_subset_isabela_2019_2020,0
A001433,experiment:prom_four_country_anthracnose_2007_2008_pr,0
A001443,experiment:prom_four_country_anthracnose_2007_2008_pr,0
A001464,experiment:prom_four_country_anthracnose_2007_2008_pr,1
A001465,experiment:prom_four_country_anthracnose_2007_2008_pr,0
A001466,experiment:prom_four_country_anthracnose_2007_2008_pr,1
A001468,experiment:prom_four_country_anthracnose_2007_2008_pr,0
A001471,experiment:prom_four_country_anthracnose_2007_2008_pr,0
A001473,experiment:prom_four_country_anthracnose_2007_2008_pr,1
A001475,experiment:prom_four_country_anthracnose_2007_2008_pr,0
A001522,experiment:prom_four_country_anthracnose_2007_2008_pr,0
A001526,experiment:prom_four_country_anthracnose_2007_2008_pr,0
A001531,experiment:prom_four_country_anthracnose_2007_2008_pr,1
A001541,experiment:prom_four_country_anthracnose_2007_2008_pr,0
A001544,experiment:prom_four_country_anthracnose_2007_2008_pr,0
A001564,experiment:prom_four_country_anthracnose_2007_2008_pr,0
A001571,experiment:prom_four_country_anthracnose_2007_2008_pr,1
A001572,experiment:prom_four_country_anthracnose_2007_2008_pr,0
A001573,experiment:prom_four_country_anthracnose_2007_2008_pr,0
A001574,experiment:prom_four_country_anthracnose_2007_2008_pr,0
A001575,experiment:prom_four_country_anthracnose_2007_2008_pr,0
A001576,experiment:prom_four_country_anthracnose_2007_2008_pr,0
A001577,experiment:prom_four_country_anthracnose_2007_2008_pr,0
A001578,experiment:prom_four_country_anthracnose_2007_2008_pr,0
A001579,experiment:prom_four_country_anthracnose_2007_2008_pr,0
A001580,experiment:prom_four_country_anthracnose_2007_2008_pr,1
A001581,experiment:prom_four_country_anthracnose_2007_2008_pr,0
A001583,experiment:prom_four_country_anthracnose_2007_2008_pr,0
A001585,experiment:prom_four_country_anthracnose_2007_2008_pr,0
A001586,experiment:prom_four_country_anthracnose_2007_2008_pr,0
A001587,experiment:prom_four_country_anthracnose_2007_2008_pr,0
A001588,experiment:prom_four_country_anthracnose_2007_2008_pr,0
A001590,experiment:prom_four_country_anthracnose_2007_2008_pr,0
A001596,experiment:prom_four_country_anthracnose_2007_2008_pr,0
A001606,experiment:prom_four_country_anthracnose_2007_2008_pr,0
A001610,experiment:prom_four_country_anthracnose_2007_2008_pr,1
A001630,experiment:prom_four_country_anthracnose_2007_2008_pr,0
A002417,experiment:prom_four_country_anthracnose_2007_2008_pr,0
A002425,experiment:prom_four_country_anthracnose_2007_2008_pr,0
A002427,experiment:prom_four_country_anthracnose_2007_2008_pr,0
A002463,experiment:prom_four_country_anthracnose_2007_2008_pr,0
A002464,experiment:prom_four_country_anthracnose_2007_2008_pr,0
A002481,experiment:prom_four_country_anthracnose_2007_2008_pr,1
A002484,experiment:prom_four_country_anthracnose_2007_2008_pr,0
A002487,experiment:prom_four_country_anthracnose_2007_2008_pr,0
A002488,experiment:prom_four_country_anthracnose_2007_2008_pr,0
A002495,experiment:prom_four_country_anthracnose_2007_2008_pr,0
A002497,experiment:prom_four_country_anthracnose_2007_2008_pr,0
A002505,experiment:prom_four_country_anthracnose_2007_2008_pr,1
A002520,experiment:prom_four_country_anthracnose_2007_2008_pr,1
A002524,experiment:prom_four_country_anthracnose_2007_2008_pr,0
A002540,experiment:prom_four_country_anthracnose_2007_2008_pr,0
A002542,experiment:prom_four_country_anthracnose_2007_2008_pr,0
A002544,experiment:prom_four_country_anthracnose_2007_2008_pr,0
A002627,experiment:prom_four_country_anthracnose_2007_2008_pr,0
A002679,experiment:prom_four_country_anthracnose_2007_2008_pr,1
A002704,experiment:prom_four_country_anthracnose_2007_2008_pr,1
A002762,experiment:prom_four_country_anthracnose_2007_2008_pr,0
A002812,experiment:prom_four_country_anthracnose_2007_2008_pr,1
A002813,experiment:prom_four_country_anthracnose_2007_2008_pr,0
A002814,experiment:prom_four_country_anthracnose_2007_2008_pr,1
A002815,experiment:prom_four_country_anthracnose_2007_2008_pr,0
A002842,experiment:prom_four_country_anthracnose_2007_2008_pr,0
A003018,experiment:prom_four_country_anthracnose_2007_2008_pr,1
A003019,experiment:prom_four_country_anthracnose_2007_2008_pr,1
A003020,experiment:prom_four_country_anthracnose_2007_2008_pr,1
A003021,experiment:prom_four_country_anthracnose_2007_2008_pr,1
A003025,experiment:prom_four_country_anthracnose_2007_2008_pr,1
A003027,experiment:prom_four_country_anthracnose_2007_2008_pr,1
A003030,experiment:prom_four_country_anthracnose_2007_2008_pr,0
A003259,experiment:prom_four_country_anthracnose_2007_2008_pr,1
A003262,experiment:prom_four_country_anthracnose_2007_2008_pr,1
A001427,experiment:prom_fusarium_grain_mold_panels_isabela_2006,0
A001532,experiment:prom_fusarium_grain_mold_panels_isabela_2006,0
A001538,experiment:prom_fusarium_grain_mold_panels_isabela_2006,0
A001552,experiment:prom_fusarium_grain_mold_panels_isabela_2006,1
A001559,experiment:prom_fusarium_grain_mold_panels_isabela_2006,0
A001566,experiment:prom_fusarium_grain_mold_panels_isabela_2006,1
A001567,experiment:prom_fusarium_grain_mold_panels_isabela_2006,0
A001568,experiment:prom_fusarium_grain_mold_panels_isabela_2006,0
A001615,experiment:prom_fusarium_grain_mold_panels_isabela_2006,0
A001616,experiment:prom_fusarium_grain_mold_panels_isabela_2006,0
A001617,experiment:prom_fusarium_grain_mold_panels_isabela_2006,0
A001619,experiment:prom_fusarium_grain_mold_panels_isabela_2006,0
A001624,experiment:prom_fusarium_grain_mold_panels_isabela_2006,0
A001631,experiment:prom_fusarium_grain_mold_panels_isabela_2006,0
A001636,experiment:prom_fusarium_grain_mold_panels_isabela_2006,0
A001637,experiment:prom_fusarium_grain_mold_panels_isabela_2006,0
A001642,experiment:prom_fusarium_grain_mold_panels_isabela_2006,0
A001644,experiment:prom_fusarium_grain_mold_panels_isabela_2006,0
A001648,experiment:prom_fusarium_grain_mold_panels_isabela_2006,0
A001649,experiment:prom_fusarium_grain_mold_panels_isabela_2006,0
A001650,experiment:prom_fusarium_grain_mold_panels_isabela_2006,0
A001652,experiment:prom_fusarium_grain_mold_panels_isabela_2006,0
A002170,experiment:prom_fusarium_grain_mold_panels_isabela_2006,0
A002172,experiment:prom_fusarium_grain_mold_panels_isabela_2006,1
A002398,experiment:prom_fusarium_grain_mold_panels_isabela_2006,0
A002399,experiment:prom_fusarium_grain_mold_panels_isabela_2006,0
A002400,experiment:prom_fusarium_grain_mold_panels_isabela_2006,0
A002401,experiment:prom_fusarium_grain_mold_panels_isabela_2006,0
A002402,experiment:prom_fusarium_grain_mold_panels_isabela_2006,0
A002403,experiment:prom_fusarium_grain_mold_panels_isabela_2006,0
A002404,experiment:prom_fusarium_grain_mold_panels_isabela_2006,0
A002405,experiment:prom_fusarium_grain_mold_panels_isabela_2006,0
A002406,experiment:prom_fusarium_grain_mold_panels_isabela_2006,0
A002407,experiment:prom_fusarium_grain_mold_panels_isabela_2006,0
A002410,experiment:prom_fusarium_grain_mold_panels_isabela_2006,0
A002412,experiment:prom_fusarium_grain_mold_panels_isabela_2006,0
A002413,experiment:prom_fusarium_grain_mold_panels_isabela_2006,0
A002419,experiment:prom_fusarium_grain_mold_panels_isabela_2006,0
A002428,experiment:prom_fusarium_grain_mold_panels_isabela_2006,0
A002508,experiment:prom_fusarium_grain_mold_panels_isabela_2006,0
A002549,experiment:prom_fusarium_grain_mold_panels_isabela_2006,0
A002550,experiment:prom_fusarium_grain_mold_panels_isabela_2006,0
A002558,experiment:prom_fusarium_grain_mold_panels_isabela_2006,0
A002593,experiment:prom_fusarium_grain_mold_panels_isabela_2006,1
A002594,experiment:prom_fusarium_grain_mold_panels_isabela_2006,0
A002596,experiment:prom_fusarium_grain_mold_panels_isabela_2006,0
A002597,experiment:prom_fusarium_grain_mold_panels_isabela_2006,0
A002600,experiment:prom_fusarium_grain_mold_panels_isabela_2006,0
A002605,experiment:prom_fusarium_grain_mold_panels_isabela_2006,0
A002606,experiment:prom_fusarium_grain_mold_panels_isabela_2006,0
A002609,experiment:prom_fusarium_grain_mold_panels_isabela_2006,1
A002614,experiment:prom_fusarium_grain_mold_panels_isabela_2006,1
A002615,experiment:prom_fusarium_grain_mold_panels_isabela_2006,1
A002637,experiment:prom_fusarium_grain_mold_panels_isabela_2006,0
A002664,experiment:prom_fusarium_grain_mold_panels_isabela_2006,0
A002667,experiment:prom_fusarium_grain_mold_panels_isabela_2006,0
A002668,experiment:prom_fusarium_grain_mold_panels_isabela_2006,0
A002669,experiment:prom_fusarium_grain_mold_panels_isabela_2006,0
A002680,experiment:prom_fusarium_grain_mold_panels_isabela_2006,0
A002681,experiment:prom_fusarium_grain_mold_panels_isabela_2006,0
A002682,experiment:prom_fusarium_grain_mold_panels_isabela_2006,0
A002683,experiment:prom_fusarium_grain_mold_panels_isabela_2006,1
A002690,experiment:prom_fusarium_grain_mold_panels_isabela_2006,0
A002702,experiment:prom_fusarium_grain_mold_panels_isabela_2006,0
A002706,experiment:prom_fusarium_grain_mold_panels_isabela_2006,0
A002707,experiment:prom_fusarium_grain_mold_panels_isabela_2006,0
A002709,experiment:prom_fusarium_grain_mold_panels_isabela_2006,0
A002713,experiment:prom_fusarium_grain_mold_panels_isabela_2006,0
A002722,experiment:prom_fusarium_grain_mold_panels_isabela_2006,0
A002724,experiment:prom_fusarium_grain_mold_panels_isabela_2006,0
A002726,experiment:prom_fusarium_grain_mold_panels_isabela_2006,0
A002729,experiment:prom_fusarium_grain_mold_panels_isabela_2006,0
A002736,experiment:prom_fusarium_grain_mold_panels_isabela_2006,0
A002737,experiment:prom_fusarium_grain_mold_panels_isabela_2006,0
A002742,experiment:prom_fusarium_grain_mold_panels_isabela_2006,0
A002746,experiment:prom_fusarium_grain_mold_panels_isabela_2006,0
A002747,experiment:prom_fusarium_grain_mold_panels_isabela_2006,0
A002753,experiment:prom_fusarium_grain_mold_panels_isabela_2006,0
A002754,experiment:prom_fusarium_grain_mold_panels_isabela_2006,1
A002835,experiment:prom_fusarium_grain_mold_panels_isabela_2006,0
A002844,experiment:prom_fusarium_grain_mold_panels_isabela_2006,1
A002849,experiment:prom_fusarium_grain_mold_panels_isabela_2006,0
A002851,experiment:prom_fusarium_grain_mold_panels_isabela_2006,1
A002852,experiment:prom_fusarium_grain_mold_panels_isabela_2006,1
A002856,experiment:prom_fusarium_grain_mold_panels_isabela_2006,1
A002857,experiment:prom_fusarium_grain_mold_panels_isabela_2006,1
A002858,experiment:prom_fusarium_grain_mold_panels_isabela_2006,0
A002898,experiment:prom_fusarium_grain_mold_panels_isabela_2006,0
A002903,experiment:prom_fusarium_grain_mold_panels_isabela_2006,1
A002905,experiment:prom_fusarium_grain_mold_panels_isabela_2006,0
A002906,experiment:prom_fusarium_grain_mold_panels_isabela_2006,0
A002911,experiment:prom_fusarium_grain_mold_panels_isabela_2006,0
A002912,experiment:prom_fusarium_grain_mold_panels_isabela_2006,0
A002913,experiment:prom_fusarium_grain_mold_panels_isabela_2006,0
A002914,experiment:prom_fusarium_grain_mold_panels_isabela_2006,0
A002915,experiment:prom_fusarium_grain_mold_panels_isabela_2006,0
A002916,experiment:prom_fusarium_grain_mold_panels_isabela_2006,0
A002171,experiment:prom_mali_anthracnose_isabela_2003,1
A002409,experiment:prom_mali_anthracnose_isabela_2003,1
A002432,experiment:prom_mali_anthracnose_isabela_2003,1
A002831,experiment:prom_mali_anthracnose_isabela_2003,1
A002832,experiment:prom_mali_anthracnose_isabela_2003,1
A002833,experiment:prom_mali_anthracnose_isabela_2003,1
A002834,experiment:prom_mali_anthracnose_isabela_2003,1
A002836,experiment:prom_mali_anthracnose_isabela_2003,1
A002837,experiment:prom_mali_anthracnose_isabela_2003,1
A002838,experiment:prom_mali_anthracnose_isabela_2003,0
A002839,experiment:prom_mali_anthracnose_isabela_2003,0
A002840,experiment:prom_mali_anthracnose_isabela_2003,1
A002841,experiment:prom_mali_anthracnose_isabela_2003,1
A002842,experiment:prom_mali_anthracnose_isabela_2003,1
A002843,experiment:prom_mali_anthracnose_isabela_2003,1
A002845,experiment:prom_mali_anthracnose_isabela_2003,1
A002846,experiment:prom_mali_anthracnose_isabela_2003,1
A002847,experiment:prom_mali_anthracnose_isabela_2003,1
A002848,experiment:prom_mali_anthracnose_isabela_2003,1
A002850,experiment:prom_mali_anthracnose_isabela_2003,1
A002853,experiment:prom_mali_anthracnose_isabela_2003,1
A002854,experiment:prom_mali_anthracnose_isabela_2003,1
A002855,experiment:prom_mali_anthracnose_isabela_2003,1
A002859,experiment:prom_mali_anthracnose_isabela_2003,1
A002860,experiment:prom_mali_anthracnose_isabela_2003,1
A002872,experiment:prom_mali_anthracnose_isabela_2003,1
A002887,experiment:prom_mali_anthracnose_isabela_2003,1
A002891,experiment:prom_mali_anthracnose_isabela_2003,1
A002897,experiment:prom_mali_anthracnose_isabela_2003,1
A002900,experiment:prom_mali_anthracnose_isabela_2003,1
A002901,experiment:prom_mali_anthracnose_isabela_2003,1
A002905,experiment:prom_mali_anthracnose_isabela_2003,1
A002909,experiment:prom_mali_anthracnose_isabela_2003,0
A002916,experiment:prom_mali_anthracnose_isabela_2003,1
A002917,experiment:prom_mali_anthracnose_isabela_2003,1
A002921,experiment:prom_mali_anthracnose_isabela_2003,1
A002928,experiment:prom_mali_anthracnose_isabela_2003,1
A002931,experiment:prom_mali_anthracnose_isabela_2003,0
A002934,experiment:prom_mali_anthracnose_isabela_2003,1
A002936,experiment:prom_mali_anthracnose_isabela_2003,0
A002940,experiment:prom_mali_anthracnose_isabela_2003,0
A002990,experiment:prom_mali_anthracnose_isabela_2003,1
A002991,experiment:prom_mali_anthracnose_isabela_2003,1
A002992,experiment:prom_mali_anthracnose_isabela_2003,1
A002994,experiment:prom_mali_anthracnose_isabela_2003,1
A002995,experiment:prom_mali_anthracnose_isabela_2003,1
A002996,experiment:prom_mali_anthracnose_isabela_2003,0
A002997,experiment:prom_mali_anthracnose_isabela_2003,1
A002998,experiment:prom_mali_anthracnose_isabela_2003,1
A002999,experiment:prom_mali_anthracnose_isabela_2003,0
A003000,experiment:prom_mali_anthracnose_isabela_2003,1
A003001,experiment:prom_mali_anthracnose_isabela_2003,0
A003002,experiment:prom_mali_anthracnose_isabela_2003,1
A003003,experiment:prom_mali_anthracnose_isabela_2003,1
A003004,experiment:prom_mali_anthracnose_isabela_2003,1
A003005,experiment:prom_mali_anthracnose_isabela_2003,1
A003006,experiment:prom_mali_anthracnose_isabela_2003,1
A003007,experiment:prom_mali_anthracnose_isabela_2003,1
A003008,experiment:prom_mali_anthracnose_isabela_2003,1
A003009,experiment:prom_mali_anthracnose_isabela_2003,1
A003010,experiment:prom_mali_anthracnose_isabela_2003,1
A003011,experiment:prom_mali_anthracnose_isabela_2003,0
A003012,experiment:prom_mali_anthracnose_isabela_2003,1
A003013,experiment:prom_mali_anthracnose_isabela_2003,1
A003014,experiment:prom_mali_anthracnose_isabela_2003,0
A003015,experiment:prom_mali_anthracnose_isabela_2003,0
A003016,experiment:prom_mali_anthracnose_isabela_2003,1
A003017,experiment:prom_mali_anthracnose_isabela_2003,1
A003022,experiment:prom_mali_anthracnose_isabela_2003,1
A003023,experiment:prom_mali_anthracnose_isabela_2003,1
A003026,experiment:prom_mali_anthracnose_isabela_2003,1
A003027,experiment:prom_mali_anthracnose_isabela_2003,1
A003028,experiment:prom_mali_anthracnose_isabela_2003,1
A003029,experiment:prom_mali_anthracnose_isabela_2003,1
A003031,experiment:prom_mali_anthracnose_isabela_2003,1
A003032,experiment:prom_mali_anthracnose_isabela_2003,1
A003033,experiment:prom_mali_anthracnose_isabela_2003,1
A003034,experiment:prom_mali_anthracnose_isabela_2003,1
A003035,experiment:prom_mali_anthracnose_isabela_2003,1
A003036,experiment:prom_mali_anthracnose_isabela_2003,1
A003037,experiment:prom_mali_anthracnose_isabela_2003,1
A003038,experiment:prom_mali_anthracnose_isabela_2003,1
A003039,experiment:prom_mali_anthracnose_isabela_2003,1
A003040,experiment:prom_mali_anthracnose_isabela_2003,1
A003041,experiment:prom_mali_anthracnose_isabela_2003,1
A003044,experiment:prom_mali_anthracnose_isabela_2003,1
A003049,experiment:prom_mali_anthracnose_isabela_2003,1
A003051,experiment:prom_mali_anthracnose_isabela_2003,1
A003076,experiment:prom_mali_anthracnose_isabela_2003,0
A003080,experiment:prom_mali_anthracnose_isabela_2003,0
A003081,experiment:prom_mali_anthracnose_isabela_2003,1
A003089,experiment:prom_mali_anthracnose_isabela_2003,1
A003095,experiment:prom_mali_anthracnose_isabela_2003,1
A003098,experiment:prom_mali_anthracnose_isabela_2003,1
A003100,experiment:prom_mali_anthracnose_isabela_2003,1
A003107,experiment:prom_mali_anthracnose_isabela_2003,0
A003108,experiment:prom_mali_anthracnose_isabela_2003,1
A003109,experiment:prom_mali_anthracnose_isabela_2003,1
A003110,experiment:prom_mali_anthracnose_isabela_2003,1
A003111,experiment:prom_mali_anthracnose_isabela_2003,1
A003112,experiment:prom_mali_anthracnose_isabela_2003,0
A003113,experiment:prom_mali_anthracnose_isabela_2003,1
A003114,experiment:prom_mali_anthracnose_isabela_2003,1
A003115,experiment:prom_mali_anthracnose_isabela_2003,1
A003116,experiment:prom_mali_anthracnose_isabela_2003,1
A003117,experiment:prom_mali_anthracnose_isabela_2003,1
A003118,experiment:prom_mali_anthracnose_isabela_2003,1
A003119,experiment:prom_mali_anthracnose_isabela_2003,1
A003120,experiment:prom_mali_anthracnose_isabela_2003,1
A003121,experiment:prom_mali_anthracnose_isabela_2003,1
A003122,experiment:prom_mali_anthracnose_isabela_2003,1
A003123,experiment:prom_mali_anthracnose_isabela_2003,1
A003124,experiment:prom_mali_anthracnose_isabela_2003,1
A003125,experiment:prom_mali_anthracnose_isabela_2003,0
A003126,experiment:prom_mali_anthracnose_isabela_2003,1
A003127,experiment:prom_mali_anthracnose_isabela_2003,1
A003128,experiment:prom_mali_anthracnose_isabela_2003,0
A003129,experiment:prom_mali_anthracnose_isabela_2003,1
A003130,experiment:prom_mali_anthracnose_isabela_2003,1
A003131,experiment:prom_mali_anthracnose_isabela_2003,0
A003132,experiment:prom_mali_anthracnose_isabela_2003,0
A003133,experiment:prom_mali_anthracnose_isabela_2003,1
A003134,experiment:prom_mali_anthracnose_isabela_2003,1
A003135,experiment:prom_mali_anthracnose_isabela_2003,1
A003136,experiment:prom_mali_anthracnose_isabela_2003,1
A003137,experiment:prom_mali_anthracnose_isabela_2003,1
A003138,experiment:prom_mali_anthracnose_isabela_2003,1
A003139,experiment:prom_mali_anthracnose_isabela_2003,1
A003140,experiment:prom_mali_anthracnose_isabela_2003,1
A003141,experiment:prom_mali_anthracnose_isabela_2003,1
A003142,experiment:prom_mali_anthracnose_isabela_2003,1
A003143,experiment:prom_mali_anthracnose_isabela_2003,1
A003144,experiment:prom_mali_anthracnose_isabela_2003,1
A003145,experiment:prom_mali_anthracnose_isabela_2003,1
A003146,experiment:prom_mali_anthracnose_isabela_2003,1
A003147,experiment:prom_mali_anthracnose_isabela_2003,1
A003148,experiment:prom_mali_anthracnose_isabela_2003,1
A003149,experiment:prom_mali_anthracnose_isabela_2003,1
A003150,experiment:prom_mali_anthracnose_isabela_2003,1
A003151,experiment:prom_mali_anthracnose_isabela_2003,0
A003152,experiment:prom_mali_anthracnose_isabela_2003,1
A003153,experiment:prom_mali_anthracnose_isabela_2003,1
A003154,experiment:prom_mali_anthracnose_isabela_2003,0
A003155,experiment:prom_mali_anthracnose_isabela_2003,1
A003156,experiment:prom_mali_anthracnose_isabela_2003,1
A003157,experiment:prom_mali_anthracnose_isabela_2003,1
A003158,experiment:prom_mali_anthracnose_isabela_2003,1
A003159,experiment:prom_mali_anthracnose_isabela_2003,0
A003160,experiment:prom_mali_anthracnose_isabela_2003,0
A003161,experiment:prom_mali_anthracnose_isabela_2003,1
A003162,experiment:prom_mali_anthracnose_isabela_2003,0
A003163,experiment:prom_mali_anthracnose_isabela_2003,1
A003164,experiment:prom_mali_anthracnose_isabela_2003,1
A003165,experiment:prom_mali_anthracnose_isabela_2003,1
A003166,experiment:prom_mali_anthracnose_isabela_2003,0
A003167,experiment:prom_mali_anthracnose_isabela_2003,0
A003168,experiment:prom_mali_anthracnose_isabela_2003,1
A003169,experiment:prom_mali_anthracnose_isabela_2003,1
A003170,experiment:prom_mali_anthracnose_isabela_2003,0
A003171,experiment:prom_mali_anthracnose_isabela_2003,1
A003172,experiment:prom_mali_anthracnose_isabela_2003,1
A003173,experiment:prom_mali_anthracnose_isabela_2003,0
A003174,experiment:prom_mali_anthracnose_isabela_2003,1
A003175,experiment:prom_mali_anthracnose_isabela_2003,1
A003176,experiment:prom_mali_anthracnose_isabela_2003,0
A003177,experiment:prom_mali_anthracnose_isabela_2003,1
A003178,experiment:prom_mali_anthracnose_isabela_2003,0
A003183,experiment:prom_mali_anthracnose_isabela_2003,1
A003184,experiment:prom_mali_anthracnose_isabela_2003,0
A003185,experiment:prom_mali_anthracnose_isabela_2003,0
A003186,experiment:prom_mali_anthracnose_isabela_2003,0
A003187,experiment:prom_mali_anthracnose_isabela_2003,0
A003188,experiment:prom_mali_anthracnose_isabela_2003,0
A003189,experiment:prom_mali_anthracnose_isabela_2003,1
A003190,experiment:prom_mali_anthracnose_isabela_2003,1
A003191,experiment:prom_mali_anthracnose_isabela_2003,0
A003192,experiment:prom_mali_anthracnose_isabela_2003,0
A003193,experiment:prom_mali_anthracnose_isabela_2003,1
A003194,experiment:prom_mali_anthracnose_isabela_2003,1
A003195,experiment:prom_mali_anthracnose_isabela_2003,1
A003196,experiment:prom_mali_anthracnose_isabela_2003,1
A003197,experiment:prom_mali_anthracnose_isabela_2003,1
A003198,experiment:prom_mali_anthracnose_isabela_2003,1
A003199,experiment:prom_mali_anthracnose_isabela_2003,0
A003200,experiment:prom_mali_anthracnose_isabela_2003,1
A003201,experiment:prom_mali_anthracnose_isabela_2003,1
A003202,experiment:prom_mali_anthracnose_isabela_2003,1
A003203,experiment:prom_mali_anthracnose_isabela_2003,0
A003204,experiment:prom_mali_anthracnose_isabela_2003,1
A003205,experiment:prom_mali_anthracnose_isabela_2003,1
A003206,experiment:prom_mali_anthracnose_isabela_2003,0
A003207,experiment:prom_mali_anthracnose_isabela_2003,1
A003208,experiment:prom_mali_anthracnose_isabela_2003,1
A003209,experiment:prom_mali_anthracnose_isabela_2003,1
A003210,experiment:prom_mali_anthracnose_isabela_2003,1
A003211,experiment:prom_mali_anthracnose_isabela_2003,1
A003212,experiment:prom_mali_anthracnose_isabela_2003,1
A003213,experiment:prom_mali_anthracnose_isabela_2003,1
A003214,experiment:prom_mali_anthracnose_isabela_2003,0
A003215,experiment:prom_mali_anthracnose_isabela_2003,1
A003216,experiment:prom_mali_anthracnose_isabela_2003,1
A003217,experiment:prom_mali_anthracnose_isabela_2003,0
A003218,experiment:prom_mali_anthracnose_isabela_2003,1
A003219,experiment:prom_mali_anthracnose_isabela_2003,1
A003220,experiment:prom_mali_anthracnose_isabela_2003,1
A003221,experiment:prom_mali_anthracnose_isabela_2003,1
A003222,experiment:prom_mali_anthracnose_isabela_2003,1
A003225,experiment:prom_mali_anthracnose_isabela_2003,1
A003227,experiment:prom_mali_anthracnose_isabela_2003,1
A003229,experiment:prom_mali_anthracnose_isabela_2003,1
A003230,experiment:prom_mali_anthracnose_isabela_2003,1
A003231,experiment:prom_mali_anthracnose_isabela_2003,1
A003232,experiment:prom_mali_anthracnose_isabela_2003,1
A003233,experiment:prom_mali_anthracnose_isabela_2003,1
A003234,experiment:prom_mali_anthracnose_isabela_2003,1
A003235,experiment:prom_mali_anthracnose_isabela_2003,1
A003236,experiment:prom_mali_anthracnose_isabela_2003,1
A003237,experiment:prom_mali_anthracnose_isabela_2003,0
A003238,experiment:prom_mali_anthracnose_isabela_2003,0
A003239,experiment:prom_mali_anthracnose_isabela_2003,1
A003240,experiment:prom_mali_anthracnose_isabela_2003,1
A003241,experiment:prom_mali_anthracnose_isabela_2003,1
A003242,experiment:prom_mali_anthracnose_isabela_2003,1
A003243,experiment:prom_mali_anthracnose_isabela_2003,1
A003244,experiment:prom_mali_anthracnose_isabela_2003,1
A003245,experiment:prom_mali_anthracnose_isabela_2003,1
A003246,experiment:prom_mali_anthracnose_isabela_2003,1
A003247,experiment:prom_mali_anthracnose_isabela_2003,1
A003248,experiment:prom_mali_anthracnose_isabela_2003,1
A003249,experiment:prom_mali_anthracnose_isabela_2003,1
A003250,experiment:prom_mali_anthracnose_isabela_2003,0
A003251,experiment:prom_mali_anthracnose_isabela_2003,1
A003252,experiment:prom_mali_anthracnose_isabela_2003,0
A003253,experiment:prom_mali_anthracnose_isabela_2003,1
A003254,experiment:prom_mali_anthracnose_isabela_2003,1
A003255,experiment:prom_mali_anthracnose_isabela_2003,1
A003256,experiment:prom_mali_anthracnose_isabela_2003,1
A003257,experiment:prom_mali_anthracnose_isabela_2003,1
A003258,experiment:prom_mali_anthracnose_isabela_2003,1
A003260,experiment:prom_mali_anthracnose_isabela_2003,1
A003261,experiment:prom_mali_anthracnose_isabela_2003,1
A003262,experiment:prom_mali_anthracnose_isabela_2003,1
A003263,experiment:prom_mali_anthracnose_isabela_2003,0
A003264,experiment:prom_mali_anthracnose_isabela_2003,1
A003265,experiment:prom_mali_anthracnose_isabela_2003,1
A003266,experiment:prom_mali_anthracnose_isabela_2003,1
A003267,experiment:prom_mali_anthracnose_isabela_2003,1
A003268,experiment:prom_mali_anthracnose_isabela_2003,1
A003269,experiment:prom_mali_anthracnose_isabela_2003,1
A003289,experiment:prom_mali_anthracnose_isabela_2003,1
A003292,experiment:prom_mali_anthracnose_isabela_2003,1
A003301,experiment:prom_mali_anthracnose_isabela_2003,1
A003325,experiment:prom_mali_anthracnose_isabela_2003,1
A003339,experiment:prom_mali_anthracnose_isabela_2003,1
A003340,experiment:prom_mali_anthracnose_isabela_2003,1
A003341,experiment:prom_mali_anthracnose_isabela_2003,1
A003342,experiment:prom_mali_anthracnose_isabela_2003,1
A003356,experiment:prom_mali_anthracnose_isabela_2003,0
A003357,experiment:prom_mali_anthracnose_isabela_2003,0
A003358,experiment:prom_mali_anthracnose_isabela_2003,0
A003359,experiment:prom_mali_anthracnose_isabela_2003,0
A003360,experiment:prom_mali_anthracnose_isabela_2003,1
A003361,experiment:prom_mali_anthracnose_isabela_2003,0
A003362,experiment:prom_mali_anthracnose_isabela_2003,1
A001654,experiment:prom_mozambique_anthracnose_isabela_2004,1
A001655,experiment:prom_mozambique_anthracnose_isabela_2004,0
A001656,experiment:prom_mozambique_anthracnose_isabela_2004,1
A001657,experiment:prom_mozambique_anthracnose_isabela_2004,0
A001658,experiment:prom_mozambique_anthracnose_isabela_2004,1
A001659,experiment:prom_mozambique_anthracnose_isabela_2004,0
A001660,experiment:prom_mozambique_anthracnose_isabela_2004,1
A001661,experiment:prom_mozambique_anthracnose_isabela_2004,1
A001662,experiment:prom_mozambique_anthracnose_isabela_2004,1
A001663,experiment:prom_mozambique_anthracnose_isabela_2004,0
A001664,experiment:prom_mozambique_anthracnose_isabela_2004,1
A001665,experiment:prom_mozambique_anthracnose_isabela_2004,0
A001666,experiment:prom_mozambique_anthracnose_isabela_2004,0
A001667,experiment:prom_mozambique_anthracnose_isabela_2004,0
A001668,experiment:prom_mozambique_anthracnose_isabela_2004,1
A001669,experiment:prom_mozambique_anthracnose_isabela_2004,1
A001670,experiment:prom_mozambique_anthracnose_isabela_2004,0
A001671,experiment:prom_mozambique_anthracnose_isabela_2004,0
A001672,experiment:prom_mozambique_anthracnose_isabela_2004,0
A001673,experiment:prom_mozambique_anthracnose_isabela_2004,1
A001674,experiment:prom_mozambique_anthracnose_isabela_2004,1
A001675,experiment:prom_mozambique_anthracnose_isabela_2004,1
A001435,experiment:prom_sap_grain_mold_texas_2020,0
A001611,experiment:prom_sap_grain_mold_texas_2020,0
A001745,experiment:prom_sap_grain_mold_texas_2020,0
A002193,experiment:prom_sap_grain_mold_texas_2020,0
A002194,experiment:prom_sap_grain_mold_texas_2020,0
A002196,experiment:prom_sap_grain_mold_texas_2020,0
A002197,experiment:prom_sap_grain_mold_texas_2020,0
A002198,experiment:prom_sap_grain_mold_texas_2020,0
A002199,experiment:prom_sap_grain_mold_texas_2020,0
A002200,experiment:prom_sap_grain_mold_texas_2020,0
A002201,experiment:prom_sap_grain_mold_texas_2020,0
A002202,experiment:prom_sap_grain_mold_texas_2020,0
A002203,experiment:prom_sap_grain_mold_texas_2020,0
A002204,experiment:prom_sap_grain_mold_texas_2020,0
A002205,experiment:prom_sap_grain_mold_texas_2020,0
A002207,experiment:prom_sap_grain_mold_texas_2020,0
A002209,experiment:prom_sap_grain_mold_texas_2020,0
A002210,experiment:prom_sap_grain_mold_texas_2020,0
A002211,experiment:prom_sap_grain_mold_texas_2020,0
A002212,experiment:prom_sap_grain_mold_texas_2020,0
A002214,experiment:prom_sap_grain_mold_texas_2020,0
A002216,experiment:prom_sap_grain_mold_texas_2020,0
A002217,experiment:prom_sap_grain_mold_texas_2020,0
A002218,experiment:prom_sap_grain_mold_texas_2020,0
A002221,experiment:prom_sap_grain_mold_texas_2020,0
A002222,experiment:prom_sap_grain_mold_texas_2020,0
A002226,experiment:prom_sap_grain_mold_texas_2020,0
A002227,experiment:prom_sap_grain_mold_texas_2020,0
A002229,experiment:prom_sap_grain_mold_texas_2020,0
A002231,experiment:prom_sap_grain_mold_texas_2020,0
A002235,experiment:prom_sap_grain_mold_texas_2020,0
A002236,experiment:prom_sap_grain_mold_texas_2020,0
A002238,experiment:prom_sap_grain_mold_texas_2020,0
A002239,experiment:prom_sap_grain_mold_texas_2020,0
A002240,experiment:prom_sap_grain_mold_texas_2020,0
A002241,experiment:prom_sap_grain_mold_texas_2020,1
A002242,experiment:prom_sap_grain_mold_texas_2020,0
A002243,experiment:prom_sap_grain_mold_texas_2020,0
A002245,experiment:prom_sap_grain_mold_texas_2020,0
A002250,experiment:prom_sap_grain_mold_texas_2020,0
A002251,experiment:prom_sap_grain_mold_texas_2020,0
A002254,experiment:prom_sap_grain_mold_texas_2020,0
A002255,experiment:prom_sap_grain_mold_texas_2020,0
A002256,experiment:prom_sap_grain_mold_texas_2020,0
A002257,experiment:prom_sap_grain_mold_texas_2020,0
A002260,experiment:prom_sap_grain_mold_texas_2020,0
A002265,experiment:prom_sap_grain_mold_texas_2020,0
A002267,experiment:prom_sap_grain_mold_texas_2020,0
A002268,experiment:prom_sap_grain_mold_texas_2020,0
A002269,experiment:prom_sap_grain_mold_texas_2020,0
A002270,experiment:prom_sap_grain_mold_texas_2020,0
A002271,experiment:prom_sap_grain_mold_texas_2020,0
A002272,experiment:prom_sap_grain_mold_texas_2020,0
A002276,experiment:prom_sap_grain_mold_texas_2020,0
A002277,experiment:prom_sap_grain_mold_texas_2020,0
A002278,experiment:prom_sap_grain_mold_texas_2020,0
A002279,experiment:prom_sap_grain_mold_texas_2020,0
A002280,experiment:prom_sap_grain_mold_texas_2020,0
A002281,experiment:prom_sap_grain_mold_texas_2020,0
A002282,experiment:prom_sap_grain_mold_texas_2020,0
A002283,experiment:prom_sap_grain_mold_texas_2020,0
A002284,experiment:prom_sap_grain_mold_texas_2020,0
A002285,experiment:prom_sap_grain_mold_texas_2020,0
A002287,experiment:prom_sap_grain_mold_texas_2020,0
A002288,experiment:prom_sap_grain_mold_texas_2020,0
A002289,experiment:prom_sap_grain_mold_texas_2020,0
A002292,experiment:prom_sap_grain_mold_texas_2020,0
A002293,experiment:prom_sap_grain_mold_texas_2020,0
A002294,experiment:prom_sap_grain_mold_texas_2020,0
A002295,experiment:prom_sap_grain_mold_texas_2020,0
A002296,experiment:prom_sap_grain_mold_texas_2020,0
A002298,experiment:prom_sap_grain_mold_texas_2020,0
A002299,experiment:prom_sap_grain_mold_texas_2020,0
A002300,experiment:prom_sap_grain_mold_texas_2020,0
A002302,experiment:prom_sap_grain_mold_texas_2020,0
A002304,experiment:prom_sap_grain_mold_texas_2020,0
A002306,experiment:prom_sap_grain_mold_texas_2020,0
A002307,experiment:prom_sap_grain_mold_texas_2020,0
A002312,experiment:prom_sap_grain_mold_texas_2020,0
A002313,experiment:prom_sap_grain_mold_texas_2020,0
A002315,experiment:prom_sap_grain_mold_texas_2020,0
A002317,experiment:prom_sap_grain_mold_texas_2020,0
A002318,experiment:prom_sap_grain_mold_texas_2020,0
A002319,experiment:prom_sap_grain_mold_texas_2020,0
A002320,experiment:prom_sap_grain_mold_texas_2020,0
A002321,experiment:prom_sap_grain_mold_texas_2020,0
A002322,experiment:prom_sap_grain_mold_texas_2020,0
A002323,experiment:prom_sap_grain_mold_texas_2020,0
A002324,experiment:prom_sap_grain_mold_texas_2020,0
A002325,experiment:prom_sap_grain_mold_texas_2020,0
A002326,experiment:prom_sap_grain_mold_texas_2020,0
A002327,experiment:prom_sap_grain_mold_texas_2020,0
A002328,experiment:prom_sap_grain_mold_texas_2020,0
A002329,experiment:prom_sap_grain_mold_texas_2020,0
A002330,experiment:prom_sap_grain_mold_texas_2020,0
A002331,experiment:prom_sap_grain_mold_texas_2020,0
A002332,experiment:prom_sap_grain_mold_texas_2020,0
A002335,experiment:prom_sap_grain_mold_texas_2020,0
A002336,experiment:prom_sap_grain_mold_texas_2020,0
A002337,experiment:prom_sap_grain_mold_texas_2020,0
A002338,experiment:prom_sap_grain_mold_texas_2020,0
A002340,experiment:prom_sap_grain_mold_texas_2020,0
A002344,experiment:prom_sap_grain_mold_texas_2020,0
A002346,experiment:prom_sap_grain_mold_texas_2020,0
A002347,experiment:prom_sap_grain_mold_texas_2020,0
A002348,experiment:prom_sap_grain_mold_texas_2020,0
A002350,experiment:prom_sap_grain_mold_texas_2020,0
A002353,experiment:prom_sap_grain_mold_texas_2020,0
A002354,experiment:prom_sap_grain_mold_texas_2020,0
A002358,experiment:prom_sap_grain_mold_texas_2020,0
A002364,experiment:prom_sap_grain_mold_texas_2020,0
A002366,experiment:prom_sap_grain_mold_texas_2020,0
A002369,experiment:prom_sap_grain_mold_texas_2020,0
A002370,experiment:prom_sap_grain_mold_texas_2020,0
A002371,experiment:prom_sap_grain_mold_texas_2020,0
A002372,experiment:prom_sap_grain_mold_texas_2020,0
A002374,experiment:prom_sap_grain_mold_texas_2020,0
A002375,experiment:prom_sap_grain_mold_texas_2020,0
A002448,experiment:prom_sap_grain_mold_texas_2020,0
A002449,experiment:prom_sap_grain_mold_texas_2020,0
A002765,experiment:prom_sap_grain_mold_texas_2020,1
A002766,experiment:prom_sap_grain_mold_texas_2020,0
A002767,experiment:prom_sap_grain_mold_texas_2020,0
A002769,experiment:prom_sap_grain_mold_texas_2020,0
A002770,experiment:prom_sap_grain_mold_texas_2020,0
A002773,experiment:prom_sap_grain_mold_texas_2020,0
A002774,experiment:prom_sap_grain_mold_texas_2020,0
A002775,experiment:prom_sap_grain_mold_texas_2020,0
A002776,experiment:prom_sap_grain_mold_texas_2020,0
A002778,experiment:prom_sap_grain_mold_texas_2020,0
A002779,experiment:prom_sap_grain_mold_texas_2020,0
A002781,experiment:prom_sap_grain_mold_texas_2020,0
A002782,experiment:prom_sap_grain_mold_texas_2020,0
A002784,experiment:prom_sap_grain_mold_texas_2020,0
A002785,experiment:prom_sap_grain_mold_texas_2020,0
A002788,experiment:prom_sap_grain_mold_texas_2020,0
A002789,experiment:prom_sap_grain_mold_texas_2020,0
A002790,experiment:prom_sap_grain_mold_texas_2020,0
A002791,experiment:prom_sap_grain_mold_texas_2020,0
A002792,experiment:prom_sap_grain_mold_texas_2020,0
A002793,experiment:prom_sap_grain_mold_texas_2020,0
A002794,experiment:prom_sap_grain_mold_texas_2020,0
A002795,experiment:prom_sap_grain_mold_texas_2020,0
A002796,experiment:prom_sap_grain_mold_texas_2020,0
A002797,experiment:prom_sap_grain_mold_texas_2020,0
A002801,experiment:prom_sap_grain_mold_texas_2020,0
A002802,experiment:prom_sap_grain_mold_texas_2020,0
A002803,experiment:prom_sap_grain_mold_texas_2020,0
A002804,experiment:prom_sap_grain_mold_texas_2020,0
A002807,experiment:prom_sap_grain_mold_texas_2020,0
A002809,experiment:prom_sap_grain_mold_texas_2020,0
A002816,experiment:prom_sap_grain_mold_texas_2020,0
A002817,experiment:prom_sap_grain_mold_texas_2020,0
A002950,experiment:prom_sap_grain_mold_texas_2020,0
A002951,experiment:prom_sap_grain_mold_texas_2020,0
A002953,experiment:prom_sap_grain_mold_texas_2020,0
A002954,experiment:prom_sap_grain_mold_texas_2020,0
A002955,experiment:prom_sap_grain_mold_texas_2020,0
A002956,experiment:prom_sap_grain_mold_texas_2020,0
A002957,experiment:prom_sap_grain_mold_texas_2020,0
A002958,experiment:prom_sap_grain_mold_texas_2020,0
A002959,experiment:prom_sap_grain_mold_texas_2020,0
A002960,experiment:prom_sap_grain_mold_texas_2020,0
A002961,experiment:prom_sap_grain_mold_texas_2020,0
A002962,experiment:prom_sap_grain_mold_texas_2020,0
A002963,experiment:prom_sap_grain_mold_texas_2020,0
A002964,experiment:prom_sap_grain_mold_texas_2020,0
A002965,experiment:prom_sap_grain_mold_texas_2020,0
A002966,experiment:prom_sap_grain_mold_texas_2020,0
A002967,experiment:prom_sap_grain_mold_texas_2020,0
A002968,experiment:prom_sap_grain_mold_texas_2020,0
A002970,experiment:prom_sap_grain_mold_texas_2020,0
A002971,experiment:prom_sap_grain_mold_texas_2020,0
A002972,experiment:prom_sap_grain_mold_texas_2020,0
A002974,experiment:prom_sap_grain_mold_texas_2020,0
A002975,experiment:prom_sap_grain_mold_texas_2020,0
A002976,experiment:prom_sap_grain_mold_texas_2020,0
A002978,experiment:prom_sap_grain_mold_texas_2020,0
A002980,experiment:prom_sap_grain_mold_texas_2020,0
A002981,experiment:prom_sap_grain_mold_texas_2020,0
A002983,experiment:prom_sap_grain_mold_texas_2020,0
A002984,experiment:prom_sap_grain_mold_texas_2020,0
A002985,experiment:prom_sap_grain_mold_texas_2020,0
A002986,experiment:prom_sap_grain_mold_texas_2020,0
A002987,experiment:prom_sap_grain_mold_texas_2020,0
A002989,experiment:prom_sap_grain_mold_texas_2020,0
A003363,experiment:prom_sap_grain_mold_texas_2020,0
A003365,experiment:prom_sap_grain_mold_texas_2020,0
A003366,experiment:prom_sap_grain_mold_texas_2020,0
A003367,experiment:prom_sap_grain_mold_texas_2020,0
A003379,experiment:prom_sap_grain_mold_texas_2020,0
A003399,experiment:prom_sap_grain_mold_texas_2020,0
A003400,experiment:prom_sap_grain_mold_texas_2020,0
A003476,experiment:prom_sap_grain_mold_texas_2020,0
A003477,experiment:prom_sap_grain_mold_texas_2020,0
A003479,experiment:prom_sap_grain_mold_texas_2020,0
A003481,experiment:prom_sap_grain_mold_texas_2020,0
A003483,experiment:prom_sap_grain_mold_texas_2020,0
A003484,experiment:prom_sap_grain_mold_texas_2020,0
A003485,experiment:prom_sap_grain_mold_texas_2020,0
A003487,experiment:prom_sap_grain_mold_texas_2020,0
A003488,experiment:prom_sap_grain_mold_texas_2020,0
A003489,experiment:prom_sap_grain_mold_texas_2020,0
A003490,experiment:prom_sap_grain_mold_texas_2020,0
A003491,experiment:prom_sap_grain_mold_texas_2020,0
A003492,experiment:prom_sap_grain_mold_texas_2020,0
A003494,experiment:prom_sap_grain_mold_texas_2020,0
A003496,experiment:prom_sap_grain_mold_texas_2020,0
A003497,experiment:prom_sap_grain_mold_texas_2020,0
A003498,experiment:prom_sap_grain_mold_texas_2020,0
A003499,experiment:prom_sap_grain_mold_texas_2020,0
A003500,experiment:prom_sap_grain_mold_texas_2020,0
A003501,experiment:prom_sap_grain_mold_texas_2020,0
A003502,experiment:prom_sap_grain_mold_texas_2020,0
A003503,experiment:prom_sap_grain_mold_texas_2020,0
A003504,experiment:prom_sap_grain_mold_texas_2020,0
A003505,experiment:prom_sap_grain_mold_texas_2020,0
A003506,experiment:prom_sap_grain_mold_texas_2020,0
A003507,experiment:prom_sap_grain_mold_texas_2020,0
A003508,experiment:prom_sap_grain_mold_texas_2020,0
A003509,experiment:prom_sap_grain_mold_texas_2020,0
A003510,experiment:prom_sap_grain_mold_texas_2020,0
A003511,experiment:prom_sap_grain_mold_texas_2020,0
A003513,experiment:prom_sap_grain_mold_texas_2020,0
A003514,experiment:prom_sap_grain_mold_texas_2020,0
A003520,experiment:prom_sap_grain_mold_texas_2020,0
A003521,experiment:prom_sap_grain_mold_texas_2020,0
A003522,experiment:prom_sap_grain_mold_texas_2020,0
A003523,experiment:prom_sap_grain_mold_texas_2020,0
A003524,experiment:prom_sap_grain_mold_texas_2020,0
A003525,experiment:prom_sap_grain_mold_texas_2020,0
A003526,experiment:prom_sap_grain_mold_texas_2020,0
A003528,experiment:prom_sap_grain_mold_texas_2020,0
A003529,experiment:prom_sap_grain_mold_texas_2020,0
A003531,experiment:prom_sap_grain_mold_texas_2020,0
A003532,experiment:prom_sap_grain_mold_texas_2020,0
A003533,experiment:prom_sap_grain_mold_texas_2020,0
A003534,experiment:prom_sap_grain_mold_texas_2020,0
A003535,experiment:prom_sap_grain_mold_texas_2020,0
A003536,experiment:prom_sap_grain_mold_texas_2020,0
A003537,experiment:prom_sap_grain_mold_texas_2020,0
A003538,experiment:prom_sap_grain_mold_texas_2020,0
A003539,experiment:prom_sap_grain_mold_texas_2020,0
A003540,experiment:prom_sap_grain_mold_texas_2020,0
A003541,experiment:prom_sap_grain_mold_texas_2020,0
A003542,experiment:prom_sap_grain_mold_texas_2020,0
A003543,experiment:prom_sap_grain_mold_texas_2020,0
A003544,experiment:prom_sap_grain_mold_texas_2020,0
A003545,experiment:prom_sap_grain_mold_texas_2020,1
A003546,experiment:prom_sap_grain_mold_texas_2020,0
A003547,experiment:prom_sap_grain_mold_texas_2020,0
A003550,experiment:prom_sap_grain_mold_texas_2020,0
A003551,experiment:prom_sap_grain_mold_texas_2020,0
A003552,experiment:prom_sap_grain_mold_texas_2020,0
A003553,experiment:prom_sap_grain_mold_texas_2020,0
A003554,experiment:prom_sap_grain_mold_texas_2020,0
A003555,experiment:prom_sap_grain_mold_texas_2020,0
A003556,experiment:prom_sap_grain_mold_texas_2020,0
A003557,experiment:prom_sap_grain_mold_texas_2020,0
A003558,experiment:prom_sap_grain_mold_texas_2020,0
A003559,experiment:prom_sap_grain_mold_texas_2020,0
A003560,experiment:prom_sap_grain_mold_texas_2020,0
A003561,experiment:prom_sap_grain_mold_texas_2020,0
A003563,experiment:prom_sap_grain_mold_texas_2020,0
A003564,experiment:prom_sap_grain_mold_texas_2020,0
A003566,experiment:prom_sap_grain_mold_texas_2020,0
A003567,experiment:prom_sap_grain_mold_texas_2020,0
A003578,experiment:prom_sap_grain_mold_texas_2020,0
A003579,experiment:prom_sap_grain_mold_texas_2020,0
A003580,experiment:prom_sap_grain_mold_texas_2020,0
A003582,experiment:prom_sap_grain_mold_texas_2020,0
A003583,experiment:prom_sap_grain_mold_texas_2020,0
A003584,experiment:prom_sap_grain_mold_texas_2020,0
A003585,experiment:prom_sap_grain_mold_texas_2020,0
A003586,experiment:prom_sap_grain_mold_texas_2020,0
A003587,experiment:prom_sap_grain_mold_texas_2020,0
A003588,experiment:prom_sap_grain_mold_texas_2020,0
A003589,experiment:prom_sap_grain_mold_texas_2020,0
A003590,experiment:prom_sap_grain_mold_texas_2020,0
A003591,experiment:prom_sap_grain_mold_texas_2020,0
A003592,experiment:prom_sap_grain_mold_texas_2020,0
A003593,experiment:prom_sap_grain_mold_texas_2020,0
A003594,experiment:prom_sap_grain_mold_texas_2020,0
A003595,experiment:prom_sap_grain_mold_texas_2020,0
A003596,experiment:prom_sap_grain_mold_texas_2020,0
A003597,experiment:prom_sap_grain_mold_texas_2020,0
A003598,experiment:prom_sap_grain_mold_texas_2020,0
A003599,experiment:prom_sap_grain_mold_texas_2020,0
A003600,experiment:prom_sap_grain_mold_texas_2020,0
A003601,experiment:prom_sap_grain_mold_texas_2020,0
A003602,experiment:prom_sap_grain_mold_texas_2020,0
A003603,experiment:prom_sap_grain_mold_texas_2020,0
A003604,experiment:prom_sap_grain_mold_texas_2020,0
A003606,experiment:prom_sap_grain_mold_texas_2020,0
A003607,experiment:prom_sap_grain_mold_texas_2020,0
A003608,experiment:prom_sap_grain_mold_texas_2020,0
A003609,experiment:prom_sap_grain_mold_texas_2020,0
A003610,experiment:prom_sap_grain_mold_texas_2020,0
A003611,experiment:prom_sap_grain_mold_texas_2020,0
A003612,experiment:prom_sap_grain_mold_texas_2020,0
A003613,experiment:prom_sap_grain_mold_texas_2020,0
A003614,experiment:prom_sap_grain_mold_texas_2020,0
A003615,experiment:prom_sap_grain_mold_texas_2020,0
A003616,experiment:prom_sap_grain_mold_texas_2020,0
A003617,experiment:prom_sap_grain_mold_texas_2020,0
A003618,experiment:prom_sap_grain_mold_texas_2020,0
A001515,experiment:prom_sap_head_smut_p5_p6_2021,1
A001593,experiment:prom_sap_head_smut_p5_p6_2021,1
A001613,experiment:prom_sap_head_smut_p5_p6_2021,1
A002193,experiment:prom_sap_head_smut_p5_p6_2021,0
A002196,experiment:prom_sap_head_smut_p5_p6_2021,1
A002197,experiment:prom_sap_head_smut_p5_p6_2021,1
A002204,experiment:prom_sap_head_smut_p5_p6_2021,1
A002209,experiment:prom_sap_head_smut_p5_p6_2021,0
A002210,experiment:prom_sap_head_smut_p5_p6_2021,0
A002211,experiment:prom_sap_head_smut_p5_p6_2021,1
A002221,experiment:prom_sap_head_smut_p5_p6_2021,1
A002227,experiment:prom_sap_head_smut_p5_p6_2021,0
A002229,experiment:prom_sap_head_smut_p5_p6_2021,1
A002235,experiment:prom_sap_head_smut_p5_p6_2021,1
A002238,experiment:prom_sap_head_smut_p5_p6_2021,0
A002240,experiment:prom_sap_head_smut_p5_p6_2021,1
A002241,experiment:prom_sap_head_smut_p5_p6_2021,0
A002257,experiment:prom_sap_head_smut_p5_p6_2021,1
A002260,experiment:prom_sap_head_smut_p5_p6_2021,1
A002265,experiment:prom_sap_head_smut_p5_p6_2021,1
A002279,experiment:prom_sap_head_smut_p5_p6_2021,0
A002282,experiment:prom_sap_head_smut_p5_p6_2021,1
A002287,experiment:prom_sap_head_smut_p5_p6_2021,1
A002289,experiment:prom_sap_head_smut_p5_p6_2021,1
A002302,experiment:prom_sap_head_smut_p5_p6_2021,0
A002317,experiment:prom_sap_head_smut_p5_p6_2021,1
A002329,experiment:prom_sap_head_smut_p5_p6_2021,0
A002335,experiment:prom_sap_head_smut_p5_p6_2021,1
A002348,experiment:prom_sap_head_smut_p5_p6_2021,1
A002358,experiment:prom_sap_head_smut_p5_p6_2021,0
A002449,experiment:prom_sap_head_smut_p5_p6_2021,1
A002807,experiment:prom_sap_head_smut_p5_p6_2021,1
A002809,experiment:prom_sap_head_smut_p5_p6_2021,1
A002971,experiment:prom_sap_head_smut_p5_p6_2021,1
A002976,experiment:prom_sap_head_smut_p5_p6_2021,0
A002985,experiment:prom_sap_head_smut_p5_p6_2021,1
A003400,experiment:prom_sap_head_smut_p5_p6_2021,1
A003476,experiment:prom_sap_head_smut_p5_p6_2021,1
A003477,experiment:prom_sap_head_smut_p5_p6_2021,1
A003489,experiment:prom_sap_head_smut_p5_p6_2021,0
A003491,experiment:prom_sap_head_smut_p5_p6_2021,0
A003497,experiment:prom_sap_head_smut_p5_p6_2021,0
A003499,experiment:prom_sap_head_smut_p5_p6_2021,1
A003505,experiment:prom_sap_head_smut_p5_p6_2021,0
A003506,experiment:prom_sap_head_smut_p5_p6_2021,1
A003509,experiment:prom_sap_head_smut_p5_p6_2021,1
A003512,experiment:prom_sap_head_smut_p5_p6_2021,0
A003520,experiment:prom_sap_head_smut_p5_p6_2021,1
A003524,experiment:prom_sap_head_smut_p5_p6_2021,1
A003525,experiment:prom_sap_head_smut_p5_p6_2021,1
A003528,experiment:prom_sap_head_smut_p5_p6_2021,1
A003529,experiment:prom_sap_head_smut_p5_p6_2021,1
A003531,experiment:prom_sap_head_smut_p5_p6_2021,1
A003534,experiment:prom_sap_head_smut_p5_p6_2021,1
A003542,experiment:prom_sap_head_smut_p5_p6_2021,1
A003556,experiment:prom_sap_head_smut_p5_p6_2021,1
A003563,experiment:prom_sap_head_smut_p5_p6_2021,1
A003565,experiment:prom_sap_head_smut_p5_p6_2021,1
A003579,experiment:prom_sap_head_smut_p5_p6_2021,1
A003582,experiment:prom_sap_head_smut_p5_p6_2021,1
A003586,experiment:prom_sap_head_smut_p5_p6_2021,0
A003590,experiment:prom_sap_head_smut_p5_p6_2021,1
A003597,experiment:prom_sap_head_smut_p5_p6_2021,1
A003598,experiment:prom_sap_head_smut_p5_p6_2021,1
A003606,experiment:prom_sap_head_smut_p5_p6_2021,0
A003607,experiment:prom_sap_head_smut_p5_p6_2021,1
A003608,experiment:prom_sap_head_smut_p5_p6_2021,1
A001435,experiment:prom_sap_texas_anthracnose_2019,0
A001515,experiment:prom_sap_texas_anthracnose_2019,0
A001543,experiment:prom_sap_texas_anthracnose_2019,1
A001593,experiment:prom_sap_texas_anthracnose_2019,0
A001594,experiment:prom_sap_texas_anthracnose_2019,0
A001611,experiment:prom_sap_texas_anthracnose_2019,1
A001613,experiment:prom_sap_texas_anthracnose_2019,0
A001745,experiment:prom_sap_texas_anthracnose_2019,0
A002193,experiment:prom_sap_texas_anthracnose_2019,1
A002194,experiment:prom_sap_texas_anthracnose_2019,0
A002196,experiment:prom_sap_texas_anthracnose_2019,0
A002197,experiment:prom_sap_texas_anthracnose_2019,0
A002198,experiment:prom_sap_texas_anthracnose_2019,0
A002199,experiment:prom_sap_texas_anthracnose_2019,0
A002200,experiment:prom_sap_texas_anthracnose_2019,1
A002201,experiment:prom_sap_texas_anthracnose_2019,0
A002202,experiment:prom_sap_texas_anthracnose_2019,0
A002203,experiment:prom_sap_texas_anthracnose_2019,0
A002204,experiment:prom_sap_texas_anthracnose_2019,0
A002205,experiment:prom_sap_texas_anthracnose_2019,0
A002207,experiment:prom_sap_texas_anthracnose_2019,0
A002209,experiment:prom_sap_texas_anthracnose_2019,0
A002210,experiment:prom_sap_texas_anthracnose_2019,0
A002211,experiment:prom_sap_texas_anthracnose_2019,0
A002212,experiment:prom_sap_texas_anthracnose_2019,0
A002214,experiment:prom_sap_texas_anthracnose_2019,0
A002216,experiment:prom_sap_texas_anthracnose_2019,0
A002217,experiment:prom_sap_texas_anthracnose_2019,0
A002218,experiment:prom_sap_texas_anthracnose_2019,0
A002221,experiment:prom_sap_texas_anthracnose_2019,1
A002222,experiment:prom_sap_texas_anthracnose_2019,1
A002225,experiment:prom_sap_texas_anthracnose_2019,0
A002226,experiment:prom_sap_texas_anthracnose_2019,0
A002227,experiment:prom_sap_texas_anthracnose_2019,0
A002229,experiment:prom_sap_texas_anthracnose_2019,0
A002231,experiment:prom_sap_texas_anthracnose_2019,0
A002235,experiment:prom_sap_texas_anthracnose_2019,0
A002236,experiment:prom_sap_texas_anthracnose_2019,0
A002238,experiment:prom_sap_texas_anthracnose_2019,0
A002239,experiment:prom_sap_texas_anthracnose_2019,0
A002240,experiment:prom_sap_texas_anthracnose_2019,1
A002241,experiment:prom_sap_texas_anthracnose_2019,1
A002242,experiment:prom_sap_texas_anthracnose_2019,1
A002243,experiment:prom_sap_texas_anthracnose_2019,0
A002245,experiment:prom_sap_texas_anthracnose_2019,1
A002250,experiment:prom_sap_texas_anthracnose_2019,0
A002251,experiment:prom_sap_texas_anthracnose_2019,0
A002254,experiment:prom_sap_texas_anthracnose_2019,0
A002255,experiment:prom_sap_texas_anthracnose_2019,1
A002256,experiment:prom_sap_texas_anthracnose_2019,0
A002257,experiment:prom_sap_texas_anthracnose_2019,0
A002258,experiment:prom_sap_texas_anthracnose_2019,1
A002260,experiment:prom_sap_texas_anthracnose_2019,1
A002262,experiment:prom_sap_texas_anthracnose_2019,0
A002265,experiment:prom_sap_texas_anthracnose_2019,1
A002267,experiment:prom_sap_texas_anthracnose_2019,0
A002268,experiment:prom_sap_texas_anthracnose_2019,0
A002269,experiment:prom_sap_texas_anthracnose_2019,1
A002270,experiment:prom_sap_texas_anthracnose_2019,0
A002271,experiment:prom_sap_texas_anthracnose_2019,0
A002272,experiment:prom_sap_texas_anthracnose_2019,0
A002273,experiment:prom_sap_texas_anthracnose_2019,0
A002276,experiment:prom_sap_texas_anthracnose_2019,0
A002277,experiment:prom_sap_texas_anthracnose_2019,0
A002278,experiment:prom_sap_texas_anthracnose_2019,0
A002279,experiment:prom_sap_texas_anthracnose_2019,0
A002280,experiment:prom_sap_texas_anthracnose_2019,1
A002281,experiment:prom_sap_texas_anthracnose_2019,0
A002282,experiment:prom_sap_texas_anthracnose_2019,1
A002283,experiment:prom_sap_texas_anthracnose_2019,0
A002284,experiment:prom_sap_texas_anthracnose_2019,0
A002285,experiment:prom_sap_texas_anthracnose_2019,0
A002287,experiment:prom_sap_texas_anthracnose_2019,0
A002288,experiment:prom_sap_texas_anthracnose_2019,0
A002289,experiment:prom_sap_texas_anthracnose_2019,0
A002291,experiment:prom_sap_texas_anthracnose_2019,0
A002292,experiment:prom_sap_texas_anthracnose_2019,0
A002293,experiment:prom_sap_texas_anthracnose_2019,0
A002294,experiment:prom_sap_texas_anthracnose_2019,0
A002295,experiment:prom_sap_texas_anthracnose_2019,0
A002296,experiment:prom_sap_texas_anthracnose_2019,0
A002298,experiment:prom_sap_texas_anthracnose_2019,0
A002299,experiment:prom_sap_texas_anthracnose_2019,0
A002300,experiment:prom_sap_texas_anthracnose_2019,0
A002302,experiment:prom_sap_texas_anthracnose_2019,0
A002304,experiment:prom_sap_texas_anthracnose_2019,0
A002306,experiment:prom_sap_texas_anthracnose_2019,0
A002307,experiment:prom_sap_texas_anthracnose_2019,1
A002309,experiment:prom_sap_texas_anthracnose_2019,0
A002312,experiment:prom_sap_texas_anthracnose_2019,0
A002313,experiment:prom_sap_texas_anthracnose_2019,0
A002315,experiment:prom_sap_texas_anthracnose_2019,0
A002317,experiment:prom_sap_texas_anthracnose_2019,0
A002318,experiment:prom_sap_texas_anthracnose_2019,0
A002319,experiment:prom_sap_texas_anthracnose_2019,0
A002320,experiment:prom_sap_texas_anthracnose_2019,0
A002321,experiment:prom_sap_texas_anthracnose_2019,0
A002322,experiment:prom_sap_texas_anthracnose_2019,0
A002323,experiment:prom_sap_texas_anthracnose_2019,0
A002324,experiment:prom_sap_texas_anthracnose_2019,1
A002325,experiment:prom_sap_texas_anthracnose_2019,0
A002326,experiment:prom_sap_texas_anthracnose_2019,0
A002327,experiment:prom_sap_texas_anthracnose_2019,0
A002328,experiment:prom_sap_texas_anthracnose_2019,0
A002329,experiment:prom_sap_texas_anthracnose_2019,1
A002330,experiment:prom_sap_texas_anthracnose_2019,0
A002331,experiment:prom_sap_texas_anthracnose_2019,0
A002332,experiment:prom_sap_texas_anthracnose_2019,1
A002335,experiment:prom_sap_texas_anthracnose_2019,0
A002336,experiment:prom_sap_texas_anthracnose_2019,1
A002337,experiment:prom_sap_texas_anthracnose_2019,0
A002338,experiment:prom_sap_texas_anthracnose_2019,0
A002340,experiment:prom_sap_texas_anthracnose_2019,0
A002341,experiment:prom_sap_texas_anthracnose_2019,0
A002343,experiment:prom_sap_texas_anthracnose_2019,0
A002344,experiment:prom_sap_texas_anthracnose_2019,0
A002346,experiment:prom_sap_texas_anthracnose_2019,0
A002347,experiment:prom_sap_texas_anthracnose_2019,1
A002348,experiment:prom_sap_texas_anthracnose_2019,1
A002350,experiment:prom_sap_texas_anthracnose_2019,0
A002353,experiment:prom_sap_texas_anthracnose_2019,1
A002354,experiment:prom_sap_texas_anthracnose_2019,0
A002358,experiment:prom_sap_texas_anthracnose_2019,0
A002364,experiment:prom_sap_texas_anthracnose_2019,0
A002365,experiment:prom_sap_texas_anthracnose_2019,0
A002366,experiment:prom_sap_texas_anthracnose_2019,0
A002369,experiment:prom_sap_texas_anthracnose_2019,0
A002370,experiment:prom_sap_texas_anthracnose_2019,0
A002371,experiment:prom_sap_texas_anthracnose_2019,0
A002372,experiment:prom_sap_texas_anthracnose_2019,0
A002373,experiment:prom_sap_texas_anthracnose_2019,0
A002374,experiment:prom_sap_texas_anthracnose_2019,0
A002375,experiment:prom_sap_texas_anthracnose_2019,0
A002447,experiment:prom_sap_texas_anthracnose_2019,0
A002448,experiment:prom_sap_texas_anthracnose_2019,0
A002449,experiment:prom_sap_texas_anthracnose_2019,0
A002454,experiment:prom_sap_texas_anthracnose_2019,0
A002455,experiment:prom_sap_texas_anthracnose_2019,1
A002764,experiment:prom_sap_texas_anthracnose_2019,1
A002765,experiment:prom_sap_texas_anthracnose_2019,0
A002766,experiment:prom_sap_texas_anthracnose_2019,0
A002767,experiment:prom_sap_texas_anthracnose_2019,0
A002768,experiment:prom_sap_texas_anthracnose_2019,1
A002769,experiment:prom_sap_texas_anthracnose_2019,0
A002770,experiment:prom_sap_texas_anthracnose_2019,0
A002773,experiment:prom_sap_texas_anthracnose_2019,0
A002774,experiment:prom_sap_texas_anthracnose_2019,0
A002775,experiment:prom_sap_texas_anthracnose_2019,0
A002776,experiment:prom_sap_texas_anthracnose_2019,0
A002778,experiment:prom_sap_texas_anthracnose_2019,0
A002779,experiment:prom_sap_texas_anthracnose_2019,0
A002781,experiment:prom_sap_texas_anthracnose_2019,0
A002782,experiment:prom_sap_texas_anthracnose_2019,0
A002784,experiment:prom_sap_texas_anthracnose_2019,0
A002785,experiment:prom_sap_texas_anthracnose_2019,1
A002788,experiment:prom_sap_texas_anthracnose_2019,0
A002789,experiment:prom_sap_texas_anthracnose_2019,1
A002790,experiment:prom_sap_texas_anthracnose_2019,0
A002791,experiment:prom_sap_texas_anthracnose_2019,0
A002792,experiment:prom_sap_texas_anthracnose_2019,0
A002793,experiment:prom_sap_texas_anthracnose_2019,0
A002794,experiment:prom_sap_texas_anthracnose_2019,0
A002795,experiment:prom_sap_texas_anthracnose_2019,0
A002796,experiment:prom_sap_texas_anthracnose_2019,1
A002797,experiment:prom_sap_texas_anthracnose_2019,1
A002801,experiment:prom_sap_texas_anthracnose_2019,0
A002802,experiment:prom_sap_texas_anthracnose_2019,1
A002803,experiment:prom_sap_texas_anthracnose_2019,1
A002804,experiment:prom_sap_texas_anthracnose_2019,0
A002807,experiment:prom_sap_texas_anthracnose_2019,0
A002809,experiment:prom_sap_texas_anthracnose_2019,0
A002810,experiment:prom_sap_texas_anthracnose_2019,0
A002811,experiment:prom_sap_texas_anthracnose_2019,0
A002816,experiment:prom_sap_texas_anthracnose_2019,0
A002817,experiment:prom_sap_texas_anthracnose_2019,0
A002950,experiment:prom_sap_texas_anthracnose_2019,0
A002951,experiment:prom_sap_texas_anthracnose_2019,0
A002953,experiment:prom_sap_texas_anthracnose_2019,0
A002954,experiment:prom_sap_texas_anthracnose_2019,1
A002955,experiment:prom_sap_texas_anthracnose_2019,1
A002956,experiment:prom_sap_texas_anthracnose_2019,1
A002957,experiment:prom_sap_texas_anthracnose_2019,0
A002958,experiment:prom_sap_texas_anthracnose_2019,0
A002959,experiment:prom_sap_texas_anthracnose_2019,1
A002960,experiment:prom_sap_texas_anthracnose_2019,0
A002961,experiment:prom_sap_texas_anthracnose_2019,0
A002962,experiment:prom_sap_texas_anthracnose_2019,1
A002963,experiment:prom_sap_texas_anthracnose_2019,0
A002964,experiment:prom_sap_texas_anthracnose_2019,0
A002965,experiment:prom_sap_texas_anthracnose_2019,0
A002966,experiment:prom_sap_texas_anthracnose_2019,0
A002967,experiment:prom_sap_texas_anthracnose_2019,0
A002968,experiment:prom_sap_texas_anthracnose_2019,1
A002969,experiment:prom_sap_texas_anthracnose_2019,0
A002970,experiment:prom_sap_texas_anthracnose_2019,0
A002971,experiment:prom_sap_texas_anthracnose_2019,0
A002972,experiment:prom_sap_texas_anthracnose_2019,1
A002974,experiment:prom_sap_texas_anthracnose_2019,0
A002975,experiment:prom_sap_texas_anthracnose_2019,0
A002976,experiment:prom_sap_texas_anthracnose_2019,1
A002978,experiment:prom_sap_texas_anthracnose_2019,1
A002980,experiment:prom_sap_texas_anthracnose_2019,0
A002981,experiment:prom_sap_texas_anthracnose_2019,0
A002983,experiment:prom_sap_texas_anthracnose_2019,1
A002984,experiment:prom_sap_texas_anthracnose_2019,0
A002986,experiment:prom_sap_texas_anthracnose_2019,0
A002987,experiment:prom_sap_texas_anthracnose_2019,0
A002989,experiment:prom_sap_texas_anthracnose_2019,0
A003363,experiment:prom_sap_texas_anthracnose_2019,0
A003365,experiment:prom_sap_texas_anthracnose_2019,0
A003366,experiment:prom_sap_texas_anthracnose_2019,0
A003367,experiment:prom_sap_texas_anthracnose_2019,0
A003370,experiment:prom_sap_texas_anthracnose_2019,1
A003373,experiment:prom_sap_texas_anthracnose_2019,0
A003379,experiment:prom_sap_texas_anthracnose_2019,0
A003399,experiment:prom_sap_texas_anthracnose_2019,0
A003400,experiment:prom_sap_texas_anthracnose_2019,0
A003476,experiment:prom_sap_texas_anthracnose_2019,0
A003477,experiment:prom_sap_texas_anthracnose_2019,0
A003479,experiment:prom_sap_texas_anthracnose_2019,0
A003480,experiment:prom_sap_texas_anthracnose_2019,1
A003481,experiment:prom_sap_texas_anthracnose_2019,0
A003483,experiment:prom_sap_texas_anthracnose_2019,0
A003484,experiment:prom_sap_texas_anthracnose_2019,0
A003485,experiment:prom_sap_texas_anthracnose_2019,0
A003487,experiment:prom_sap_texas_anthracnose_2019,0
A003488,experiment:prom_sap_texas_anthracnose_2019,0
A003489,experiment:prom_sap_texas_anthracnose_2019,0
A003490,experiment:prom_sap_texas_anthracnose_2019,0
A003491,experiment:prom_sap_texas_anthracnose_2019,0
A003492,experiment:prom_sap_texas_anthracnose_2019,1
A003494,experiment:prom_sap_texas_anthracnose_2019,0
A003495,experiment:prom_sap_texas_anthracnose_2019,1
A003496,experiment:prom_sap_texas_anthracnose_2019,0
A003497,experiment:prom_sap_texas_anthracnose_2019,0
A003498,experiment:prom_sap_texas_anthracnose_2019,0
A003499,experiment:prom_sap_texas_anthracnose_2019,0
A003500,experiment:prom_sap_texas_anthracnose_2019,1
A003501,experiment:prom_sap_texas_anthracnose_2019,1
A003502,experiment:prom_sap_texas_anthracnose_2019,0
A003503,experiment:prom_sap_texas_anthracnose_2019,0
A003504,experiment:prom_sap_texas_anthracnose_2019,0
A003505,experiment:prom_sap_texas_anthracnose_2019,1
A003506,experiment:prom_sap_texas_anthracnose_2019,0
A003507,experiment:prom_sap_texas_anthracnose_2019,0
A003508,experiment:prom_sap_texas_anthracnose_2019,0
A003509,experiment:prom_sap_texas_anthracnose_2019,0
A003510,experiment:prom_sap_texas_anthracnose_2019,0
A003511,experiment:prom_sap_texas_anthracnose_2019,0
A003512,experiment:prom_sap_texas_anthracnose_2019,0
A003513,experiment:prom_sap_texas_anthracnose_2019,0
A003514,experiment:prom_sap_texas_anthracnose_2019,0
A003515,experiment:prom_sap_texas_anthracnose_2019,0
A003516,experiment:prom_sap_texas_anthracnose_2019,0
A003517,experiment:prom_sap_texas_anthracnose_2019,0
A003518,experiment:prom_sap_texas_anthracnose_2019,0
A003519,experiment:prom_sap_texas_anthracnose_2019,0
A003520,experiment:prom_sap_texas_anthracnose_2019,0
A003521,experiment:prom_sap_texas_anthracnose_2019,0
A003522,experiment:prom_sap_texas_anthracnose_2019,1
A003523,experiment:prom_sap_texas_anthracnose_2019,0
A003524,experiment:prom_sap_texas_anthracnose_2019,0
A003525,experiment:prom_sap_texas_anthracnose_2019,0
A003526,experiment:prom_sap_texas_anthracnose_2019,0
A003527,experiment:prom_sap_texas_anthracnose_2019,1
A003528,experiment:prom_sap_texas_anthracnose_2019,1
A003529,experiment:prom_sap_texas_anthracnose_2019,0
A003530,experiment:prom_sap_texas_anthracnose_2019,1
A003531,experiment:prom_sap_texas_anthracnose_2019,0
A003532,experiment:prom_sap_texas_anthracnose_2019,1
A003533,experiment:prom_sap_texas_anthracnose_2019,0
A003534,experiment:prom_sap_texas_anthracnose_2019,0
A003535,experiment:prom_sap_texas_anthracnose_2019,0
A003536,experiment:prom_sap_texas_anthracnose_2019,0
A003537,experiment:prom_sap_texas_anthracnose_2019,0
A003538,experiment:prom_sap_texas_anthracnose_2019,0
A003539,experiment:prom_sap_texas_anthracnose_2019,1
A003540,experiment:prom_sap_texas_anthracnose_2019,1
A003541,experiment:prom_sap_texas_anthracnose_2019,0
A003542,experiment:prom_sap_texas_anthracnose_2019,1
A003543,experiment:prom_sap_texas_anthracnose_2019,0
A003544,experiment:prom_sap_texas_anthracnose_2019,0
A003545,experiment:prom_sap_texas_anthracnose_2019,0
A003546,experiment:prom_sap_texas_anthracnose_2019,0
A003547,experiment:prom_sap_texas_anthracnose_2019,0
A003548,experiment:prom_sap_texas_anthracnose_2019,0
A003549,experiment:prom_sap_texas_anthracnose_2019,0
A003550,experiment:prom_sap_texas_anthracnose_2019,0
A003551,experiment:prom_sap_texas_anthracnose_2019,0
A003552,experiment:prom_sap_texas_anthracnose_2019,0
A003553,experiment:prom_sap_texas_anthracnose_2019,0
A003554,experiment:prom_sap_texas_anthracnose_2019,0
A003555,experiment:prom_sap_texas_anthracnose_2019,0
A003556,experiment:prom_sap_texas_anthracnose_2019,0
A003557,experiment:prom_sap_texas_anthracnose_2019,0
A003558,experiment:prom_sap_texas_anthracnose_2019,0
A003559,experiment:prom_sap_texas_anthracnose_2019,0
A003560,experiment:prom_sap_texas_anthracnose_2019,0
A003561,experiment:prom_sap_texas_anthracnose_2019,0
A003562,experiment:prom_sap_texas_anthracnose_2019,0
A003563,experiment:prom_sap_texas_anthracnose_2019,0
A003564,experiment:prom_sap_texas_anthracnose_2019,0
A003565,experiment:prom_sap_texas_anthracnose_2019,0
A003566,experiment:prom_sap_texas_anthracnose_2019,0
A003567,experiment:prom_sap_texas_anthracnose_2019,0
A003568,experiment:prom_sap_texas_anthracnose_2019,0
A003569,experiment:prom_sap_texas_anthracnose_2019,0
A003579,experiment:prom_sap_texas_anthracnose_2019,1
A003580,experiment:prom_sap_texas_anthracnose_2019,1
A003581,experiment:prom_sap_texas_anthracnose_2019,0
A003582,experiment:prom_sap_texas_anthracnose_2019,0
A003583,experiment:prom_sap_texas_anthracnose_2019,0
A003584,experiment:prom_sap_texas_anthracnose_2019,0
A003585,experiment:prom_sap_texas_anthracnose_2019,0
A003586,experiment:prom_sap_texas_anthracnose_2019,0
A003587,experiment:prom_sap_texas_anthracnose_2019,1
A003588,experiment:prom_sap_texas_anthracnose_2019,1
A003589,experiment:prom_sap_texas_anthracnose_2019,0
A003590,experiment:prom_sap_texas_anthracnose_2019,1
A003591,experiment:prom_sap_texas_anthracnose_2019,0
A003592,experiment:prom_sap_texas_anthracnose_2019,0
A003593,experiment:prom_sap_texas_anthracnose_2019,0
A003594,experiment:prom_sap_texas_anthracnose_2019,0
A003595,experiment:prom_sap_texas_anthracnose_2019,0
A003596,experiment:prom_sap_texas_anthracnose_2019,0
A003597,experiment:prom_sap_texas_anthracnose_2019,1
A003598,experiment:prom_sap_texas_anthracnose_2019,0
A003599,experiment:prom_sap_texas_anthracnose_2019,0
A003600,experiment:prom_sap_texas_anthracnose_2019,0
A003601,experiment:prom_sap_texas_anthracnose_2019,1
A003602,experiment:prom_sap_texas_anthracnose_2019,0
A003603,experiment:prom_sap_texas_anthracnose_2019,1
A003604,experiment:prom_sap_texas_anthracnose_2019,0
A003605,experiment:prom_sap_texas_anthracnose_2019,0
A003606,experiment:prom_sap_texas_anthracnose_2019,0
A003607,experiment:prom_sap_texas_anthracnose_2019,0
A003608,experiment:prom_sap_texas_anthracnose_2019,0
A003609,experiment:prom_sap_texas_anthracnose_2019,0
A003610,experiment:prom_sap_texas_anthracnose_2019,0
A003611,experiment:prom_sap_texas_anthracnose_2019,0
A003612,experiment:prom_sap_texas_anthracnose_2019,1
A003613,experiment:prom_sap_texas_anthracnose_2019,0
A003614,experiment:prom_sap_texas_anthracnose_2019,1
A003615,experiment:prom_sap_texas_anthracnose_2019,0
A003616,experiment:prom_sap_texas_anthracnose_2019,1
A003617,experiment:prom_sap_texas_anthracnose_2019,0
A003618,experiment:prom_sap_texas_anthracnose_2019,0
A003631,experiment:prom_sap_texas_anthracnose_2019,1
A000002,experiment:prom_senegal_grain_mold_2022_two_location_trial,0
A000003,experiment:prom_senegal_grain_mold_2022_two_location_trial,0
A000004,experiment:prom_senegal_grain_mold_2022_two_location_trial,0
A000005,experiment:prom_senegal_grain_mold_2022_two_location_trial,0
A001303,experiment:prom_senegal_grain_mold_2022_two_location_trial,0
A001405,experiment:prom_senegal_grain_mold_2022_two_location_trial,0
A001406,experiment:prom_senegal_grain_mold_2022_two_location_trial,0
A001407,experiment:prom_senegal_grain_mold_2022_two_location_trial,0
A001408,experiment:prom_senegal_grain_mold_2022_two_location_trial,0
A001409,experiment:prom_senegal_grain_mold_2022_two_location_trial,0
A001410,experiment:prom_senegal_grain_mold_2022_two_location_trial,0
A001411,experiment:prom_senegal_grain_mold_2022_two_location_trial,0
A001412,experiment:prom_senegal_grain_mold_2022_two_location_trial,0
A002608,experiment:prom_senegal_grain_mold_2022_two_location_trial,0
A002676,experiment:prom_senegal_grain_mold_2022_two_location_trial,0
A002701,experiment:prom_senegal_grain_mold_2022_two_location_trial,1
A003112,experiment:prom_senegal_grain_mold_2022_two_location_trial,0
A000005,experiment:prom_senegal_long_smut_grain_mold_2011_2012,0
A001405,experiment:prom_senegal_long_smut_grain_mold_2011_2012,0
A001410,experiment:prom_senegal_long_smut_grain_mold_2011_2012,0
A001988,experiment:prom_senegal_seed_quality_2018,0
A001989,experiment:prom_senegal_seed_quality_2018,0
A001990,experiment:prom_senegal_seed_quality_2018,0
A001991,experiment:prom_senegal_seed_quality_2018,0
A001992,experiment:prom_senegal_seed_quality_2018,0
A001994,experiment:prom_senegal_seed_quality_2018,0
A001995,experiment:prom_senegal_seed_quality_2018,0
A001996,experiment:prom_senegal_seed_quality_2018,0
A001997,experiment:prom_senegal_seed_quality_2018,0
A001998,experiment:prom_senegal_seed_quality_2018,0
A001999,experiment:prom_senegal_seed_quality_2018,0
A002000,experiment:prom_senegal_seed_quality_2018,0
A002001,experiment:prom_senegal_seed_quality_2018,0
A002002,experiment:prom_senegal_seed_quality_2018,0
A002003,experiment:prom_senegal_seed_quality_2018,0
A002004,experiment:prom_senegal_seed_quality_2018,0
A002005,experiment:prom_senegal_seed_quality_2018,0
A002006,experiment:prom_senegal_seed_quality_2018,0
A002007,experiment:prom_senegal_seed_quality_2018,0
A002008,experiment:prom_senegal_seed_quality_2018,0
A002009,experiment:prom_senegal_seed_quality_2018,0
A002010,experiment:prom_senegal_seed_quality_2018,1
A002011,experiment:prom_senegal_seed_quality_2018,0
A002012,experiment:prom_senegal_seed_quality_2018,0
A002013,experiment:prom_senegal_seed_quality_2018,0
A002014,experiment:prom_senegal_seed_quality_2018,0
A002015,experiment:prom_senegal_seed_quality_2018,0
A002016,experiment:prom_senegal_seed_quality_2018,0
A002017,experiment:prom_senegal_seed_quality_2018,0
A002018,experiment:prom_senegal_seed_quality_2018,0
A002019,experiment:prom_senegal_seed_quality_2018,0
A002020,experiment:prom_senegal_seed_quality_2018,0
A002021,experiment:prom_senegal_seed_quality_2018,0
A002022,experiment:prom_senegal_seed_quality_2018,0
A002023,experiment:prom_senegal_seed_quality_2018,0
A002024,experiment:prom_senegal_seed_quality_2018,0
A002025,experiment:prom_senegal_seed_quality_2018,0
A002026,experiment:prom_senegal_seed_quality_2018,0
A002027,experiment:prom_senegal_seed_quality_2018,0
A002028,experiment:prom_senegal_seed_quality_2018,0
A002029,experiment:prom_senegal_seed_quality_2018,0
A002030,experiment:prom_senegal_seed_quality_2018,0
A002031,experiment:prom_senegal_seed_quality_2018,0
A002032,experiment:prom_senegal_seed_quality_2018,0
A002033,experiment:prom_senegal_seed_quality_2018,0
A002034,experiment:prom_senegal_seed_quality_2018,0
A002035,experiment:prom_senegal_seed_quality_2018,0
A002036,experiment:prom_senegal_seed_quality_2018,0
A002037,experiment:prom_senegal_seed_quality_2018,0
A002038,experiment:prom_senegal_seed_quality_2018,0
A002039,experiment:prom_senegal_seed_quality_2018,0
A002040,experiment:prom_senegal_seed_quality_2018,0
A002041,experiment:prom_senegal_seed_quality_2018,1
A002044,experiment:prom_senegal_seed_quality_2018,0
A002045,experiment:prom_senegal_seed_quality_2018,0
A002046,experiment:prom_senegal_seed_quality_2018,0
A002047,experiment:prom_senegal_seed_quality_2018,0
A002048,experiment:prom_senegal_seed_quality_2018,0
A002049,experiment:prom_senegal_seed_quality_2018,0
A002050,experiment:prom_senegal_seed_quality_2018,0
A002051,experiment:prom_senegal_seed_quality_2018,0
A002052,experiment:prom_senegal_seed_quality_2018,1
A002053,experiment:prom_senegal_seed_quality_2018,0
A002054,experiment:prom_senegal_seed_quality_2018,0
A002055,experiment:prom_senegal_seed_quality_2018,0
A002056,experiment:prom_senegal_seed_quality_2018,0
A002057,experiment:prom_senegal_seed_quality_2018,0
A002058,experiment:prom_senegal_seed_quality_2018,0
A002059,experiment:prom_senegal_seed_quality_2018,0
A002060,experiment:prom_senegal_seed_quality_2018,0
A002061,experiment:prom_senegal_seed_quality_2018,0
A002062,experiment:prom_senegal_seed_quality_2018,0
A002063,experiment:prom_senegal_seed_quality_2018,0
A002064,experiment:prom_senegal_seed_quality_2018,0
A002065,experiment:prom_senegal_seed_quality_2018,0
A002066,experiment:prom_senegal_seed_quality_2018,0
A002067,experiment:prom_senegal_seed_quality_2018,0
A002068,experiment:prom_senegal_seed_quality_2018,0
A002069,experiment:prom_senegal_seed_quality_2018,0
A002070,experiment:prom_senegal_seed_quality_2018,0
A002071,experiment:prom_senegal_seed_quality_2018,1
A002072,experiment:prom_senegal_seed_quality_2018,0
A002073,experiment:prom_senegal_seed_quality_2018,0
A002075,experiment:prom_senegal_seed_quality_2018,0
A002076,experiment:prom_senegal_seed_quality_2018,0
A002077,experiment:prom_senegal_seed_quality_2018,1
A002078,experiment:prom_senegal_seed_quality_2018,0
A002079,experiment:prom_senegal_seed_quality_2018,0
A002080,experiment:prom_senegal_seed_quality_2018,0
A002081,experiment:prom_senegal_seed_quality_2018,0
A002082,experiment:prom_senegal_seed_quality_2018,0
A002083,experiment:prom_senegal_seed_quality_2018,0
A002084,experiment:prom_senegal_seed_quality_2018,1
A002085,experiment:prom_senegal_seed_quality_2018,0
A002086,experiment:prom_senegal_seed_quality_2018,0
A002087,experiment:prom_senegal_seed_quality_2018,0
A002088,experiment:prom_senegal_seed_quality_2018,0
A002089,experiment:prom_senegal_seed_quality_2018,0
A002090,experiment:prom_senegal_seed_quality_2018,0
A002092,experiment:prom_senegal_seed_quality_2018,0
A002093,experiment:prom_senegal_seed_quality_2018,0
A002094,experiment:prom_senegal_seed_quality_2018,0
A002095,experiment:prom_senegal_seed_quality_2018,0
A002096,experiment:prom_senegal_seed_quality_2018,0
A002097,experiment:prom_senegal_seed_quality_2018,0
A002098,experiment:prom_senegal_seed_quality_2018,0
A002099,experiment:prom_senegal_seed_quality_2018,0
A002100,experiment:prom_senegal_seed_quality_2018,0
A002101,experiment:prom_senegal_seed_quality_2018,0
A002102,experiment:prom_senegal_seed_quality_2018,0
A002103,experiment:prom_senegal_seed_quality_2018,0
A002104,experiment:prom_senegal_seed_quality_2018,0
A002105,experiment:prom_senegal_seed_quality_2018,0
A002106,experiment:prom_senegal_seed_quality_2018,1
A002107,experiment:prom_senegal_seed_quality_2018,0
A002108,experiment:prom_senegal_seed_quality_2018,0
A002109,experiment:prom_senegal_seed_quality_2018,0
A002110,experiment:prom_senegal_seed_quality_2018,0
A002112,experiment:prom_senegal_seed_quality_2018,0
A002113,experiment:prom_senegal_seed_quality_2018,0
A002114,experiment:prom_senegal_seed_quality_2018,0
A002115,experiment:prom_senegal_seed_quality_2018,0
A002116,experiment:prom_senegal_seed_quality_2018,0
A002118,experiment:prom_senegal_seed_quality_2018,0
A002119,experiment:prom_senegal_seed_quality_2018,0
A002120,experiment:prom_senegal_seed_quality_2018,0
A002121,experiment:prom_senegal_seed_quality_2018,0
A002122,experiment:prom_senegal_seed_quality_2018,0
A002123,experiment:prom_senegal_seed_quality_2018,0
A002124,experiment:prom_senegal_seed_quality_2018,0
A002125,experiment:prom_senegal_seed_quality_2018,0
A002126,experiment:prom_senegal_seed_quality_2018,0
A002127,experiment:prom_senegal_seed_quality_2018,0
A002128,experiment:prom_senegal_seed_quality_2018,1
A002129,experiment:prom_senegal_seed_quality_2018,0
A002130,experiment:prom_senegal_seed_quality_2018,0
A002131,experiment:prom_senegal_seed_quality_2018,1
A002132,experiment:prom_senegal_seed_quality_2018,0
A002134,experiment:prom_senegal_seed_quality_2018,1
A002135,experiment:prom_senegal_seed_quality_2018,0
A002136,experiment:prom_senegal_seed_quality_2018,0
A002137,experiment:prom_senegal_seed_quality_2018,0
A002138,experiment:prom_senegal_seed_quality_2018,0
A002139,experiment:prom_senegal_seed_quality_2018,0
A002140,experiment:prom_senegal_seed_quality_2018,0
A002141,experiment:prom_senegal_seed_quality_2018,0
A002142,experiment:prom_senegal_seed_quality_2018,0
A002143,experiment:prom_senegal_seed_quality_2018,0
A002144,experiment:prom_senegal_seed_quality_2018,1
A002145,experiment:prom_senegal_seed_quality_2018,1
A002146,experiment:prom_senegal_seed_quality_2018,0
A002147,experiment:prom_senegal_seed_quality_2018,0
A002148,experiment:prom_senegal_seed_quality_2018,0
A002149,experiment:prom_senegal_seed_quality_2018,1
A002150,experiment:prom_senegal_seed_quality_2018,1
A002151,experiment:prom_senegal_seed_quality_2018,0
A002152,experiment:prom_senegal_seed_quality_2018,0
A002153,experiment:prom_senegal_seed_quality_2018,0
A001988,experiment:prom_senegal_seedling_head_smut_p5_2022,0
A001989,experiment:prom_senegal_seedling_head_smut_p5_2022,0
A001990,experiment:prom_senegal_seedling_head_smut_p5_2022,0
A001991,experiment:prom_senegal_seedling_head_smut_p5_2022,0
A001992,experiment:prom_senegal_seedling_head_smut_p5_2022,0
A001993,experiment:prom_senegal_seedling_head_smut_p5_2022,0
A001994,experiment:prom_senegal_seedling_head_smut_p5_2022,0
A001995,experiment:prom_senegal_seedling_head_smut_p5_2022,0
A001996,experiment:prom_senegal_seedling_head_smut_p5_2022,0
A001997,experiment:prom_senegal_seedling_head_smut_p5_2022,0
A001998,experiment:prom_senegal_seedling_head_smut_p5_2022,0
A001999,experiment:prom_senegal_seedling_head_smut_p5_2022,0
A002000,experiment:prom_senegal_seedling_head_smut_p5_2022,0
A002001,experiment:prom_senegal_seedling_head_smut_p5_2022,0
A002002,experiment:prom_senegal_seedling_head_smut_p5_2022,0
A002003,experiment:prom_senegal_seedling_head_smut_p5_2022,0
A002004,experiment:prom_senegal_seedling_head_smut_p5_2022,0
A002005,experiment:prom_senegal_seedling_head_smut_p5_2022,0
A002006,experiment:prom_senegal_seedling_head_smut_p5_2022,0
A002007,experiment:prom_senegal_seedling_head_smut_p5_2022,0
A002008,experiment:prom_senegal_seedling_head_smut_p5_2022,0
A002009,experiment:prom_senegal_seedling_head_smut_p5_2022,0
A002010,experiment:prom_senegal_seedling_head_smut_p5_2022,0
A002011,experiment:prom_senegal_seedling_head_smut_p5_2022,0
A002012,experiment:prom_senegal_seedling_head_smut_p5_2022,0
A002013,experiment:prom_senegal_seedling_head_smut_p5_2022,0
A002014,experiment:prom_senegal_seedling_head_smut_p5_2022,0
A002015,experiment:prom_senegal_seedling_head_smut_p5_2022,0
A002016,experiment:prom_senegal_seedling_head_smut_p5_2022,0
A002017,experiment:prom_senegal_seedling_head_smut_p5_2022,0
A002018,experiment:prom_senegal_seedling_head_smut_p5_2022,0
A002019,experiment:prom_senegal_seedling_head_smut_p5_2022,0
A002020,experiment:prom_senegal_seedling_head_smut_p5_2022,0
A002021,experiment:prom_senegal_seedling_head_smut_p5_2022,0
A002022,experiment:prom_senegal_seedling_head_smut_p5_2022,0
A002024,experiment:prom_senegal_seedling_head_smut_p5_2022,0
A002025,experiment:prom_senegal_seedling_head_smut_p5_2022,0
A002026,experiment:prom_senegal_seedling_head_smut_p5_2022,0
A002027,experiment:prom_senegal_seedling_head_smut_p5_2022,0
A002028,experiment:prom_senegal_seedling_head_smut_p5_2022,0
A002029,experiment:prom_senegal_seedling_head_smut_p5_2022,0
A002030,experiment:prom_senegal_seedling_head_smut_p5_2022,0
A002031,experiment:prom_senegal_seedling_head_smut_p5_2022,0
A002032,experiment:prom_senegal_seedling_head_smut_p5_2022,0
A002033,experiment:prom_senegal_seedling_head_smut_p5_2022,0
A002034,experiment:prom_senegal_seedling_head_smut_p5_2022,0
A002035,experiment:prom_senegal_seedling_head_smut_p5_2022,0
A002036,experiment:prom_senegal_seedling_head_smut_p5_2022,0
A002037,experiment:prom_senegal_seedling_head_smut_p5_2022,0
A002038,experiment:prom_senegal_seedling_head_smut_p5_2022,0
A002039,experiment:prom_senegal_seedling_head_smut_p5_2022,0
A002040,experiment:prom_senegal_seedling_head_smut_p5_2022,0
A002041,experiment:prom_senegal_seedling_head_smut_p5_2022,0
A002042,experiment:prom_senegal_seedling_head_smut_p5_2022,0
A002043,experiment:prom_senegal_seedling_head_smut_p5_2022,0
A002044,experiment:prom_senegal_seedling_head_smut_p5_2022,0
A002045,experiment:prom_senegal_seedling_head_smut_p5_2022,0
A002046,experiment:prom_senegal_seedling_head_smut_p5_2022,0
A002047,experiment:prom_senegal_seedling_head_smut_p5_2022,0
A002048,experiment:prom_senegal_seedling_head_smut_p5_2022,0
A002049,experiment:prom_senegal_seedling_head_smut_p5_2022,0
A002050,experiment:prom_senegal_seedling_head_smut_p5_2022,0
A002051,experiment:prom_senegal_seedling_head_smut_p5_2022,0
A002052,experiment:prom_senegal_seedling_head_smut_p5_2022,0
A002053,experiment:prom_senegal_seedling_head_smut_p5_2022,0
A002054,experiment:prom_senegal_seedling_head_smut_p5_2022,0
A002055,experiment:prom_senegal_seedling_head_smut_p5_2022,0
A002056,experiment:prom_senegal_seedling_head_smut_p5_2022,0
A002057,experiment:prom_senegal_seedling_head_smut_p5_2022,0
A002058,experiment:prom_senegal_seedling_head_smut_p5_2022,0
A002059,experiment:prom_senegal_seedling_head_smut_p5_2022,0
A002060,experiment:prom_senegal_seedling_head_smut_p5_2022,0
A002061,experiment:prom_senegal_seedling_head_smut_p5_2022,0
A002062,experiment:prom_senegal_seedling_head_smut_p5_2022,0
A002063,experiment:prom_senegal_seedling_head_smut_p5_2022,0
A002064,experiment:prom_senegal_seedling_head_smut_p5_2022,0
A002065,experiment:prom_senegal_seedling_head_smut_p5_2022,0
A002066,experiment:prom_senegal_seedling_head_smut_p5_2022,1
A002067,experiment:prom_senegal_seedling_head_smut_p5_2022,0
A002068,experiment:prom_senegal_seedling_head_smut_p5_2022,0
A002069,experiment:prom_senegal_seedling_head_smut_p5_2022,0
A002070,experiment:prom_senegal_seedling_head_smut_p5_2022,0
A002071,experiment:prom_senegal_seedling_head_smut_p5_2022,0
A002072,experiment:prom_senegal_seedling_head_smut_p5_2022,0
A002073,experiment:prom_senegal_seedling_head_smut_p5_2022,0
A002074,experiment:prom_senegal_seedling_head_smut_p5_2022,0
A002075,experiment:prom_senegal_seedling_head_smut_p5_2022,0
A002076,experiment:prom_senegal_seedling_head_smut_p5_2022,0
A002077,experiment:prom_senegal_seedling_head_smut_p5_2022,0
A002078,experiment:prom_senegal_seedling_head_smut_p5_2022,0
A002079,experiment:prom_senegal_seedling_head_smut_p5_2022,0
A002080,experiment:prom_senegal_seedling_head_smut_p5_2022,0
A002081,experiment:prom_senegal_seedling_head_smut_p5_2022,0
A002082,experiment:prom_senegal_seedling_head_smut_p5_2022,0
A002083,experiment:prom_senegal_seedling_head_smut_p5_2022,1
A002084,experiment:prom_senegal_seedling_head_smut_p5_2022,0
A002085,experiment:prom_senegal_seedling_head_smut_p5_2022,0
A002086,experiment:prom_senegal_seedling_head_smut_p5_2022,0
A002087,experiment:prom_senegal_seedling_head_smut_p5_2022,0
A002088,experiment:prom_senegal_seedling_head_smut_p5_2022,0
A002089,experiment:prom_senegal_seedling_head_smut_p5_2022,0
A002090,experiment:prom_senegal_seedling_head_smut_p5_2022,0
A002091,experiment:prom_senegal_seedling_head_smut_p5_2022,1
A002092,experiment:prom_senegal_seedling_head_smut_p5_2022,0
A002093,experiment:prom_senegal_seedling_head_smut_p5_2022,0
A002094,experiment:prom_senegal_seedling_head_smut_p5_2022,0
A002095,experiment:prom_senegal_seedling_head_smut_p5_2022,0
A002096,experiment:prom_senegal_seedling_head_smut_p5_2022,0
A002097,experiment:prom_senegal_seedling_head_smut_p5_2022,0
A002098,experiment:prom_senegal_seedling_head_smut_p5_2022,1
A002100,experiment:prom_senegal_seedling_head_smut_p5_2022,0
A002101,experiment:prom_senegal_seedling_head_smut_p5_2022,0
A002102,experiment:prom_senegal_seedling_head_smut_p5_2022,0
A002103,experiment:prom_senegal_seedling_head_smut_p5_2022,1
A002104,experiment:prom_senegal_seedling_head_smut_p5_2022,0
A002105,experiment:prom_senegal_seedling_head_smut_p5_2022,0
A002106,experiment:prom_senegal_seedling_head_smut_p5_2022,0
A002107,experiment:prom_senegal_seedling_head_smut_p5_2022,0
A002108,experiment:prom_senegal_seedling_head_smut_p5_2022,0
A002109,experiment:prom_senegal_seedling_head_smut_p5_2022,0
A002110,experiment:prom_senegal_seedling_head_smut_p5_2022,0
A002111,experiment:prom_senegal_seedling_head_smut_p5_2022,0
A002112,experiment:prom_senegal_seedling_head_smut_p5_2022,0
A002113,experiment:prom_senegal_seedling_head_smut_p5_2022,0
A002114,experiment:prom_senegal_seedling_head_smut_p5_2022,1
A002115,experiment:prom_senegal_seedling_head_smut_p5_2022,0
A002116,experiment:prom_senegal_seedling_head_smut_p5_2022,0
A002117,experiment:prom_senegal_seedling_head_smut_p5_2022,0
A002118,experiment:prom_senegal_seedling_head_smut_p5_2022,0
A002119,experiment:prom_senegal_seedling_head_smut_p5_2022,1
A002120,experiment:prom_senegal_seedling_head_smut_p5_2022,0
A002121,experiment:prom_senegal_seedling_head_smut_p5_2022,0
A002122,experiment:prom_senegal_seedling_head_smut_p5_2022,0
A002123,experiment:prom_senegal_seedling_head_smut_p5_2022,0
A002124,experiment:prom_senegal_seedling_head_smut_p5_2022,0
A002125,experiment:prom_senegal_seedling_head_smut_p5_2022,0
A002126,experiment:prom_senegal_seedling_head_smut_p5_2022,0
A002127,experiment:prom_senegal_seedling_head_smut_p5_2022,0
A002128,experiment:prom_senegal_seedling_head_smut_p5_2022,0
A002130,experiment:prom_senegal_seedling_head_smut_p5_2022,0
A002131,experiment:prom_senegal_seedling_head_smut_p5_2022,0
A002132,experiment:prom_senegal_seedling_head_smut_p5_2022,0
A002133,experiment:prom_senegal_seedling_head_smut_p5_2022,0
A002134,experiment:prom_senegal_seedling_head_smut_p5_2022,0
A002135,experiment:prom_senegal_seedling_head_smut_p5_2022,0
A002136,experiment:prom_senegal_seedling_head_smut_p5_2022,0
A002137,experiment:prom_senegal_seedling_head_smut_p5_2022,1
A002138,experiment:prom_senegal_seedling_head_smut_p5_2022,1
A002139,experiment:prom_senegal_seedling_head_smut_p5_2022,0
A002140,experiment:prom_senegal_seedling_head_smut_p5_2022,1
A002141,experiment:prom_senegal_seedling_head_smut_p5_2022,1
A002142,experiment:prom_senegal_seedling_head_smut_p5_2022,1
A002143,experiment:prom_senegal_seedling_head_smut_p5_2022,0
A002144,experiment:prom_senegal_seedling_head_smut_p5_2022,0
A002145,experiment:prom_senegal_seedling_head_smut_p5_2022,0
A002146,experiment:prom_senegal_seedling_head_smut_p5_2022,1
A002147,experiment:prom_senegal_seedling_head_smut_p5_2022,1
A002148,experiment:prom_senegal_seedling_head_smut_p5_2022,1
A002149,experiment:prom_senegal_seedling_head_smut_p5_2022,0
A002150,experiment:prom_senegal_seedling_head_smut_p5_2022,0
A002151,experiment:prom_senegal_seedling_head_smut_p5_2022,1
A002152,experiment:prom_senegal_seedling_head_smut_p5_2022,1
A002153,experiment:prom_senegal_seedling_head_smut_p5_2022,0
A001429,experiment:prom_sudan_anthracnose_2020,0
A001436,experiment:prom_sudan_anthracnose_2020,0
A001444,experiment:prom_sudan_anthracnose_2020,0
A001446,experiment:prom_sudan_anthracnose_2020,0
A001447,experiment:prom_sudan_anthracnose_2020,0
A001448,experiment:prom_sudan_anthracnose_2020,1
A001533,experiment:prom_sudan_anthracnose_2020,0
A001534,experiment:prom_sudan_anthracnose_2020,0
A001535,experiment:prom_sudan_anthracnose_2020,0
A001536,experiment:prom_sudan_anthracnose_2020,1
A001537,experiment:prom_sudan_anthracnose_2020,0
A001539,experiment:prom_sudan_anthracnose_2020,1
A001540,experiment:prom_sudan_anthracnose_2020,0
A001541,experiment:prom_sudan_anthracnose_2020,0
A001570,experiment:prom_sudan_anthracnose_2020,0
A002411,experiment:prom_sudan_anthracnose_2020,0
A002414,experiment:prom_sudan_anthracnose_2020,1
A002415,experiment:prom_sudan_anthracnose_2020,0
A002416,experiment:prom_sudan_anthracnose_2020,0
A002417,experiment:prom_sudan_anthracnose_2020,0
A002418,experiment:prom_sudan_anthracnose_2020,0
A002420,experiment:prom_sudan_anthracnose_2020,0
A002421,experiment:prom_sudan_anthracnose_2020,0
A002423,experiment:prom_sudan_anthracnose_2020,0
A002424,experiment:prom_sudan_anthracnose_2020,0
A002426,experiment:prom_sudan_anthracnose_2020,1
A002428,experiment:prom_sudan_anthracnose_2020,0
A002462,experiment:prom_sudan_anthracnose_2020,0
A002464,experiment:prom_sudan_anthracnose_2020,0
A002465,experiment:prom_sudan_anthracnose_2020,0
A002466,experiment:prom_sudan_anthracnose_2020,0
A002468,experiment:prom_sudan_anthracnose_2020,0
A002469,experiment:prom_sudan_anthracnose_2020,0
A002470,experiment:prom_sudan_anthracnose_2020,0
A002471,experiment:prom_sudan_anthracnose_2020,0
A002472,experiment:prom_sudan_anthracnose_2020,0
A002473,experiment:prom_sudan_anthracnose_2020,0
A002474,experiment:prom_sudan_anthracnose_2020,0
A002475,experiment:prom_sudan_anthracnose_2020,0
A002476,experiment:prom_sudan_anthracnose_2020,0
A002477,experiment:prom_sudan_anthracnose_2020,0
A002478,experiment:prom_sudan_anthracnose_2020,0
A002479,experiment:prom_sudan_anthracnose_2020,0
A002480,experiment:prom_sudan_anthracnose_2020,0
A002481,experiment:prom_sudan_anthracnose_2020,0
A002482,experiment:prom_sudan_anthracnose_2020,0
A002483,experiment:prom_sudan_anthracnose_2020,0
A002485,experiment:prom_sudan_anthracnose_2020,1
A002486,experiment:prom_sudan_anthracnose_2020,0
A002489,experiment:prom_sudan_anthracnose_2020,0
A002490,experiment:prom_sudan_anthracnose_2020,0
A002491,experiment:prom_sudan_anthracnose_2020,1
A002492,experiment:prom_sudan_anthracnose_2020,0
A002493,experiment:prom_sudan_anthracnose_2020,0
A002494,experiment:prom_sudan_anthracnose_2020,0
A002496,experiment:prom_sudan_anthracnose_2020,0
A002498,experiment:prom_sudan_anthracnose_2020,0
A002499,experiment:prom_sudan_anthracnose_2020,0
A002500,experiment:prom_sudan_anthracnose_2020,0
A002502,experiment:prom_sudan_anthracnose_2020,0
A002503,experiment:prom_sudan_anthracnose_2020,1
A002504,experiment:prom_sudan_anthracnose_2020,0
A002506,experiment:prom_sudan_anthracnose_2020,1
A002507,experiment:prom_sudan_anthracnose_2020,0
A002509,experiment:prom_sudan_anthracnose_2020,0
A002510,experiment:prom_sudan_anthracnose_2020,0
A002511,experiment:prom_sudan_anthracnose_2020,1
A002512,experiment:prom_sudan_anthracnose_2020,0
A002513,experiment:prom_sudan_anthracnose_2020,1
A002514,experiment:prom_sudan_anthracnose_2020,0
A002515,experiment:prom_sudan_anthracnose_2020,0
A002516,experiment:prom_sudan_anthracnose_2020,0
A002517,experiment:prom_sudan_anthracnose_2020,1
A002518,experiment:prom_sudan_anthracnose_2020,1
A002521,experiment:prom_sudan_anthracnose_2020,1
A002522,experiment:prom_sudan_anthracnose_2020,0
A002523,experiment:prom_sudan_anthracnose_2020,0
A002525,experiment:prom_sudan_anthracnose_2020,0
A002526,experiment:prom_sudan_anthracnose_2020,1
A002527,experiment:prom_sudan_anthracnose_2020,0
A002528,experiment:prom_sudan_anthracnose_2020,1
A002529,experiment:prom_sudan_anthracnose_2020,0
A002530,experiment:prom_sudan_anthracnose_2020,1
A002531,experiment:prom_sudan_anthracnose_2020,0
A002532,experiment:prom_sudan_anthracnose_2020,1
A002533,experiment:prom_sudan_anthracnose_2020,0
A002534,experiment:prom_sudan_anthracnose_2020,1
A002535,experiment:prom_sudan_anthracnose_2020,0
A002537,experiment:prom_sudan_anthracnose_2020,0
A002538,experiment:prom_sudan_anthracnose_2020,0
A002539,experiment:prom_sudan_anthracnose_2020,1
A002541,experiment:prom_sudan_anthracnose_2020,1
A002542,experiment:prom_sudan_anthracnose_2020,0
A002543,experiment:prom_sudan_anthracnose_2020,1
A002545,experiment:prom_sudan_anthracnose_2020,0
A002546,experiment:prom_sudan_anthracnose_2020,0
A002547,experiment:prom_sudan_anthracnose_2020,0
A002548,experiment:prom_sudan_anthracnose_2020,0
A002552,experiment:prom_sudan_anthracnose_2020,0
A002554,experiment:prom_sudan_anthracnose_2020,0
A002555,experiment:prom_sudan_anthracnose_2020,0
A002556,experiment:prom_sudan_anthracnose_2020,0
A002557,experiment:prom_sudan_anthracnose_2020,1
A002559,experiment:prom_sudan_anthracnose_2020,0
A002560,experiment:prom_sudan_anthracnose_2020,0
A002561,experiment:prom_sudan_anthracnose_2020,0
A002562,experiment:prom_sudan_anthracnose_2020,0
A002563,experiment:prom_sudan_anthracnose_2020,0
A002564,experiment:prom_sudan_anthracnose_2020,1
A002565,experiment:prom_sudan_anthracnose_2020,1
A002566,experiment:prom_sudan_anthracnose_2020,0
A002567,experiment:prom_sudan_anthracnose_2020,0
A002569,experiment:prom_sudan_anthracnose_2020,0
A002571,experiment:prom_sudan_anthracnose_2020,1
A002572,experiment:prom_sudan_anthracnose_2020,0
A002573,experiment:prom_sudan_anthracnose_2020,0
A002574,experiment:prom_sudan_anthracnose_2020,0
A002575,experiment:prom_sudan_anthracnose_2020,0
A002576,experiment:prom_sudan_anthracnose_2020,1
A002577,experiment:prom_sudan_anthracnose_2020,1
A002578,experiment:prom_sudan_anthracnose_2020,0
A002579,experiment:prom_sudan_anthracnose_2020,0
A002581,experiment:prom_sudan_anthracnose_2020,1
A002582,experiment:prom_sudan_anthracnose_2020,0
A002583,experiment:prom_sudan_anthracnose_2020,0
A002584,experiment:prom_sudan_anthracnose_2020,0
A002585,experiment:prom_sudan_anthracnose_2020,0
A002587,experiment:prom_sudan_anthracnose_2020,1
A002588,experiment:prom_sudan_anthracnose_2020,0
A002589,experiment:prom_sudan_anthracnose_2020,0
A002590,experiment:prom_sudan_anthracnose_2020,1
A002591,experiment:prom_sudan_anthracnose_2020,0
A002592,experiment:prom_sudan_anthracnose_2020,0
A002595,experiment:prom_sudan_anthracnose_2020,0
A002598,experiment:prom_sudan_anthracnose_2020,0
A002599,experiment:prom_sudan_anthracnose_2020,0
A002601,experiment:prom_sudan_anthracnose_2020,0
A002602,experiment:prom_sudan_anthracnose_2020,0
A002603,experiment:prom_sudan_anthracnose_2020,0
A002604,experiment:prom_sudan_anthracnose_2020,1
A002607,experiment:prom_sudan_anthracnose_2020,0
A002610,experiment:prom_sudan_anthracnose_2020,1
A002613,experiment:prom_sudan_anthracnose_2020,0
A002616,experiment:prom_sudan_anthracnose_2020,0
A002617,experiment:prom_sudan_anthracnose_2020,0
A002618,experiment:prom_sudan_anthracnose_2020,1
A002619,experiment:prom_sudan_anthracnose_2020,0
A002620,experiment:prom_sudan_anthracnose_2020,0
A002621,experiment:prom_sudan_anthracnose_2020,0
A002622,experiment:prom_sudan_anthracnose_2020,0
A002623,experiment:prom_sudan_anthracnose_2020,0
A002625,experiment:prom_sudan_anthracnose_2020,0
A002627,experiment:prom_sudan_anthracnose_2020,1
A002628,experiment:prom_sudan_anthracnose_2020,1
A002629,experiment:prom_sudan_anthracnose_2020,0
A002630,experiment:prom_sudan_anthracnose_2020,0
A002631,experiment:prom_sudan_anthracnose_2020,0
A002632,experiment:prom_sudan_anthracnose_2020,0
A002633,experiment:prom_sudan_anthracnose_2020,0
A002634,experiment:prom_sudan_anthracnose_2020,0
A002635,experiment:prom_sudan_anthracnose_2020,0
A002636,experiment:prom_sudan_anthracnose_2020,0
A002638,experiment:prom_sudan_anthracnose_2020,1
A002639,experiment:prom_sudan_anthracnose_2020,0
A002640,experiment:prom_sudan_anthracnose_2020,0
A002641,experiment:prom_sudan_anthracnose_2020,0
A002642,experiment:prom_sudan_anthracnose_2020,0
A002643,experiment:prom_sudan_anthracnose_2020,0
A002645,experiment:prom_sudan_anthracnose_2020,0
A002646,experiment:prom_sudan_anthracnose_2020,1
A002647,experiment:prom_sudan_anthracnose_2020,1
A002648,experiment:prom_sudan_anthracnose_2020,0
A002649,experiment:prom_sudan_anthracnose_2020,1
A002650,experiment:prom_sudan_anthracnose_2020,0
A002651,experiment:prom_sudan_anthracnose_2020,0
A002652,experiment:prom_sudan_anthracnose_2020,0
A002653,experiment:prom_sudan_anthracnose_2020,0
A002654,experiment:prom_sudan_anthracnose_2020,0
A002655,experiment:prom_sudan_anthracnose_2020,0
A002656,experiment:prom_sudan_anthracnose_2020,0
A002657,experiment:prom_sudan_anthracnose_2020,0
A002659,experiment:prom_sudan_anthracnose_2020,0
A002660,experiment:prom_sudan_anthracnose_2020,1
A002661,experiment:prom_sudan_anthracnose_2020,1
A002662,experiment:prom_sudan_anthracnose_2020,0
A002663,experiment:prom_sudan_anthracnose_2020,1
A002666,experiment:prom_sudan_anthracnose_2020,0
A002668,experiment:prom_sudan_anthracnose_2020,0
A002670,experiment:prom_sudan_anthracnose_2020,0
A002671,experiment:prom_sudan_anthracnose_2020,0
A002672,experiment:prom_sudan_anthracnose_2020,1
A002673,experiment:prom_sudan_anthracnose_2020,1
A002674,experiment:prom_sudan_anthracnose_2020,0
A002675,experiment:prom_sudan_anthracnose_2020,1
A002677,experiment:prom_sudan_anthracnose_2020,0
A002678,experiment:prom_sudan_anthracnose_2020,0
A002680,experiment:prom_sudan_anthracnose_2020,0
A002684,experiment:prom_sudan_anthracnose_2020,1
A002685,experiment:prom_sudan_anthracnose_2020,0
A002686,experiment:prom_sudan_anthracnose_2020,0
A002687,experiment:prom_sudan_anthracnose_2020,0
A002688,experiment:prom_sudan_anthracnose_2020,0
A002689,experiment:prom_sudan_anthracnose_2020,0
A002691,experiment:prom_sudan_anthracnose_2020,0
A002692,experiment:prom_sudan_anthracnose_2020,0
A002693,experiment:prom_sudan_anthracnose_2020,0
A002694,experiment:prom_sudan_anthracnose_2020,1
A002695,experiment:prom_sudan_anthracnose_2020,1
A002696,experiment:prom_sudan_anthracnose_2020,1
A002697,experiment:prom_sudan_anthracnose_2020,0
A002698,experiment:prom_sudan_anthracnose_2020,0
A002699,experiment:prom_sudan_anthracnose_2020,0
A002700,experiment:prom_sudan_anthracnose_2020,0
A002703,experiment:prom_sudan_anthracnose_2020,0
A002705,experiment:prom_sudan_anthracnose_2020,0
A002706,experiment:prom_sudan_anthracnose_2020,0
A002707,experiment:prom_sudan_anthracnose_2020,0
A002708,experiment:prom_sudan_anthracnose_2020,0
A002710,experiment:prom_sudan_anthracnose_2020,0
A002711,experiment:prom_sudan_anthracnose_2020,0
A002712,experiment:prom_sudan_anthracnose_2020,0
A002713,experiment:prom_sudan_anthracnose_2020,0
A002714,experiment:prom_sudan_anthracnose_2020,0
A002715,experiment:prom_sudan_anthracnose_2020,0
A002716,experiment:prom_sudan_anthracnose_2020,0
A002717,experiment:prom_sudan_anthracnose_2020,0
A002718,experiment:prom_sudan_anthracnose_2020,1
A002719,experiment:prom_sudan_anthracnose_2020,1
A002720,experiment:prom_sudan_anthracnose_2020,0
A002725,experiment:prom_sudan_anthracnose_2020,0
A002727,experiment:prom_sudan_anthracnose_2020,1
A002728,experiment:prom_sudan_anthracnose_2020,0
A002730,experiment:prom_sudan_anthracnose_2020,0
A002731,experiment:prom_sudan_anthracnose_2020,0
A002732,experiment:prom_sudan_anthracnose_2020,1
A002733,experiment:prom_sudan_anthracnose_2020,0
A002734,experiment:prom_sudan_anthracnose_2020,0
A002735,experiment:prom_sudan_anthracnose_2020,0
A002738,experiment:prom_sudan_anthracnose_2020,0
A002740,experiment:prom_sudan_anthracnose_2020,0
A002743,experiment:prom_sudan_anthracnose_2020,0
A002744,experiment:prom_sudan_anthracnose_2020,0
A002745,experiment:prom_sudan_anthracnose_2020,0
A002748,experiment:prom_sudan_anthracnose_2020,0
A002749,experiment:prom_sudan_anthracnose_2020,0
A002750,experiment:prom_sudan_anthracnose_2020,0
A002751,experiment:prom_sudan_anthracnose_2020,0
A002752,experiment:prom_sudan_anthracnose_2020,0
A002755,experiment:prom_sudan_anthracnose_2020,0
A002756,experiment:prom_sudan_anthracnose_2020,0
A002757,experiment:prom_sudan_anthracnose_2020,0
A002759,experiment:prom_sudan_anthracnose_2020,1
A002760,experiment:prom_sudan_anthracnose_2020,0
A002761,experiment:prom_sudan_anthracnose_2020,0
A003364,experiment:prom_sudan_anthracnose_2020,0
A001429,experiment:prom_sudan_rust_2025,0
A001436,experiment:prom_sudan_rust_2025,0
A001444,experiment:prom_sudan_rust_2025,0
A001446,experiment:prom_sudan_rust_2025,0
A001447,experiment:prom_sudan_rust_2025,0
A001448,experiment:prom_sudan_rust_2025,0
A001533,experiment:prom_sudan_rust_2025,0
A001534,experiment:prom_sudan_rust_2025,0
A001535,experiment:prom_sudan_rust_2025,0
A001536,experiment:prom_sudan_rust_2025,0
A001537,experiment:prom_sudan_rust_2025,1
A001539,experiment:prom_sudan_rust_2025,0
A001540,experiment:prom_sudan_rust_2025,0
A001541,experiment:prom_sudan_rust_2025,0
A001570,experiment:prom_sudan_rust_2025,0
A002411,experiment:prom_sudan_rust_2025,0
A002414,experiment:prom_sudan_rust_2025,1
A002415,experiment:prom_sudan_rust_2025,0
A002416,experiment:prom_sudan_rust_2025,0
A002417,experiment:prom_sudan_rust_2025,0
A002418,experiment:prom_sudan_rust_2025,0
A002420,experiment:prom_sudan_rust_2025,0
A002421,experiment:prom_sudan_rust_2025,0
A002423,experiment:prom_sudan_rust_2025,0
A002424,experiment:prom_sudan_rust_2025,0
A002426,experiment:prom_sudan_rust_2025,0
A002428,experiment:prom_sudan_rust_2025,0
A002462,experiment:prom_sudan_rust_2025,0
A002464,experiment:prom_sudan_rust_2025,0
A002465,experiment:prom_sudan_rust_2025,0
A002466,experiment:prom_sudan_rust_2025,0
A002468,experiment:prom_sudan_rust_2025,0
A002469,experiment:prom_sudan_rust_2025,0
A002470,experiment:prom_sudan_rust_2025,0
A002471,experiment:prom_sudan_rust_2025,0
A002472,experiment:prom_sudan_rust_2025,0
A002473,experiment:prom_sudan_rust_2025,0
A002474,experiment:prom_sudan_rust_2025,0
A002475,experiment:prom_sudan_rust_2025,0
A002476,experiment:prom_sudan_rust_2025,0
A002477,experiment:prom_sudan_rust_2025,0
A002478,experiment:prom_sudan_rust_2025,0
A002479,experiment:prom_sudan_rust_2025,0
A002480,experiment:prom_sudan_rust_2025,0
A002481,experiment:prom_sudan_rust_2025,0
A002482,experiment:prom_sudan_rust_2025,0
A002483,experiment:prom_sudan_rust_2025,0
A002485,experiment:prom_sudan_rust_2025,1
A002486,experiment:prom_sudan_rust_2025,0
A002489,experiment:prom_sudan_rust_2025,0
A002490,experiment:prom_sudan_rust_2025,0
A002491,experiment:prom_sudan_rust_2025,0
A002492,experiment:prom_sudan_rust_2025,0
A002493,experiment:prom_sudan_rust_2025,0
A002494,experiment:prom_sudan_rust_2025,0
A002496,experiment:prom_sudan_rust_2025,0
A002498,experiment:prom_sudan_rust_2025,0
A002499,experiment:prom_sudan_rust_2025,0
A002500,experiment:prom_sudan_rust_2025,0
A002501,experiment:prom_sudan_rust_2025,0
A002502,experiment:prom_sudan_rust_2025,0
A002503,experiment:prom_sudan_rust_2025,0
A002504,experiment:prom_sudan_rust_2025,0
A002506,experiment:prom_sudan_rust_2025,0
A002507,experiment:prom_sudan_rust_2025,0
A002509,experiment:prom_sudan_rust_2025,0
A002510,experiment:prom_sudan_rust_2025,0
A002511,experiment:prom_sudan_rust_2025,1
A002512,experiment:prom_sudan_rust_2025,1
A002513,experiment:prom_sudan_rust_2025,0
A002514,experiment:prom_sudan_rust_2025,0
A002515,experiment:prom_sudan_rust_2025,0
A002516,experiment:prom_sudan_rust_2025,0
A002517,experiment:prom_sudan_rust_2025,0
A002518,experiment:prom_sudan_rust_2025,1
A002519,experiment:prom_sudan_rust_2025,0
A002521,experiment:prom_sudan_rust_2025,0
A002522,experiment:prom_sudan_rust_2025,0
A002523,experiment:prom_sudan_rust_2025,0
A002525,experiment:prom_sudan_rust_2025,1
A002526,experiment:prom_sudan_rust_2025,0
A002527,experiment:prom_sudan_rust_2025,0
A002528,experiment:prom_sudan_rust_2025,0
A002529,experiment:prom_sudan_rust_2025,0
A002530,experiment:prom_sudan_rust_2025,0
A002531,experiment:prom_sudan_rust_2025,0
A002532,experiment:prom_sudan_rust_2025,0
A002533,experiment:prom_sudan_rust_2025,0
A002534,experiment:prom_sudan_rust_2025,0
A002535,experiment:prom_sudan_rust_2025,0
A002537,experiment:prom_sudan_rust_2025,0
A002538,experiment:prom_sudan_rust_2025,0
A002539,experiment:prom_sudan_rust_2025,0
A002541,experiment:prom_sudan_rust_2025,0
A002542,experiment:prom_sudan_rust_2025,0
A002543,experiment:prom_sudan_rust_2025,0
A002545,experiment:prom_sudan_rust_2025,0
A002546,experiment:prom_sudan_rust_2025,0
A002547,experiment:prom_sudan_rust_2025,0
A002548,experiment:prom_sudan_rust_2025,0
A002551,experiment:prom_sudan_rust_2025,0
A002552,experiment:prom_sudan_rust_2025,0
A002553,experiment:prom_sudan_rust_2025,0
A002554,experiment:prom_sudan_rust_2025,0
A002555,experiment:prom_sudan_rust_2025,0
A002556,experiment:prom_sudan_rust_2025,0
A002557,experiment:prom_sudan_rust_2025,0
A002559,experiment:prom_sudan_rust_2025,0
A002560,experiment:prom_sudan_rust_2025,0
A002561,experiment:prom_sudan_rust_2025,0
A002562,experiment:prom_sudan_rust_2025,0
A002563,experiment:prom_sudan_rust_2025,0
A002564,experiment:prom_sudan_rust_2025,0
A002565,experiment:prom_sudan_rust_2025,0
A002566,experiment:prom_sudan_rust_2025,0
A002567,experiment:prom_sudan_rust_2025,0
A002568,experiment:prom_sudan_rust_2025,0
A002569,experiment:prom_sudan_rust_2025,0
A002570,experiment:prom_sudan_rust_2025,0
A002571,experiment:prom_sudan_rust_2025,0
A002572,experiment:prom_sudan_rust_2025,0
A002573,experiment:prom_sudan_rust_2025,0
A002574,experiment:prom_sudan_rust_2025,0
A002575,experiment:prom_sudan_rust_2025,0
A002576,experiment:prom_sudan_rust_2025,0
A002577,experiment:prom_sudan_rust_2025,0
A002578,experiment:prom_sudan_rust_2025,1
A002579,experiment:prom_sudan_rust_2025,0
A002580,experiment:prom_sudan_rust_2025,1
A002581,experiment:prom_sudan_rust_2025,0
A002582,experiment:prom_sudan_rust_2025,1
A002583,experiment:prom_sudan_rust_2025,0
A002584,experiment:prom_sudan_rust_2025,0
A002585,experiment:prom_sudan_rust_2025,0
A002587,experiment:prom_sudan_rust_2025,0
A002589,experiment:prom_sudan_rust_2025,0
A002590,experiment:prom_sudan_rust_2025,0
A002591,experiment:prom_sudan_rust_2025,0
A002592,experiment:prom_sudan_rust_2025,0
A002595,experiment:prom_sudan_rust_2025,0
A002598,experiment:prom_sudan_rust_2025,0
A002599,experiment:prom_sudan_rust_2025,0
A002601,experiment:prom_sudan_rust_2025,0
A002602,experiment:prom_sudan_rust_2025,0
A002603,experiment:prom_sudan_rust_2025,0
A002604,experiment:prom_sudan_rust_2025,0
A002607,experiment:prom_sudan_rust_2025,0
A002610,experiment:prom_sudan_rust_2025,1
A002611,experiment:prom_sudan_rust_2025,0
A002613,experiment:prom_sudan_rust_2025,0
A002616,experiment:prom_sudan_rust_2025,0
A002617,experiment:prom_sudan_rust_2025,0
A002618,experiment:prom_sudan_rust_2025,0
A002619,experiment:prom_sudan_rust_2025,0
A002620,experiment:prom_sudan_rust_2025,0
A002621,experiment:prom_sudan_rust_2025,0
A002622,experiment:prom_sudan_rust_2025,0
A002623,experiment:prom_sudan_rust_2025,1
A002624,experiment:prom_sudan_rust_2025,0
A002625,experiment:prom_sudan_rust_2025,0
A002626,experiment:prom_sudan_rust_2025,0
A002627,experiment:prom_sudan_rust_2025,0
A002628,experiment:prom_sudan_rust_2025,1
A002629,experiment:prom_sudan_rust_2025,0
A002630,experiment:prom_sudan_rust_2025,0
A002631,experiment:prom_sudan_rust_2025,0
A002632,experiment:prom_sudan_rust_2025,0
A002634,experiment:prom_sudan_rust_2025,0
A002635,experiment:prom_sudan_rust_2025,0
A002636,experiment:prom_sudan_rust_2025,0
A002638,experiment:prom_sudan_rust_2025,0
A002639,experiment:prom_sudan_rust_2025,0
A002640,experiment:prom_sudan_rust_2025,0
A002641,experiment:prom_sudan_rust_2025,0
A002642,experiment:prom_sudan_rust_2025,0
A002643,experiment:prom_sudan_rust_2025,0
A002644,experiment:prom_sudan_rust_2025,0
A002645,experiment:prom_sudan_rust_2025,0
A002646,experiment:prom_sudan_rust_2025,0
A002647,experiment:prom_sudan_rust_2025,0
A002648,experiment:prom_sudan_rust_2025,0
A002649,experiment:prom_sudan_rust_2025,0
A002650,experiment:prom_sudan_rust_2025,0
A002651,experiment:prom_sudan_rust_2025,0
A002652,experiment:prom_sudan_rust_2025,0
A002653,experiment:prom_sudan_rust_2025,0
A002654,experiment:prom_sudan_rust_2025,0
A002655,experiment:prom_sudan_rust_2025,0
A002656,experiment:prom_sudan_rust_2025,0
A002657,experiment:prom_sudan_rust_2025,0
A002658,experiment:prom_sudan_rust_2025,0
A002659,experiment:prom_sudan_rust_2025,0
A002660,experiment:prom_sudan_rust_2025,0
A002661,experiment:prom_sudan_rust_2025,1
A002662,experiment:prom_sudan_rust_2025,0
A002663,experiment:prom_sudan_rust_2025,0
A002665,experiment:prom_sudan_rust_2025,0
A002666,experiment:prom_sudan_rust_2025,0
A002668,experiment:prom_sudan_rust_2025,0
A002670,experiment:prom_sudan_rust_2025,0
A002671,experiment:prom_sudan_rust_2025,0
A002672,experiment:prom_sudan_rust_2025,1
A002673,experiment:prom_sudan_rust_2025,1
A002674,experiment:prom_sudan_rust_2025,0
A002675,experiment:prom_sudan_rust_2025,0
A002677,experiment:prom_sudan_rust_2025,0
A002678,experiment:prom_sudan_rust_2025,0
A002680,experiment:prom_sudan_rust_2025,0
A002684,experiment:prom_sudan_rust_2025,0
A002685,experiment:prom_sudan_rust_2025,0
A002686,experiment:prom_sudan_rust_2025,0
A002687,experiment:prom_sudan_rust_2025,0
A002688,experiment:prom_sudan_rust_2025,0
A002689,experiment:prom_sudan_rust_2025,0
A002691,experiment:prom_sudan_rust_2025,0
A002692,experiment:prom_sudan_rust_2025,0
A002693,experiment:prom_sudan_rust_2025,0
A002694,experiment:prom_sudan_rust_2025,0
A002695,experiment:prom_sudan_rust_2025,0
A002696,experiment:prom_sudan_rust_2025,0
A002697,experiment:prom_sudan_rust_2025,0
A002698,experiment:prom_sudan_rust_2025,0
A002699,experiment:prom_sudan_rust_2025,0
A002700,experiment:prom_sudan_rust_2025,0
A002703,experiment:prom_sudan_rust_2025,0
A002705,experiment:prom_sudan_rust_2025,0
A002706,experiment:prom_sudan_rust_2025,0
A002707,experiment:prom_sudan_rust_2025,0
A002708,experiment:prom_sudan_rust_2025,0
A002710,experiment:prom_sudan_rust_2025,0
A002711,experiment:prom_sudan_rust_2025,0
A002712,experiment:prom_sudan_rust_2025,0
A002713,experiment:prom_sudan_rust_2025,0
A002714,experiment:prom_sudan_rust_2025,0
A002715,experiment:prom_sudan_rust_2025,0
A002716,experiment:prom_sudan_rust_2025,0
A002717,experiment:prom_sudan_rust_2025,0
A002718,experiment:prom_sudan_rust_2025,0
A002719,experiment:prom_sudan_rust_2025,0
A002720,experiment:prom_sudan_rust_2025,0
A002721,experiment:prom_sudan_rust_2025,1
A002725,experiment:prom_sudan_rust_2025,0
A002727,experiment:prom_sudan_rust_2025,0
A002728,experiment:prom_sudan_rust_2025,0
A002730,experiment:prom_sudan_rust_2025,1
A002731,experiment:prom_sudan_rust_2025,0
A002732,experiment:prom_sudan_rust_2025,0
A002733,experiment:prom_sudan_rust_2025,0
A002734,experiment:prom_sudan_rust_2025,0
A002735,experiment:prom_sudan_rust_2025,0
A002738,experiment:prom_sudan_rust_2025,0
A002739,experiment:prom_sudan_rust_2025,0
A002740,experiment:prom_sudan_rust_2025,0
A002743,experiment:prom_sudan_rust_2025,0
A002744,experiment:prom_sudan_rust_2025,0
A002745,experiment:prom_sudan_rust_2025,0
A002748,experiment:prom_sudan_rust_2025,0
A002749,experiment:prom_sudan_rust_2025,0
A002750,experiment:prom_sudan_rust_2025,0
A002751,experiment:prom_sudan_rust_2025,0
A002752,experiment:prom_sudan_rust_2025,0
A002755,experiment:prom_sudan_rust_2025,0
A002756,experiment:prom_sudan_rust_2025,0
A002757,experiment:prom_sudan_rust_2025,0
A002759,experiment:prom_sudan_rust_2025,0
A002760,experiment:prom_sudan_rust_2025,0
A002761,experiment:prom_sudan_rust_2025,0
A003364,experiment:prom_sudan_rust_2025,0
A001433,experiment:prom_weather_anthracnose_texas_2009_paired_crop_regrowth,0
A001443,experiment:prom_weather_anthracnose_texas_2009_paired_crop_regrowth,0
A001465,experiment:prom_weather_anthracnose_texas_2009_paired_crop_regrowth,1
A001467,experiment:prom_weather_anthracnose_texas_2009_paired_crop_regrowth,0
A001468,experiment:prom_weather_anthracnose_texas_2009_paired_crop_regrowth,0
A001471,experiment:prom_weather_anthracnose_texas_2009_paired_crop_regrowth,0
A001473,experiment:prom_weather_anthracnose_texas_2009_paired_crop_regrowth,1
A001475,experiment:prom_weather_anthracnose_texas_2009_paired_crop_regrowth,0
A001522,experiment:prom_weather_anthracnose_texas_2009_paired_crop_regrowth,0
A001531,experiment:prom_weather_anthracnose_texas_2009_paired_crop_regrowth,1
A001541,experiment:prom_weather_anthracnose_texas_2009_paired_crop_regrowth,0
A001558,experiment:prom_weather_anthracnose_texas_2009_paired_crop_regrowth,0
A001564,experiment:prom_weather_anthracnose_texas_2009_paired_crop_regrowth,0
A001571,experiment:prom_weather_anthracnose_texas_2009_paired_crop_regrowth,1
A001572,experiment:prom_weather_anthracnose_texas_2009_paired_crop_regrowth,0
A001573,experiment:prom_weather_anthracnose_texas_2009_paired_crop_regrowth,0
A001575,experiment:prom_weather_anthracnose_texas_2009_paired_crop_regrowth,0
A001576,experiment:prom_weather_anthracnose_texas_2009_paired_crop_regrowth,0
A001577,experiment:prom_weather_anthracnose_texas_2009_paired_crop_regrowth,0
A001578,experiment:prom_weather_anthracnose_texas_2009_paired_crop_regrowth,0
A001579,experiment:prom_weather_anthracnose_texas_2009_paired_crop_regrowth,0
A001580,experiment:prom_weather_anthracnose_texas_2009_paired_crop_regrowth,0
A001581,experiment:prom_weather_anthracnose_texas_2009_paired_crop_regrowth,0
A001585,experiment:prom_weather_anthracnose_texas_2009_paired_crop_regrowth,0
A001586,experiment:prom_weather_anthracnose_texas_2009_paired_crop_regrowth,0
A001587,experiment:prom_weather_anthracnose_texas_2009_paired_crop_regrowth,0
A001588,experiment:prom_weather_anthracnose_texas_2009_paired_crop_regrowth,0
A001590,experiment:prom_weather_anthracnose_texas_2009_paired_crop_regrowth,0
A001606,experiment:prom_weather_anthracnose_texas_2009_paired_crop_regrowth,0
A001607,experiment:prom_weather_anthracnose_texas_2009_paired_crop_regrowth,0
A001609,experiment:prom_weather_anthracnose_texas_2009_paired_crop_regrowth,1
A001610,experiment:prom_weather_anthracnose_texas_2009_paired_crop_regrowth,1
A001612,experiment:prom_weather_anthracnose_texas_2009_paired_crop_regrowth,0
A001628,experiment:prom_weather_anthracnose_texas_2009_paired_crop_regrowth,0
A001630,experiment:prom_weather_anthracnose_texas_2009_paired_crop_regrowth,0
A002417,experiment:prom_weather_anthracnose_texas_2009_paired_crop_regrowth,0
A002422,experiment:prom_weather_anthracnose_texas_2009_paired_crop_regrowth,1
A002425,experiment:prom_weather_anthracnose_texas_2009_paired_crop_regrowth,0
A002427,experiment:prom_weather_anthracnose_texas_2009_paired_crop_regrowth,0
A002463,experiment:prom_weather_anthracnose_texas_2009_paired_crop_regrowth,0
A002464,experiment:prom_weather_anthracnose_texas_2009_paired_crop_regrowth,0
A002467,experiment:prom_weather_anthracnose_texas_2009_paired_crop_regrowth,0
A002481,experiment:prom_weather_anthracnose_texas_2009_paired_crop_regrowth,1
A002484,experiment:prom_weather_anthracnose_texas_2009_paired_crop_regrowth,0
A002487,experiment:prom_weather_anthracnose_texas_2009_paired_crop_regrowth,0
A002488,experiment:prom_weather_anthracnose_texas_2009_paired_crop_regrowth,0
A002495,experiment:prom_weather_anthracnose_texas_2009_paired_crop_regrowth,0
A002497,experiment:prom_weather_anthracnose_texas_2009_paired_crop_regrowth,0
A002524,experiment:prom_weather_anthracnose_texas_2009_paired_crop_regrowth,0
A002536,experiment:prom_weather_anthracnose_texas_2009_paired_crop_regrowth,0
A002540,experiment:prom_weather_anthracnose_texas_2009_paired_crop_regrowth,0
A002542,experiment:prom_weather_anthracnose_texas_2009_paired_crop_regrowth,0
A002544,experiment:prom_weather_anthracnose_texas_2009_paired_crop_regrowth,0
A002627,experiment:prom_weather_anthracnose_texas_2009_paired_crop_regrowth,0
A002679,experiment:prom_weather_anthracnose_texas_2009_paired_crop_regrowth,1
A002704,experiment:prom_weather_anthracnose_texas_2009_paired_crop_regrowth,1
A002762,experiment:prom_weather_anthracnose_texas_2009_paired_crop_regrowth,0
A002813,experiment:prom_weather_anthracnose_texas_2009_paired_crop_regrowth,1
A002815,experiment:prom_weather_anthracnose_texas_2009_paired_crop_regrowth,1
A003018,experiment:prom_weather_anthracnose_texas_2009_paired_crop_regrowth,1
A003019,experiment:prom_weather_anthracnose_texas_2009_paired_crop_regrowth,1
A003020,experiment:prom_weather_anthracnose_texas_2009_paired_crop_regrowth,0
A003021,experiment:prom_weather_anthracnose_texas_2009_paired_crop_regrowth,0
A003024,experiment:prom_weather_anthracnose_texas_2009_paired_crop_regrowth,1
A003025,experiment:prom_weather_anthracnose_texas_2009_paired_crop_regrowth,1
A003030,experiment:prom_weather_anthracnose_texas_2009_paired_crop_regrowth,1
A003259,experiment:prom_weather_anthracnose_texas_2009_paired_crop_regrowth,1
A003262,experiment:prom_weather_anthracnose_texas_2009_paired_crop_regrowth,1
A001676,experiment:prom_zimbabwe_rust_isabela_2011,0
A001677,experiment:prom_zimbabwe_rust_isabela_2011,0
A001678,experiment:prom_zimbabwe_rust_isabela_2011,0
A001679,experiment:prom_zimbabwe_rust_isabela_2011,1
A001680,experiment:prom_zimbabwe_rust_isabela_2011,0
A001681,experiment:prom_zimbabwe_rust_isabela_2011,0
A001682,experiment:prom_zimbabwe_rust_isabela_2011,1
A001683,experiment:prom_zimbabwe_rust_isabela_2011,0
A001684,experiment:prom_zimbabwe_rust_isabela_2011,1
A001685,experiment:prom_zimbabwe_rust_isabela_2011,0
A001686,experiment:prom_zimbabwe_rust_isabela_2011,0
A001687,experiment:prom_zimbabwe_rust_isabela_2011,0
A001688,experiment:prom_zimbabwe_rust_isabela_2011,0
A001689,experiment:prom_zimbabwe_rust_isabela_2011,0
A001690,experiment:prom_zimbabwe_rust_isabela_2011,0
A001691,experiment:prom_zimbabwe_rust_isabela_2011,0
A001692,experiment:prom_zimbabwe_rust_isabela_2011,0
A001693,experiment:prom_zimbabwe_rust_isabela_2011,0
A001694,experiment:prom_zimbabwe_rust_isabela_2011,0
A001695,experiment:prom_zimbabwe_rust_isabela_2011,0
A001696,experiment:prom_zimbabwe_rust_isabela_2011,0
A001697,experiment:prom_zimbabwe_rust_isabela_2011,0
A001698,experiment:prom_zimbabwe_rust_isabela_2011,0
A001699,experiment:prom_zimbabwe_rust_isabela_2011,0
A001700,experiment:prom_zimbabwe_rust_isabela_2011,0
A001701,experiment:prom_zimbabwe_rust_isabela_2011,0
A001702,experiment:prom_zimbabwe_rust_isabela_2011,0
A001703,experiment:prom_zimbabwe_rust_isabela_2011,0
A001704,experiment:prom_zimbabwe_rust_isabela_2011,0
A001705,experiment:prom_zimbabwe_rust_isabela_2011,0
A001706,experiment:prom_zimbabwe_rust_isabela_2011,1
A001707,experiment:prom_zimbabwe_rust_isabela_2011,0
A001708,experiment:prom_zimbabwe_rust_isabela_2011,0
A001709,experiment:prom_zimbabwe_rust_isabela_2011,1
A001710,experiment:prom_zimbabwe_rust_isabela_2011,1
A001711,experiment:prom_zimbabwe_rust_isabela_2011,0
A001712,experiment:prom_zimbabwe_rust_isabela_2011,0
A001713,experiment:prom_zimbabwe_rust_isabela_2011,0
A001714,experiment:prom_zimbabwe_rust_isabela_2011,0
A001715,experiment:prom_zimbabwe_rust_isabela_2011,0
A001716,experiment:prom_zimbabwe_rust_isabela_2011,0
A001717,experiment:prom_zimbabwe_rust_isabela_2011,0
A001718,experiment:prom_zimbabwe_rust_isabela_2011,0
A001719,experiment:prom_zimbabwe_rust_isabela_2011,0
A001720,experiment:prom_zimbabwe_rust_isabela_2011,0
A001721,experiment:prom_zimbabwe_rust_isabela_2011,0
A001722,experiment:prom_zimbabwe_rust_isabela_2011,0
A001723,experiment:prom_zimbabwe_rust_isabela_2011,1
A001724,experiment:prom_zimbabwe_rust_isabela_2011,1
A001725,experiment:prom_zimbabwe_rust_isabela_2011,0
A001726,experiment:prom_zimbabwe_rust_isabela_2011,1
A001727,experiment:prom_zimbabwe_rust_isabela_2011,0
A001728,experiment:prom_zimbabwe_rust_isabela_2011,0
A001729,experiment:prom_zimbabwe_rust_isabela_2011,0
A001730,experiment:prom_zimbabwe_rust_isabela_2011,0
A001731,experiment:prom_zimbabwe_rust_isabela_2011,1
A001732,experiment:prom_zimbabwe_rust_isabela_2011,0
A001733,experiment:prom_zimbabwe_rust_isabela_2011,0
A001734,experiment:prom_zimbabwe_rust_isabela_2011,0
A001735,experiment:prom_zimbabwe_rust_isabela_2011,1
A001736,experiment:prom_zimbabwe_rust_isabela_2011,0
A001737,experiment:prom_zimbabwe_rust_isabela_2011,0
A001738,experiment:prom_zimbabwe_rust_isabela_2011,0
A001739,experiment:prom_zimbabwe_rust_isabela_2011,0
A001740,experiment:prom_zimbabwe_rust_isabela_2011,0
A001741,experiment:prom_zimbabwe_rust_isabela_2011,0
A001742,experiment:prom_zimbabwe_rust_isabela_2011,1
A001743,experiment:prom_zimbabwe_rust_isabela_2011,0
A000002,experiment:prom_zonate_leaf_spot_burleson_2021,0
A000005,experiment:prom_zonate_leaf_spot_burleson_2021,0
A001411,experiment:prom_zonate_leaf_spot_burleson_2021,1
A001421,experiment:prom_zonate_leaf_spot_burleson_2021,0
A001425,experiment:prom_zonate_leaf_spot_burleson_2021,1
A001544,experiment:prom_zonate_leaf_spot_burleson_2021,0
A001555,experiment:prom_zonate_leaf_spot_burleson_2021,1
A001556,experiment:prom_zonate_leaf_spot_burleson_2021,0
A001557,experiment:prom_zonate_leaf_spot_burleson_2021,0
A001558,experiment:prom_zonate_leaf_spot_burleson_2021,0
A001584,experiment:prom_zonate_leaf_spot_burleson_2021,0
A001592,experiment:prom_zonate_leaf_spot_burleson_2021,0
A001599,experiment:prom_zonate_leaf_spot_burleson_2021,1
A001600,experiment:prom_zonate_leaf_spot_burleson_2021,0
A001601,experiment:prom_zonate_leaf_spot_burleson_2021,0
A001602,experiment:prom_zonate_leaf_spot_burleson_2021,0
A001603,experiment:prom_zonate_leaf_spot_burleson_2021,0
A001604,experiment:prom_zonate_leaf_spot_burleson_2021,0
A001605,experiment:prom_zonate_leaf_spot_burleson_2021,0
A002211,experiment:prom_zonate_leaf_spot_burleson_2021,1
A002213,experiment:prom_zonate_leaf_spot_burleson_2021,0
A002259,experiment:prom_zonate_leaf_spot_burleson_2021,0
A002263,experiment:prom_zonate_leaf_spot_burleson_2021,0
A002301,experiment:prom_zonate_leaf_spot_burleson_2021,0
A002330,experiment:prom_zonate_leaf_spot_burleson_2021,0
A002349,experiment:prom_zonate_leaf_spot_burleson_2021,0
A002351,experiment:prom_zonate_leaf_spot_burleson_2021,0
A002354,experiment:prom_zonate_leaf_spot_burleson_2021,1
A002450,experiment:prom_zonate_leaf_spot_burleson_2021,0
A002452,experiment:prom_zonate_leaf_spot_burleson_2021,0
A002608,experiment:prom_zonate_leaf_spot_burleson_2021,0
A002676,experiment:prom_zonate_leaf_spot_burleson_2021,1
A002701,experiment:prom_zonate_leaf_spot_burleson_2021,1
A002772,experiment:prom_zonate_leaf_spot_burleson_2021,0
A002784,experiment:prom_zonate_leaf_spot_burleson_2021,0
A002785,experiment:prom_zonate_leaf_spot_burleson_2021,0
A002787,experiment:prom_zonate_leaf_spot_burleson_2021,0
A002789,experiment:prom_zonate_leaf_spot_burleson_2021,0
A002805,experiment:prom_zonate_leaf_spot_burleson_2021,0
A003112,experiment:prom_zonate_leaf_spot_burleson_2021,1
A003411,experiment:prom_zonate_leaf_spot_burleson_2021,0
A003633,experiment:prom_zonate_leaf_spot_burleson_2021,0
A003634,experiment:prom_zonate_leaf_spot_burleson_2021,0
A003636,experiment:prom_zonate_leaf_spot_burleson_2021,1
A003637,experiment:prom_zonate_leaf_spot_burleson_2021,0
A003638,experiment:prom_zonate_leaf_spot_burleson_2021,1
A003639,experiment:prom_zonate_leaf_spot_burleson_2021,0
A003640,experiment:prom_zonate_leaf_spot_burleson_2021,0
A003641,experiment:prom_zonate_leaf_spot_burleson_2021,0
A003642,experiment:prom_zonate_leaf_spot_burleson_2021,0
A003643,experiment:prom_zonate_leaf_spot_burleson_2021,0
A003644,experiment:prom_zonate_leaf_spot_burleson_2021,0
A003645,experiment:prom_zonate_leaf_spot_burleson_2021,0
A003647,experiment:prom_zonate_leaf_spot_burleson_2021,0
A003648,experiment:prom_zonate_leaf_spot_burleson_2021,0
A003649,experiment:prom_zonate_leaf_spot_burleson_2021,0
A003650,experiment:prom_zonate_leaf_spot_burleson_2021,0
A003651,experiment:prom_zonate_leaf_spot_burleson_2021,0
A003654,experiment:prom_zonate_leaf_spot_burleson_2021,0
A000128,experiment:ref_aragaw_terefe_eastern_ethiopia_anthracnose_2024,1
A000171,experiment:ref_aragaw_terefe_eastern_ethiopia_anthracnose_2024,1
A000185,experiment:ref_aragaw_terefe_eastern_ethiopia_anthracnose_2024,0
A000191,experiment:ref_aragaw_terefe_eastern_ethiopia_anthracnose_2024,1
A000216,experiment:ref_aragaw_terefe_eastern_ethiopia_anthracnose_2024,1
A000235,experiment:ref_aragaw_terefe_eastern_ethiopia_anthracnose_2024,1
A000288,experiment:ref_aragaw_terefe_eastern_ethiopia_anthracnose_2024,1
A000309,experiment:ref_aragaw_terefe_eastern_ethiopia_anthracnose_2024,1
A000325,experiment:ref_aragaw_terefe_eastern_ethiopia_anthracnose_2024,0
A000328,experiment:ref_aragaw_terefe_eastern_ethiopia_anthracnose_2024,1
A000369,experiment:ref_aragaw_terefe_eastern_ethiopia_anthracnose_2024,1
A000374,experiment:ref_aragaw_terefe_eastern_ethiopia_anthracnose_2024,0
A000380,experiment:ref_aragaw_terefe_eastern_ethiopia_anthracnose_2024,1
A000470,experiment:ref_aragaw_terefe_eastern_ethiopia_anthracnose_2024,1
A000557,experiment:ref_aragaw_terefe_eastern_ethiopia_anthracnose_2024,0
A000667,experiment:ref_aragaw_terefe_eastern_ethiopia_anthracnose_2024,0
A000688,experiment:ref_aragaw_terefe_eastern_ethiopia_anthracnose_2024,1
A000698,experiment:ref_aragaw_terefe_eastern_ethiopia_anthracnose_2024,1
A000705,experiment:ref_aragaw_terefe_eastern_ethiopia_anthracnose_2024,1
A000728,experiment:ref_aragaw_terefe_eastern_ethiopia_anthracnose_2024,1
A000731,experiment:ref_aragaw_terefe_eastern_ethiopia_anthracnose_2024,0
A000736,experiment:ref_aragaw_terefe_eastern_ethiopia_anthracnose_2024,0
A000738,experiment:ref_aragaw_terefe_eastern_ethiopia_anthracnose_2024,0
A000740,experiment:ref_aragaw_terefe_eastern_ethiopia_anthracnose_2024,0
A000805,experiment:ref_aragaw_terefe_eastern_ethiopia_anthracnose_2024,0
A000841,experiment:ref_aragaw_terefe_eastern_ethiopia_anthracnose_2024,0
A000856,experiment:ref_aragaw_terefe_eastern_ethiopia_anthracnose_2024,0
A000915,experiment:ref_aragaw_terefe_eastern_ethiopia_anthracnose_2024,0
A000935,experiment:ref_aragaw_terefe_eastern_ethiopia_anthracnose_2024,0
A000986,experiment:ref_aragaw_terefe_eastern_ethiopia_anthracnose_2024,0
A001051,experiment:ref_aragaw_terefe_eastern_ethiopia_anthracnose_2024,0
A001052,experiment:ref_aragaw_terefe_eastern_ethiopia_anthracnose_2024,1
A001055,experiment:ref_aragaw_terefe_eastern_ethiopia_anthracnose_2024,1
A001057,experiment:ref_aragaw_terefe_eastern_ethiopia_anthracnose_2024,0
A001061,experiment:ref_aragaw_terefe_eastern_ethiopia_anthracnose_2024,0
A001092,experiment:ref_aragaw_terefe_eastern_ethiopia_anthracnose_2024,1
A001093,experiment:ref_aragaw_terefe_eastern_ethiopia_anthracnose_2024,1
A001151,experiment:ref_aragaw_terefe_eastern_ethiopia_anthracnose_2024,0
A001214,experiment:ref_aragaw_terefe_eastern_ethiopia_anthracnose_2024,0
A001257,experiment:ref_aragaw_terefe_eastern_ethiopia_anthracnose_2024,0
A001320,experiment:ref_aragaw_terefe_eastern_ethiopia_anthracnose_2024,0
A001342,experiment:ref_aragaw_terefe_eastern_ethiopia_anthracnose_2024,0
A001345,experiment:ref_aragaw_terefe_eastern_ethiopia_anthracnose_2024,0
A001369,experiment:ref_aragaw_terefe_eastern_ethiopia_anthracnose_2024,0
A001385,experiment:ref_aragaw_terefe_eastern_ethiopia_anthracnose_2024,0
A001387,experiment:ref_aragaw_terefe_eastern_ethiopia_anthracnose_2024,0
A000006,experiment:ref_girma_ethiopian_head_smut_2019,0
A000007,experiment:ref_girma_ethiopian_head_smut_2019,1
A000009,experiment:ref_girma_ethiopian_head_smut_2019,1
A000010,experiment:ref_girma_ethiopian_head_smut_2019,1
A000011,experiment:ref_girma_ethiopian_head_smut_2019,1
A000012,experiment:ref_girma_ethiopian_head_smut_2019,0
A000013,experiment:ref_girma_ethiopian_head_smut_2019,0
A000014,experiment:ref_girma_ethiopian_head_smut_2019,1
A000016,experiment:ref_girma_ethiopian_head_smut_2019,1
A000017,experiment:ref_girma_ethiopian_head_smut_2019,0
A000018,experiment:ref_girma_ethiopian_head_smut_2019,1
A000019,experiment:ref_girma_ethiopian_head_smut_2019,1
A000020,experiment:ref_girma_ethiopian_head_smut_2019,1
A000022,experiment:ref_girma_ethiopian_head_smut_2019,1
A000028,experiment:ref_girma_ethiopian_head_smut_2019,1
A000029,experiment:ref_girma_ethiopian_head_smut_2019,0
A000030,experiment:ref_girma_ethiopian_head_smut_2019,1
A000031,experiment:ref_girma_ethiopian_head_smut_2019,1
A000033,experiment:ref_girma_ethiopian_head_smut_2019,1
A000034,experiment:ref_girma_ethiopian_head_smut_2019,1
A000035,experiment:ref_girma_ethiopian_head_smut_2019,1
A000037,experiment:ref_girma_ethiopian_head_smut_2019,1
A000039,experiment:ref_girma_ethiopian_head_smut_2019,1
A000042,experiment:ref_girma_ethiopian_head_smut_2019,1
A000043,experiment:ref_girma_ethiopian_head_smut_2019,1
A000044,experiment:ref_girma_ethiopian_head_smut_2019,0
A000045,experiment:ref_girma_ethiopian_head_smut_2019,0
A000046,experiment:ref_girma_ethiopian_head_smut_2019,1
A000048,experiment:ref_girma_ethiopian_head_smut_2019,0
A000052,experiment:ref_girma_ethiopian_head_smut_2019,1
A000053,experiment:ref_girma_ethiopian_head_smut_2019,1
A000055,experiment:ref_girma_ethiopian_head_smut_2019,1
A000056,experiment:ref_girma_ethiopian_head_smut_2019,1
A000057,experiment:ref_girma_ethiopian_head_smut_2019,1
A000059,experiment:ref_girma_ethiopian_head_smut_2019,1
A000060,experiment:ref_girma_ethiopian_head_smut_2019,1
A000061,experiment:ref_girma_ethiopian_head_smut_2019,1
A000062,experiment:ref_girma_ethiopian_head_smut_2019,1
A000063,experiment:ref_girma_ethiopian_head_smut_2019,1
A000064,experiment:ref_girma_ethiopian_head_smut_2019,1
A000065,experiment:ref_girma_ethiopian_head_smut_2019,1
A000066,experiment:ref_girma_ethiopian_head_smut_2019,1
A000068,experiment:ref_girma_ethiopian_head_smut_2019,1
A000069,experiment:ref_girma_ethiopian_head_smut_2019,1
A000070,experiment:ref_girma_ethiopian_head_smut_2019,0
A000071,experiment:ref_girma_ethiopian_head_smut_2019,0
A000072,experiment:ref_girma_ethiopian_head_smut_2019,0
A000073,experiment:ref_girma_ethiopian_head_smut_2019,0
A000074,experiment:ref_girma_ethiopian_head_smut_2019,0
A000075,experiment:ref_girma_ethiopian_head_smut_2019,1
A000076,experiment:ref_girma_ethiopian_head_smut_2019,0
A000077,experiment:ref_girma_ethiopian_head_smut_2019,0
A000078,experiment:ref_girma_ethiopian_head_smut_2019,1
A000079,experiment:ref_girma_ethiopian_head_smut_2019,1
A000080,experiment:ref_girma_ethiopian_head_smut_2019,1
A000081,experiment:ref_girma_ethiopian_head_smut_2019,0
A000082,experiment:ref_girma_ethiopian_head_smut_2019,0
A000083,experiment:ref_girma_ethiopian_head_smut_2019,1
A000084,experiment:ref_girma_ethiopian_head_smut_2019,1
A000085,experiment:ref_girma_ethiopian_head_smut_2019,1
A000086,experiment:ref_girma_ethiopian_head_smut_2019,1
A000087,experiment:ref_girma_ethiopian_head_smut_2019,0
A000088,experiment:ref_girma_ethiopian_head_smut_2019,1
A000089,experiment:ref_girma_ethiopian_head_smut_2019,0
A000091,experiment:ref_girma_ethiopian_head_smut_2019,1
A000092,experiment:ref_girma_ethiopian_head_smut_2019,1
A000097,experiment:ref_girma_ethiopian_head_smut_2019,1
A000098,experiment:ref_girma_ethiopian_head_smut_2019,1
A000099,experiment:ref_girma_ethiopian_head_smut_2019,1
A000100,experiment:ref_girma_ethiopian_head_smut_2019,1
A000101,experiment:ref_girma_ethiopian_head_smut_2019,1
A000102,experiment:ref_girma_ethiopian_head_smut_2019,1
A000104,experiment:ref_girma_ethiopian_head_smut_2019,1
A000105,experiment:ref_girma_ethiopian_head_smut_2019,1
A000106,experiment:ref_girma_ethiopian_head_smut_2019,1
A000107,experiment:ref_girma_ethiopian_head_smut_2019,1
A000109,experiment:ref_girma_ethiopian_head_smut_2019,1
A000110,experiment:ref_girma_ethiopian_head_smut_2019,1
A000111,experiment:ref_girma_ethiopian_head_smut_2019,1
A000112,experiment:ref_girma_ethiopian_head_smut_2019,0
A000113,experiment:ref_girma_ethiopian_head_smut_2019,1
A000114,experiment:ref_girma_ethiopian_head_smut_2019,0
A000115,experiment:ref_girma_ethiopian_head_smut_2019,1
A000116,experiment:ref_girma_ethiopian_head_smut_2019,1
A000117,experiment:ref_girma_ethiopian_head_smut_2019,1
A000120,experiment:ref_girma_ethiopian_head_smut_2019,1
A000122,experiment:ref_girma_ethiopian_head_smut_2019,1
A000123,experiment:ref_girma_ethiopian_head_smut_2019,0
A000124,experiment:ref_girma_ethiopian_head_smut_2019,1
A000125,experiment:ref_girma_ethiopian_head_smut_2019,1
A000126,experiment:ref_girma_ethiopian_head_smut_2019,1
A000128,experiment:ref_girma_ethiopian_head_smut_2019,1
A000129,experiment:ref_girma_ethiopian_head_smut_2019,1
A000130,experiment:ref_girma_ethiopian_head_smut_2019,1
A000131,experiment:ref_girma_ethiopian_head_smut_2019,1
A000132,experiment:ref_girma_ethiopian_head_smut_2019,1
A000133,experiment:ref_girma_ethiopian_head_smut_2019,1
A000134,experiment:ref_girma_ethiopian_head_smut_2019,1
A000135,experiment:ref_girma_ethiopian_head_smut_2019,1
A000136,experiment:ref_girma_ethiopian_head_smut_2019,1
A000137,experiment:ref_girma_ethiopian_head_smut_2019,1
A000138,experiment:ref_girma_ethiopian_head_smut_2019,0
A000139,experiment:ref_girma_ethiopian_head_smut_2019,1
A000140,experiment:ref_girma_ethiopian_head_smut_2019,1
A000141,experiment:ref_girma_ethiopian_head_smut_2019,0
A000142,experiment:ref_girma_ethiopian_head_smut_2019,1
A000143,experiment:ref_girma_ethiopian_head_smut_2019,1
A000144,experiment:ref_girma_ethiopian_head_smut_2019,0
A000145,experiment:ref_girma_ethiopian_head_smut_2019,1
A000146,experiment:ref_girma_ethiopian_head_smut_2019,1
A000147,experiment:ref_girma_ethiopian_head_smut_2019,1
A000148,experiment:ref_girma_ethiopian_head_smut_2019,1
A000149,experiment:ref_girma_ethiopian_head_smut_2019,1
A000150,experiment:ref_girma_ethiopian_head_smut_2019,1
A000151,experiment:ref_girma_ethiopian_head_smut_2019,1
A000152,experiment:ref_girma_ethiopian_head_smut_2019,1
A000153,experiment:ref_girma_ethiopian_head_smut_2019,0
A000154,experiment:ref_girma_ethiopian_head_smut_2019,0
A000155,experiment:ref_girma_ethiopian_head_smut_2019,1
A000156,experiment:ref_girma_ethiopian_head_smut_2019,0
A000157,experiment:ref_girma_ethiopian_head_smut_2019,0
A000158,experiment:ref_girma_ethiopian_head_smut_2019,1
A000159,experiment:ref_girma_ethiopian_head_smut_2019,0
A000160,experiment:ref_girma_ethiopian_head_smut_2019,0
A000161,experiment:ref_girma_ethiopian_head_smut_2019,1
A000162,experiment:ref_girma_ethiopian_head_smut_2019,0
A000163,experiment:ref_girma_ethiopian_head_smut_2019,1
A000164,experiment:ref_girma_ethiopian_head_smut_2019,1
A000165,experiment:ref_girma_ethiopian_head_smut_2019,0
A000166,experiment:ref_girma_ethiopian_head_smut_2019,0
A000167,experiment:ref_girma_ethiopian_head_smut_2019,1
A000168,experiment:ref_girma_ethiopian_head_smut_2019,1
A000169,experiment:ref_girma_ethiopian_head_smut_2019,0
A000170,experiment:ref_girma_ethiopian_head_smut_2019,1
A000171,experiment:ref_girma_ethiopian_head_smut_2019,1
A000172,experiment:ref_girma_ethiopian_head_smut_2019,1
A000173,experiment:ref_girma_ethiopian_head_smut_2019,1
A000174,experiment:ref_girma_ethiopian_head_smut_2019,0
A000175,experiment:ref_girma_ethiopian_head_smut_2019,1
A000176,experiment:ref_girma_ethiopian_head_smut_2019,1
A000177,experiment:ref_girma_ethiopian_head_smut_2019,1
A000178,experiment:ref_girma_ethiopian_head_smut_2019,0
A000179,experiment:ref_girma_ethiopian_head_smut_2019,0
A000180,experiment:ref_girma_ethiopian_head_smut_2019,0
A000181,experiment:ref_girma_ethiopian_head_smut_2019,1
A000182,experiment:ref_girma_ethiopian_head_smut_2019,0
A000183,experiment:ref_girma_ethiopian_head_smut_2019,0
A000184,experiment:ref_girma_ethiopian_head_smut_2019,1
A000185,experiment:ref_girma_ethiopian_head_smut_2019,1
A000186,experiment:ref_girma_ethiopian_head_smut_2019,1
A000187,experiment:ref_girma_ethiopian_head_smut_2019,1
A000188,experiment:ref_girma_ethiopian_head_smut_2019,1
A000190,experiment:ref_girma_ethiopian_head_smut_2019,1
A000192,experiment:ref_girma_ethiopian_head_smut_2019,1
A000193,experiment:ref_girma_ethiopian_head_smut_2019,1
A000194,experiment:ref_girma_ethiopian_head_smut_2019,1
A000195,experiment:ref_girma_ethiopian_head_smut_2019,1
A000196,experiment:ref_girma_ethiopian_head_smut_2019,0
A000197,experiment:ref_girma_ethiopian_head_smut_2019,1
A000198,experiment:ref_girma_ethiopian_head_smut_2019,0
A000199,experiment:ref_girma_ethiopian_head_smut_2019,1
A000200,experiment:ref_girma_ethiopian_head_smut_2019,0
A000201,experiment:ref_girma_ethiopian_head_smut_2019,0
A000202,experiment:ref_girma_ethiopian_head_smut_2019,0
A000204,experiment:ref_girma_ethiopian_head_smut_2019,0
A000205,experiment:ref_girma_ethiopian_head_smut_2019,0
A000207,experiment:ref_girma_ethiopian_head_smut_2019,0
A000208,experiment:ref_girma_ethiopian_head_smut_2019,0
A000209,experiment:ref_girma_ethiopian_head_smut_2019,1
A000210,experiment:ref_girma_ethiopian_head_smut_2019,1
A000211,experiment:ref_girma_ethiopian_head_smut_2019,1
A000212,experiment:ref_girma_ethiopian_head_smut_2019,1
A000213,experiment:ref_girma_ethiopian_head_smut_2019,1
A000214,experiment:ref_girma_ethiopian_head_smut_2019,0
A000217,experiment:ref_girma_ethiopian_head_smut_2019,1
A000218,experiment:ref_girma_ethiopian_head_smut_2019,1
A000219,experiment:ref_girma_ethiopian_head_smut_2019,1
A000220,experiment:ref_girma_ethiopian_head_smut_2019,1
A000221,experiment:ref_girma_ethiopian_head_smut_2019,0
A000222,experiment:ref_girma_ethiopian_head_smut_2019,0
A000223,experiment:ref_girma_ethiopian_head_smut_2019,0
A000224,experiment:ref_girma_ethiopian_head_smut_2019,1
A000225,experiment:ref_girma_ethiopian_head_smut_2019,1
A000226,experiment:ref_girma_ethiopian_head_smut_2019,1
A000227,experiment:ref_girma_ethiopian_head_smut_2019,1
A000229,experiment:ref_girma_ethiopian_head_smut_2019,1
A000230,experiment:ref_girma_ethiopian_head_smut_2019,1
A000231,experiment:ref_girma_ethiopian_head_smut_2019,1
A000233,experiment:ref_girma_ethiopian_head_smut_2019,1
A000234,experiment:ref_girma_ethiopian_head_smut_2019,1
A000236,experiment:ref_girma_ethiopian_head_smut_2019,0
A000237,experiment:ref_girma_ethiopian_head_smut_2019,1
A000238,experiment:ref_girma_ethiopian_head_smut_2019,1
A000239,experiment:ref_girma_ethiopian_head_smut_2019,1
A000240,experiment:ref_girma_ethiopian_head_smut_2019,1
A000241,experiment:ref_girma_ethiopian_head_smut_2019,0
A000242,experiment:ref_girma_ethiopian_head_smut_2019,0
A000243,experiment:ref_girma_ethiopian_head_smut_2019,1
A000246,experiment:ref_girma_ethiopian_head_smut_2019,0
A000247,experiment:ref_girma_ethiopian_head_smut_2019,1
A000248,experiment:ref_girma_ethiopian_head_smut_2019,1
A000249,experiment:ref_girma_ethiopian_head_smut_2019,0
A000250,experiment:ref_girma_ethiopian_head_smut_2019,0
A000252,experiment:ref_girma_ethiopian_head_smut_2019,0
A000254,experiment:ref_girma_ethiopian_head_smut_2019,0
A000255,experiment:ref_girma_ethiopian_head_smut_2019,1
A000256,experiment:ref_girma_ethiopian_head_smut_2019,0
A000257,experiment:ref_girma_ethiopian_head_smut_2019,1
A000258,experiment:ref_girma_ethiopian_head_smut_2019,1
A000259,experiment:ref_girma_ethiopian_head_smut_2019,0
A000260,experiment:ref_girma_ethiopian_head_smut_2019,0
A000261,experiment:ref_girma_ethiopian_head_smut_2019,1
A000262,experiment:ref_girma_ethiopian_head_smut_2019,0
A000263,experiment:ref_girma_ethiopian_head_smut_2019,0
A000264,experiment:ref_girma_ethiopian_head_smut_2019,1
A000265,experiment:ref_girma_ethiopian_head_smut_2019,0
A000266,experiment:ref_girma_ethiopian_head_smut_2019,0
A000267,experiment:ref_girma_ethiopian_head_smut_2019,1
A000268,experiment:ref_girma_ethiopian_head_smut_2019,1
A000269,experiment:ref_girma_ethiopian_head_smut_2019,1
A000270,experiment:ref_girma_ethiopian_head_smut_2019,1
A000271,experiment:ref_girma_ethiopian_head_smut_2019,0
A000272,experiment:ref_girma_ethiopian_head_smut_2019,1
A000273,experiment:ref_girma_ethiopian_head_smut_2019,1
A000274,experiment:ref_girma_ethiopian_head_smut_2019,1
A000275,experiment:ref_girma_ethiopian_head_smut_2019,1
A000276,experiment:ref_girma_ethiopian_head_smut_2019,1
A000277,experiment:ref_girma_ethiopian_head_smut_2019,1
A000278,experiment:ref_girma_ethiopian_head_smut_2019,1
A000279,experiment:ref_girma_ethiopian_head_smut_2019,1
A000280,experiment:ref_girma_ethiopian_head_smut_2019,1
A000281,experiment:ref_girma_ethiopian_head_smut_2019,1
A000282,experiment:ref_girma_ethiopian_head_smut_2019,0
A000283,experiment:ref_girma_ethiopian_head_smut_2019,1
A000284,experiment:ref_girma_ethiopian_head_smut_2019,1
A000285,experiment:ref_girma_ethiopian_head_smut_2019,0
A000287,experiment:ref_girma_ethiopian_head_smut_2019,1
A000289,experiment:ref_girma_ethiopian_head_smut_2019,0
A000290,experiment:ref_girma_ethiopian_head_smut_2019,1
A000291,experiment:ref_girma_ethiopian_head_smut_2019,1
A000292,experiment:ref_girma_ethiopian_head_smut_2019,1
A000294,experiment:ref_girma_ethiopian_head_smut_2019,1
A000295,experiment:ref_girma_ethiopian_head_smut_2019,0
A000296,experiment:ref_girma_ethiopian_head_smut_2019,1
A000297,experiment:ref_girma_ethiopian_head_smut_2019,1
A000298,experiment:ref_girma_ethiopian_head_smut_2019,1
A000299,experiment:ref_girma_ethiopian_head_smut_2019,1
A000300,experiment:ref_girma_ethiopian_head_smut_2019,1
A000302,experiment:ref_girma_ethiopian_head_smut_2019,1
A000303,experiment:ref_girma_ethiopian_head_smut_2019,1
A000304,experiment:ref_girma_ethiopian_head_smut_2019,1
A000305,experiment:ref_girma_ethiopian_head_smut_2019,1
A000306,experiment:ref_girma_ethiopian_head_smut_2019,1
A000307,experiment:ref_girma_ethiopian_head_smut_2019,0
A000308,experiment:ref_girma_ethiopian_head_smut_2019,1
A000309,experiment:ref_girma_ethiopian_head_smut_2019,1
A000310,experiment:ref_girma_ethiopian_head_smut_2019,0
A000311,experiment:ref_girma_ethiopian_head_smut_2019,1
A000312,experiment:ref_girma_ethiopian_head_smut_2019,0
A000313,experiment:ref_girma_ethiopian_head_smut_2019,1
A000314,experiment:ref_girma_ethiopian_head_smut_2019,1
A000315,experiment:ref_girma_ethiopian_head_smut_2019,1
A000316,experiment:ref_girma_ethiopian_head_smut_2019,0
A000317,experiment:ref_girma_ethiopian_head_smut_2019,1
A000318,experiment:ref_girma_ethiopian_head_smut_2019,1
A000319,experiment:ref_girma_ethiopian_head_smut_2019,1
A000320,experiment:ref_girma_ethiopian_head_smut_2019,1
A000321,experiment:ref_girma_ethiopian_head_smut_2019,0
A000322,experiment:ref_girma_ethiopian_head_smut_2019,0
A000323,experiment:ref_girma_ethiopian_head_smut_2019,0
A000324,experiment:ref_girma_ethiopian_head_smut_2019,1
A000325,experiment:ref_girma_ethiopian_head_smut_2019,1
A000326,experiment:ref_girma_ethiopian_head_smut_2019,1
A000327,experiment:ref_girma_ethiopian_head_smut_2019,1
A000328,experiment:ref_girma_ethiopian_head_smut_2019,1
A000329,experiment:ref_girma_ethiopian_head_smut_2019,1
A000330,experiment:ref_girma_ethiopian_head_smut_2019,0
A000331,experiment:ref_girma_ethiopian_head_smut_2019,1
A000332,experiment:ref_girma_ethiopian_head_smut_2019,0
A000333,experiment:ref_girma_ethiopian_head_smut_2019,0
A000334,experiment:ref_girma_ethiopian_head_smut_2019,1
A000335,experiment:ref_girma_ethiopian_head_smut_2019,0
A000336,experiment:ref_girma_ethiopian_head_smut_2019,1
A000338,experiment:ref_girma_ethiopian_head_smut_2019,0
A000339,experiment:ref_girma_ethiopian_head_smut_2019,0
A000340,experiment:ref_girma_ethiopian_head_smut_2019,0
A000341,experiment:ref_girma_ethiopian_head_smut_2019,1
A000342,experiment:ref_girma_ethiopian_head_smut_2019,0
A000343,experiment:ref_girma_ethiopian_head_smut_2019,0
A000344,experiment:ref_girma_ethiopian_head_smut_2019,0
A000345,experiment:ref_girma_ethiopian_head_smut_2019,0
A000346,experiment:ref_girma_ethiopian_head_smut_2019,0
A000347,experiment:ref_girma_ethiopian_head_smut_2019,0
A000348,experiment:ref_girma_ethiopian_head_smut_2019,0
A000349,experiment:ref_girma_ethiopian_head_smut_2019,1
A000350,experiment:ref_girma_ethiopian_head_smut_2019,0
A000351,experiment:ref_girma_ethiopian_head_smut_2019,0
A000352,experiment:ref_girma_ethiopian_head_smut_2019,1
A000353,experiment:ref_girma_ethiopian_head_smut_2019,1
A000354,experiment:ref_girma_ethiopian_head_smut_2019,0
A000356,experiment:ref_girma_ethiopian_head_smut_2019,0
A000357,experiment:ref_girma_ethiopian_head_smut_2019,1
A000358,experiment:ref_girma_ethiopian_head_smut_2019,1
A000359,experiment:ref_girma_ethiopian_head_smut_2019,1
A000360,experiment:ref_girma_ethiopian_head_smut_2019,1
A000361,experiment:ref_girma_ethiopian_head_smut_2019,1
A000362,experiment:ref_girma_ethiopian_head_smut_2019,1
A000363,experiment:ref_girma_ethiopian_head_smut_2019,1
A000364,experiment:ref_girma_ethiopian_head_smut_2019,1
A000366,experiment:ref_girma_ethiopian_head_smut_2019,0
A000367,experiment:ref_girma_ethiopian_head_smut_2019,1
A000368,experiment:ref_girma_ethiopian_head_smut_2019,0
A000369,experiment:ref_girma_ethiopian_head_smut_2019,1
A000370,experiment:ref_girma_ethiopian_head_smut_2019,1
A000371,experiment:ref_girma_ethiopian_head_smut_2019,1
A000372,experiment:ref_girma_ethiopian_head_smut_2019,1
A000374,experiment:ref_girma_ethiopian_head_smut_2019,1
A000375,experiment:ref_girma_ethiopian_head_smut_2019,1
A000376,experiment:ref_girma_ethiopian_head_smut_2019,1
A000377,experiment:ref_girma_ethiopian_head_smut_2019,1
A000378,experiment:ref_girma_ethiopian_head_smut_2019,0
A000379,experiment:ref_girma_ethiopian_head_smut_2019,1
A000380,experiment:ref_girma_ethiopian_head_smut_2019,1
A000381,experiment:ref_girma_ethiopian_head_smut_2019,1
A000382,experiment:ref_girma_ethiopian_head_smut_2019,0
A000383,experiment:ref_girma_ethiopian_head_smut_2019,1
A000384,experiment:ref_girma_ethiopian_head_smut_2019,1
A000385,experiment:ref_girma_ethiopian_head_smut_2019,1
A000386,experiment:ref_girma_ethiopian_head_smut_2019,0
A000387,experiment:ref_girma_ethiopian_head_smut_2019,1
A000388,experiment:ref_girma_ethiopian_head_smut_2019,1
A000389,experiment:ref_girma_ethiopian_head_smut_2019,1
A000390,experiment:ref_girma_ethiopian_head_smut_2019,1
A000391,experiment:ref_girma_ethiopian_head_smut_2019,1
A000392,experiment:ref_girma_ethiopian_head_smut_2019,0
A000393,experiment:ref_girma_ethiopian_head_smut_2019,1
A000394,experiment:ref_girma_ethiopian_head_smut_2019,1
A000395,experiment:ref_girma_ethiopian_head_smut_2019,1
A000396,experiment:ref_girma_ethiopian_head_smut_2019,1
A000397,experiment:ref_girma_ethiopian_head_smut_2019,0
A000398,experiment:ref_girma_ethiopian_head_smut_2019,1
A000399,experiment:ref_girma_ethiopian_head_smut_2019,1
A000400,experiment:ref_girma_ethiopian_head_smut_2019,0
A000401,experiment:ref_girma_ethiopian_head_smut_2019,1
A000402,experiment:ref_girma_ethiopian_head_smut_2019,0
A000403,experiment:ref_girma_ethiopian_head_smut_2019,1
A000404,experiment:ref_girma_ethiopian_head_smut_2019,1
A000405,experiment:ref_girma_ethiopian_head_smut_2019,1
A000406,experiment:ref_girma_ethiopian_head_smut_2019,1
A000407,experiment:ref_girma_ethiopian_head_smut_2019,0
A000408,experiment:ref_girma_ethiopian_head_smut_2019,0
A000409,experiment:ref_girma_ethiopian_head_smut_2019,0
A000410,experiment:ref_girma_ethiopian_head_smut_2019,0
A000411,experiment:ref_girma_ethiopian_head_smut_2019,0
A000412,experiment:ref_girma_ethiopian_head_smut_2019,1
A000413,experiment:ref_girma_ethiopian_head_smut_2019,0
A000416,experiment:ref_girma_ethiopian_head_smut_2019,0
A000417,experiment:ref_girma_ethiopian_head_smut_2019,1
A000418,experiment:ref_girma_ethiopian_head_smut_2019,0
A000419,experiment:ref_girma_ethiopian_head_smut_2019,0
A000420,experiment:ref_girma_ethiopian_head_smut_2019,1
A000421,experiment:ref_girma_ethiopian_head_smut_2019,0
A000422,experiment:ref_girma_ethiopian_head_smut_2019,1
A000423,experiment:ref_girma_ethiopian_head_smut_2019,0
A000424,experiment:ref_girma_ethiopian_head_smut_2019,0
A000425,experiment:ref_girma_ethiopian_head_smut_2019,0
A000426,experiment:ref_girma_ethiopian_head_smut_2019,0
A000427,experiment:ref_girma_ethiopian_head_smut_2019,0
A000428,experiment:ref_girma_ethiopian_head_smut_2019,0
A000429,experiment:ref_girma_ethiopian_head_smut_2019,1
A000430,experiment:ref_girma_ethiopian_head_smut_2019,0
A000431,experiment:ref_girma_ethiopian_head_smut_2019,1
A000432,experiment:ref_girma_ethiopian_head_smut_2019,0
A000433,experiment:ref_girma_ethiopian_head_smut_2019,0
A000434,experiment:ref_girma_ethiopian_head_smut_2019,1
A000435,experiment:ref_girma_ethiopian_head_smut_2019,1
A000436,experiment:ref_girma_ethiopian_head_smut_2019,0
A000437,experiment:ref_girma_ethiopian_head_smut_2019,1
A000438,experiment:ref_girma_ethiopian_head_smut_2019,0
A000440,experiment:ref_girma_ethiopian_head_smut_2019,1
A000442,experiment:ref_girma_ethiopian_head_smut_2019,1
A000443,experiment:ref_girma_ethiopian_head_smut_2019,0
A000444,experiment:ref_girma_ethiopian_head_smut_2019,1
A000445,experiment:ref_girma_ethiopian_head_smut_2019,1
A000446,experiment:ref_girma_ethiopian_head_smut_2019,1
A000447,experiment:ref_girma_ethiopian_head_smut_2019,1
A000448,experiment:ref_girma_ethiopian_head_smut_2019,1
A000449,experiment:ref_girma_ethiopian_head_smut_2019,0
A000450,experiment:ref_girma_ethiopian_head_smut_2019,1
A000451,experiment:ref_girma_ethiopian_head_smut_2019,1
A000452,experiment:ref_girma_ethiopian_head_smut_2019,1
A000453,experiment:ref_girma_ethiopian_head_smut_2019,1
A000454,experiment:ref_girma_ethiopian_head_smut_2019,0
A000455,experiment:ref_girma_ethiopian_head_smut_2019,1
A000456,experiment:ref_girma_ethiopian_head_smut_2019,0
A000457,experiment:ref_girma_ethiopian_head_smut_2019,0
A000458,experiment:ref_girma_ethiopian_head_smut_2019,0
A000459,experiment:ref_girma_ethiopian_head_smut_2019,1
A000460,experiment:ref_girma_ethiopian_head_smut_2019,1
A000461,experiment:ref_girma_ethiopian_head_smut_2019,1
A000462,experiment:ref_girma_ethiopian_head_smut_2019,1
A000463,experiment:ref_girma_ethiopian_head_smut_2019,1
A000464,experiment:ref_girma_ethiopian_head_smut_2019,1
A000465,experiment:ref_girma_ethiopian_head_smut_2019,1
A000466,experiment:ref_girma_ethiopian_head_smut_2019,1
A000467,experiment:ref_girma_ethiopian_head_smut_2019,1
A000469,experiment:ref_girma_ethiopian_head_smut_2019,1
A000470,experiment:ref_girma_ethiopian_head_smut_2019,1
A000471,experiment:ref_girma_ethiopian_head_smut_2019,1
A000472,experiment:ref_girma_ethiopian_head_smut_2019,1
A000473,experiment:ref_girma_ethiopian_head_smut_2019,1
A000474,experiment:ref_girma_ethiopian_head_smut_2019,1
A000475,experiment:ref_girma_ethiopian_head_smut_2019,0
A000476,experiment:ref_girma_ethiopian_head_smut_2019,0
A000477,experiment:ref_girma_ethiopian_head_smut_2019,0
A000478,experiment:ref_girma_ethiopian_head_smut_2019,0
A000479,experiment:ref_girma_ethiopian_head_smut_2019,1
A000480,experiment:ref_girma_ethiopian_head_smut_2019,0
A000481,experiment:ref_girma_ethiopian_head_smut_2019,1
A000482,experiment:ref_girma_ethiopian_head_smut_2019,1
A000483,experiment:ref_girma_ethiopian_head_smut_2019,1
A000484,experiment:ref_girma_ethiopian_head_smut_2019,1
A000485,experiment:ref_girma_ethiopian_head_smut_2019,0
A000486,experiment:ref_girma_ethiopian_head_smut_2019,0
A000487,experiment:ref_girma_ethiopian_head_smut_2019,1
A000488,experiment:ref_girma_ethiopian_head_smut_2019,1
A000489,experiment:ref_girma_ethiopian_head_smut_2019,0
A000490,experiment:ref_girma_ethiopian_head_smut_2019,0
A000492,experiment:ref_girma_ethiopian_head_smut_2019,1
A000493,experiment:ref_girma_ethiopian_head_smut_2019,0
A000494,experiment:ref_girma_ethiopian_head_smut_2019,1
A000495,experiment:ref_girma_ethiopian_head_smut_2019,1
A000496,experiment:ref_girma_ethiopian_head_smut_2019,1
A000497,experiment:ref_girma_ethiopian_head_smut_2019,1
A000498,experiment:ref_girma_ethiopian_head_smut_2019,1
A000499,experiment:ref_girma_ethiopian_head_smut_2019,1
A000500,experiment:ref_girma_ethiopian_head_smut_2019,0
A000501,experiment:ref_girma_ethiopian_head_smut_2019,1
A000502,experiment:ref_girma_ethiopian_head_smut_2019,1
A000503,experiment:ref_girma_ethiopian_head_smut_2019,1
A000504,experiment:ref_girma_ethiopian_head_smut_2019,0
A000505,experiment:ref_girma_ethiopian_head_smut_2019,1
A000506,experiment:ref_girma_ethiopian_head_smut_2019,0
A000507,experiment:ref_girma_ethiopian_head_smut_2019,0
A000508,experiment:ref_girma_ethiopian_head_smut_2019,1
A000509,experiment:ref_girma_ethiopian_head_smut_2019,0
A000510,experiment:ref_girma_ethiopian_head_smut_2019,1
A000511,experiment:ref_girma_ethiopian_head_smut_2019,1
A000512,experiment:ref_girma_ethiopian_head_smut_2019,1
A000513,experiment:ref_girma_ethiopian_head_smut_2019,1
A000514,experiment:ref_girma_ethiopian_head_smut_2019,1
A000515,experiment:ref_girma_ethiopian_head_smut_2019,0
A000516,experiment:ref_girma_ethiopian_head_smut_2019,0
A000517,experiment:ref_girma_ethiopian_head_smut_2019,1
A000518,experiment:ref_girma_ethiopian_head_smut_2019,1
A000520,experiment:ref_girma_ethiopian_head_smut_2019,0
A000521,experiment:ref_girma_ethiopian_head_smut_2019,1
A000522,experiment:ref_girma_ethiopian_head_smut_2019,1
A000523,experiment:ref_girma_ethiopian_head_smut_2019,1
A000524,experiment:ref_girma_ethiopian_head_smut_2019,1
A000525,experiment:ref_girma_ethiopian_head_smut_2019,0
A000526,experiment:ref_girma_ethiopian_head_smut_2019,1
A000527,experiment:ref_girma_ethiopian_head_smut_2019,1
A000528,experiment:ref_girma_ethiopian_head_smut_2019,1
A000529,experiment:ref_girma_ethiopian_head_smut_2019,1
A000530,experiment:ref_girma_ethiopian_head_smut_2019,0
A000531,experiment:ref_girma_ethiopian_head_smut_2019,1
A000532,experiment:ref_girma_ethiopian_head_smut_2019,1
A000533,experiment:ref_girma_ethiopian_head_smut_2019,1
A000534,experiment:ref_girma_ethiopian_head_smut_2019,1
A000535,experiment:ref_girma_ethiopian_head_smut_2019,1
A000536,experiment:ref_girma_ethiopian_head_smut_2019,1
A000537,experiment:ref_girma_ethiopian_head_smut_2019,0
A000538,experiment:ref_girma_ethiopian_head_smut_2019,1
A000539,experiment:ref_girma_ethiopian_head_smut_2019,1
A000540,experiment:ref_girma_ethiopian_head_smut_2019,1
A000541,experiment:ref_girma_ethiopian_head_smut_2019,1
A000542,experiment:ref_girma_ethiopian_head_smut_2019,1
A000543,experiment:ref_girma_ethiopian_head_smut_2019,1
A000544,experiment:ref_girma_ethiopian_head_smut_2019,1
A000545,experiment:ref_girma_ethiopian_head_smut_2019,1
A000546,experiment:ref_girma_ethiopian_head_smut_2019,1
A000547,experiment:ref_girma_ethiopian_head_smut_2019,1
A000548,experiment:ref_girma_ethiopian_head_smut_2019,1
A000549,experiment:ref_girma_ethiopian_head_smut_2019,1
A000550,experiment:ref_girma_ethiopian_head_smut_2019,1
A000551,experiment:ref_girma_ethiopian_head_smut_2019,1
A000552,experiment:ref_girma_ethiopian_head_smut_2019,1
A000553,experiment:ref_girma_ethiopian_head_smut_2019,0
A000554,experiment:ref_girma_ethiopian_head_smut_2019,1
A000555,experiment:ref_girma_ethiopian_head_smut_2019,1
A000556,experiment:ref_girma_ethiopian_head_smut_2019,0
A000557,experiment:ref_girma_ethiopian_head_smut_2019,0
A000558,experiment:ref_girma_ethiopian_head_smut_2019,1
A000559,experiment:ref_girma_ethiopian_head_smut_2019,0
A000560,experiment:ref_girma_ethiopian_head_smut_2019,1
A000561,experiment:ref_girma_ethiopian_head_smut_2019,1
A000562,experiment:ref_girma_ethiopian_head_smut_2019,1
A000564,experiment:ref_girma_ethiopian_head_smut_2019,0
A000565,experiment:ref_girma_ethiopian_head_smut_2019,0
A000566,experiment:ref_girma_ethiopian_head_smut_2019,1
A000567,experiment:ref_girma_ethiopian_head_smut_2019,1
A000568,experiment:ref_girma_ethiopian_head_smut_2019,1
A000569,experiment:ref_girma_ethiopian_head_smut_2019,1
A000571,experiment:ref_girma_ethiopian_head_smut_2019,0
A000572,experiment:ref_girma_ethiopian_head_smut_2019,0
A000574,experiment:ref_girma_ethiopian_head_smut_2019,1
A000575,experiment:ref_girma_ethiopian_head_smut_2019,0
A000576,experiment:ref_girma_ethiopian_head_smut_2019,0
A000577,experiment:ref_girma_ethiopian_head_smut_2019,0
A000578,experiment:ref_girma_ethiopian_head_smut_2019,0
A000579,experiment:ref_girma_ethiopian_head_smut_2019,0
A000580,experiment:ref_girma_ethiopian_head_smut_2019,1
A000581,experiment:ref_girma_ethiopian_head_smut_2019,1
A000582,experiment:ref_girma_ethiopian_head_smut_2019,0
A000583,experiment:ref_girma_ethiopian_head_smut_2019,1
A000584,experiment:ref_girma_ethiopian_head_smut_2019,1
A000585,experiment:ref_girma_ethiopian_head_smut_2019,0
A000586,experiment:ref_girma_ethiopian_head_smut_2019,1
A000587,experiment:ref_girma_ethiopian_head_smut_2019,0
A000588,experiment:ref_girma_ethiopian_head_smut_2019,1
A000589,experiment:ref_girma_ethiopian_head_smut_2019,1
A000590,experiment:ref_girma_ethiopian_head_smut_2019,1
A000591,experiment:ref_girma_ethiopian_head_smut_2019,0
A000592,experiment:ref_girma_ethiopian_head_smut_2019,0
A000595,experiment:ref_girma_ethiopian_head_smut_2019,1
A000596,experiment:ref_girma_ethiopian_head_smut_2019,1
A000598,experiment:ref_girma_ethiopian_head_smut_2019,0
A000599,experiment:ref_girma_ethiopian_head_smut_2019,0
A000600,experiment:ref_girma_ethiopian_head_smut_2019,1
A000602,experiment:ref_girma_ethiopian_head_smut_2019,1
A000603,experiment:ref_girma_ethiopian_head_smut_2019,0
A000604,experiment:ref_girma_ethiopian_head_smut_2019,0
A000605,experiment:ref_girma_ethiopian_head_smut_2019,1
A000606,experiment:ref_girma_ethiopian_head_smut_2019,0
A000607,experiment:ref_girma_ethiopian_head_smut_2019,0
A000608,experiment:ref_girma_ethiopian_head_smut_2019,1
A000609,experiment:ref_girma_ethiopian_head_smut_2019,1
A000610,experiment:ref_girma_ethiopian_head_smut_2019,1
A000611,experiment:ref_girma_ethiopian_head_smut_2019,1
A000612,experiment:ref_girma_ethiopian_head_smut_2019,1
A000613,experiment:ref_girma_ethiopian_head_smut_2019,1
A000614,experiment:ref_girma_ethiopian_head_smut_2019,0
A000615,experiment:ref_girma_ethiopian_head_smut_2019,1
A000616,experiment:ref_girma_ethiopian_head_smut_2019,0
A000617,experiment:ref_girma_ethiopian_head_smut_2019,0
A000619,experiment:ref_girma_ethiopian_head_smut_2019,0
A000622,experiment:ref_girma_ethiopian_head_smut_2019,0
A000624,experiment:ref_girma_ethiopian_head_smut_2019,1
A000625,experiment:ref_girma_ethiopian_head_smut_2019,1
A000626,experiment:ref_girma_ethiopian_head_smut_2019,1
A000627,experiment:ref_girma_ethiopian_head_smut_2019,0
A000628,experiment:ref_girma_ethiopian_head_smut_2019,0
A000629,experiment:ref_girma_ethiopian_head_smut_2019,1
A000630,experiment:ref_girma_ethiopian_head_smut_2019,1
A000631,experiment:ref_girma_ethiopian_head_smut_2019,1
A000632,experiment:ref_girma_ethiopian_head_smut_2019,0
A000633,experiment:ref_girma_ethiopian_head_smut_2019,0
A000634,experiment:ref_girma_ethiopian_head_smut_2019,1
A000635,experiment:ref_girma_ethiopian_head_smut_2019,0
A000636,experiment:ref_girma_ethiopian_head_smut_2019,1
A000637,experiment:ref_girma_ethiopian_head_smut_2019,1
A000638,experiment:ref_girma_ethiopian_head_smut_2019,0
A000639,experiment:ref_girma_ethiopian_head_smut_2019,1
A000640,experiment:ref_girma_ethiopian_head_smut_2019,1
A000641,experiment:ref_girma_ethiopian_head_smut_2019,1
A000642,experiment:ref_girma_ethiopian_head_smut_2019,1
A000643,experiment:ref_girma_ethiopian_head_smut_2019,1
A000644,experiment:ref_girma_ethiopian_head_smut_2019,1
A000645,experiment:ref_girma_ethiopian_head_smut_2019,1
A000646,experiment:ref_girma_ethiopian_head_smut_2019,0
A000647,experiment:ref_girma_ethiopian_head_smut_2019,0
A000648,experiment:ref_girma_ethiopian_head_smut_2019,0
A000649,experiment:ref_girma_ethiopian_head_smut_2019,1
A000650,experiment:ref_girma_ethiopian_head_smut_2019,1
A000651,experiment:ref_girma_ethiopian_head_smut_2019,1
A000652,experiment:ref_girma_ethiopian_head_smut_2019,1
A000653,experiment:ref_girma_ethiopian_head_smut_2019,0
A000654,experiment:ref_girma_ethiopian_head_smut_2019,1
A000655,experiment:ref_girma_ethiopian_head_smut_2019,0
A000656,experiment:ref_girma_ethiopian_head_smut_2019,0
A000657,experiment:ref_girma_ethiopian_head_smut_2019,1
A000658,experiment:ref_girma_ethiopian_head_smut_2019,1
A000659,experiment:ref_girma_ethiopian_head_smut_2019,1
A000660,experiment:ref_girma_ethiopian_head_smut_2019,1
A000661,experiment:ref_girma_ethiopian_head_smut_2019,1
A000662,experiment:ref_girma_ethiopian_head_smut_2019,1
A000664,experiment:ref_girma_ethiopian_head_smut_2019,1
A000665,experiment:ref_girma_ethiopian_head_smut_2019,1
A000666,experiment:ref_girma_ethiopian_head_smut_2019,1
A000667,experiment:ref_girma_ethiopian_head_smut_2019,1
A000668,experiment:ref_girma_ethiopian_head_smut_2019,1
A000669,experiment:ref_girma_ethiopian_head_smut_2019,1
A000670,experiment:ref_girma_ethiopian_head_smut_2019,1
A000671,experiment:ref_girma_ethiopian_head_smut_2019,1
A000672,experiment:ref_girma_ethiopian_head_smut_2019,1
A000673,experiment:ref_girma_ethiopian_head_smut_2019,0
A000674,experiment:ref_girma_ethiopian_head_smut_2019,1
A000675,experiment:ref_girma_ethiopian_head_smut_2019,1
A000676,experiment:ref_girma_ethiopian_head_smut_2019,0
A000677,experiment:ref_girma_ethiopian_head_smut_2019,1
A000678,experiment:ref_girma_ethiopian_head_smut_2019,0
A000679,experiment:ref_girma_ethiopian_head_smut_2019,1
A000680,experiment:ref_girma_ethiopian_head_smut_2019,1
A000681,experiment:ref_girma_ethiopian_head_smut_2019,1
A000682,experiment:ref_girma_ethiopian_head_smut_2019,1
A000683,experiment:ref_girma_ethiopian_head_smut_2019,0
A000684,experiment:ref_girma_ethiopian_head_smut_2019,1
A000686,experiment:ref_girma_ethiopian_head_smut_2019,1
A000687,experiment:ref_girma_ethiopian_head_smut_2019,1
A000688,experiment:ref_girma_ethiopian_head_smut_2019,1
A000689,experiment:ref_girma_ethiopian_head_smut_2019,0
A000690,experiment:ref_girma_ethiopian_head_smut_2019,1
A000691,experiment:ref_girma_ethiopian_head_smut_2019,1
A000692,experiment:ref_girma_ethiopian_head_smut_2019,0
A000693,experiment:ref_girma_ethiopian_head_smut_2019,1
A000694,experiment:ref_girma_ethiopian_head_smut_2019,0
A000695,experiment:ref_girma_ethiopian_head_smut_2019,0
A000696,experiment:ref_girma_ethiopian_head_smut_2019,0
A000697,experiment:ref_girma_ethiopian_head_smut_2019,1
A000698,experiment:ref_girma_ethiopian_head_smut_2019,1
A000699,experiment:ref_girma_ethiopian_head_smut_2019,0
A000700,experiment:ref_girma_ethiopian_head_smut_2019,1
A000701,experiment:ref_girma_ethiopian_head_smut_2019,1
A000702,experiment:ref_girma_ethiopian_head_smut_2019,1
A000703,experiment:ref_girma_ethiopian_head_smut_2019,0
A000704,experiment:ref_girma_ethiopian_head_smut_2019,0
A000705,experiment:ref_girma_ethiopian_head_smut_2019,1
A000706,experiment:ref_girma_ethiopian_head_smut_2019,1
A000707,experiment:ref_girma_ethiopian_head_smut_2019,1
A000708,experiment:ref_girma_ethiopian_head_smut_2019,1
A000709,experiment:ref_girma_ethiopian_head_smut_2019,1
A000710,experiment:ref_girma_ethiopian_head_smut_2019,1
A000711,experiment:ref_girma_ethiopian_head_smut_2019,1
A000712,experiment:ref_girma_ethiopian_head_smut_2019,0
A000713,experiment:ref_girma_ethiopian_head_smut_2019,0
A000714,experiment:ref_girma_ethiopian_head_smut_2019,1
A000716,experiment:ref_girma_ethiopian_head_smut_2019,1
A000717,experiment:ref_girma_ethiopian_head_smut_2019,1
A000718,experiment:ref_girma_ethiopian_head_smut_2019,1
A000719,experiment:ref_girma_ethiopian_head_smut_2019,1
A000720,experiment:ref_girma_ethiopian_head_smut_2019,0
A000721,experiment:ref_girma_ethiopian_head_smut_2019,1
A000722,experiment:ref_girma_ethiopian_head_smut_2019,1
A000723,experiment:ref_girma_ethiopian_head_smut_2019,1
A000724,experiment:ref_girma_ethiopian_head_smut_2019,1
A000725,experiment:ref_girma_ethiopian_head_smut_2019,1
A000726,experiment:ref_girma_ethiopian_head_smut_2019,1
A000727,experiment:ref_girma_ethiopian_head_smut_2019,1
A000728,experiment:ref_girma_ethiopian_head_smut_2019,1
A000729,experiment:ref_girma_ethiopian_head_smut_2019,1
A000730,experiment:ref_girma_ethiopian_head_smut_2019,0
A000731,experiment:ref_girma_ethiopian_head_smut_2019,1
A000732,experiment:ref_girma_ethiopian_head_smut_2019,1
A000733,experiment:ref_girma_ethiopian_head_smut_2019,1
A000734,experiment:ref_girma_ethiopian_head_smut_2019,1
A000735,experiment:ref_girma_ethiopian_head_smut_2019,1
A000736,experiment:ref_girma_ethiopian_head_smut_2019,1
A000737,experiment:ref_girma_ethiopian_head_smut_2019,1
A000738,experiment:ref_girma_ethiopian_head_smut_2019,1
A000739,experiment:ref_girma_ethiopian_head_smut_2019,1
A000740,experiment:ref_girma_ethiopian_head_smut_2019,1
A000741,experiment:ref_girma_ethiopian_head_smut_2019,0
A000743,experiment:ref_girma_ethiopian_head_smut_2019,0
A000744,experiment:ref_girma_ethiopian_head_smut_2019,1
A000745,experiment:ref_girma_ethiopian_head_smut_2019,1
A000747,experiment:ref_girma_ethiopian_head_smut_2019,1
A000748,experiment:ref_girma_ethiopian_head_smut_2019,1
A000749,experiment:ref_girma_ethiopian_head_smut_2019,1
A000750,experiment:ref_girma_ethiopian_head_smut_2019,1
A000751,experiment:ref_girma_ethiopian_head_smut_2019,1
A000752,experiment:ref_girma_ethiopian_head_smut_2019,0
A000753,experiment:ref_girma_ethiopian_head_smut_2019,1
A000754,experiment:ref_girma_ethiopian_head_smut_2019,1
A000755,experiment:ref_girma_ethiopian_head_smut_2019,1
A000756,experiment:ref_girma_ethiopian_head_smut_2019,0
A000757,experiment:ref_girma_ethiopian_head_smut_2019,0
A000758,experiment:ref_girma_ethiopian_head_smut_2019,0
A000759,experiment:ref_girma_ethiopian_head_smut_2019,1
A000760,experiment:ref_girma_ethiopian_head_smut_2019,0
A000761,experiment:ref_girma_ethiopian_head_smut_2019,1
A000762,experiment:ref_girma_ethiopian_head_smut_2019,0
A000763,experiment:ref_girma_ethiopian_head_smut_2019,1
A000765,experiment:ref_girma_ethiopian_head_smut_2019,0
A000766,experiment:ref_girma_ethiopian_head_smut_2019,1
A000767,experiment:ref_girma_ethiopian_head_smut_2019,0
A000768,experiment:ref_girma_ethiopian_head_smut_2019,0
A000769,experiment:ref_girma_ethiopian_head_smut_2019,0
A000770,experiment:ref_girma_ethiopian_head_smut_2019,0
A000771,experiment:ref_girma_ethiopian_head_smut_2019,0
A000773,experiment:ref_girma_ethiopian_head_smut_2019,0
A000774,experiment:ref_girma_ethiopian_head_smut_2019,1
A000775,experiment:ref_girma_ethiopian_head_smut_2019,0
A000776,experiment:ref_girma_ethiopian_head_smut_2019,0
A000777,experiment:ref_girma_ethiopian_head_smut_2019,0
A000778,experiment:ref_girma_ethiopian_head_smut_2019,0
A000779,experiment:ref_girma_ethiopian_head_smut_2019,0
A000780,experiment:ref_girma_ethiopian_head_smut_2019,1
A000781,experiment:ref_girma_ethiopian_head_smut_2019,0
A000782,experiment:ref_girma_ethiopian_head_smut_2019,1
A000783,experiment:ref_girma_ethiopian_head_smut_2019,1
A000784,experiment:ref_girma_ethiopian_head_smut_2019,1
A000785,experiment:ref_girma_ethiopian_head_smut_2019,0
A000786,experiment:ref_girma_ethiopian_head_smut_2019,1
A000787,experiment:ref_girma_ethiopian_head_smut_2019,1
A000788,experiment:ref_girma_ethiopian_head_smut_2019,1
A000789,experiment:ref_girma_ethiopian_head_smut_2019,0
A000790,experiment:ref_girma_ethiopian_head_smut_2019,1
A000791,experiment:ref_girma_ethiopian_head_smut_2019,1
A000792,experiment:ref_girma_ethiopian_head_smut_2019,0
A000793,experiment:ref_girma_ethiopian_head_smut_2019,0
A000794,experiment:ref_girma_ethiopian_head_smut_2019,1
A000795,experiment:ref_girma_ethiopian_head_smut_2019,0
A000796,experiment:ref_girma_ethiopian_head_smut_2019,1
A000797,experiment:ref_girma_ethiopian_head_smut_2019,1
A000798,experiment:ref_girma_ethiopian_head_smut_2019,1
A000799,experiment:ref_girma_ethiopian_head_smut_2019,1
A000800,experiment:ref_girma_ethiopian_head_smut_2019,0
A000801,experiment:ref_girma_ethiopian_head_smut_2019,0
A000802,experiment:ref_girma_ethiopian_head_smut_2019,1
A000803,experiment:ref_girma_ethiopian_head_smut_2019,1
A000804,experiment:ref_girma_ethiopian_head_smut_2019,1
A000805,experiment:ref_girma_ethiopian_head_smut_2019,1
A000806,experiment:ref_girma_ethiopian_head_smut_2019,0
A000807,experiment:ref_girma_ethiopian_head_smut_2019,1
A000808,experiment:ref_girma_ethiopian_head_smut_2019,0
A000809,experiment:ref_girma_ethiopian_head_smut_2019,1
A000810,experiment:ref_girma_ethiopian_head_smut_2019,1
A000811,experiment:ref_girma_ethiopian_head_smut_2019,0
A000812,experiment:ref_girma_ethiopian_head_smut_2019,0
A000813,experiment:ref_girma_ethiopian_head_smut_2019,0
A000814,experiment:ref_girma_ethiopian_head_smut_2019,1
A000815,experiment:ref_girma_ethiopian_head_smut_2019,0
A000816,experiment:ref_girma_ethiopian_head_smut_2019,1
A000817,experiment:ref_girma_ethiopian_head_smut_2019,1
A000818,experiment:ref_girma_ethiopian_head_smut_2019,1
A000819,experiment:ref_girma_ethiopian_head_smut_2019,1
A000820,experiment:ref_girma_ethiopian_head_smut_2019,1
A000821,experiment:ref_girma_ethiopian_head_smut_2019,1
A000822,experiment:ref_girma_ethiopian_head_smut_2019,0
A000823,experiment:ref_girma_ethiopian_head_smut_2019,1
A000824,experiment:ref_girma_ethiopian_head_smut_2019,0
A000825,experiment:ref_girma_ethiopian_head_smut_2019,1
A000826,experiment:ref_girma_ethiopian_head_smut_2019,1
A000827,experiment:ref_girma_ethiopian_head_smut_2019,1
A000828,experiment:ref_girma_ethiopian_head_smut_2019,1
A000830,experiment:ref_girma_ethiopian_head_smut_2019,1
A000831,experiment:ref_girma_ethiopian_head_smut_2019,1
A000832,experiment:ref_girma_ethiopian_head_smut_2019,1
A000833,experiment:ref_girma_ethiopian_head_smut_2019,1
A000834,experiment:ref_girma_ethiopian_head_smut_2019,1
A000835,experiment:ref_girma_ethiopian_head_smut_2019,1
A000836,experiment:ref_girma_ethiopian_head_smut_2019,1
A000837,experiment:ref_girma_ethiopian_head_smut_2019,0
A000838,experiment:ref_girma_ethiopian_head_smut_2019,1
A000839,experiment:ref_girma_ethiopian_head_smut_2019,1
A000841,experiment:ref_girma_ethiopian_head_smut_2019,1
A000842,experiment:ref_girma_ethiopian_head_smut_2019,1
A000843,experiment:ref_girma_ethiopian_head_smut_2019,1
A000844,experiment:ref_girma_ethiopian_head_smut_2019,1
A000845,experiment:ref_girma_ethiopian_head_smut_2019,1
A000846,experiment:ref_girma_ethiopian_head_smut_2019,0
A000847,experiment:ref_girma_ethiopian_head_smut_2019,1
A000848,experiment:ref_girma_ethiopian_head_smut_2019,1
A000849,experiment:ref_girma_ethiopian_head_smut_2019,0
A000850,experiment:ref_girma_ethiopian_head_smut_2019,1
A000852,experiment:ref_girma_ethiopian_head_smut_2019,1
A000853,experiment:ref_girma_ethiopian_head_smut_2019,0
A000854,experiment:ref_girma_ethiopian_head_smut_2019,1
A000855,experiment:ref_girma_ethiopian_head_smut_2019,1
A000856,experiment:ref_girma_ethiopian_head_smut_2019,1
A000857,experiment:ref_girma_ethiopian_head_smut_2019,0
A000858,experiment:ref_girma_ethiopian_head_smut_2019,1
A000859,experiment:ref_girma_ethiopian_head_smut_2019,0
A000860,experiment:ref_girma_ethiopian_head_smut_2019,1
A000861,experiment:ref_girma_ethiopian_head_smut_2019,0
A000862,experiment:ref_girma_ethiopian_head_smut_2019,1
A000863,experiment:ref_girma_ethiopian_head_smut_2019,1
A000864,experiment:ref_girma_ethiopian_head_smut_2019,1
A000865,experiment:ref_girma_ethiopian_head_smut_2019,1
A000866,experiment:ref_girma_ethiopian_head_smut_2019,1
A000867,experiment:ref_girma_ethiopian_head_smut_2019,1
A000868,experiment:ref_girma_ethiopian_head_smut_2019,0
A000869,experiment:ref_girma_ethiopian_head_smut_2019,1
A000870,experiment:ref_girma_ethiopian_head_smut_2019,1
A000871,experiment:ref_girma_ethiopian_head_smut_2019,1
A000872,experiment:ref_girma_ethiopian_head_smut_2019,1
A000873,experiment:ref_girma_ethiopian_head_smut_2019,1
A000874,experiment:ref_girma_ethiopian_head_smut_2019,1
A000875,experiment:ref_girma_ethiopian_head_smut_2019,1
A000876,experiment:ref_girma_ethiopian_head_smut_2019,0
A000877,experiment:ref_girma_ethiopian_head_smut_2019,1
A000878,experiment:ref_girma_ethiopian_head_smut_2019,1
A000879,experiment:ref_girma_ethiopian_head_smut_2019,0
A000880,experiment:ref_girma_ethiopian_head_smut_2019,1
A000881,experiment:ref_girma_ethiopian_head_smut_2019,0
A000882,experiment:ref_girma_ethiopian_head_smut_2019,1
A000883,experiment:ref_girma_ethiopian_head_smut_2019,0
A000884,experiment:ref_girma_ethiopian_head_smut_2019,1
A000885,experiment:ref_girma_ethiopian_head_smut_2019,1
A000886,experiment:ref_girma_ethiopian_head_smut_2019,0
A000887,experiment:ref_girma_ethiopian_head_smut_2019,0
A000888,experiment:ref_girma_ethiopian_head_smut_2019,1
A000889,experiment:ref_girma_ethiopian_head_smut_2019,1
A000890,experiment:ref_girma_ethiopian_head_smut_2019,1
A000891,experiment:ref_girma_ethiopian_head_smut_2019,0
A000892,experiment:ref_girma_ethiopian_head_smut_2019,1
A000893,experiment:ref_girma_ethiopian_head_smut_2019,1
A000894,experiment:ref_girma_ethiopian_head_smut_2019,1
A000895,experiment:ref_girma_ethiopian_head_smut_2019,1
A000896,experiment:ref_girma_ethiopian_head_smut_2019,0
A000897,experiment:ref_girma_ethiopian_head_smut_2019,1
A000899,experiment:ref_girma_ethiopian_head_smut_2019,1
A000900,experiment:ref_girma_ethiopian_head_smut_2019,0
A000901,experiment:ref_girma_ethiopian_head_smut_2019,1
A000902,experiment:ref_girma_ethiopian_head_smut_2019,1
A000903,experiment:ref_girma_ethiopian_head_smut_2019,0
A000904,experiment:ref_girma_ethiopian_head_smut_2019,1
A000905,experiment:ref_girma_ethiopian_head_smut_2019,1
A000906,experiment:ref_girma_ethiopian_head_smut_2019,1
A000908,experiment:ref_girma_ethiopian_head_smut_2019,1
A000909,experiment:ref_girma_ethiopian_head_smut_2019,1
A000910,experiment:ref_girma_ethiopian_head_smut_2019,1
A000911,experiment:ref_girma_ethiopian_head_smut_2019,1
A000912,experiment:ref_girma_ethiopian_head_smut_2019,1
A000913,experiment:ref_girma_ethiopian_head_smut_2019,1
A000914,experiment:ref_girma_ethiopian_head_smut_2019,1
A000915,experiment:ref_girma_ethiopian_head_smut_2019,1
A000916,experiment:ref_girma_ethiopian_head_smut_2019,0
A000917,experiment:ref_girma_ethiopian_head_smut_2019,1
A000918,experiment:ref_girma_ethiopian_head_smut_2019,0
A000919,experiment:ref_girma_ethiopian_head_smut_2019,1
A000920,experiment:ref_girma_ethiopian_head_smut_2019,0
A000921,experiment:ref_girma_ethiopian_head_smut_2019,0
A000922,experiment:ref_girma_ethiopian_head_smut_2019,1
A000923,experiment:ref_girma_ethiopian_head_smut_2019,1
A000924,experiment:ref_girma_ethiopian_head_smut_2019,0
A000926,experiment:ref_girma_ethiopian_head_smut_2019,1
A000927,experiment:ref_girma_ethiopian_head_smut_2019,0
A000928,experiment:ref_girma_ethiopian_head_smut_2019,1
A000929,experiment:ref_girma_ethiopian_head_smut_2019,1
A000930,experiment:ref_girma_ethiopian_head_smut_2019,1
A000931,experiment:ref_girma_ethiopian_head_smut_2019,1
A000932,experiment:ref_girma_ethiopian_head_smut_2019,1
A000933,experiment:ref_girma_ethiopian_head_smut_2019,1
A000934,experiment:ref_girma_ethiopian_head_smut_2019,0
A000935,experiment:ref_girma_ethiopian_head_smut_2019,0
A000936,experiment:ref_girma_ethiopian_head_smut_2019,1
A000937,experiment:ref_girma_ethiopian_head_smut_2019,0
A000939,experiment:ref_girma_ethiopian_head_smut_2019,1
A000940,experiment:ref_girma_ethiopian_head_smut_2019,0
A000941,experiment:ref_girma_ethiopian_head_smut_2019,1
A000942,experiment:ref_girma_ethiopian_head_smut_2019,0
A000943,experiment:ref_girma_ethiopian_head_smut_2019,1
A000944,experiment:ref_girma_ethiopian_head_smut_2019,1
A000945,experiment:ref_girma_ethiopian_head_smut_2019,1
A000946,experiment:ref_girma_ethiopian_head_smut_2019,1
A000948,experiment:ref_girma_ethiopian_head_smut_2019,0
A000950,experiment:ref_girma_ethiopian_head_smut_2019,1
A000951,experiment:ref_girma_ethiopian_head_smut_2019,0
A000952,experiment:ref_girma_ethiopian_head_smut_2019,1
A000953,experiment:ref_girma_ethiopian_head_smut_2019,1
A000954,experiment:ref_girma_ethiopian_head_smut_2019,1
A000955,experiment:ref_girma_ethiopian_head_smut_2019,1
A000956,experiment:ref_girma_ethiopian_head_smut_2019,1
A000958,experiment:ref_girma_ethiopian_head_smut_2019,1
A000959,experiment:ref_girma_ethiopian_head_smut_2019,1
A000960,experiment:ref_girma_ethiopian_head_smut_2019,1
A000961,experiment:ref_girma_ethiopian_head_smut_2019,1
A000962,experiment:ref_girma_ethiopian_head_smut_2019,1
A000963,experiment:ref_girma_ethiopian_head_smut_2019,1
A000964,experiment:ref_girma_ethiopian_head_smut_2019,1
A000965,experiment:ref_girma_ethiopian_head_smut_2019,1
A000966,experiment:ref_girma_ethiopian_head_smut_2019,0
A000967,experiment:ref_girma_ethiopian_head_smut_2019,0
A000968,experiment:ref_girma_ethiopian_head_smut_2019,1
A000969,experiment:ref_girma_ethiopian_head_smut_2019,1
A000970,experiment:ref_girma_ethiopian_head_smut_2019,1
A000971,experiment:ref_girma_ethiopian_head_smut_2019,1
A000972,experiment:ref_girma_ethiopian_head_smut_2019,1
A000973,experiment:ref_girma_ethiopian_head_smut_2019,1
A000974,experiment:ref_girma_ethiopian_head_smut_2019,1
A000976,experiment:ref_girma_ethiopian_head_smut_2019,0
A000977,experiment:ref_girma_ethiopian_head_smut_2019,1
A000978,experiment:ref_girma_ethiopian_head_smut_2019,0
A000979,experiment:ref_girma_ethiopian_head_smut_2019,1
A000980,experiment:ref_girma_ethiopian_head_smut_2019,1
A000981,experiment:ref_girma_ethiopian_head_smut_2019,1
A000982,experiment:ref_girma_ethiopian_head_smut_2019,0
A000983,experiment:ref_girma_ethiopian_head_smut_2019,1
A000984,experiment:ref_girma_ethiopian_head_smut_2019,1
A000985,experiment:ref_girma_ethiopian_head_smut_2019,1
A000986,experiment:ref_girma_ethiopian_head_smut_2019,1
A000987,experiment:ref_girma_ethiopian_head_smut_2019,1
A000988,experiment:ref_girma_ethiopian_head_smut_2019,1
A000989,experiment:ref_girma_ethiopian_head_smut_2019,1
A000990,experiment:ref_girma_ethiopian_head_smut_2019,1
A000991,experiment:ref_girma_ethiopian_head_smut_2019,1
A000992,experiment:ref_girma_ethiopian_head_smut_2019,1
A000993,experiment:ref_girma_ethiopian_head_smut_2019,1
A000995,experiment:ref_girma_ethiopian_head_smut_2019,1
A000996,experiment:ref_girma_ethiopian_head_smut_2019,0
A000997,experiment:ref_girma_ethiopian_head_smut_2019,0
A000998,experiment:ref_girma_ethiopian_head_smut_2019,0
A000999,experiment:ref_girma_ethiopian_head_smut_2019,1
A001000,experiment:ref_girma_ethiopian_head_smut_2019,0
A001001,experiment:ref_girma_ethiopian_head_smut_2019,0
A001002,experiment:ref_girma_ethiopian_head_smut_2019,0
A001003,experiment:ref_girma_ethiopian_head_smut_2019,0
A001004,experiment:ref_girma_ethiopian_head_smut_2019,1
A001005,experiment:ref_girma_ethiopian_head_smut_2019,0
A001006,experiment:ref_girma_ethiopian_head_smut_2019,0
A001007,experiment:ref_girma_ethiopian_head_smut_2019,1
A001008,experiment:ref_girma_ethiopian_head_smut_2019,1
A001009,experiment:ref_girma_ethiopian_head_smut_2019,1
A001010,experiment:ref_girma_ethiopian_head_smut_2019,1
A001011,experiment:ref_girma_ethiopian_head_smut_2019,1
A001012,experiment:ref_girma_ethiopian_head_smut_2019,1
A001013,experiment:ref_girma_ethiopian_head_smut_2019,1
A001014,experiment:ref_girma_ethiopian_head_smut_2019,1
A001015,experiment:ref_girma_ethiopian_head_smut_2019,1
A001016,experiment:ref_girma_ethiopian_head_smut_2019,0
A001017,experiment:ref_girma_ethiopian_head_smut_2019,1
A001018,experiment:ref_girma_ethiopian_head_smut_2019,1
A001019,experiment:ref_girma_ethiopian_head_smut_2019,1
A001020,experiment:ref_girma_ethiopian_head_smut_2019,0
A001021,experiment:ref_girma_ethiopian_head_smut_2019,0
A001022,experiment:ref_girma_ethiopian_head_smut_2019,1
A001023,experiment:ref_girma_ethiopian_head_smut_2019,1
A001024,experiment:ref_girma_ethiopian_head_smut_2019,1
A001025,experiment:ref_girma_ethiopian_head_smut_2019,1
A001026,experiment:ref_girma_ethiopian_head_smut_2019,1
A001027,experiment:ref_girma_ethiopian_head_smut_2019,1
A001028,experiment:ref_girma_ethiopian_head_smut_2019,1
A001029,experiment:ref_girma_ethiopian_head_smut_2019,1
A001030,experiment:ref_girma_ethiopian_head_smut_2019,1
A001031,experiment:ref_girma_ethiopian_head_smut_2019,1
A001033,experiment:ref_girma_ethiopian_head_smut_2019,1
A001034,experiment:ref_girma_ethiopian_head_smut_2019,1
A001035,experiment:ref_girma_ethiopian_head_smut_2019,1
A001036,experiment:ref_girma_ethiopian_head_smut_2019,1
A001037,experiment:ref_girma_ethiopian_head_smut_2019,1
A001039,experiment:ref_girma_ethiopian_head_smut_2019,1
A001041,experiment:ref_girma_ethiopian_head_smut_2019,0
A001042,experiment:ref_girma_ethiopian_head_smut_2019,1
A001043,experiment:ref_girma_ethiopian_head_smut_2019,0
A001044,experiment:ref_girma_ethiopian_head_smut_2019,1
A001045,experiment:ref_girma_ethiopian_head_smut_2019,0
A001046,experiment:ref_girma_ethiopian_head_smut_2019,0
A001047,experiment:ref_girma_ethiopian_head_smut_2019,0
A001048,experiment:ref_girma_ethiopian_head_smut_2019,1
A001049,experiment:ref_girma_ethiopian_head_smut_2019,1
A001050,experiment:ref_girma_ethiopian_head_smut_2019,1
A001051,experiment:ref_girma_ethiopian_head_smut_2019,1
A001052,experiment:ref_girma_ethiopian_head_smut_2019,1
A001053,experiment:ref_girma_ethiopian_head_smut_2019,0
A001054,experiment:ref_girma_ethiopian_head_smut_2019,1
A001055,experiment:ref_girma_ethiopian_head_smut_2019,1
A001056,experiment:ref_girma_ethiopian_head_smut_2019,0
A001057,experiment:ref_girma_ethiopian_head_smut_2019,1
A001058,experiment:ref_girma_ethiopian_head_smut_2019,1
A001059,experiment:ref_girma_ethiopian_head_smut_2019,1
A001060,experiment:ref_girma_ethiopian_head_smut_2019,0
A001062,experiment:ref_girma_ethiopian_head_smut_2019,0
A001063,experiment:ref_girma_ethiopian_head_smut_2019,1
A001065,experiment:ref_girma_ethiopian_head_smut_2019,1
A001066,experiment:ref_girma_ethiopian_head_smut_2019,1
A001067,experiment:ref_girma_ethiopian_head_smut_2019,1
A001068,experiment:ref_girma_ethiopian_head_smut_2019,1
A001069,experiment:ref_girma_ethiopian_head_smut_2019,1
A001070,experiment:ref_girma_ethiopian_head_smut_2019,1
A001071,experiment:ref_girma_ethiopian_head_smut_2019,1
A001072,experiment:ref_girma_ethiopian_head_smut_2019,0
A001073,experiment:ref_girma_ethiopian_head_smut_2019,1
A001074,experiment:ref_girma_ethiopian_head_smut_2019,0
A001075,experiment:ref_girma_ethiopian_head_smut_2019,0
A001076,experiment:ref_girma_ethiopian_head_smut_2019,1
A001077,experiment:ref_girma_ethiopian_head_smut_2019,0
A001078,experiment:ref_girma_ethiopian_head_smut_2019,1
A001079,experiment:ref_girma_ethiopian_head_smut_2019,1
A001080,experiment:ref_girma_ethiopian_head_smut_2019,1
A001081,experiment:ref_girma_ethiopian_head_smut_2019,0
A001082,experiment:ref_girma_ethiopian_head_smut_2019,1
A001083,experiment:ref_girma_ethiopian_head_smut_2019,0
A001084,experiment:ref_girma_ethiopian_head_smut_2019,0
A001085,experiment:ref_girma_ethiopian_head_smut_2019,0
A001086,experiment:ref_girma_ethiopian_head_smut_2019,0
A001087,experiment:ref_girma_ethiopian_head_smut_2019,1
A001088,experiment:ref_girma_ethiopian_head_smut_2019,1
A001089,experiment:ref_girma_ethiopian_head_smut_2019,1
A001090,experiment:ref_girma_ethiopian_head_smut_2019,1
A001091,experiment:ref_girma_ethiopian_head_smut_2019,1
A001093,experiment:ref_girma_ethiopian_head_smut_2019,1
A001094,experiment:ref_girma_ethiopian_head_smut_2019,0
A001095,experiment:ref_girma_ethiopian_head_smut_2019,1
A001097,experiment:ref_girma_ethiopian_head_smut_2019,1
A001098,experiment:ref_girma_ethiopian_head_smut_2019,0
A001099,experiment:ref_girma_ethiopian_head_smut_2019,0
A001100,experiment:ref_girma_ethiopian_head_smut_2019,1
A001101,experiment:ref_girma_ethiopian_head_smut_2019,1
A001102,experiment:ref_girma_ethiopian_head_smut_2019,1
A001103,experiment:ref_girma_ethiopian_head_smut_2019,0
A001104,experiment:ref_girma_ethiopian_head_smut_2019,0
A001105,experiment:ref_girma_ethiopian_head_smut_2019,0
A001106,experiment:ref_girma_ethiopian_head_smut_2019,1
A001107,experiment:ref_girma_ethiopian_head_smut_2019,1
A001109,experiment:ref_girma_ethiopian_head_smut_2019,1
A001110,experiment:ref_girma_ethiopian_head_smut_2019,1
A001111,experiment:ref_girma_ethiopian_head_smut_2019,1
A001112,experiment:ref_girma_ethiopian_head_smut_2019,1
A001113,experiment:ref_girma_ethiopian_head_smut_2019,1
A001114,experiment:ref_girma_ethiopian_head_smut_2019,1
A001115,experiment:ref_girma_ethiopian_head_smut_2019,1
A001116,experiment:ref_girma_ethiopian_head_smut_2019,1
A001117,experiment:ref_girma_ethiopian_head_smut_2019,1
A001118,experiment:ref_girma_ethiopian_head_smut_2019,1
A001119,experiment:ref_girma_ethiopian_head_smut_2019,1
A001120,experiment:ref_girma_ethiopian_head_smut_2019,0
A001121,experiment:ref_girma_ethiopian_head_smut_2019,0
A001122,experiment:ref_girma_ethiopian_head_smut_2019,0
A001123,experiment:ref_girma_ethiopian_head_smut_2019,1
A001124,experiment:ref_girma_ethiopian_head_smut_2019,1
A001126,experiment:ref_girma_ethiopian_head_smut_2019,0
A001127,experiment:ref_girma_ethiopian_head_smut_2019,1
A001128,experiment:ref_girma_ethiopian_head_smut_2019,0
A001129,experiment:ref_girma_ethiopian_head_smut_2019,0
A001130,experiment:ref_girma_ethiopian_head_smut_2019,0
A001131,experiment:ref_girma_ethiopian_head_smut_2019,0
A001132,experiment:ref_girma_ethiopian_head_smut_2019,1
A001133,experiment:ref_girma_ethiopian_head_smut_2019,0
A001134,experiment:ref_girma_ethiopian_head_smut_2019,0
A001135,experiment:ref_girma_ethiopian_head_smut_2019,0
A001136,experiment:ref_girma_ethiopian_head_smut_2019,1
A001137,experiment:ref_girma_ethiopian_head_smut_2019,0
A001138,experiment:ref_girma_ethiopian_head_smut_2019,1
A001139,experiment:ref_girma_ethiopian_head_smut_2019,0
A001140,experiment:ref_girma_ethiopian_head_smut_2019,1
A001141,experiment:ref_girma_ethiopian_head_smut_2019,0
A001142,experiment:ref_girma_ethiopian_head_smut_2019,1
A001143,experiment:ref_girma_ethiopian_head_smut_2019,1
A001144,experiment:ref_girma_ethiopian_head_smut_2019,1
A001145,experiment:ref_girma_ethiopian_head_smut_2019,0
A001146,experiment:ref_girma_ethiopian_head_smut_2019,1
A001147,experiment:ref_girma_ethiopian_head_smut_2019,0
A001148,experiment:ref_girma_ethiopian_head_smut_2019,0
A001149,experiment:ref_girma_ethiopian_head_smut_2019,1
A001150,experiment:ref_girma_ethiopian_head_smut_2019,1
A001151,experiment:ref_girma_ethiopian_head_smut_2019,1
A001152,experiment:ref_girma_ethiopian_head_smut_2019,1
A001153,experiment:ref_girma_ethiopian_head_smut_2019,1
A001154,experiment:ref_girma_ethiopian_head_smut_2019,0
A001155,experiment:ref_girma_ethiopian_head_smut_2019,0
A001156,experiment:ref_girma_ethiopian_head_smut_2019,1
A001157,experiment:ref_girma_ethiopian_head_smut_2019,1
A001158,experiment:ref_girma_ethiopian_head_smut_2019,0
A001159,experiment:ref_girma_ethiopian_head_smut_2019,1
A001160,experiment:ref_girma_ethiopian_head_smut_2019,0
A001161,experiment:ref_girma_ethiopian_head_smut_2019,1
A001162,experiment:ref_girma_ethiopian_head_smut_2019,0
A001163,experiment:ref_girma_ethiopian_head_smut_2019,0
A001164,experiment:ref_girma_ethiopian_head_smut_2019,0
A001165,experiment:ref_girma_ethiopian_head_smut_2019,1
A001166,experiment:ref_girma_ethiopian_head_smut_2019,1
A001167,experiment:ref_girma_ethiopian_head_smut_2019,1
A001168,experiment:ref_girma_ethiopian_head_smut_2019,1
A001169,experiment:ref_girma_ethiopian_head_smut_2019,0
A001170,experiment:ref_girma_ethiopian_head_smut_2019,1
A001171,experiment:ref_girma_ethiopian_head_smut_2019,1
A001172,experiment:ref_girma_ethiopian_head_smut_2019,0
A001173,experiment:ref_girma_ethiopian_head_smut_2019,1
A001174,experiment:ref_girma_ethiopian_head_smut_2019,1
A001175,experiment:ref_girma_ethiopian_head_smut_2019,0
A001176,experiment:ref_girma_ethiopian_head_smut_2019,1
A001177,experiment:ref_girma_ethiopian_head_smut_2019,0
A001178,experiment:ref_girma_ethiopian_head_smut_2019,1
A001179,experiment:ref_girma_ethiopian_head_smut_2019,1
A001180,experiment:ref_girma_ethiopian_head_smut_2019,1
A001181,experiment:ref_girma_ethiopian_head_smut_2019,1
A001182,experiment:ref_girma_ethiopian_head_smut_2019,1
A001183,experiment:ref_girma_ethiopian_head_smut_2019,0
A001185,experiment:ref_girma_ethiopian_head_smut_2019,0
A001186,experiment:ref_girma_ethiopian_head_smut_2019,1
A001187,experiment:ref_girma_ethiopian_head_smut_2019,0
A001188,experiment:ref_girma_ethiopian_head_smut_2019,1
A001189,experiment:ref_girma_ethiopian_head_smut_2019,1
A001190,experiment:ref_girma_ethiopian_head_smut_2019,0
A001191,experiment:ref_girma_ethiopian_head_smut_2019,1
A001192,experiment:ref_girma_ethiopian_head_smut_2019,0
A001193,experiment:ref_girma_ethiopian_head_smut_2019,1
A001194,experiment:ref_girma_ethiopian_head_smut_2019,0
A001195,experiment:ref_girma_ethiopian_head_smut_2019,1
A001196,experiment:ref_girma_ethiopian_head_smut_2019,1
A001197,experiment:ref_girma_ethiopian_head_smut_2019,1
A001198,experiment:ref_girma_ethiopian_head_smut_2019,1
A001199,experiment:ref_girma_ethiopian_head_smut_2019,1
A001200,experiment:ref_girma_ethiopian_head_smut_2019,1
A001201,experiment:ref_girma_ethiopian_head_smut_2019,1
A001202,experiment:ref_girma_ethiopian_head_smut_2019,1
A001203,experiment:ref_girma_ethiopian_head_smut_2019,1
A001204,experiment:ref_girma_ethiopian_head_smut_2019,1
A001205,experiment:ref_girma_ethiopian_head_smut_2019,1
A001206,experiment:ref_girma_ethiopian_head_smut_2019,1
A001207,experiment:ref_girma_ethiopian_head_smut_2019,1
A001208,experiment:ref_girma_ethiopian_head_smut_2019,1
A001210,experiment:ref_girma_ethiopian_head_smut_2019,1
A001211,experiment:ref_girma_ethiopian_head_smut_2019,0
A001212,experiment:ref_girma_ethiopian_head_smut_2019,0
A001213,experiment:ref_girma_ethiopian_head_smut_2019,1
A001214,experiment:ref_girma_ethiopian_head_smut_2019,1
A001215,experiment:ref_girma_ethiopian_head_smut_2019,1
A001216,experiment:ref_girma_ethiopian_head_smut_2019,0
A001217,experiment:ref_girma_ethiopian_head_smut_2019,1
A001218,experiment:ref_girma_ethiopian_head_smut_2019,0
A001219,experiment:ref_girma_ethiopian_head_smut_2019,1
A001220,experiment:ref_girma_ethiopian_head_smut_2019,0
A001221,experiment:ref_girma_ethiopian_head_smut_2019,0
A001222,experiment:ref_girma_ethiopian_head_smut_2019,1
A001223,experiment:ref_girma_ethiopian_head_smut_2019,0
A001224,experiment:ref_girma_ethiopian_head_smut_2019,0
A001225,experiment:ref_girma_ethiopian_head_smut_2019,1
A001226,experiment:ref_girma_ethiopian_head_smut_2019,1
A001227,experiment:ref_girma_ethiopian_head_smut_2019,0
A001228,experiment:ref_girma_ethiopian_head_smut_2019,1
A001229,experiment:ref_girma_ethiopian_head_smut_2019,0
A001230,experiment:ref_girma_ethiopian_head_smut_2019,0
A001231,experiment:ref_girma_ethiopian_head_smut_2019,0
A001232,experiment:ref_girma_ethiopian_head_smut_2019,1
A001233,experiment:ref_girma_ethiopian_head_smut_2019,0
A001234,experiment:ref_girma_ethiopian_head_smut_2019,1
A001235,experiment:ref_girma_ethiopian_head_smut_2019,1
A001236,experiment:ref_girma_ethiopian_head_smut_2019,1
A001237,experiment:ref_girma_ethiopian_head_smut_2019,0
A001238,experiment:ref_girma_ethiopian_head_smut_2019,1
A001240,experiment:ref_girma_ethiopian_head_smut_2019,0
A001241,experiment:ref_girma_ethiopian_head_smut_2019,1
A001244,experiment:ref_girma_ethiopian_head_smut_2019,1
A001246,experiment:ref_girma_ethiopian_head_smut_2019,1
A001247,experiment:ref_girma_ethiopian_head_smut_2019,1
A001248,experiment:ref_girma_ethiopian_head_smut_2019,1
A001250,experiment:ref_girma_ethiopian_head_smut_2019,1
A001251,experiment:ref_girma_ethiopian_head_smut_2019,1
A001252,experiment:ref_girma_ethiopian_head_smut_2019,0
A001253,experiment:ref_girma_ethiopian_head_smut_2019,0
A001254,experiment:ref_girma_ethiopian_head_smut_2019,1
A001255,experiment:ref_girma_ethiopian_head_smut_2019,1
A001256,experiment:ref_girma_ethiopian_head_smut_2019,1
A001257,experiment:ref_girma_ethiopian_head_smut_2019,0
A001258,experiment:ref_girma_ethiopian_head_smut_2019,0
A001259,experiment:ref_girma_ethiopian_head_smut_2019,1
A001260,experiment:ref_girma_ethiopian_head_smut_2019,1
A001261,experiment:ref_girma_ethiopian_head_smut_2019,1
A001263,experiment:ref_girma_ethiopian_head_smut_2019,0
A001264,experiment:ref_girma_ethiopian_head_smut_2019,1
A001265,experiment:ref_girma_ethiopian_head_smut_2019,1
A001266,experiment:ref_girma_ethiopian_head_smut_2019,0
A001267,experiment:ref_girma_ethiopian_head_smut_2019,0
A001268,experiment:ref_girma_ethiopian_head_smut_2019,0
A001269,experiment:ref_girma_ethiopian_head_smut_2019,1
A001270,experiment:ref_girma_ethiopian_head_smut_2019,0
A001271,experiment:ref_girma_ethiopian_head_smut_2019,0
A001273,experiment:ref_girma_ethiopian_head_smut_2019,1
A001274,experiment:ref_girma_ethiopian_head_smut_2019,0
A001276,experiment:ref_girma_ethiopian_head_smut_2019,0
A001277,experiment:ref_girma_ethiopian_head_smut_2019,0
A001278,experiment:ref_girma_ethiopian_head_smut_2019,1
A001279,experiment:ref_girma_ethiopian_head_smut_2019,0
A001280,experiment:ref_girma_ethiopian_head_smut_2019,1
A001281,experiment:ref_girma_ethiopian_head_smut_2019,1
A001282,experiment:ref_girma_ethiopian_head_smut_2019,1
A001283,experiment:ref_girma_ethiopian_head_smut_2019,0
A001284,experiment:ref_girma_ethiopian_head_smut_2019,1
A001285,experiment:ref_girma_ethiopian_head_smut_2019,1
A001286,experiment:ref_girma_ethiopian_head_smut_2019,0
A001287,experiment:ref_girma_ethiopian_head_smut_2019,1
A001288,experiment:ref_girma_ethiopian_head_smut_2019,0
A001290,experiment:ref_girma_ethiopian_head_smut_2019,1
A001292,experiment:ref_girma_ethiopian_head_smut_2019,0
A001293,experiment:ref_girma_ethiopian_head_smut_2019,0
A001294,experiment:ref_girma_ethiopian_head_smut_2019,1
A001295,experiment:ref_girma_ethiopian_head_smut_2019,0
A001296,experiment:ref_girma_ethiopian_head_smut_2019,1
A001298,experiment:ref_girma_ethiopian_head_smut_2019,0
A001318,experiment:ref_girma_ethiopian_head_smut_2019,0
A001320,experiment:ref_girma_ethiopian_head_smut_2019,1
A001321,experiment:ref_girma_ethiopian_head_smut_2019,1
A001331,experiment:ref_girma_ethiopian_head_smut_2019,1
A001332,experiment:ref_girma_ethiopian_head_smut_2019,1
A001335,experiment:ref_girma_ethiopian_head_smut_2019,1
A001336,experiment:ref_girma_ethiopian_head_smut_2019,0
A001337,experiment:ref_girma_ethiopian_head_smut_2019,0
A001338,experiment:ref_girma_ethiopian_head_smut_2019,1
A001339,experiment:ref_girma_ethiopian_head_smut_2019,1
A001340,experiment:ref_girma_ethiopian_head_smut_2019,1
A001341,experiment:ref_girma_ethiopian_head_smut_2019,0
A001343,experiment:ref_girma_ethiopian_head_smut_2019,1
A001344,experiment:ref_girma_ethiopian_head_smut_2019,1
A001345,experiment:ref_girma_ethiopian_head_smut_2019,1
A001346,experiment:ref_girma_ethiopian_head_smut_2019,1
A001347,experiment:ref_girma_ethiopian_head_smut_2019,1
A001348,experiment:ref_girma_ethiopian_head_smut_2019,1
A001349,experiment:ref_girma_ethiopian_head_smut_2019,1
A001350,experiment:ref_girma_ethiopian_head_smut_2019,0
A001351,experiment:ref_girma_ethiopian_head_smut_2019,1
A001352,experiment:ref_girma_ethiopian_head_smut_2019,1
A001353,experiment:ref_girma_ethiopian_head_smut_2019,1
A001354,experiment:ref_girma_ethiopian_head_smut_2019,1
A001356,experiment:ref_girma_ethiopian_head_smut_2019,0
A001357,experiment:ref_girma_ethiopian_head_smut_2019,1
A001358,experiment:ref_girma_ethiopian_head_smut_2019,0
A001359,experiment:ref_girma_ethiopian_head_smut_2019,0
A001360,experiment:ref_girma_ethiopian_head_smut_2019,1
A001361,experiment:ref_girma_ethiopian_head_smut_2019,1
A001362,experiment:ref_girma_ethiopian_head_smut_2019,0
A001363,experiment:ref_girma_ethiopian_head_smut_2019,1
A001364,experiment:ref_girma_ethiopian_head_smut_2019,1
A001366,experiment:ref_girma_ethiopian_head_smut_2019,1
A001367,experiment:ref_girma_ethiopian_head_smut_2019,0
A001368,experiment:ref_girma_ethiopian_head_smut_2019,1
A001371,experiment:ref_girma_ethiopian_head_smut_2019,1
A001372,experiment:ref_girma_ethiopian_head_smut_2019,1
A001373,experiment:ref_girma_ethiopian_head_smut_2019,1
A001374,experiment:ref_girma_ethiopian_head_smut_2019,1
A001375,experiment:ref_girma_ethiopian_head_smut_2019,1
A001376,experiment:ref_girma_ethiopian_head_smut_2019,1
A001377,experiment:ref_girma_ethiopian_head_smut_2019,1
A001378,experiment:ref_girma_ethiopian_head_smut_2019,1
A001379,experiment:ref_girma_ethiopian_head_smut_2019,1
A001380,experiment:ref_girma_ethiopian_head_smut_2019,0
A001381,experiment:ref_girma_ethiopian_head_smut_2019,1
A001382,experiment:ref_girma_ethiopian_head_smut_2019,1
A001383,experiment:ref_girma_ethiopian_head_smut_2019,0
A001384,experiment:ref_girma_ethiopian_head_smut_2019,1
A001386,experiment:ref_girma_ethiopian_head_smut_2019,1
A001388,experiment:ref_girma_ethiopian_head_smut_2019,1
A001389,experiment:ref_girma_ethiopian_head_smut_2019,0
A001390,experiment:ref_girma_ethiopian_head_smut_2019,1
A001391,experiment:ref_girma_ethiopian_head_smut_2019,0
A001392,experiment:ref_girma_ethiopian_head_smut_2019,1
A001393,experiment:ref_girma_ethiopian_head_smut_2019,1
A001394,experiment:ref_girma_ethiopian_head_smut_2019,1
A001988,experiment:senegal_seedling_anthracnose,1
A001989,experiment:senegal_seedling_anthracnose,1
A001990,experiment:senegal_seedling_anthracnose,1
A001991,experiment:senegal_seedling_anthracnose,1
A001992,experiment:senegal_seedling_anthracnose,0
A001993,experiment:senegal_seedling_anthracnose,1
A001994,experiment:senegal_seedling_anthracnose,1
A001995,experiment:senegal_seedling_anthracnose,1
A001996,experiment:senegal_seedling_anthracnose,1
A001997,experiment:senegal_seedling_anthracnose,1
A001998,experiment:senegal_seedling_anthracnose,1
A001999,experiment:senegal_seedling_anthracnose,1
A002000,experiment:senegal_seedling_anthracnose,1
A002001,experiment:senegal_seedling_anthracnose,0
A002002,experiment:senegal_seedling_anthracnose,1
A002003,experiment:senegal_seedling_anthracnose,1
A002004,experiment:senegal_seedling_anthracnose,1
A002005,experiment:senegal_seedling_anthracnose,1
A002006,experiment:senegal_seedling_anthracnose,0
A002007,experiment:senegal_seedling_anthracnose,0
A002008,experiment:senegal_seedling_anthracnose,0
A002009,experiment:senegal_seedling_anthracnose,1
A002010,experiment:senegal_seedling_anthracnose,1
A002011,experiment:senegal_seedling_anthracnose,1
A002012,experiment:senegal_seedling_anthracnose,1
A002013,experiment:senegal_seedling_anthracnose,1
A002014,experiment:senegal_seedling_anthracnose,1
A002015,experiment:senegal_seedling_anthracnose,1
A002016,experiment:senegal_seedling_anthracnose,1
A002017,experiment:senegal_seedling_anthracnose,1
A002018,experiment:senegal_seedling_anthracnose,1
A002019,experiment:senegal_seedling_anthracnose,1
A002020,experiment:senegal_seedling_anthracnose,1
A002021,experiment:senegal_seedling_anthracnose,1
A002022,experiment:senegal_seedling_anthracnose,1
A002024,experiment:senegal_seedling_anthracnose,1
A002025,experiment:senegal_seedling_anthracnose,1
A002026,experiment:senegal_seedling_anthracnose,1
A002027,experiment:senegal_seedling_anthracnose,1
A002028,experiment:senegal_seedling_anthracnose,1
A002029,experiment:senegal_seedling_anthracnose,1
A002030,experiment:senegal_seedling_anthracnose,1
A002031,experiment:senegal_seedling_anthracnose,1
A002032,experiment:senegal_seedling_anthracnose,1
A002033,experiment:senegal_seedling_anthracnose,1
A002034,experiment:senegal_seedling_anthracnose,1
A002035,experiment:senegal_seedling_anthracnose,1
A002036,experiment:senegal_seedling_anthracnose,1
A002037,experiment:senegal_seedling_anthracnose,1
A002038,experiment:senegal_seedling_anthracnose,1
A002039,experiment:senegal_seedling_anthracnose,1
A002040,experiment:senegal_seedling_anthracnose,1
A002041,experiment:senegal_seedling_anthracnose,1
A002042,experiment:senegal_seedling_anthracnose,1
A002043,experiment:senegal_seedling_anthracnose,1
A002044,experiment:senegal_seedling_anthracnose,1
A002045,experiment:senegal_seedling_anthracnose,1
A002046,experiment:senegal_seedling_anthracnose,1
A002047,experiment:senegal_seedling_anthracnose,1
A002048,experiment:senegal_seedling_anthracnose,1
A002049,experiment:senegal_seedling_anthracnose,1
A002050,experiment:senegal_seedling_anthracnose,1
A002051,experiment:senegal_seedling_anthracnose,1
A002052,experiment:senegal_seedling_anthracnose,1
A002053,experiment:senegal_seedling_anthracnose,1
A002054,experiment:senegal_seedling_anthracnose,1
A002055,experiment:senegal_seedling_anthracnose,1
A002056,experiment:senegal_seedling_anthracnose,1
A002057,experiment:senegal_seedling_anthracnose,1
A002058,experiment:senegal_seedling_anthracnose,1
A002059,experiment:senegal_seedling_anthracnose,1
A002060,experiment:senegal_seedling_anthracnose,1
A002061,experiment:senegal_seedling_anthracnose,1
A002062,experiment:senegal_seedling_anthracnose,1
A002063,experiment:senegal_seedling_anthracnose,1
A002064,experiment:senegal_seedling_anthracnose,1
A002065,experiment:senegal_seedling_anthracnose,1
A002066,experiment:senegal_seedling_anthracnose,1
A002067,experiment:senegal_seedling_anthracnose,1
A002068,experiment:senegal_seedling_anthracnose,1
A002069,experiment:senegal_seedling_anthracnose,0
A002070,experiment:senegal_seedling_anthracnose,1
A002071,experiment:senegal_seedling_anthracnose,1
A002072,experiment:senegal_seedling_anthracnose,1
A002073,experiment:senegal_seedling_anthracnose,1
A002074,experiment:senegal_seedling_anthracnose,1
A002075,experiment:senegal_seedling_anthracnose,1
A002076,experiment:senegal_seedling_anthracnose,1
A002077,experiment:senegal_seedling_anthracnose,1
A002078,experiment:senegal_seedling_anthracnose,1
A002079,experiment:senegal_seedling_anthracnose,1
A002080,experiment:senegal_seedling_anthracnose,1
A002081,experiment:senegal_seedling_anthracnose,1
A002082,experiment:senegal_seedling_anthracnose,1
A002083,experiment:senegal_seedling_anthracnose,1
A002084,experiment:senegal_seedling_anthracnose,1
A002085,experiment:senegal_seedling_anthracnose,1
A002086,experiment:senegal_seedling_anthracnose,1
A002087,experiment:senegal_seedling_anthracnose,1
A002088,experiment:senegal_seedling_anthracnose,1
A002089,experiment:senegal_seedling_anthracnose,1
A002090,experiment:senegal_seedling_anthracnose,1
A002091,experiment:senegal_seedling_anthracnose,1
A002092,experiment:senegal_seedling_anthracnose,1
A002093,experiment:senegal_seedling_anthracnose,1
A002094,experiment:senegal_seedling_anthracnose,1
A002095,experiment:senegal_seedling_anthracnose,1
A002096,experiment:senegal_seedling_anthracnose,1
A002097,experiment:senegal_seedling_anthracnose,1
A002098,experiment:senegal_seedling_anthracnose,1
A002100,experiment:senegal_seedling_anthracnose,1
A002101,experiment:senegal_seedling_anthracnose,1
A002102,experiment:senegal_seedling_anthracnose,1
A002103,experiment:senegal_seedling_anthracnose,1
A002104,experiment:senegal_seedling_anthracnose,1
A002105,experiment:senegal_seedling_anthracnose,1
A002106,experiment:senegal_seedling_anthracnose,1
A002107,experiment:senegal_seedling_anthracnose,1
A002108,experiment:senegal_seedling_anthracnose,1
A002109,experiment:senegal_seedling_anthracnose,1
A002110,experiment:senegal_seedling_anthracnose,1
A002111,experiment:senegal_seedling_anthracnose,0
A002112,experiment:senegal_seedling_anthracnose,1
A002113,experiment:senegal_seedling_anthracnose,1
A002114,experiment:senegal_seedling_anthracnose,1
A002115,experiment:senegal_seedling_anthracnose,1
A002116,experiment:senegal_seedling_anthracnose,1
A002121,experiment:senegal_seedling_anthracnose,1
A002122,experiment:senegal_seedling_anthracnose,1
A002123,experiment:senegal_seedling_anthracnose,1
A002124,experiment:senegal_seedling_anthracnose,1
A002125,experiment:senegal_seedling_anthracnose,1
A002126,experiment:senegal_seedling_anthracnose,1
A002127,experiment:senegal_seedling_anthracnose,0
A002128,experiment:senegal_seedling_anthracnose,0
A002130,experiment:senegal_seedling_anthracnose,1
A002131,experiment:senegal_seedling_anthracnose,1
A002132,experiment:senegal_seedling_anthracnose,1
A002133,experiment:senegal_seedling_anthracnose,0
A002134,experiment:senegal_seedling_anthracnose,1
A002135,experiment:senegal_seedling_anthracnose,0
A002136,experiment:senegal_seedling_anthracnose,1
A002137,experiment:senegal_seedling_anthracnose,0
A002138,experiment:senegal_seedling_anthracnose,1
A002139,experiment:senegal_seedling_anthracnose,1
A002140,experiment:senegal_seedling_anthracnose,1
A002141,experiment:senegal_seedling_anthracnose,1
A002142,experiment:senegal_seedling_anthracnose,1
A002143,experiment:senegal_seedling_anthracnose,1
A002144,experiment:senegal_seedling_anthracnose,1
A002145,experiment:senegal_seedling_anthracnose,0
A002146,experiment:senegal_seedling_anthracnose,1
A002147,experiment:senegal_seedling_anthracnose,1
A002148,experiment:senegal_seedling_anthracnose,1
A002149,experiment:senegal_seedling_anthracnose,1
A002150,experiment:senegal_seedling_anthracnose,0
A002151,experiment:senegal_seedling_anthracnose,0
A002152,experiment:senegal_seedling_anthracnose,1
A002153,experiment:senegal_seedling_anthracnose,0
A001413,experiment:sweet_sorghum_multilocation_anthracnose,0
A001414,experiment:sweet_sorghum_multilocation_anthracnose,0
A001415,experiment:sweet_sorghum_multilocation_anthracnose,0
A001416,experiment:sweet_sorghum_multilocation_anthracnose,0
A001417,experiment:sweet_sorghum_multilocation_anthracnose,0
A001418,experiment:sweet_sorghum_multilocation_anthracnose,0
A001419,experiment:sweet_sorghum_multilocation_anthracnose,0
A001420,experiment:sweet_sorghum_multilocation_anthracnose,0
A001422,experiment:sweet_sorghum_multilocation_anthracnose,0
A001423,experiment:sweet_sorghum_multilocation_anthracnose,0
A001424,experiment:sweet_sorghum_multilocation_anthracnose,0
A001426,experiment:sweet_sorghum_multilocation_anthracnose,0
A001428,experiment:sweet_sorghum_multilocation_anthracnose,0
A001430,experiment:sweet_sorghum_multilocation_anthracnose,0
A001431,experiment:sweet_sorghum_multilocation_anthracnose,0
A001432,experiment:sweet_sorghum_multilocation_anthracnose,0
A001434,experiment:sweet_sorghum_multilocation_anthracnose,0
A001437,experiment:sweet_sorghum_multilocation_anthracnose,0
A001438,experiment:sweet_sorghum_multilocation_anthracnose,0
A001439,experiment:sweet_sorghum_multilocation_anthracnose,0
A001440,experiment:sweet_sorghum_multilocation_anthracnose,0
A001441,experiment:sweet_sorghum_multilocation_anthracnose,0
A001442,experiment:sweet_sorghum_multilocation_anthracnose,0
A001445,experiment:sweet_sorghum_multilocation_anthracnose,0
A001449,experiment:sweet_sorghum_multilocation_anthracnose,0
A001450,experiment:sweet_sorghum_multilocation_anthracnose,0
A001451,experiment:sweet_sorghum_multilocation_anthracnose,0
A001452,experiment:sweet_sorghum_multilocation_anthracnose,0
A001453,experiment:sweet_sorghum_multilocation_anthracnose,0
A001454,experiment:sweet_sorghum_multilocation_anthracnose,0
A001455,experiment:sweet_sorghum_multilocation_anthracnose,0
A001456,experiment:sweet_sorghum_multilocation_anthracnose,0
A001457,experiment:sweet_sorghum_multilocation_anthracnose,0
A001458,experiment:sweet_sorghum_multilocation_anthracnose,0
A001459,experiment:sweet_sorghum_multilocation_anthracnose,1
A001460,experiment:sweet_sorghum_multilocation_anthracnose,0
A001461,experiment:sweet_sorghum_multilocation_anthracnose,0
A001462,experiment:sweet_sorghum_multilocation_anthracnose,0
A001463,experiment:sweet_sorghum_multilocation_anthracnose,0
A001469,experiment:sweet_sorghum_multilocation_anthracnose,0
A001470,experiment:sweet_sorghum_multilocation_anthracnose,0
A001472,experiment:sweet_sorghum_multilocation_anthracnose,0
A001474,experiment:sweet_sorghum_multilocation_anthracnose,0
A001476,experiment:sweet_sorghum_multilocation_anthracnose,1
A001477,experiment:sweet_sorghum_multilocation_anthracnose,0
A001478,experiment:sweet_sorghum_multilocation_anthracnose,0
A001479,experiment:sweet_sorghum_multilocation_anthracnose,1
A001480,experiment:sweet_sorghum_multilocation_anthracnose,1
A001481,experiment:sweet_sorghum_multilocation_anthracnose,0
A001482,experiment:sweet_sorghum_multilocation_anthracnose,0
A001483,experiment:sweet_sorghum_multilocation_anthracnose,1
A001484,experiment:sweet_sorghum_multilocation_anthracnose,0
A001485,experiment:sweet_sorghum_multilocation_anthracnose,0
A001486,experiment:sweet_sorghum_multilocation_anthracnose,0
A001487,experiment:sweet_sorghum_multilocation_anthracnose,1
A001488,experiment:sweet_sorghum_multilocation_anthracnose,0
A001489,experiment:sweet_sorghum_multilocation_anthracnose,0
A001490,experiment:sweet_sorghum_multilocation_anthracnose,0
A001491,experiment:sweet_sorghum_multilocation_anthracnose,0
A001492,experiment:sweet_sorghum_multilocation_anthracnose,1
A001493,experiment:sweet_sorghum_multilocation_anthracnose,0
A001494,experiment:sweet_sorghum_multilocation_anthracnose,1
A001495,experiment:sweet_sorghum_multilocation_anthracnose,0
A001496,experiment:sweet_sorghum_multilocation_anthracnose,0
A001497,experiment:sweet_sorghum_multilocation_anthracnose,0
A001498,experiment:sweet_sorghum_multilocation_anthracnose,0
A001499,experiment:sweet_sorghum_multilocation_anthracnose,0
A001500,experiment:sweet_sorghum_multilocation_anthracnose,0
A001501,experiment:sweet_sorghum_multilocation_anthracnose,0
A001502,experiment:sweet_sorghum_multilocation_anthracnose,0
A001503,experiment:sweet_sorghum_multilocation_anthracnose,0
A001504,experiment:sweet_sorghum_multilocation_anthracnose,0
A001505,experiment:sweet_sorghum_multilocation_anthracnose,0
A001506,experiment:sweet_sorghum_multilocation_anthracnose,0
A001507,experiment:sweet_sorghum_multilocation_anthracnose,0
A001508,experiment:sweet_sorghum_multilocation_anthracnose,0
A001509,experiment:sweet_sorghum_multilocation_anthracnose,0
A001510,experiment:sweet_sorghum_multilocation_anthracnose,0
A001511,experiment:sweet_sorghum_multilocation_anthracnose,0
A001512,experiment:sweet_sorghum_multilocation_anthracnose,0
A001513,experiment:sweet_sorghum_multilocation_anthracnose,0
A001514,experiment:sweet_sorghum_multilocation_anthracnose,0
A001516,experiment:sweet_sorghum_multilocation_anthracnose,0
A001517,experiment:sweet_sorghum_multilocation_anthracnose,0
A001518,experiment:sweet_sorghum_multilocation_anthracnose,0
A001519,experiment:sweet_sorghum_multilocation_anthracnose,0
A001521,experiment:sweet_sorghum_multilocation_anthracnose,0
A001524,experiment:sweet_sorghum_multilocation_anthracnose,1
A001525,experiment:sweet_sorghum_multilocation_anthracnose,0
A001529,experiment:sweet_sorghum_multilocation_anthracnose,0
A001530,experiment:sweet_sorghum_multilocation_anthracnose,0
A001545,experiment:sweet_sorghum_multilocation_anthracnose,0
A001546,experiment:sweet_sorghum_multilocation_anthracnose,0
A001547,experiment:sweet_sorghum_multilocation_anthracnose,0
A001549,experiment:sweet_sorghum_multilocation_anthracnose,0
A001550,experiment:sweet_sorghum_multilocation_anthracnose,0
A001560,experiment:sweet_sorghum_multilocation_anthracnose,0
A001561,experiment:sweet_sorghum_multilocation_anthracnose,0
A001562,experiment:sweet_sorghum_multilocation_anthracnose,1
A001563,experiment:sweet_sorghum_multilocation_anthracnose,0
A001569,experiment:sweet_sorghum_multilocation_anthracnose,0
A001582,experiment:sweet_sorghum_multilocation_anthracnose,0
A001597,experiment:sweet_sorghum_multilocation_anthracnose,0
A001598,experiment:sweet_sorghum_multilocation_anthracnose,0
A001608,experiment:sweet_sorghum_multilocation_anthracnose,1
A001690,experiment:sweet_sorghum_multilocation_anthracnose,0
A001691,experiment:sweet_sorghum_multilocation_anthracnose,0
A001694,experiment:sweet_sorghum_multilocation_anthracnose,0
A001702,experiment:sweet_sorghum_multilocation_anthracnose,0
A001704,experiment:sweet_sorghum_multilocation_anthracnose,0
A001714,experiment:sweet_sorghum_multilocation_anthracnose,0
A001736,experiment:sweet_sorghum_multilocation_anthracnose,0
A001744,experiment:sweet_sorghum_multilocation_anthracnose,0
A001851,experiment:sweet_sorghum_multilocation_anthracnose,0
A001852,experiment:sweet_sorghum_multilocation_anthracnose,0
A001853,experiment:sweet_sorghum_multilocation_anthracnose,0
A001854,experiment:sweet_sorghum_multilocation_anthracnose,0
A001855,experiment:sweet_sorghum_multilocation_anthracnose,0
A001856,experiment:sweet_sorghum_multilocation_anthracnose,0
A002168,experiment:sweet_sorghum_multilocation_anthracnose,0
A002169,experiment:sweet_sorghum_multilocation_anthracnose,1
A002253,experiment:sweet_sorghum_multilocation_anthracnose,0
A002361,experiment:sweet_sorghum_multilocation_anthracnose,0
A002362,experiment:sweet_sorghum_multilocation_anthracnose,0
A002988,experiment:sweet_sorghum_multilocation_anthracnose,0
A003369,experiment:sweet_sorghum_multilocation_anthracnose,0
A003370,experiment:sweet_sorghum_multilocation_anthracnose,0
A003371,experiment:sweet_sorghum_multilocation_anthracnose,0
A003372,experiment:sweet_sorghum_multilocation_anthracnose,0
A003374,experiment:sweet_sorghum_multilocation_anthracnose,0
A003375,experiment:sweet_sorghum_multilocation_anthracnose,0
A003376,experiment:sweet_sorghum_multilocation_anthracnose,0
A003377,experiment:sweet_sorghum_multilocation_anthracnose,0
A003378,experiment:sweet_sorghum_multilocation_anthracnose,0
A003379,experiment:sweet_sorghum_multilocation_anthracnose,0
A003380,experiment:sweet_sorghum_multilocation_anthracnose,0
A003381,experiment:sweet_sorghum_multilocation_anthracnose,0
A003382,experiment:sweet_sorghum_multilocation_anthracnose,0
A003383,experiment:sweet_sorghum_multilocation_anthracnose,0
A003384,experiment:sweet_sorghum_multilocation_anthracnose,0
A003385,experiment:sweet_sorghum_multilocation_anthracnose,0
A003387,experiment:sweet_sorghum_multilocation_anthracnose,0
A003388,experiment:sweet_sorghum_multilocation_anthracnose,0
A003389,experiment:sweet_sorghum_multilocation_anthracnose,0
A003390,experiment:sweet_sorghum_multilocation_anthracnose,0
A003391,experiment:sweet_sorghum_multilocation_anthracnose,0
A003392,experiment:sweet_sorghum_multilocation_anthracnose,0
A003393,experiment:sweet_sorghum_multilocation_anthracnose,0
A003394,experiment:sweet_sorghum_multilocation_anthracnose,1
A003395,experiment:sweet_sorghum_multilocation_anthracnose,0
A003396,experiment:sweet_sorghum_multilocation_anthracnose,1
A003397,experiment:sweet_sorghum_multilocation_anthracnose,0
A003401,experiment:sweet_sorghum_multilocation_anthracnose,0
A003402,experiment:sweet_sorghum_multilocation_anthracnose,0
A003403,experiment:sweet_sorghum_multilocation_anthracnose,0
A003404,experiment:sweet_sorghum_multilocation_anthracnose,0
A003405,experiment:sweet_sorghum_multilocation_anthracnose,0
A003406,experiment:sweet_sorghum_multilocation_anthracnose,0
A003414,experiment:sweet_sorghum_multilocation_anthracnose,0
A003415,experiment:sweet_sorghum_multilocation_anthracnose,0
A003416,experiment:sweet_sorghum_multilocation_anthracnose,0
A003417,experiment:sweet_sorghum_multilocation_anthracnose,0
A003418,experiment:sweet_sorghum_multilocation_anthracnose,0
A003419,experiment:sweet_sorghum_multilocation_anthracnose,0
A003420,experiment:sweet_sorghum_multilocation_anthracnose,0
A003421,experiment:sweet_sorghum_multilocation_anthracnose,0
A003422,experiment:sweet_sorghum_multilocation_anthracnose,0
A003423,experiment:sweet_sorghum_multilocation_anthracnose,0
A003424,experiment:sweet_sorghum_multilocation_anthracnose,0
A003425,experiment:sweet_sorghum_multilocation_anthracnose,0
A003426,experiment:sweet_sorghum_multilocation_anthracnose,0
A003427,experiment:sweet_sorghum_multilocation_anthracnose,0
A003428,experiment:sweet_sorghum_multilocation_anthracnose,1
A003429,experiment:sweet_sorghum_multilocation_anthracnose,0
A003430,experiment:sweet_sorghum_multilocation_anthracnose,0
A003431,experiment:sweet_sorghum_multilocation_anthracnose,1
A003432,experiment:sweet_sorghum_multilocation_anthracnose,0
A003433,experiment:sweet_sorghum_multilocation_anthracnose,0
A003434,experiment:sweet_sorghum_multilocation_anthracnose,0
A003435,experiment:sweet_sorghum_multilocation_anthracnose,0
A003436,experiment:sweet_sorghum_multilocation_anthracnose,1
A003437,experiment:sweet_sorghum_multilocation_anthracnose,0
A003438,experiment:sweet_sorghum_multilocation_anthracnose,0
A003439,experiment:sweet_sorghum_multilocation_anthracnose,0
A003440,experiment:sweet_sorghum_multilocation_anthracnose,0
A003441,experiment:sweet_sorghum_multilocation_anthracnose,0
A003442,experiment:sweet_sorghum_multilocation_anthracnose,0
A003443,experiment:sweet_sorghum_multilocation_anthracnose,0
A003444,experiment:sweet_sorghum_multilocation_anthracnose,0
A003445,experiment:sweet_sorghum_multilocation_anthracnose,0
A003446,experiment:sweet_sorghum_multilocation_anthracnose,1
A003447,experiment:sweet_sorghum_multilocation_anthracnose,0
A003448,experiment:sweet_sorghum_multilocation_anthracnose,0
A003449,experiment:sweet_sorghum_multilocation_anthracnose,0
A003450,experiment:sweet_sorghum_multilocation_anthracnose,0
A003451,experiment:sweet_sorghum_multilocation_anthracnose,0
A003452,experiment:sweet_sorghum_multilocation_anthracnose,0
A003453,experiment:sweet_sorghum_multilocation_anthracnose,1
A003454,experiment:sweet_sorghum_multilocation_anthracnose,0
A003455,experiment:sweet_sorghum_multilocation_anthracnose,1
A003456,experiment:sweet_sorghum_multilocation_anthracnose,0
A003457,experiment:sweet_sorghum_multilocation_anthracnose,1
A003458,experiment:sweet_sorghum_multilocation_anthracnose,1
A003459,experiment:sweet_sorghum_multilocation_anthracnose,0
A003460,experiment:sweet_sorghum_multilocation_anthracnose,1
A003461,experiment:sweet_sorghum_multilocation_anthracnose,0
A003462,experiment:sweet_sorghum_multilocation_anthracnose,0
A003463,experiment:sweet_sorghum_multilocation_anthracnose,0
A003464,experiment:sweet_sorghum_multilocation_anthracnose,0
A003465,experiment:sweet_sorghum_multilocation_anthracnose,0
A003466,experiment:sweet_sorghum_multilocation_anthracnose,0
A003467,experiment:sweet_sorghum_multilocation_anthracnose,1
A003468,experiment:sweet_sorghum_multilocation_anthracnose,0
A003469,experiment:sweet_sorghum_multilocation_anthracnose,0
A003470,experiment:sweet_sorghum_multilocation_anthracnose,0
A003471,experiment:sweet_sorghum_multilocation_anthracnose,0
A003472,experiment:sweet_sorghum_multilocation_anthracnose,1
A003473,experiment:sweet_sorghum_multilocation_anthracnose,0
A003474,experiment:sweet_sorghum_multilocation_anthracnose,0
A003475,experiment:sweet_sorghum_multilocation_anthracnose,0
A003479,experiment:sweet_sorghum_multilocation_anthracnose,1
A003480,experiment:sweet_sorghum_multilocation_anthracnose,0
A003655,experiment:sweet_sorghum_multilocation_anthracnose,0
A003500,experiment:uganda_downy_mildew_two_location_2016,1
A003520,experiment:uganda_downy_mildew_two_location_2016,0
A003653,experiment:uganda_downy_mildew_two_location_2016,0
A001299,experiment_set:sharma_minicore_anthracnose_2009_2010+sharma_minicore_leaf_blight_2009_2010+sharma_minicore_rust_2010,1
A001301,experiment_set:sharma_minicore_anthracnose_2009_2010+sharma_minicore_leaf_blight_2009_2010+sharma_minicore_rust_2010,1
A001302,experiment_set:sharma_minicore_anthracnose_2009_2010+sharma_minicore_leaf_blight_2009_2010+sharma_minicore_rust_2010,1
A001304,experiment_set:sharma_minicore_anthracnose_2009_2010+sharma_minicore_leaf_blight_2009_2010+sharma_minicore_rust_2010,1
A001305,experiment_set:sharma_minicore_anthracnose_2009_2010+sharma_minicore_leaf_blight_2009_2010+sharma_minicore_rust_2010,1
A001306,experiment_set:sharma_minicore_anthracnose_2009_2010+sharma_minicore_leaf_blight_2009_2010+sharma_minicore_rust_2010,1
A001307,experiment_set:sharma_minicore_anthracnose_2009_2010+sharma_minicore_leaf_blight_2009_2010+sharma_minicore_rust_2010,1
A001308,experiment_set:sharma_minicore_anthracnose_2009_2010+sharma_minicore_leaf_blight_2009_2010+sharma_minicore_rust_2010,1
A001309,experiment_set:sharma_minicore_anthracnose_2009_2010+sharma_minicore_leaf_blight_2009_2010+sharma_minicore_rust_2010,1
A001310,experiment_set:sharma_minicore_anthracnose_2009_2010+sharma_minicore_leaf_blight_2009_2010+sharma_minicore_rust_2010,1
A001311,experiment_set:sharma_minicore_anthracnose_2009_2010+sharma_minicore_leaf_blight_2009_2010+sharma_minicore_rust_2010,1
A001312,experiment_set:sharma_minicore_anthracnose_2009_2010+sharma_minicore_leaf_blight_2009_2010+sharma_minicore_rust_2010,1
A001313,experiment_set:sharma_minicore_anthracnose_2009_2010+sharma_minicore_leaf_blight_2009_2010+sharma_minicore_rust_2010,1
A001314,experiment_set:sharma_minicore_anthracnose_2009_2010+sharma_minicore_leaf_blight_2009_2010+sharma_minicore_rust_2010,1
A001315,experiment_set:sharma_minicore_anthracnose_2009_2010+sharma_minicore_leaf_blight_2009_2010+sharma_minicore_rust_2010,1
A001316,experiment_set:sharma_minicore_anthracnose_2009_2010+sharma_minicore_leaf_blight_2009_2010+sharma_minicore_rust_2010,1
A001317,experiment_set:sharma_minicore_anthracnose_2009_2010+sharma_minicore_leaf_blight_2009_2010+sharma_minicore_rust_2010,1
A001322,experiment_set:sharma_minicore_anthracnose_2009_2010+sharma_minicore_leaf_blight_2009_2010+sharma_minicore_rust_2010,1
A001323,experiment_set:sharma_minicore_anthracnose_2009_2010+sharma_minicore_leaf_blight_2009_2010+sharma_minicore_rust_2010,1
A001324,experiment_set:sharma_minicore_anthracnose_2009_2010+sharma_minicore_leaf_blight_2009_2010+sharma_minicore_rust_2010,1
A001325,experiment_set:sharma_minicore_anthracnose_2009_2010+sharma_minicore_leaf_blight_2009_2010+sharma_minicore_rust_2010,1
A001326,experiment_set:sharma_minicore_anthracnose_2009_2010+sharma_minicore_leaf_blight_2009_2010+sharma_minicore_rust_2010,1
A001327,experiment_set:sharma_minicore_anthracnose_2009_2010+sharma_minicore_leaf_blight_2009_2010+sharma_minicore_rust_2010,1
A001328,experiment_set:sharma_minicore_anthracnose_2009_2010+sharma_minicore_leaf_blight_2009_2010+sharma_minicore_rust_2010,1
A001329,experiment_set:sharma_minicore_anthracnose_2009_2010+sharma_minicore_leaf_blight_2009_2010+sharma_minicore_rust_2010,1
A001330,experiment_set:sharma_minicore_anthracnose_2009_2010+sharma_minicore_leaf_blight_2009_2010+sharma_minicore_rust_2010,1
A001396,experiment_set:sharma_minicore_anthracnose_2009_2010+sharma_minicore_leaf_blight_2009_2010+sharma_minicore_rust_2010,1
A001397,experiment_set:sharma_minicore_anthracnose_2009_2010+sharma_minicore_leaf_blight_2009_2010+sharma_minicore_rust_2010,1
A001398,experiment_set:sharma_minicore_anthracnose_2009_2010+sharma_minicore_leaf_blight_2009_2010+sharma_minicore_rust_2010,1
A001399,experiment_set:sharma_minicore_anthracnose_2009_2010+sharma_minicore_leaf_blight_2009_2010+sharma_minicore_rust_2010,1
A001400,experiment_set:sharma_minicore_anthracnose_2009_2010+sharma_minicore_leaf_blight_2009_2010+sharma_minicore_rust_2010,1
A001401,experiment_set:sharma_minicore_anthracnose_2009_2010+sharma_minicore_leaf_blight_2009_2010+sharma_minicore_rust_2010,1
A001402,experiment_set:sharma_minicore_anthracnose_2009_2010+sharma_minicore_leaf_blight_2009_2010+sharma_minicore_rust_2010,1
A001403,experiment_set:sharma_minicore_anthracnose_2009_2010+sharma_minicore_leaf_blight_2009_2010+sharma_minicore_rust_2010,1
A001523,experiment_set:sharma_minicore_anthracnose_2009_2010+sharma_minicore_leaf_blight_2009_2010+sharma_minicore_rust_2010,1
A001527,experiment_set:sharma_minicore_anthracnose_2009_2010+sharma_minicore_leaf_blight_2009_2010+sharma_minicore_rust_2010,1
A001542,experiment_set:sharma_minicore_anthracnose_2009_2010+sharma_minicore_leaf_blight_2009_2010+sharma_minicore_rust_2010,1
A001653,experiment_set:sharma_minicore_anthracnose_2009_2010+sharma_minicore_leaf_blight_2009_2010+sharma_minicore_rust_2010,1
