normalized_accession_or_line_id,canonical_identity_key,identity_basis,reported_label,evidence_set_id,dataset_id,study_id,candidate_set_id,call_source,disease_categories,source_registry_ids
ETSL 100016,line:etsl_100016,reviewed_exact_line_identity,ETSL_100016,experiment:ethiopian_field_anthracnose_multisite,ethiopian_field_anthracnose_multisite,ethiopian_field_anthracnose_multisite,ethiopian_multisite_anthracnose_all_four_locations_le_2,source_supported_location_resistance_rule,anthracnose,ethiopian_field_anthracnose_multisite
ETSL 100016,line:etsl_100016,reviewed_exact_line_identity,ETSL 100016,experiment:ref_girma_ethiopian_head_smut_2019,ref_girma_ethiopian_head_smut_2019,ref_girma_ethiopian_head_smut_2019,girma_2019_stable_highest_head_smut_class,source_defined_highest_response_class,head_smut,ref_girma_ethiopian_head_smut_2019
ETSL 100063,line:etsl_100063,reviewed_exact_line_identity,ETSL_100063,experiment:ethiopian_field_anthracnose_multisite,ethiopian_field_anthracnose_multisite,ethiopian_field_anthracnose_multisite,ethiopian_multisite_anthracnose_all_four_locations_le_2,source_supported_location_resistance_rule,anthracnose,ethiopian_field_anthracnose_multisite
ETSL 100063,line:etsl_100063,reviewed_exact_line_identity,ETSL 100063,experiment:ref_girma_ethiopian_head_smut_2019,ref_girma_ethiopian_head_smut_2019,ref_girma_ethiopian_head_smut_2019,girma_2019_stable_highest_head_smut_class,source_defined_highest_response_class,head_smut,ref_girma_ethiopian_head_smut_2019
ETSL 100064,line:etsl_100064,reviewed_exact_line_identity,ETSL_100064,experiment:ethiopian_field_anthracnose_multisite,ethiopian_field_anthracnose_multisite,ethiopian_field_anthracnose_multisite,ethiopian_multisite_anthracnose_all_four_locations_le_2,source_supported_location_resistance_rule,anthracnose,ethiopian_field_anthracnose_multisite
ETSL 100064,line:etsl_100064,reviewed_exact_line_identity,ETSL 100064,experiment:ref_girma_ethiopian_head_smut_2019,ref_girma_ethiopian_head_smut_2019,ref_girma_ethiopian_head_smut_2019,girma_2019_stable_highest_head_smut_class,source_defined_highest_response_class,head_smut,ref_girma_ethiopian_head_smut_2019
ETSL 100169,line:etsl_100169,reviewed_exact_line_identity,ETSL_100169,experiment:ethiopian_field_anthracnose_multisite,ethiopian_field_anthracnose_multisite,ethiopian_field_anthracnose_multisite,ethiopian_multisite_anthracnose_all_four_locations_le_2,source_supported_location_resistance_rule,anthracnose,ethiopian_field_anthracnose_multisite
ETSL 100169,line:etsl_100169,reviewed_exact_line_identity,ETSL 100169,experiment:ref_girma_ethiopian_head_smut_2019,ref_girma_ethiopian_head_smut_2019,ref_girma_ethiopian_head_smut_2019,girma_2019_stable_highest_head_smut_class,source_defined_highest_response_class,head_smut,ref_girma_ethiopian_head_smut_2019
ETSL 100246,line:etsl_100246,reviewed_exact_line_identity,ETSL_100246,experiment:ethiopian_field_anthracnose_multisite,ethiopian_field_anthracnose_multisite,ethiopian_field_anthracnose_multisite,ethiopian_multisite_anthracnose_all_four_locations_le_2,source_supported_location_resistance_rule,anthracnose,ethiopian_field_anthracnose_multisite
ETSL 100246,line:etsl_100246,reviewed_exact_line_identity,ETSL 100246,experiment:ref_girma_ethiopian_head_smut_2019,ref_girma_ethiopian_head_smut_2019,ref_girma_ethiopian_head_smut_2019,girma_2019_stable_highest_head_smut_class,source_defined_highest_response_class,head_smut,ref_girma_ethiopian_head_smut_2019
ETSL 100249,line:etsl_100249,reviewed_exact_line_identity,ETSL_100249,experiment:ethiopian_field_anthracnose_multisite,ethiopian_field_anthracnose_multisite,ethiopian_field_anthracnose_multisite,ethiopian_multisite_anthracnose_all_four_locations_le_2,source_supported_location_resistance_rule,anthracnose,ethiopian_field_anthracnose_multisite
ETSL 100249,line:etsl_100249,reviewed_exact_line_identity,ETSL 100249,experiment:ref_girma_ethiopian_head_smut_2019,ref_girma_ethiopian_head_smut_2019,ref_girma_ethiopian_head_smut_2019,girma_2019_stable_highest_head_smut_class,source_defined_highest_response_class,head_smut,ref_girma_ethiopian_head_smut_2019
ETSL 100252,line:etsl_100252,reviewed_exact_line_identity,ETSL 100252,experiment:ref_aragaw_terefe_eastern_ethiopia_anthracnose_2024,ref_aragaw_terefe_eastern_ethiopia_anthracnose_2024,ref_aragaw_terefe_eastern_ethiopia_anthracnose_2024,aragaw_terefe_hirna_eastern_ethiopia_2017_reported_R,source_reported_reaction_class,anthracnose,ref_aragaw_terefe_eastern_ethiopia_anthracnose_2024
ETSL 100252,line:etsl_100252,reviewed_exact_line_identity,ETSL 100252,experiment:ref_girma_ethiopian_head_smut_2019,ref_girma_ethiopian_head_smut_2019,ref_girma_ethiopian_head_smut_2019,girma_2019_stable_highest_head_smut_class,source_defined_highest_response_class,head_smut,ref_girma_ethiopian_head_smut_2019
ETSL 100267,line:etsl_100267,reviewed_exact_line_identity,ETSL_100267,experiment:ethiopian_field_anthracnose_multisite,ethiopian_field_anthracnose_multisite,ethiopian_field_anthracnose_multisite,ethiopian_multisite_anthracnose_all_four_locations_le_2,source_supported_location_resistance_rule,anthracnose,ethiopian_field_anthracnose_multisite
ETSL 100267,line:etsl_100267,reviewed_exact_line_identity,ETSL 100267,experiment:ref_girma_ethiopian_head_smut_2019,ref_girma_ethiopian_head_smut_2019,ref_girma_ethiopian_head_smut_2019,girma_2019_stable_highest_head_smut_class,source_defined_highest_response_class,head_smut,ref_girma_ethiopian_head_smut_2019
ETSL 100309,line:etsl_100309,reviewed_exact_line_identity,ETSL 100309,experiment:ref_aragaw_terefe_eastern_ethiopia_anthracnose_2024,ref_aragaw_terefe_eastern_ethiopia_anthracnose_2024,ref_aragaw_terefe_eastern_ethiopia_anthracnose_2024,aragaw_terefe_hirna_eastern_ethiopia_2017_reported_R,source_reported_reaction_class,anthracnose,ref_aragaw_terefe_eastern_ethiopia_anthracnose_2024
ETSL 100309,line:etsl_100309,reviewed_exact_line_identity,ETSL 100309,experiment:ref_girma_ethiopian_head_smut_2019,ref_girma_ethiopian_head_smut_2019,ref_girma_ethiopian_head_smut_2019,girma_2019_stable_highest_head_smut_class,source_defined_highest_response_class,head_smut,ref_girma_ethiopian_head_smut_2019
ETSL 100438,line:etsl_100438,reviewed_exact_line_identity,ETSL_100438,experiment:ethiopian_field_anthracnose_multisite,ethiopian_field_anthracnose_multisite,ethiopian_field_anthracnose_multisite,ethiopian_multisite_anthracnose_all_four_locations_le_2,source_supported_location_resistance_rule,anthracnose,ethiopian_field_anthracnose_multisite
ETSL 100438,line:etsl_100438,reviewed_exact_line_identity,ETSL 100438,experiment:ref_girma_ethiopian_head_smut_2019,ref_girma_ethiopian_head_smut_2019,ref_girma_ethiopian_head_smut_2019,girma_2019_stable_highest_head_smut_class,source_defined_highest_response_class,head_smut,ref_girma_ethiopian_head_smut_2019
ETSL 100450,line:etsl_100450,reviewed_exact_line_identity,ETSL_100450,experiment:ethiopian_field_anthracnose_multisite,ethiopian_field_anthracnose_multisite,ethiopian_field_anthracnose_multisite,ethiopian_multisite_anthracnose_all_four_locations_le_2,source_supported_location_resistance_rule,anthracnose,ethiopian_field_anthracnose_multisite
ETSL 100450,line:etsl_100450,reviewed_exact_line_identity,ETSL 100450,experiment:ref_girma_ethiopian_head_smut_2019,ref_girma_ethiopian_head_smut_2019,ref_girma_ethiopian_head_smut_2019,girma_2019_stable_highest_head_smut_class,source_defined_highest_response_class,head_smut,ref_girma_ethiopian_head_smut_2019
ETSL 100498,line:etsl_100498,reviewed_exact_line_identity,ETSL 100498,experiment:ref_aragaw_terefe_eastern_ethiopia_anthracnose_2024,ref_aragaw_terefe_eastern_ethiopia_anthracnose_2024,ref_aragaw_terefe_eastern_ethiopia_anthracnose_2024,aragaw_terefe_hirna_eastern_ethiopia_2017_reported_R,source_reported_reaction_class,anthracnose,ref_aragaw_terefe_eastern_ethiopia_anthracnose_2024
ETSL 100498,line:etsl_100498,reviewed_exact_line_identity,ETSL 100498,experiment:ref_aragaw_terefe_eastern_ethiopia_anthracnose_2024,ref_aragaw_terefe_eastern_ethiopia_anthracnose_2024,ref_aragaw_terefe_eastern_ethiopia_anthracnose_2024,aragaw_terefe_hirna_eastern_ethiopia_2018_reported_R,source_reported_reaction_class,anthracnose,ref_aragaw_terefe_eastern_ethiopia_anthracnose_2024
ETSL 100498,line:etsl_100498,reviewed_exact_line_identity,ETSL 100498,experiment:ref_aragaw_terefe_eastern_ethiopia_anthracnose_2024,ref_aragaw_terefe_eastern_ethiopia_anthracnose_2024,ref_aragaw_terefe_eastern_ethiopia_anthracnose_2024,aragaw_terefe_reported_R_all_environments,source_reported_reaction_class,anthracnose,ref_aragaw_terefe_eastern_ethiopia_anthracnose_2024
ETSL 100498,line:etsl_100498,reviewed_exact_line_identity,ETSL 100498,experiment:ref_girma_ethiopian_head_smut_2019,ref_girma_ethiopian_head_smut_2019,ref_girma_ethiopian_head_smut_2019,girma_2019_stable_highest_head_smut_class,source_defined_highest_response_class,head_smut,ref_girma_ethiopian_head_smut_2019
ETSL 100502,line:etsl_100502,reviewed_exact_line_identity,ETSL_100502,experiment:ethiopian_field_anthracnose_multisite,ethiopian_field_anthracnose_multisite,ethiopian_field_anthracnose_multisite,ethiopian_multisite_anthracnose_all_four_locations_le_2,source_supported_location_resistance_rule,anthracnose,ethiopian_field_anthracnose_multisite
ETSL 100502,line:etsl_100502,reviewed_exact_line_identity,ETSL 100502,experiment:ref_girma_ethiopian_head_smut_2019,ref_girma_ethiopian_head_smut_2019,ref_girma_ethiopian_head_smut_2019,girma_2019_stable_highest_head_smut_class,source_defined_highest_response_class,head_smut,ref_girma_ethiopian_head_smut_2019
ETSL 100523,line:etsl_100523,reviewed_exact_line_identity,ETSL 100523,experiment:ref_aragaw_terefe_eastern_ethiopia_anthracnose_2024,ref_aragaw_terefe_eastern_ethiopia_anthracnose_2024,ref_aragaw_terefe_eastern_ethiopia_anthracnose_2024,aragaw_terefe_hirna_eastern_ethiopia_2017_reported_R,source_reported_reaction_class,anthracnose,ref_aragaw_terefe_eastern_ethiopia_anthracnose_2024
ETSL 100523,line:etsl_100523,reviewed_exact_line_identity,ETSL 100523,experiment:ref_aragaw_terefe_eastern_ethiopia_anthracnose_2024,ref_aragaw_terefe_eastern_ethiopia_anthracnose_2024,ref_aragaw_terefe_eastern_ethiopia_anthracnose_2024,aragaw_terefe_hirna_eastern_ethiopia_2018_reported_R,source_reported_reaction_class,anthracnose,ref_aragaw_terefe_eastern_ethiopia_anthracnose_2024
ETSL 100523,line:etsl_100523,reviewed_exact_line_identity,ETSL 100523,experiment:ref_aragaw_terefe_eastern_ethiopia_anthracnose_2024,ref_aragaw_terefe_eastern_ethiopia_anthracnose_2024,ref_aragaw_terefe_eastern_ethiopia_anthracnose_2024,aragaw_terefe_reported_R_all_environments,source_reported_reaction_class,anthracnose,ref_aragaw_terefe_eastern_ethiopia_anthracnose_2024
ETSL 100523,line:etsl_100523,reviewed_exact_line_identity,ETSL 100523,experiment:ref_girma_ethiopian_head_smut_2019,ref_girma_ethiopian_head_smut_2019,ref_girma_ethiopian_head_smut_2019,girma_2019_stable_highest_head_smut_class,source_defined_highest_response_class,head_smut,ref_girma_ethiopian_head_smut_2019
ETSL 100565,line:etsl_100565,reviewed_exact_line_identity,ETSL_100565,experiment:ethiopian_field_anthracnose_multisite,ethiopian_field_anthracnose_multisite,ethiopian_field_anthracnose_multisite,ethiopian_multisite_anthracnose_all_four_locations_le_2,source_supported_location_resistance_rule,anthracnose,ethiopian_field_anthracnose_multisite
ETSL 100565,line:etsl_100565,reviewed_exact_line_identity,ETSL 100565,experiment:ref_girma_ethiopian_head_smut_2019,ref_girma_ethiopian_head_smut_2019,ref_girma_ethiopian_head_smut_2019,girma_2019_stable_highest_head_smut_class,source_defined_highest_response_class,head_smut,ref_girma_ethiopian_head_smut_2019
ETSL 100579,line:etsl_100579,reviewed_exact_line_identity,ETSL 100579,experiment:ref_aragaw_terefe_eastern_ethiopia_anthracnose_2024,ref_aragaw_terefe_eastern_ethiopia_anthracnose_2024,ref_aragaw_terefe_eastern_ethiopia_anthracnose_2024,aragaw_terefe_hirna_eastern_ethiopia_2017_reported_R,source_reported_reaction_class,anthracnose,ref_aragaw_terefe_eastern_ethiopia_anthracnose_2024
ETSL 100579,line:etsl_100579,reviewed_exact_line_identity,ETSL 100579,experiment:ref_girma_ethiopian_head_smut_2019,ref_girma_ethiopian_head_smut_2019,ref_girma_ethiopian_head_smut_2019,girma_2019_stable_highest_head_smut_class,source_defined_highest_response_class,head_smut,ref_girma_ethiopian_head_smut_2019
ETSL 100584,line:etsl_100584,reviewed_exact_line_identity,ETSL_100584,experiment:ethiopian_field_anthracnose_multisite,ethiopian_field_anthracnose_multisite,ethiopian_field_anthracnose_multisite,ethiopian_multisite_anthracnose_all_four_locations_le_2,source_supported_location_resistance_rule,anthracnose,ethiopian_field_anthracnose_multisite
ETSL 100584,line:etsl_100584,reviewed_exact_line_identity,ETSL 100584,experiment:ref_girma_ethiopian_head_smut_2019,ref_girma_ethiopian_head_smut_2019,ref_girma_ethiopian_head_smut_2019,girma_2019_stable_highest_head_smut_class,source_defined_highest_response_class,head_smut,ref_girma_ethiopian_head_smut_2019
ETSL 100597,line:etsl_100597,reviewed_exact_line_identity,ETSL 100597,experiment:ref_aragaw_terefe_eastern_ethiopia_anthracnose_2024,ref_aragaw_terefe_eastern_ethiopia_anthracnose_2024,ref_aragaw_terefe_eastern_ethiopia_anthracnose_2024,aragaw_terefe_hirna_eastern_ethiopia_2017_reported_R,source_reported_reaction_class,anthracnose,ref_aragaw_terefe_eastern_ethiopia_anthracnose_2024
ETSL 100597,line:etsl_100597,reviewed_exact_line_identity,ETSL 100597,experiment:ref_aragaw_terefe_eastern_ethiopia_anthracnose_2024,ref_aragaw_terefe_eastern_ethiopia_anthracnose_2024,ref_aragaw_terefe_eastern_ethiopia_anthracnose_2024,aragaw_terefe_hirna_eastern_ethiopia_2018_reported_R,source_reported_reaction_class,anthracnose,ref_aragaw_terefe_eastern_ethiopia_anthracnose_2024
ETSL 100597,line:etsl_100597,reviewed_exact_line_identity,ETSL 100597,experiment:ref_aragaw_terefe_eastern_ethiopia_anthracnose_2024,ref_aragaw_terefe_eastern_ethiopia_anthracnose_2024,ref_aragaw_terefe_eastern_ethiopia_anthracnose_2024,aragaw_terefe_reported_R_all_environments,source_reported_reaction_class,anthracnose,ref_aragaw_terefe_eastern_ethiopia_anthracnose_2024
ETSL 100597,line:etsl_100597,reviewed_exact_line_identity,ETSL 100597,experiment:ref_girma_ethiopian_head_smut_2019,ref_girma_ethiopian_head_smut_2019,ref_girma_ethiopian_head_smut_2019,girma_2019_stable_highest_head_smut_class,source_defined_highest_response_class,head_smut,ref_girma_ethiopian_head_smut_2019
ETSL 100619,line:etsl_100619,reviewed_exact_line_identity,ETSL_100619,experiment:ethiopian_field_anthracnose_multisite,ethiopian_field_anthracnose_multisite,ethiopian_field_anthracnose_multisite,ethiopian_multisite_anthracnose_all_four_locations_le_2,source_supported_location_resistance_rule,anthracnose,ethiopian_field_anthracnose_multisite
ETSL 100619,line:etsl_100619,reviewed_exact_line_identity,ETSL 100619,experiment:ref_girma_ethiopian_head_smut_2019,ref_girma_ethiopian_head_smut_2019,ref_girma_ethiopian_head_smut_2019,girma_2019_stable_highest_head_smut_class,source_defined_highest_response_class,head_smut,ref_girma_ethiopian_head_smut_2019
ETSL 100702,line:etsl_100702,reviewed_exact_line_identity,ETSL_100702,experiment:ethiopian_field_anthracnose_multisite,ethiopian_field_anthracnose_multisite,ethiopian_field_anthracnose_multisite,ethiopian_multisite_anthracnose_all_four_locations_le_2,source_supported_location_resistance_rule,anthracnose,ethiopian_field_anthracnose_multisite
ETSL 100702,line:etsl_100702,reviewed_exact_line_identity,ETSL 100702,experiment:ref_girma_ethiopian_head_smut_2019,ref_girma_ethiopian_head_smut_2019,ref_girma_ethiopian_head_smut_2019,girma_2019_stable_highest_head_smut_class,source_defined_highest_response_class,head_smut,ref_girma_ethiopian_head_smut_2019
ETSL 100709,line:etsl_100709,reviewed_exact_line_identity,ETSL 100709,experiment:ref_aragaw_terefe_eastern_ethiopia_anthracnose_2024,ref_aragaw_terefe_eastern_ethiopia_anthracnose_2024,ref_aragaw_terefe_eastern_ethiopia_anthracnose_2024,aragaw_terefe_hirna_eastern_ethiopia_2017_reported_R,source_reported_reaction_class,anthracnose,ref_aragaw_terefe_eastern_ethiopia_anthracnose_2024
ETSL 100709,line:etsl_100709,reviewed_exact_line_identity,ETSL 100709,experiment:ref_girma_ethiopian_head_smut_2019,ref_girma_ethiopian_head_smut_2019,ref_girma_ethiopian_head_smut_2019,girma_2019_stable_highest_head_smut_class,source_defined_highest_response_class,head_smut,ref_girma_ethiopian_head_smut_2019
ETSL 100763,line:etsl_100763,reviewed_exact_line_identity,ETSL_100763,experiment:ethiopian_field_anthracnose_multisite,ethiopian_field_anthracnose_multisite,ethiopian_field_anthracnose_multisite,ethiopian_multisite_anthracnose_all_four_locations_le_2,source_supported_location_resistance_rule,anthracnose,ethiopian_field_anthracnose_multisite
ETSL 100763,line:etsl_100763,reviewed_exact_line_identity,ETSL 100763,experiment:ref_girma_ethiopian_head_smut_2019,ref_girma_ethiopian_head_smut_2019,ref_girma_ethiopian_head_smut_2019,girma_2019_stable_highest_head_smut_class,source_defined_highest_response_class,head_smut,ref_girma_ethiopian_head_smut_2019
ETSL 100797,line:etsl_100797,reviewed_exact_line_identity,ETSL_100797,experiment:ethiopian_field_anthracnose_multisite,ethiopian_field_anthracnose_multisite,ethiopian_field_anthracnose_multisite,ethiopian_multisite_anthracnose_all_four_locations_le_2,source_supported_location_resistance_rule,anthracnose,ethiopian_field_anthracnose_multisite
ETSL 100797,line:etsl_100797,reviewed_exact_line_identity,ETSL 100797,experiment:ref_girma_ethiopian_head_smut_2019,ref_girma_ethiopian_head_smut_2019,ref_girma_ethiopian_head_smut_2019,girma_2019_stable_highest_head_smut_class,source_defined_highest_response_class,head_smut,ref_girma_ethiopian_head_smut_2019
ETSL 100798,line:etsl_100798,reviewed_exact_line_identity,ETSL_100798,experiment:ethiopian_field_anthracnose_multisite,ethiopian_field_anthracnose_multisite,ethiopian_field_anthracnose_multisite,ethiopian_multisite_anthracnose_all_four_locations_le_2,source_supported_location_resistance_rule,anthracnose,ethiopian_field_anthracnose_multisite
ETSL 100798,line:etsl_100798,reviewed_exact_line_identity,ETSL 100798,experiment:ref_girma_ethiopian_head_smut_2019,ref_girma_ethiopian_head_smut_2019,ref_girma_ethiopian_head_smut_2019,girma_2019_stable_highest_head_smut_class,source_defined_highest_response_class,head_smut,ref_girma_ethiopian_head_smut_2019
ETSL 100876,line:etsl_100876,reviewed_exact_line_identity,ETSL_100876,experiment:ethiopian_field_anthracnose_multisite,ethiopian_field_anthracnose_multisite,ethiopian_field_anthracnose_multisite,ethiopian_multisite_anthracnose_all_four_locations_le_2,source_supported_location_resistance_rule,anthracnose,ethiopian_field_anthracnose_multisite
ETSL 100876,line:etsl_100876,reviewed_exact_line_identity,ETSL 100876,experiment:ref_girma_ethiopian_head_smut_2019,ref_girma_ethiopian_head_smut_2019,ref_girma_ethiopian_head_smut_2019,girma_2019_stable_highest_head_smut_class,source_defined_highest_response_class,head_smut,ref_girma_ethiopian_head_smut_2019
ETSL 100928,line:etsl_100928,reviewed_exact_line_identity,ETSL_100928,experiment:ethiopian_field_anthracnose_multisite,ethiopian_field_anthracnose_multisite,ethiopian_field_anthracnose_multisite,ethiopian_multisite_anthracnose_all_four_locations_le_2,source_supported_location_resistance_rule,anthracnose,ethiopian_field_anthracnose_multisite
ETSL 100928,line:etsl_100928,reviewed_exact_line_identity,ETSL 100928,experiment:ref_girma_ethiopian_head_smut_2019,ref_girma_ethiopian_head_smut_2019,ref_girma_ethiopian_head_smut_2019,girma_2019_stable_highest_head_smut_class,source_defined_highest_response_class,head_smut,ref_girma_ethiopian_head_smut_2019
ETSL 100978,line:etsl_100978,reviewed_exact_line_identity,ETSL_100978,experiment:ethiopian_field_anthracnose_multisite,ethiopian_field_anthracnose_multisite,ethiopian_field_anthracnose_multisite,ethiopian_multisite_anthracnose_all_four_locations_le_2,source_supported_location_resistance_rule,anthracnose,ethiopian_field_anthracnose_multisite
ETSL 100978,line:etsl_100978,reviewed_exact_line_identity,ETSL 100978,experiment:ref_girma_ethiopian_head_smut_2019,ref_girma_ethiopian_head_smut_2019,ref_girma_ethiopian_head_smut_2019,girma_2019_stable_highest_head_smut_class,source_defined_highest_response_class,head_smut,ref_girma_ethiopian_head_smut_2019
ETSL 100989,line:etsl_100989,reviewed_exact_line_identity,ETSL 100989,experiment:ref_aragaw_terefe_eastern_ethiopia_anthracnose_2024,ref_aragaw_terefe_eastern_ethiopia_anthracnose_2024,ref_aragaw_terefe_eastern_ethiopia_anthracnose_2024,aragaw_terefe_hirna_eastern_ethiopia_2017_reported_R,source_reported_reaction_class,anthracnose,ref_aragaw_terefe_eastern_ethiopia_anthracnose_2024
ETSL 100989,line:etsl_100989,reviewed_exact_line_identity,ETSL 100989,experiment:ref_aragaw_terefe_eastern_ethiopia_anthracnose_2024,ref_aragaw_terefe_eastern_ethiopia_anthracnose_2024,ref_aragaw_terefe_eastern_ethiopia_anthracnose_2024,aragaw_terefe_hirna_eastern_ethiopia_2018_reported_R,source_reported_reaction_class,anthracnose,ref_aragaw_terefe_eastern_ethiopia_anthracnose_2024
ETSL 100989,line:etsl_100989,reviewed_exact_line_identity,ETSL 100989,experiment:ref_aragaw_terefe_eastern_ethiopia_anthracnose_2024,ref_aragaw_terefe_eastern_ethiopia_anthracnose_2024,ref_aragaw_terefe_eastern_ethiopia_anthracnose_2024,aragaw_terefe_reported_R_all_environments,source_reported_reaction_class,anthracnose,ref_aragaw_terefe_eastern_ethiopia_anthracnose_2024
ETSL 100989,line:etsl_100989,reviewed_exact_line_identity,ETSL 100989,experiment:ref_girma_ethiopian_head_smut_2019,ref_girma_ethiopian_head_smut_2019,ref_girma_ethiopian_head_smut_2019,girma_2019_stable_highest_head_smut_class,source_defined_highest_response_class,head_smut,ref_girma_ethiopian_head_smut_2019
ETSL 101000,line:etsl_101000,reviewed_exact_line_identity,ETSL 101000,experiment:ref_aragaw_terefe_eastern_ethiopia_anthracnose_2024,ref_aragaw_terefe_eastern_ethiopia_anthracnose_2024,ref_aragaw_terefe_eastern_ethiopia_anthracnose_2024,aragaw_terefe_hirna_eastern_ethiopia_2017_reported_R,source_reported_reaction_class,anthracnose,ref_aragaw_terefe_eastern_ethiopia_anthracnose_2024
ETSL 101000,line:etsl_101000,reviewed_exact_line_identity,ETSL 101000,experiment:ref_aragaw_terefe_eastern_ethiopia_anthracnose_2024,ref_aragaw_terefe_eastern_ethiopia_anthracnose_2024,ref_aragaw_terefe_eastern_ethiopia_anthracnose_2024,aragaw_terefe_hirna_eastern_ethiopia_2018_reported_R,source_reported_reaction_class,anthracnose,ref_aragaw_terefe_eastern_ethiopia_anthracnose_2024
ETSL 101000,line:etsl_101000,reviewed_exact_line_identity,ETSL 101000,experiment:ref_aragaw_terefe_eastern_ethiopia_anthracnose_2024,ref_aragaw_terefe_eastern_ethiopia_anthracnose_2024,ref_aragaw_terefe_eastern_ethiopia_anthracnose_2024,aragaw_terefe_reported_R_all_environments,source_reported_reaction_class,anthracnose,ref_aragaw_terefe_eastern_ethiopia_anthracnose_2024
ETSL 101000,line:etsl_101000,reviewed_exact_line_identity,ETSL 101000,experiment:ref_girma_ethiopian_head_smut_2019,ref_girma_ethiopian_head_smut_2019,ref_girma_ethiopian_head_smut_2019,girma_2019_stable_highest_head_smut_class,source_defined_highest_response_class,head_smut,ref_girma_ethiopian_head_smut_2019
ETSL 101008,line:etsl_101008,reviewed_exact_line_identity,ETSL 101008,experiment:ref_aragaw_terefe_eastern_ethiopia_anthracnose_2024,ref_aragaw_terefe_eastern_ethiopia_anthracnose_2024,ref_aragaw_terefe_eastern_ethiopia_anthracnose_2024,aragaw_terefe_hirna_eastern_ethiopia_2017_reported_R,source_reported_reaction_class,anthracnose,ref_aragaw_terefe_eastern_ethiopia_anthracnose_2024
ETSL 101008,line:etsl_101008,reviewed_exact_line_identity,ETSL 101008,experiment:ref_girma_ethiopian_head_smut_2019,ref_girma_ethiopian_head_smut_2019,ref_girma_ethiopian_head_smut_2019,girma_2019_stable_highest_head_smut_class,source_defined_highest_response_class,head_smut,ref_girma_ethiopian_head_smut_2019
ETSL 101029,line:etsl_101029,reviewed_exact_line_identity,ETSL_101029,experiment:ethiopian_field_anthracnose_multisite,ethiopian_field_anthracnose_multisite,ethiopian_field_anthracnose_multisite,ethiopian_multisite_anthracnose_all_four_locations_le_2,source_supported_location_resistance_rule,anthracnose,ethiopian_field_anthracnose_multisite
ETSL 101029,line:etsl_101029,reviewed_exact_line_identity,ETSL 101029,experiment:ref_girma_ethiopian_head_smut_2019,ref_girma_ethiopian_head_smut_2019,ref_girma_ethiopian_head_smut_2019,girma_2019_stable_highest_head_smut_class,source_defined_highest_response_class,head_smut,ref_girma_ethiopian_head_smut_2019
ETSL 101038,line:etsl_101038,reviewed_exact_line_identity,ETSL 101038,experiment:ref_aragaw_terefe_eastern_ethiopia_anthracnose_2024,ref_aragaw_terefe_eastern_ethiopia_anthracnose_2024,ref_aragaw_terefe_eastern_ethiopia_anthracnose_2024,aragaw_terefe_hirna_eastern_ethiopia_2017_reported_R,source_reported_reaction_class,anthracnose,ref_aragaw_terefe_eastern_ethiopia_anthracnose_2024
ETSL 101038,line:etsl_101038,reviewed_exact_line_identity,ETSL 101038,experiment:ref_girma_ethiopian_head_smut_2019,ref_girma_ethiopian_head_smut_2019,ref_girma_ethiopian_head_smut_2019,girma_2019_stable_highest_head_smut_class,source_defined_highest_response_class,head_smut,ref_girma_ethiopian_head_smut_2019
ETSL 101142,line:etsl_101142,reviewed_exact_line_identity,ETSL_101142,experiment:ethiopian_field_anthracnose_multisite,ethiopian_field_anthracnose_multisite,ethiopian_field_anthracnose_multisite,ethiopian_multisite_anthracnose_all_four_locations_le_2,source_supported_location_resistance_rule,anthracnose,ethiopian_field_anthracnose_multisite
ETSL 101142,line:etsl_101142,reviewed_exact_line_identity,ETSL 101142,experiment:ref_girma_ethiopian_head_smut_2019,ref_girma_ethiopian_head_smut_2019,ref_girma_ethiopian_head_smut_2019,girma_2019_stable_highest_head_smut_class,source_defined_highest_response_class,head_smut,ref_girma_ethiopian_head_smut_2019
ETSL 101160,line:etsl_101160,reviewed_exact_line_identity,ETSL_101160,experiment:ethiopian_field_anthracnose_multisite,ethiopian_field_anthracnose_multisite,ethiopian_field_anthracnose_multisite,ethiopian_multisite_anthracnose_all_four_locations_le_2,source_supported_location_resistance_rule,anthracnose,ethiopian_field_anthracnose_multisite
ETSL 101160,line:etsl_101160,reviewed_exact_line_identity,ETSL 101160,experiment:ref_girma_ethiopian_head_smut_2019,ref_girma_ethiopian_head_smut_2019,ref_girma_ethiopian_head_smut_2019,girma_2019_stable_highest_head_smut_class,source_defined_highest_response_class,head_smut,ref_girma_ethiopian_head_smut_2019
ETSL 101163,line:etsl_101163,reviewed_exact_line_identity,ETSL_101163,experiment:ethiopian_field_anthracnose_multisite,ethiopian_field_anthracnose_multisite,ethiopian_field_anthracnose_multisite,ethiopian_multisite_anthracnose_all_four_locations_le_2,source_supported_location_resistance_rule,anthracnose,ethiopian_field_anthracnose_multisite
ETSL 101163,line:etsl_101163,reviewed_exact_line_identity,ETSL 101163,experiment:ref_girma_ethiopian_head_smut_2019,ref_girma_ethiopian_head_smut_2019,ref_girma_ethiopian_head_smut_2019,girma_2019_stable_highest_head_smut_class,source_defined_highest_response_class,head_smut,ref_girma_ethiopian_head_smut_2019
ETSL 101224,line:etsl_101224,reviewed_exact_line_identity,ETSL_101224,experiment:ethiopian_field_anthracnose_multisite,ethiopian_field_anthracnose_multisite,ethiopian_field_anthracnose_multisite,ethiopian_multisite_anthracnose_all_four_locations_le_2,source_supported_location_resistance_rule,anthracnose,ethiopian_field_anthracnose_multisite
ETSL 101224,line:etsl_101224,reviewed_exact_line_identity,ETSL 101224,experiment:ref_girma_ethiopian_head_smut_2019,ref_girma_ethiopian_head_smut_2019,ref_girma_ethiopian_head_smut_2019,girma_2019_stable_highest_head_smut_class,source_defined_highest_response_class,head_smut,ref_girma_ethiopian_head_smut_2019
ETSL 101246,line:etsl_101246,reviewed_exact_line_identity,ETSL_101246,experiment:ethiopian_field_anthracnose_multisite,ethiopian_field_anthracnose_multisite,ethiopian_field_anthracnose_multisite,ethiopian_multisite_anthracnose_all_four_locations_le_2,source_supported_location_resistance_rule,anthracnose,ethiopian_field_anthracnose_multisite
ETSL 101246,line:etsl_101246,reviewed_exact_line_identity,ETSL 101246,experiment:ref_girma_ethiopian_head_smut_2019,ref_girma_ethiopian_head_smut_2019,ref_girma_ethiopian_head_smut_2019,girma_2019_stable_highest_head_smut_class,source_defined_highest_response_class,head_smut,ref_girma_ethiopian_head_smut_2019
ETSL 101389,line:etsl_101389,reviewed_exact_line_identity,ETSL_101389,experiment:ethiopian_field_anthracnose_multisite,ethiopian_field_anthracnose_multisite,ethiopian_field_anthracnose_multisite,ethiopian_multisite_anthracnose_all_four_locations_le_2,source_supported_location_resistance_rule,anthracnose,ethiopian_field_anthracnose_multisite
ETSL 101389,line:etsl_101389,reviewed_exact_line_identity,ETSL 101389,experiment:ref_girma_ethiopian_head_smut_2019,ref_girma_ethiopian_head_smut_2019,ref_girma_ethiopian_head_smut_2019,girma_2019_stable_highest_head_smut_class,source_defined_highest_response_class,head_smut,ref_girma_ethiopian_head_smut_2019
ETSL 101408,line:etsl_101408,reviewed_exact_line_identity,ETSL_101408,experiment:ethiopian_field_anthracnose_multisite,ethiopian_field_anthracnose_multisite,ethiopian_field_anthracnose_multisite,ethiopian_multisite_anthracnose_all_four_locations_le_2,source_supported_location_resistance_rule,anthracnose,ethiopian_field_anthracnose_multisite
ETSL 101408,line:etsl_101408,reviewed_exact_line_identity,ETSL 101408,experiment:ref_girma_ethiopian_head_smut_2019,ref_girma_ethiopian_head_smut_2019,ref_girma_ethiopian_head_smut_2019,girma_2019_stable_highest_head_smut_class,source_defined_highest_response_class,head_smut,ref_girma_ethiopian_head_smut_2019
ETSL 101470,line:etsl_101470,reviewed_exact_line_identity,ETSL 101470,experiment:ref_aragaw_terefe_eastern_ethiopia_anthracnose_2024,ref_aragaw_terefe_eastern_ethiopia_anthracnose_2024,ref_aragaw_terefe_eastern_ethiopia_anthracnose_2024,aragaw_terefe_hirna_eastern_ethiopia_2017_reported_R,source_reported_reaction_class,anthracnose,ref_aragaw_terefe_eastern_ethiopia_anthracnose_2024
ETSL 101470,line:etsl_101470,reviewed_exact_line_identity,ETSL 101470,experiment:ref_girma_ethiopian_head_smut_2019,ref_girma_ethiopian_head_smut_2019,ref_girma_ethiopian_head_smut_2019,girma_2019_stable_highest_head_smut_class,source_defined_highest_response_class,head_smut,ref_girma_ethiopian_head_smut_2019
ETSL 101474,line:etsl_101474,reviewed_exact_line_identity,ETSL 101474,experiment:ref_aragaw_terefe_eastern_ethiopia_anthracnose_2024,ref_aragaw_terefe_eastern_ethiopia_anthracnose_2024,ref_aragaw_terefe_eastern_ethiopia_anthracnose_2024,aragaw_terefe_hirna_eastern_ethiopia_2017_reported_R,source_reported_reaction_class,anthracnose,ref_aragaw_terefe_eastern_ethiopia_anthracnose_2024
ETSL 101474,line:etsl_101474,reviewed_exact_line_identity,ETSL 101474,experiment:ref_aragaw_terefe_eastern_ethiopia_anthracnose_2024,ref_aragaw_terefe_eastern_ethiopia_anthracnose_2024,ref_aragaw_terefe_eastern_ethiopia_anthracnose_2024,aragaw_terefe_hirna_eastern_ethiopia_2018_reported_R,source_reported_reaction_class,anthracnose,ref_aragaw_terefe_eastern_ethiopia_anthracnose_2024
ETSL 101474,line:etsl_101474,reviewed_exact_line_identity,ETSL 101474,experiment:ref_aragaw_terefe_eastern_ethiopia_anthracnose_2024,ref_aragaw_terefe_eastern_ethiopia_anthracnose_2024,ref_aragaw_terefe_eastern_ethiopia_anthracnose_2024,aragaw_terefe_reported_R_all_environments,source_reported_reaction_class,anthracnose,ref_aragaw_terefe_eastern_ethiopia_anthracnose_2024
ETSL 101474,line:etsl_101474,reviewed_exact_line_identity,ETSL 101474,experiment:ref_girma_ethiopian_head_smut_2019,ref_girma_ethiopian_head_smut_2019,ref_girma_ethiopian_head_smut_2019,girma_2019_stable_highest_head_smut_class,source_defined_highest_response_class,head_smut,ref_girma_ethiopian_head_smut_2019
ETSL 101523,line:etsl_101523,reviewed_exact_line_identity,ETSL 101523,experiment:ref_aragaw_terefe_eastern_ethiopia_anthracnose_2024,ref_aragaw_terefe_eastern_ethiopia_anthracnose_2024,ref_aragaw_terefe_eastern_ethiopia_anthracnose_2024,aragaw_terefe_hirna_eastern_ethiopia_2017_reported_R,source_reported_reaction_class,anthracnose,ref_aragaw_terefe_eastern_ethiopia_anthracnose_2024
ETSL 101523,line:etsl_101523,reviewed_exact_line_identity,ETSL 101523,experiment:ref_girma_ethiopian_head_smut_2019,ref_girma_ethiopian_head_smut_2019,ref_girma_ethiopian_head_smut_2019,girma_2019_stable_highest_head_smut_class,source_defined_highest_response_class,head_smut,ref_girma_ethiopian_head_smut_2019
IS 38306,line:is_38306,reviewed_exact_line_identity,IS_38306,experiment:ethiopian_field_anthracnose_multisite,ethiopian_field_anthracnose_multisite,ethiopian_field_anthracnose_multisite,ethiopian_multisite_anthracnose_all_four_locations_le_2,source_supported_location_resistance_rule,anthracnose,ethiopian_field_anthracnose_multisite
IS 38306,line:is_38306,reviewed_exact_line_identity,IS 38306,experiment:ref_girma_ethiopian_head_smut_2019,ref_girma_ethiopian_head_smut_2019,ref_girma_ethiopian_head_smut_2019,girma_2019_stable_highest_head_smut_class,source_defined_highest_response_class,head_smut,ref_girma_ethiopian_head_smut_2019
PI 148101,pi148101,normalized_PI_identifier,PI148101,experiment:panelA_pr_multidisease,panelA_pr_multidisease,panelA_pr_2017_2018,M2-PR-DISEASE-01-rust,validated_prespecified_threshold,rust,panelA_pr_multidisease
PI 148101,pi148101,normalized_PI_identifier,PI148101,experiment:prom_zonate_leaf_spot_burleson_2021,prom_zonate_leaf_spot_2021,prom_zonate_leaf_spot_2021,zonate_leaf_spot_2021_zero_incidence,source_supported_numeric_resistance_rule,zonate_leaf_spot,prom_zonate_leaf_spot_2021
PI 154966,pi154966,normalized_PI_identifier,PI154966,experiment:prom_four_country_anthracnose_2007_2008_pr,prom_four_country_anthracnose_2012,prom_four_country_anthracnose_2012,four_country_2012_anthracnose_R_texas_and_puerto_rico,source_reported_reaction_class,anthracnose,prom_four_country_anthracnose_2012
PI 154966,pi154966,normalized_PI_identifier,PI154966,experiment:prom_weather_anthracnose_texas_2009_paired_crop_regrowth,prom_weather_anthracnose_genotypes_2015,prom_weather_anthracnose_genotypes_2015,weather_2015_anthracnose_resistant_both_crop_phases,source_reported_stable_resistance_rule,anthracnose,prom_weather_anthracnose_genotypes_2015
PI 194355,pi194355,normalized_PI_identifier,PI194355,experiment:panelA_pr_multidisease,panelA_pr_multidisease,panelA_pr_2017_2018,M2-PR-DISEASE-01-anthracnose,validated_prespecified_threshold,anthracnose,panelA_pr_multidisease
PI 194355,pi194355,normalized_PI_identifier,PI194355,experiment:prom_ethiopia_subset_isabela_2019_2020,prom_ethiopia_anthracnose_subset_2022,prom_ethiopia_anthracnose_subset_2022,ethiopia_subset_2022_anthracnose_R_both_years,source_reported_reaction_class,anthracnose,prom_ethiopia_anthracnose_subset_2022
PI 217674,pi217674,normalized_PI_identifier,PI217674,experiment:prom_four_country_anthracnose_2007_2008_pr,prom_four_country_anthracnose_2012,prom_four_country_anthracnose_2012,four_country_2012_anthracnose_R_texas_and_puerto_rico,source_reported_reaction_class,anthracnose,prom_four_country_anthracnose_2012
PI 217674,pi217674,normalized_PI_identifier,PI217674,experiment:prom_weather_anthracnose_texas_2009_paired_crop_regrowth,prom_weather_anthracnose_genotypes_2015,prom_weather_anthracnose_genotypes_2015,weather_2015_anthracnose_resistant_both_crop_phases,source_reported_stable_resistance_rule,anthracnose,prom_weather_anthracnose_genotypes_2015
PI 251637,pi251637,normalized_PI_identifier,PI251637,experiment:panelA_pr_multidisease,panelA_pr_multidisease,panelA_pr_2017_2018,M2-PR-DISEASE-01-anthracnose,validated_prespecified_threshold,anthracnose,panelA_pr_multidisease
PI 251637,pi251637,normalized_PI_identifier,PI251637,experiment:prom_ethiopia_subset_isabela_2019_2020,prom_ethiopia_anthracnose_subset_2022,prom_ethiopia_anthracnose_subset_2022,ethiopia_subset_2022_anthracnose_R_both_years,source_reported_reaction_class,anthracnose,prom_ethiopia_anthracnose_subset_2022
PI 267565,pi267565,normalized_PI_identifier,PI267565,experiment:panelA_pr_multidisease,panelA_pr_multidisease,panelA_pr_2017_2018,M2-PR-DISEASE-01-anthracnose,validated_prespecified_threshold,anthracnose,panelA_pr_multidisease
PI 267565,pi267565,normalized_PI_identifier,PI267565,experiment:panelA_pr_multidisease,panelA_pr_multidisease,panelA_pr_2017_2018,M2-PR-DISEASE-01-rust,validated_prespecified_threshold,rust,panelA_pr_multidisease
PI 267565,pi267565,normalized_PI_identifier,PI267565,experiment:prom_ethiopia_subset_isabela_2019_2020,prom_ethiopia_anthracnose_subset_2022,prom_ethiopia_anthracnose_subset_2022,ethiopia_subset_2022_anthracnose_R_both_years,source_reported_reaction_class,anthracnose,prom_ethiopia_anthracnose_subset_2022
PI 267606,pi267606,normalized_PI_identifier,PI267606,experiment:panelA_pr_multidisease,panelA_pr_multidisease,panelA_pr_2017_2018,M2-PR-DISEASE-01-anthracnose,validated_prespecified_threshold,anthracnose,panelA_pr_multidisease
PI 267606,pi267606,normalized_PI_identifier,PI267606,experiment:prom_ethiopia_subset_isabela_2019_2020,prom_ethiopia_anthracnose_subset_2022,prom_ethiopia_anthracnose_subset_2022,ethiopia_subset_2022_anthracnose_R_both_years,source_reported_reaction_class,anthracnose,prom_ethiopia_anthracnose_subset_2022
PI 267624,pi267624,normalized_PI_identifier,PI267624,experiment:panelA_pr_multidisease,panelA_pr_multidisease,panelA_pr_2017_2018,M2-WEAKEST-SHORTLIST-01,existing_validated_primary,anthracnose|grain_mold|rust,panelA_pr_multidisease
PI 267624,pi267624,normalized_PI_identifier,PI267624,experiment:prom_ethiopia_subset_isabela_2019_2020,prom_ethiopia_anthracnose_subset_2022,prom_ethiopia_anthracnose_subset_2022,ethiopia_subset_2022_anthracnose_R_both_years,source_reported_reaction_class,anthracnose,prom_ethiopia_anthracnose_subset_2022
PI 297093,pi297093,normalized_PI_identifier,PI297093,experiment:prom_four_country_anthracnose_2007_2008_pr,prom_four_country_anthracnose_2012,prom_four_country_anthracnose_2012,four_country_2012_anthracnose_R_texas_and_puerto_rico,source_reported_reaction_class,anthracnose,prom_four_country_anthracnose_2012
PI 297093,pi297093,normalized_PI_identifier,PI297093,experiment:prom_weather_anthracnose_texas_2009_paired_crop_regrowth,prom_weather_anthracnose_genotypes_2015,prom_weather_anthracnose_genotypes_2015,weather_2015_anthracnose_resistant_both_crop_phases,source_reported_stable_resistance_rule,anthracnose,prom_weather_anthracnose_genotypes_2015
PI 330255,pi330255,normalized_PI_identifier,PI330255,experiment:panelA_pr_multidisease,panelA_pr_multidisease,panelA_pr_2017_2018,M2-PR-DISEASE-01-anthracnose,validated_prespecified_threshold,anthracnose,panelA_pr_multidisease
PI 330255,pi330255,normalized_PI_identifier,PI330255,experiment:prom_zonate_leaf_spot_burleson_2021,prom_zonate_leaf_spot_2021,prom_zonate_leaf_spot_2021,zonate_leaf_spot_2021_zero_incidence,source_supported_numeric_resistance_rule,zonate_leaf_spot,prom_zonate_leaf_spot_2021
PI 330983,pi330983,normalized_PI_identifier,PI330983,experiment:prom_four_country_anthracnose_2007_2008_pr,prom_four_country_anthracnose_2012,prom_four_country_anthracnose_2012,four_country_2012_anthracnose_R_texas_and_puerto_rico,source_reported_reaction_class,anthracnose,prom_four_country_anthracnose_2012
PI 330983,pi330983,normalized_PI_identifier,PI330983,experiment:prom_weather_anthracnose_texas_2009_paired_crop_regrowth,prom_weather_anthracnose_genotypes_2015,prom_weather_anthracnose_genotypes_2015,weather_2015_anthracnose_resistant_both_crop_phases,source_reported_stable_resistance_rule,anthracnose,prom_weather_anthracnose_genotypes_2015
PI 514280,pi514280,normalized_PI_identifier,PI514280,experiment:panelA_pr_multidisease,panelA_pr_multidisease,panelA_pr_2017_2018,M2-PR-DISEASE-01-anthracnose,validated_prespecified_threshold,anthracnose,panelA_pr_multidisease
PI 514280,pi514280,normalized_PI_identifier,PI514280,experiment:senegal_seedling_anthracnose,senegal_seedling_anthracnose,ahn_2022_seedling_anthracnose,SDA-SEEDLING-CANDIDATE-1,source_reported_rule,anthracnose,senegal_seedling_anthracnose
PI 514286,pi514286,normalized_PI_identifier,PI514286,experiment:panelA_pr_multidisease,panelA_pr_multidisease,panelA_pr_2017_2018,M2-PR-DISEASE-01-anthracnose,validated_prespecified_threshold,anthracnose,panelA_pr_multidisease
PI 514286,pi514286,normalized_PI_identifier,PI514286,experiment:senegal_seedling_anthracnose,senegal_seedling_anthracnose,ahn_2022_seedling_anthracnose,SDA-SEEDLING-CANDIDATE-1,source_reported_rule,anthracnose,senegal_seedling_anthracnose
PI 514287,pi514287,normalized_PI_identifier,PI514287,experiment:panelA_pr_multidisease,panelA_pr_multidisease,panelA_pr_2017_2018,M2-PR-DISEASE-01-anthracnose,validated_prespecified_threshold,anthracnose,panelA_pr_multidisease
PI 514287,pi514287,normalized_PI_identifier,PI514287,experiment:senegal_seedling_anthracnose,senegal_seedling_anthracnose,ahn_2022_seedling_anthracnose,SDA-SEEDLING-CANDIDATE-1,source_reported_rule,anthracnose,senegal_seedling_anthracnose
PI 514302,pi514302,normalized_PI_identifier,PI_514302,experiment:prom_senegal_seed_quality_2018,prom_senegal_seed_quality_2018,prom_senegal_seed_quality_2018,senegal_2018_table4_both_diseases,source_reported_table_4,anthracnose|grain_mold,prom_senegal_seed_quality_2018
PI 514302,pi514302,normalized_PI_identifier,PI_514302,experiment:prom_senegal_seed_quality_2018,prom_senegal_seed_quality_2018,prom_senegal_seed_quality_2018,senegal_2018_table4_grain_mold_resistant,source_reported_table_4,grain_mold,prom_senegal_seed_quality_2018
PI 514302,pi514302,normalized_PI_identifier,PI514302,experiment:senegal_seedling_anthracnose,senegal_seedling_anthracnose,ahn_2022_seedling_anthracnose,SDA-SEEDLING-CANDIDATE-1,source_reported_rule,anthracnose,senegal_seedling_anthracnose
PI 514310,pi514310,normalized_PI_identifier,PI514310,experiment:panelA_pr_multidisease,panelA_pr_multidisease,panelA_pr_2017_2018,M2-PR-DISEASE-01-anthracnose,validated_prespecified_threshold,anthracnose,panelA_pr_multidisease
PI 514310,pi514310,normalized_PI_identifier,PI514310,experiment:senegal_seedling_anthracnose,senegal_seedling_anthracnose,ahn_2022_seedling_anthracnose,SDA-SEEDLING-CANDIDATE-1,source_reported_rule,anthracnose,senegal_seedling_anthracnose
PI 514338,pi514338,normalized_PI_identifier,PI_514338,experiment:prom_senegal_seed_quality_2018,prom_senegal_seed_quality_2018,prom_senegal_seed_quality_2018,senegal_2018_table4_grain_mold_resistant,source_reported_table_4,grain_mold,prom_senegal_seed_quality_2018
PI 514338,pi514338,normalized_PI_identifier,PI514338,experiment:senegal_seedling_anthracnose,senegal_seedling_anthracnose,ahn_2022_seedling_anthracnose,SDA-SEEDLING-CANDIDATE-1,source_reported_rule,anthracnose,senegal_seedling_anthracnose
PI 514347,pi514347,normalized_PI_identifier,PI514347,experiment:panelA_pr_multidisease,panelA_pr_multidisease,panelA_pr_2017_2018,M2-PR-DISEASE-01-anthracnose,validated_prespecified_threshold,anthracnose,panelA_pr_multidisease
PI 514347,pi514347,normalized_PI_identifier,PI514347,experiment:senegal_seedling_anthracnose,senegal_seedling_anthracnose,ahn_2022_seedling_anthracnose,SDA-SEEDLING-CANDIDATE-1,source_reported_rule,anthracnose,senegal_seedling_anthracnose
PI 514349,pi514349,normalized_PI_identifier,PI_514349,experiment:prom_senegal_seed_quality_2018,prom_senegal_seed_quality_2018,prom_senegal_seed_quality_2018,senegal_2018_table4_both_diseases,source_reported_table_4,anthracnose|grain_mold,prom_senegal_seed_quality_2018
PI 514349,pi514349,normalized_PI_identifier,PI_514349,experiment:prom_senegal_seed_quality_2018,prom_senegal_seed_quality_2018,prom_senegal_seed_quality_2018,senegal_2018_table4_grain_mold_resistant,source_reported_table_4,grain_mold,prom_senegal_seed_quality_2018
PI 514349,pi514349,normalized_PI_identifier,PI514349,experiment:senegal_seedling_anthracnose,senegal_seedling_anthracnose,ahn_2022_seedling_anthracnose,SDA-SEEDLING-CANDIDATE-1,source_reported_rule,anthracnose,senegal_seedling_anthracnose
PI 514367,pi514367,normalized_PI_identifier,PI514367,experiment:prom_senegal_seedling_head_smut_p5_2022,prom_senegal_seedling_head_smut_p5_2022,prom_senegal_seedling_head_smut_p5_2022,senegal_seedling_head_smut_zero_spot_infection,source_reported_no_infection,head_smut_seedling_spot,prom_senegal_seedling_head_smut_p5_2022
PI 514367,pi514367,normalized_PI_identifier,PI514367,experiment:senegal_seedling_anthracnose,senegal_seedling_anthracnose,ahn_2022_seedling_anthracnose,SDA-SEEDLING-CANDIDATE-1,source_reported_rule,anthracnose,senegal_seedling_anthracnose
PI 514374,pi514374,normalized_PI_identifier,PI_514374,experiment:prom_senegal_seed_quality_2018,prom_senegal_seed_quality_2018,prom_senegal_seed_quality_2018,senegal_2018_table4_both_diseases,source_reported_table_4,anthracnose|grain_mold,prom_senegal_seed_quality_2018
PI 514374,pi514374,normalized_PI_identifier,PI_514374,experiment:prom_senegal_seed_quality_2018,prom_senegal_seed_quality_2018,prom_senegal_seed_quality_2018,senegal_2018_table4_grain_mold_resistant,source_reported_table_4,grain_mold,prom_senegal_seed_quality_2018
PI 514374,pi514374,normalized_PI_identifier,PI514374,experiment:senegal_seedling_anthracnose,senegal_seedling_anthracnose,ahn_2022_seedling_anthracnose,SDA-SEEDLING-CANDIDATE-1,source_reported_rule,anthracnose,senegal_seedling_anthracnose
PI 514380,pi514380,normalized_PI_identifier,PI_514380,experiment:prom_senegal_seed_quality_2018,prom_senegal_seed_quality_2018,prom_senegal_seed_quality_2018,senegal_2018_table4_grain_mold_resistant,source_reported_table_4,grain_mold,prom_senegal_seed_quality_2018
PI 514380,pi514380,normalized_PI_identifier,PI514380,experiment:senegal_seedling_anthracnose,senegal_seedling_anthracnose,ahn_2022_seedling_anthracnose,SDA-SEEDLING-CANDIDATE-1,source_reported_rule,anthracnose,senegal_seedling_anthracnose
PI 514390,pi514390,normalized_PI_identifier,PI514390,experiment:prom_senegal_seedling_head_smut_p5_2022,prom_senegal_seedling_head_smut_p5_2022,prom_senegal_seedling_head_smut_p5_2022,senegal_seedling_head_smut_zero_spot_infection,source_reported_no_infection,head_smut_seedling_spot,prom_senegal_seedling_head_smut_p5_2022
PI 514390,pi514390,normalized_PI_identifier,PI514390,experiment:senegal_seedling_anthracnose,senegal_seedling_anthracnose,ahn_2022_seedling_anthracnose,SDA-SEEDLING-CANDIDATE-1,source_reported_rule,anthracnose,senegal_seedling_anthracnose
PI 514391,pi514391,normalized_PI_identifier,PI_514391,experiment:prom_senegal_seed_quality_2018,prom_senegal_seed_quality_2018,prom_senegal_seed_quality_2018,senegal_2018_table4_grain_mold_resistant,source_reported_table_4,grain_mold,prom_senegal_seed_quality_2018
PI 514391,pi514391,normalized_PI_identifier,PI514391,experiment:senegal_seedling_anthracnose,senegal_seedling_anthracnose,ahn_2022_seedling_anthracnose,SDA-SEEDLING-CANDIDATE-1,source_reported_rule,anthracnose,senegal_seedling_anthracnose
PI 514392,pi514392,normalized_PI_identifier,PI514392,experiment:panelA_pr_multidisease,panelA_pr_multidisease,panelA_pr_2017_2018,M2-PR-DISEASE-01-anthracnose,validated_prespecified_threshold,anthracnose,panelA_pr_multidisease
PI 514392,pi514392,normalized_PI_identifier,PI514392,experiment:panelA_pr_multidisease,panelA_pr_multidisease,panelA_pr_2017_2018,M2-PR-DISEASE-01-rust,validated_prespecified_threshold,rust,panelA_pr_multidisease
PI 514392,pi514392,normalized_PI_identifier,PI514392,experiment:senegal_seedling_anthracnose,senegal_seedling_anthracnose,ahn_2022_seedling_anthracnose,SDA-SEEDLING-CANDIDATE-1,source_reported_rule,anthracnose,senegal_seedling_anthracnose
PI 514393,pi514393,normalized_PI_identifier,PI514393,experiment:panelA_pr_multidisease,panelA_pr_multidisease,panelA_pr_2017_2018,M2-PR-DISEASE-01-anthracnose,validated_prespecified_threshold,anthracnose,panelA_pr_multidisease
PI 514393,pi514393,normalized_PI_identifier,PI514393,experiment:panelA_pr_multidisease,panelA_pr_multidisease,panelA_pr_2017_2018,M2-PR-DISEASE-01-rust,validated_prespecified_threshold,rust,panelA_pr_multidisease
PI 514393,pi514393,normalized_PI_identifier,PI514393,experiment:panelA_pr_multidisease,panelA_pr_multidisease,panelA_pr_2017_2018,M2-WEAKEST-SHORTLIST-01,existing_validated_primary,anthracnose|grain_mold|rust,panelA_pr_multidisease
PI 514393,pi514393,normalized_PI_identifier,PI514393,experiment:senegal_seedling_anthracnose,senegal_seedling_anthracnose,ahn_2022_seedling_anthracnose,SDA-SEEDLING-CANDIDATE-1,source_reported_rule,anthracnose,senegal_seedling_anthracnose
PI 514394,pi514394,normalized_PI_identifier,PI514394,experiment:panelA_pr_multidisease,panelA_pr_multidisease,panelA_pr_2017_2018,M2-PR-DISEASE-01-anthracnose,validated_prespecified_threshold,anthracnose,panelA_pr_multidisease
PI 514394,pi514394,normalized_PI_identifier,PI514394,experiment:senegal_seedling_anthracnose,senegal_seedling_anthracnose,ahn_2022_seedling_anthracnose,SDA-SEEDLING-CANDIDATE-1,source_reported_rule,anthracnose,senegal_seedling_anthracnose
PI 514398,pi514398,normalized_PI_identifier,PI514398,experiment:panelA_pr_multidisease,panelA_pr_multidisease,panelA_pr_2017_2018,M2-PR-DISEASE-01-anthracnose,validated_prespecified_threshold,anthracnose,panelA_pr_multidisease
PI 514398,pi514398,normalized_PI_identifier,PI514398,experiment:panelA_pr_multidisease,panelA_pr_multidisease,panelA_pr_2017_2018,M2-PR-DISEASE-01-rust,validated_prespecified_threshold,rust,panelA_pr_multidisease
PI 514398,pi514398,normalized_PI_identifier,PI514398,experiment:panelA_pr_multidisease,panelA_pr_multidisease,panelA_pr_2017_2018,M2-WEAKEST-SHORTLIST-01,existing_validated_primary,anthracnose|grain_mold|rust,panelA_pr_multidisease
PI 514398,pi514398,normalized_PI_identifier,PI514398,experiment:prom_senegal_seedling_head_smut_p5_2022,prom_senegal_seedling_head_smut_p5_2022,prom_senegal_seedling_head_smut_p5_2022,senegal_seedling_head_smut_zero_spot_infection,source_reported_no_infection,head_smut_seedling_spot,prom_senegal_seedling_head_smut_p5_2022
PI 514398,pi514398,normalized_PI_identifier,PI514398,experiment:senegal_seedling_anthracnose,senegal_seedling_anthracnose,ahn_2022_seedling_anthracnose,SDA-SEEDLING-CANDIDATE-1,source_reported_rule,anthracnose,senegal_seedling_anthracnose
PI 514409,pi514409,normalized_PI_identifier,PI514409,experiment:panelA_pr_multidisease,panelA_pr_multidisease,panelA_pr_2017_2018,M2-PR-DISEASE-01-anthracnose,validated_prespecified_threshold,anthracnose,panelA_pr_multidisease
PI 514409,pi514409,normalized_PI_identifier,PI514409,experiment:prom_senegal_seedling_head_smut_p5_2022,prom_senegal_seedling_head_smut_p5_2022,prom_senegal_seedling_head_smut_p5_2022,senegal_seedling_head_smut_zero_spot_infection,source_reported_no_infection,head_smut_seedling_spot,prom_senegal_seedling_head_smut_p5_2022
PI 514409,pi514409,normalized_PI_identifier,PI514409,experiment:senegal_seedling_anthracnose,senegal_seedling_anthracnose,ahn_2022_seedling_anthracnose,SDA-SEEDLING-CANDIDATE-1,source_reported_rule,anthracnose,senegal_seedling_anthracnose
PI 514414,pi514414,normalized_PI_identifier,PI514414,experiment:panelA_pr_multidisease,panelA_pr_multidisease,panelA_pr_2017_2018,M2-PR-DISEASE-01-anthracnose,validated_prespecified_threshold,anthracnose,panelA_pr_multidisease
PI 514414,pi514414,normalized_PI_identifier,PI514414,experiment:senegal_seedling_anthracnose,senegal_seedling_anthracnose,ahn_2022_seedling_anthracnose,SDA-SEEDLING-CANDIDATE-1,source_reported_rule,anthracnose,senegal_seedling_anthracnose
PI 514417,pi514417,normalized_PI_identifier,PI514417,experiment:prom_senegal_seedling_head_smut_p5_2022,prom_senegal_seedling_head_smut_p5_2022,prom_senegal_seedling_head_smut_p5_2022,senegal_seedling_head_smut_zero_spot_infection,source_reported_no_infection,head_smut_seedling_spot,prom_senegal_seedling_head_smut_p5_2022
PI 514417,pi514417,normalized_PI_identifier,PI514417,experiment:senegal_seedling_anthracnose,senegal_seedling_anthracnose,ahn_2022_seedling_anthracnose,SDA-SEEDLING-CANDIDATE-1,source_reported_rule,anthracnose,senegal_seedling_anthracnose
PI 514420,pi514420,normalized_PI_identifier,PI_514420,experiment:prom_senegal_seed_quality_2018,prom_senegal_seed_quality_2018,prom_senegal_seed_quality_2018,senegal_2018_table4_grain_mold_resistant,source_reported_table_4,grain_mold,prom_senegal_seed_quality_2018
PI 514420,pi514420,normalized_PI_identifier,PI514420,experiment:senegal_seedling_anthracnose,senegal_seedling_anthracnose,ahn_2022_seedling_anthracnose,SDA-SEEDLING-CANDIDATE-1,source_reported_rule,anthracnose,senegal_seedling_anthracnose
PI 514430,pi514430,normalized_PI_identifier,PI514430,experiment:prom_senegal_seedling_head_smut_p5_2022,prom_senegal_seedling_head_smut_p5_2022,prom_senegal_seedling_head_smut_p5_2022,senegal_seedling_head_smut_zero_spot_infection,source_reported_no_infection,head_smut_seedling_spot,prom_senegal_seedling_head_smut_p5_2022
PI 514430,pi514430,normalized_PI_identifier,PI514430,experiment:senegal_seedling_anthracnose,senegal_seedling_anthracnose,ahn_2022_seedling_anthracnose,SDA-SEEDLING-CANDIDATE-1,source_reported_rule,anthracnose,senegal_seedling_anthracnose
PI 514431,pi514431,normalized_PI_identifier,PI514431,experiment:panelA_pr_multidisease,panelA_pr_multidisease,panelA_pr_2017_2018,M2-PR-DISEASE-01-anthracnose,validated_prespecified_threshold,anthracnose,panelA_pr_multidisease
PI 514431,pi514431,normalized_PI_identifier,PI514431,experiment:senegal_seedling_anthracnose,senegal_seedling_anthracnose,ahn_2022_seedling_anthracnose,SDA-SEEDLING-CANDIDATE-1,source_reported_rule,anthracnose,senegal_seedling_anthracnose
PI 514437,pi514437,normalized_PI_identifier,PI514437,experiment:panelA_pr_multidisease,panelA_pr_multidisease,panelA_pr_2017_2018,M2-PR-DISEASE-01-anthracnose,validated_prespecified_threshold,anthracnose,panelA_pr_multidisease
PI 514437,pi514437,normalized_PI_identifier,PI514437,experiment:senegal_seedling_anthracnose,senegal_seedling_anthracnose,ahn_2022_seedling_anthracnose,SDA-SEEDLING-CANDIDATE-1,source_reported_rule,anthracnose,senegal_seedling_anthracnose
PI 514440,pi514440,normalized_PI_identifier,PI514440,experiment:panelA_pr_multidisease,panelA_pr_multidisease,panelA_pr_2017_2018,M2-PR-DISEASE-01-anthracnose,validated_prespecified_threshold,anthracnose,panelA_pr_multidisease
PI 514440,pi514440,normalized_PI_identifier,PI514440,experiment:senegal_seedling_anthracnose,senegal_seedling_anthracnose,ahn_2022_seedling_anthracnose,SDA-SEEDLING-CANDIDATE-1,source_reported_rule,anthracnose,senegal_seedling_anthracnose
PI 514453,pi514453,normalized_PI_identifier,PI_514453,experiment:prom_senegal_seed_quality_2018,prom_senegal_seed_quality_2018,prom_senegal_seed_quality_2018,senegal_2018_table4_both_diseases,source_reported_table_4,anthracnose|grain_mold,prom_senegal_seed_quality_2018
PI 514453,pi514453,normalized_PI_identifier,PI_514453,experiment:prom_senegal_seed_quality_2018,prom_senegal_seed_quality_2018,prom_senegal_seed_quality_2018,senegal_2018_table4_grain_mold_resistant,source_reported_table_4,grain_mold,prom_senegal_seed_quality_2018
PI 514453,pi514453,normalized_PI_identifier,PI514453,experiment:senegal_seedling_anthracnose,senegal_seedling_anthracnose,ahn_2022_seedling_anthracnose,SDA-SEEDLING-CANDIDATE-1,source_reported_rule,anthracnose,senegal_seedling_anthracnose
PI 514456,pi514456,normalized_PI_identifier,PI_514456,experiment:prom_senegal_seed_quality_2018,prom_senegal_seed_quality_2018,prom_senegal_seed_quality_2018,senegal_2018_table4_grain_mold_resistant,source_reported_table_4,grain_mold,prom_senegal_seed_quality_2018
PI 514456,pi514456,normalized_PI_identifier,PI514456,experiment:senegal_seedling_anthracnose,senegal_seedling_anthracnose,ahn_2022_seedling_anthracnose,SDA-SEEDLING-CANDIDATE-1,source_reported_rule,anthracnose,senegal_seedling_anthracnose
PI 514460,pi514460,normalized_PI_identifier,PI514460,experiment:prom_senegal_seedling_head_smut_p5_2022,prom_senegal_seedling_head_smut_p5_2022,prom_senegal_seedling_head_smut_p5_2022,senegal_seedling_head_smut_zero_spot_infection,source_reported_no_infection,head_smut_seedling_spot,prom_senegal_seedling_head_smut_p5_2022
PI 514460,pi514460,normalized_PI_identifier,PI514460,experiment:senegal_seedling_anthracnose,senegal_seedling_anthracnose,ahn_2022_seedling_anthracnose,SDA-SEEDLING-CANDIDATE-1,source_reported_rule,anthracnose,senegal_seedling_anthracnose
PI 514462,pi514462,normalized_PI_identifier,PI514462,experiment:prom_senegal_seedling_head_smut_p5_2022,prom_senegal_seedling_head_smut_p5_2022,prom_senegal_seedling_head_smut_p5_2022,senegal_seedling_head_smut_zero_spot_infection,source_reported_no_infection,head_smut_seedling_spot,prom_senegal_seedling_head_smut_p5_2022
PI 514462,pi514462,normalized_PI_identifier,PI514462,experiment:senegal_seedling_anthracnose,senegal_seedling_anthracnose,ahn_2022_seedling_anthracnose,SDA-SEEDLING-CANDIDATE-1,source_reported_rule,anthracnose,senegal_seedling_anthracnose
PI 514463,pi514463,normalized_PI_identifier,PI514463,experiment:prom_senegal_seedling_head_smut_p5_2022,prom_senegal_seedling_head_smut_p5_2022,prom_senegal_seedling_head_smut_p5_2022,senegal_seedling_head_smut_zero_spot_infection,source_reported_no_infection,head_smut_seedling_spot,prom_senegal_seedling_head_smut_p5_2022
PI 514463,pi514463,normalized_PI_identifier,PI514463,experiment:senegal_seedling_anthracnose,senegal_seedling_anthracnose,ahn_2022_seedling_anthracnose,SDA-SEEDLING-CANDIDATE-1,source_reported_rule,anthracnose,senegal_seedling_anthracnose
PI 514464,pi514464,normalized_PI_identifier,PI514464,experiment:prom_senegal_seedling_head_smut_p5_2022,prom_senegal_seedling_head_smut_p5_2022,prom_senegal_seedling_head_smut_p5_2022,senegal_seedling_head_smut_zero_spot_infection,source_reported_no_infection,head_smut_seedling_spot,prom_senegal_seedling_head_smut_p5_2022
PI 514464,pi514464,normalized_PI_identifier,PI514464,experiment:senegal_seedling_anthracnose,senegal_seedling_anthracnose,ahn_2022_seedling_anthracnose,SDA-SEEDLING-CANDIDATE-1,source_reported_rule,anthracnose,senegal_seedling_anthracnose
PI 514466,pi514466,normalized_PI_identifier,PI_514466,experiment:prom_senegal_seed_quality_2018,prom_senegal_seed_quality_2018,prom_senegal_seed_quality_2018,senegal_2018_table4_both_diseases,source_reported_table_4,anthracnose|grain_mold,prom_senegal_seed_quality_2018
PI 514466,pi514466,normalized_PI_identifier,PI_514466,experiment:prom_senegal_seed_quality_2018,prom_senegal_seed_quality_2018,prom_senegal_seed_quality_2018,senegal_2018_table4_grain_mold_resistant,source_reported_table_4,grain_mold,prom_senegal_seed_quality_2018
PI 514466,pi514466,normalized_PI_identifier,PI514466,experiment:senegal_seedling_anthracnose,senegal_seedling_anthracnose,ahn_2022_seedling_anthracnose,SDA-SEEDLING-CANDIDATE-1,source_reported_rule,anthracnose,senegal_seedling_anthracnose
PI 514468,pi514468,normalized_PI_identifier,PI514468,experiment:prom_senegal_seedling_head_smut_p5_2022,prom_senegal_seedling_head_smut_p5_2022,prom_senegal_seedling_head_smut_p5_2022,senegal_seedling_head_smut_zero_spot_infection,source_reported_no_infection,head_smut_seedling_spot,prom_senegal_seedling_head_smut_p5_2022
PI 514468,pi514468,normalized_PI_identifier,PI514468,experiment:senegal_seedling_anthracnose,senegal_seedling_anthracnose,ahn_2022_seedling_anthracnose,SDA-SEEDLING-CANDIDATE-1,source_reported_rule,anthracnose,senegal_seedling_anthracnose
PI 514469,pi514469,normalized_PI_identifier,PI514469,experiment:prom_senegal_seedling_head_smut_p5_2022,prom_senegal_seedling_head_smut_p5_2022,prom_senegal_seedling_head_smut_p5_2022,senegal_seedling_head_smut_zero_spot_infection,source_reported_no_infection,head_smut_seedling_spot,prom_senegal_seedling_head_smut_p5_2022
PI 514469,pi514469,normalized_PI_identifier,PI514469,experiment:senegal_seedling_anthracnose,senegal_seedling_anthracnose,ahn_2022_seedling_anthracnose,SDA-SEEDLING-CANDIDATE-1,source_reported_rule,anthracnose,senegal_seedling_anthracnose
PI 514471,pi514471,normalized_PI_identifier,PI514471,experiment:prom_senegal_seedling_head_smut_p5_2022,prom_senegal_seedling_head_smut_p5_2022,prom_senegal_seedling_head_smut_p5_2022,senegal_seedling_head_smut_zero_spot_infection,source_reported_no_infection,head_smut_seedling_spot,prom_senegal_seedling_head_smut_p5_2022
PI 514471,pi514471,normalized_PI_identifier,PI514471,experiment:senegal_seedling_anthracnose,senegal_seedling_anthracnose,ahn_2022_seedling_anthracnose,SDA-SEEDLING-CANDIDATE-1,source_reported_rule,anthracnose,senegal_seedling_anthracnose
PI 514472,pi514472,normalized_PI_identifier,PI_514472,experiment:prom_senegal_seed_quality_2018,prom_senegal_seed_quality_2018,prom_senegal_seed_quality_2018,senegal_2018_table4_both_diseases,source_reported_table_4,anthracnose|grain_mold,prom_senegal_seed_quality_2018
PI 514472,pi514472,normalized_PI_identifier,PI_514472,experiment:prom_senegal_seed_quality_2018,prom_senegal_seed_quality_2018,prom_senegal_seed_quality_2018,senegal_2018_table4_grain_mold_resistant,source_reported_table_4,grain_mold,prom_senegal_seed_quality_2018
PI 514472,pi514472,normalized_PI_identifier,PI514472,experiment:senegal_seedling_anthracnose,senegal_seedling_anthracnose,ahn_2022_seedling_anthracnose,SDA-SEEDLING-CANDIDATE-1,source_reported_rule,anthracnose,senegal_seedling_anthracnose
PI 514475,pi514475,normalized_PI_identifier,PI514475,experiment:prom_senegal_seedling_head_smut_p5_2022,prom_senegal_seedling_head_smut_p5_2022,prom_senegal_seedling_head_smut_p5_2022,senegal_seedling_head_smut_zero_spot_infection,source_reported_no_infection,head_smut_seedling_spot,prom_senegal_seedling_head_smut_p5_2022
PI 514475,pi514475,normalized_PI_identifier,PI514475,experiment:senegal_seedling_anthracnose,senegal_seedling_anthracnose,ahn_2022_seedling_anthracnose,SDA-SEEDLING-CANDIDATE-1,source_reported_rule,anthracnose,senegal_seedling_anthracnose
PI 533759,pi533759,normalized_PI_identifier,PI533759,experiment:prom_converted_panel_texas_2008_2009,prom_converted_lines_anthracnose_downy_2016,prom_converted_lines_anthracnose_downy_2016,converted_lines_2016_anthracnose_R_both_years,source_reported_reaction_class,anthracnose,prom_converted_lines_anthracnose_downy_2016
PI 533759,pi533759,normalized_PI_identifier,PI 533759,experiment:prom_sap_texas_anthracnose_2019,prom_sap_texas_anthracnose_2019,prom_sap_texas_anthracnose_2019,sap_texas_anthracnose_average_score_le_2,source_reported_resistance_scale,anthracnose,prom_sap_texas_anthracnose_2019
PI 533792,pi533792,normalized_PI_identifier,PI533792,experiment:prom_sap_head_smut_p5_p6_2021,prom_sap_head_smut_p5_p6_2021,prom_sap_head_smut_p5_p6_2017,source_reported_prom_sap_head_smut_p5_p6_2017_head_smut_p5_no_infection,source_reported_reaction,head_smut_p5,prom_sap_head_smut_p5_p6_2021
PI 533792,pi533792,normalized_PI_identifier,PI533792,experiment:prom_zonate_leaf_spot_burleson_2021,prom_zonate_leaf_spot_2021,prom_zonate_leaf_spot_2021,zonate_leaf_spot_2021_zero_incidence,source_supported_numeric_resistance_rule,zonate_leaf_spot,prom_zonate_leaf_spot_2021
PI 533799,pi533799,normalized_PI_identifier,PI533799,experiment:panelA_pr_multidisease,panelA_pr_multidisease,panelA_pr_2017_2018,M2-PR-DISEASE-01-anthracnose,validated_prespecified_threshold,anthracnose,panelA_pr_multidisease
PI 533799,pi533799,normalized_PI_identifier,PI533799,experiment:panelA_pr_multidisease,panelA_pr_multidisease,panelA_pr_2017_2018,M2-PR-DISEASE-01-rust,validated_prespecified_threshold,rust,panelA_pr_multidisease
PI 533799,pi533799,normalized_PI_identifier,PI533799,experiment:prom_accession_anthracnose_grain_mold_texas_2010_2015,prom_accession_anthracnose_grain_mold_2020,prom_accession_anthracnose_grain_mold_2020,accession_2020_article_anthracnose_candidates,source_reported_article_conclusion,anthracnose,prom_accession_anthracnose_grain_mold_2020
PI 533799,pi533799,normalized_PI_identifier,PI533799,experiment:prom_ethiopia_subset_isabela_2019_2020,prom_ethiopia_anthracnose_subset_2022,prom_ethiopia_anthracnose_subset_2022,ethiopia_subset_2022_anthracnose_R_both_years,source_reported_reaction_class,anthracnose,prom_ethiopia_anthracnose_subset_2022
PI 533821,pi533821,normalized_PI_identifier,PI533821,experiment:prom_sap_head_smut_p5_p6_2021,prom_sap_head_smut_p5_p6_2021,prom_sap_head_smut_p5_p6_2017,source_reported_prom_sap_head_smut_p5_p6_2017_head_smut_p5_no_infection,source_reported_reaction,head_smut_p5,prom_sap_head_smut_p5_p6_2021
PI 533821,pi533821,normalized_PI_identifier,PI533821,experiment:prom_sap_head_smut_p5_p6_2021,prom_sap_head_smut_p5_p6_2021,prom_sap_head_smut_p5_p6_2017,source_reported_prom_sap_head_smut_p5_p6_2017_head_smut_p6_no_infection,source_reported_reaction,head_smut_p6,prom_sap_head_smut_p5_p6_2021
PI 533821,pi533821,normalized_PI_identifier,PI 533821,experiment:prom_sap_texas_anthracnose_2019,prom_sap_texas_anthracnose_2019,prom_sap_texas_anthracnose_2019,sap_texas_anthracnose_average_score_le_2,source_reported_resistance_scale,anthracnose,prom_sap_texas_anthracnose_2019
PI 533869,pi533869,normalized_PI_identifier,PI533869,experiment:prom_sap_head_smut_p5_p6_2021,prom_sap_head_smut_p5_p6_2021,prom_sap_head_smut_p5_p6_2017,source_reported_prom_sap_head_smut_p5_p6_2017_head_smut_p5_no_infection,source_reported_reaction,head_smut_p5,prom_sap_head_smut_p5_p6_2021
PI 533869,pi533869,normalized_PI_identifier,PI 533869,experiment:prom_sap_texas_anthracnose_2019,prom_sap_texas_anthracnose_2019,prom_sap_texas_anthracnose_2019,sap_texas_anthracnose_average_score_le_2,source_reported_resistance_scale,anthracnose,prom_sap_texas_anthracnose_2019
PI 533871,pi533871,normalized_PI_identifier,PI533871,experiment:prom_sap_grain_mold_texas_2020,prom_sap_grain_mold_texas_2020_via_2026,prom_sap_grain_mold_texas_2020,sap_grain_mold_article_all_treatments,source_reported_article_candidates,grain_mold,prom_sap_grain_mold_texas_2020
PI 533871,pi533871,normalized_PI_identifier,PI 533871,experiment:prom_sap_texas_anthracnose_2019,prom_sap_texas_anthracnose_2019,prom_sap_texas_anthracnose_2019,sap_texas_anthracnose_average_score_le_2,source_reported_resistance_scale,anthracnose,prom_sap_texas_anthracnose_2019
PI 533903,pi533903,normalized_PI_identifier,PI533903,experiment:panelA_pr_multidisease,panelA_pr_multidisease,panelA_pr_2017_2018,M2-PR-DISEASE-01-anthracnose,validated_prespecified_threshold,anthracnose,panelA_pr_multidisease
PI 533903,pi533903,normalized_PI_identifier,PI533903,experiment:panelA_pr_multidisease,panelA_pr_multidisease,panelA_pr_2017_2018,M2-PR-DISEASE-01-rust,validated_prespecified_threshold,rust,panelA_pr_multidisease
PI 533903,pi533903,normalized_PI_identifier,PI533903,experiment:prom_ethiopia_subset_isabela_2019_2020,prom_ethiopia_anthracnose_subset_2022,prom_ethiopia_anthracnose_subset_2022,ethiopia_subset_2022_anthracnose_R_both_years,source_reported_reaction_class,anthracnose,prom_ethiopia_anthracnose_subset_2022
PI 533911,pi533911,normalized_PI_identifier,PI533911,experiment:prom_converted_panel_texas_2008_2009,prom_converted_lines_anthracnose_downy_2016,prom_converted_lines_anthracnose_downy_2016,converted_lines_2016_anthracnose_R_both_years,source_reported_reaction_class,anthracnose,prom_converted_lines_anthracnose_downy_2016
PI 533911,pi533911,normalized_PI_identifier,PI 533911,experiment:prom_sap_texas_anthracnose_2019,prom_sap_texas_anthracnose_2019,prom_sap_texas_anthracnose_2019,sap_texas_anthracnose_average_score_le_2,source_reported_resistance_scale,anthracnose,prom_sap_texas_anthracnose_2019
PI 533918,pi533918,normalized_PI_identifier,PI533918,experiment:panelA_pr_multidisease,panelA_pr_multidisease,panelA_pr_2017_2018,M2-PR-DISEASE-01-anthracnose,validated_prespecified_threshold,anthracnose,panelA_pr_multidisease
PI 533918,pi533918,normalized_PI_identifier,PI533918,experiment:prom_ethiopia_subset_isabela_2019_2020,prom_ethiopia_anthracnose_subset_2022,prom_ethiopia_anthracnose_subset_2022,ethiopia_subset_2022_anthracnose_R_both_years,source_reported_reaction_class,anthracnose,prom_ethiopia_anthracnose_subset_2022
PI 533919,pi533919,normalized_PI_identifier,PI533919,experiment:prom_sap_head_smut_p5_p6_2021,prom_sap_head_smut_p5_p6_2021,prom_sap_head_smut_p5_p6_2017,source_reported_prom_sap_head_smut_p5_p6_2017_head_smut_p5_no_infection,source_reported_reaction,head_smut_p5,prom_sap_head_smut_p5_p6_2021
PI 533919,pi533919,normalized_PI_identifier,PI533919,experiment:prom_sap_head_smut_p5_p6_2021,prom_sap_head_smut_p5_p6_2021,prom_sap_head_smut_p5_p6_2017,source_reported_prom_sap_head_smut_p5_p6_2017_head_smut_p6_no_infection,source_reported_reaction,head_smut_p6,prom_sap_head_smut_p5_p6_2021
PI 533919,pi533919,normalized_PI_identifier,PI 533919,experiment:prom_sap_texas_anthracnose_2019,prom_sap_texas_anthracnose_2019,prom_sap_texas_anthracnose_2019,sap_texas_anthracnose_average_score_le_2,source_reported_resistance_scale,anthracnose,prom_sap_texas_anthracnose_2019
PI 533923,pi533923,normalized_PI_identifier,PI533923,experiment:panelA_pr_multidisease,panelA_pr_multidisease,panelA_pr_2017_2018,M2-PR-DISEASE-01-anthracnose,validated_prespecified_threshold,anthracnose,panelA_pr_multidisease
PI 533923,pi533923,normalized_PI_identifier,PI533923,experiment:prom_ethiopia_subset_isabela_2019_2020,prom_ethiopia_anthracnose_subset_2022,prom_ethiopia_anthracnose_subset_2022,ethiopia_subset_2022_anthracnose_R_both_years,source_reported_reaction_class,anthracnose,prom_ethiopia_anthracnose_subset_2022
PI 533927,pi533927,normalized_PI_identifier,PI533927,experiment:prom_sap_head_smut_p5_p6_2021,prom_sap_head_smut_p5_p6_2021,prom_sap_head_smut_p5_p6_2018,source_reported_prom_sap_head_smut_p5_p6_2018_head_smut_p5_no_infection,source_reported_reaction,head_smut_p5,prom_sap_head_smut_p5_p6_2021
PI 533927,pi533927,normalized_PI_identifier,PI533927,experiment:prom_sap_head_smut_p5_p6_2021,prom_sap_head_smut_p5_p6_2021,prom_sap_head_smut_p5_p6_2018,source_reported_prom_sap_head_smut_p5_p6_2018_head_smut_p6_no_infection,source_reported_reaction,head_smut_p6,prom_sap_head_smut_p5_p6_2021
PI 533927,pi533927,normalized_PI_identifier,PI 533927,experiment:prom_sap_texas_anthracnose_2019,prom_sap_texas_anthracnose_2019,prom_sap_texas_anthracnose_2019,sap_texas_anthracnose_average_score_le_2,source_reported_resistance_scale,anthracnose,prom_sap_texas_anthracnose_2019
PI 533965,pi533965,normalized_PI_identifier,PI533965,experiment:prom_sap_head_smut_p5_p6_2021,prom_sap_head_smut_p5_p6_2021,prom_sap_head_smut_p5_p6_2018,source_reported_prom_sap_head_smut_p5_p6_2018_head_smut_p6_no_infection,source_reported_reaction,head_smut_p6,prom_sap_head_smut_p5_p6_2021
PI 533965,pi533965,normalized_PI_identifier,PI 533965,experiment:prom_sap_texas_anthracnose_2019,prom_sap_texas_anthracnose_2019,prom_sap_texas_anthracnose_2019,sap_texas_anthracnose_average_score_le_2,source_reported_resistance_scale,anthracnose,prom_sap_texas_anthracnose_2019
PI 534101,pi534101,normalized_PI_identifier,PI534101,experiment:prom_converted_panel_texas_2008_2009,prom_converted_lines_anthracnose_downy_2016,prom_converted_lines_anthracnose_downy_2016,converted_lines_2016_anthracnose_R_both_years,source_reported_reaction_class,anthracnose,prom_converted_lines_anthracnose_downy_2016
PI 534101,pi534101,normalized_PI_identifier,SC 725,experiment:prom_converted_panel_texas_2008_2009,prom_converted_lines_grain_biodeterioration_2016,prom_converted_lines_grain_biodeterioration_2016,converted_lines_2016_article_grain_mold_candidates,source_reported_article_conclusion,grain_mold,prom_converted_lines_grain_biodeterioration_2016
PI 534101,pi534101,normalized_PI_identifier,PI 534101,experiment:prom_sap_texas_anthracnose_2019,prom_sap_texas_anthracnose_2019,prom_sap_texas_anthracnose_2019,sap_texas_anthracnose_average_score_le_2,source_reported_resistance_scale,anthracnose,prom_sap_texas_anthracnose_2019
PI 534116,pi534116,normalized_PI_identifier,PI534116,experiment:panelA_pr_multidisease,panelA_pr_multidisease,panelA_pr_2017_2018,M2-PR-DISEASE-01-anthracnose,validated_prespecified_threshold,anthracnose,panelA_pr_multidisease
PI 534116,pi534116,normalized_PI_identifier,PI534116,experiment:panelA_pr_multidisease,panelA_pr_multidisease,panelA_pr_2017_2018,M2-PR-DISEASE-01-rust,validated_prespecified_threshold,rust,panelA_pr_multidisease
PI 534116,pi534116,normalized_PI_identifier,PI534116,experiment:prom_ethiopia_subset_isabela_2019_2020,prom_ethiopia_anthracnose_subset_2022,prom_ethiopia_anthracnose_subset_2022,ethiopia_subset_2022_anthracnose_R_both_years,source_reported_reaction_class,anthracnose,prom_ethiopia_anthracnose_subset_2022
PI 534131,pi534131,normalized_PI_identifier,PI534131,experiment:panelA_pr_multidisease,panelA_pr_multidisease,panelA_pr_2017_2018,M2-PR-DISEASE-01-anthracnose,validated_prespecified_threshold,anthracnose,panelA_pr_multidisease
PI 534131,pi534131,normalized_PI_identifier,PI534131,experiment:panelA_pr_multidisease,panelA_pr_multidisease,panelA_pr_2017_2018,M2-PR-DISEASE-01-rust,validated_prespecified_threshold,rust,panelA_pr_multidisease
PI 534131,pi534131,normalized_PI_identifier,PI534131,experiment:prom_ethiopia_subset_isabela_2019_2020,prom_ethiopia_anthracnose_subset_2022,prom_ethiopia_anthracnose_subset_2022,ethiopia_subset_2022_anthracnose_R_both_years,source_reported_reaction_class,anthracnose,prom_ethiopia_anthracnose_subset_2022
PI 534145,pi534145,normalized_PI_identifier,SC 91,experiment:prom_converted_panel_texas_2008_2009,prom_converted_lines_grain_biodeterioration_2016,prom_converted_lines_grain_biodeterioration_2016,converted_lines_2016_article_grain_mold_candidates,source_reported_article_conclusion,grain_mold,prom_converted_lines_grain_biodeterioration_2016
PI 534145,pi534145,normalized_PI_identifier,PI534145,experiment:prom_sap_head_smut_p5_p6_2021,prom_sap_head_smut_p5_p6_2021,prom_sap_head_smut_p5_p6_2018,source_reported_prom_sap_head_smut_p5_p6_2018_head_smut_p5_no_infection,source_reported_reaction,head_smut_p5,prom_sap_head_smut_p5_p6_2021
PI 534145,pi534145,normalized_PI_identifier,PI534145,experiment:prom_sap_head_smut_p5_p6_2021,prom_sap_head_smut_p5_p6_2021,prom_sap_head_smut_p5_p6_2018,source_reported_prom_sap_head_smut_p5_p6_2018_head_smut_p6_no_infection,source_reported_reaction,head_smut_p6,prom_sap_head_smut_p5_p6_2021
PI 534145,pi534145,normalized_PI_identifier,PI 534145,experiment:prom_sap_texas_anthracnose_2019,prom_sap_texas_anthracnose_2019,prom_sap_texas_anthracnose_2019,sap_texas_anthracnose_average_score_le_2,source_reported_resistance_scale,anthracnose,prom_sap_texas_anthracnose_2019
PI 534151,pi534151,normalized_PI_identifier,PI534151,experiment:panelA_pr_multidisease,panelA_pr_multidisease,panelA_pr_2017_2018,M2-PR-DISEASE-01-anthracnose,validated_prespecified_threshold,anthracnose,panelA_pr_multidisease
PI 534151,pi534151,normalized_PI_identifier,PI534151,experiment:prom_ethiopia_subset_isabela_2019_2020,prom_ethiopia_anthracnose_subset_2022,prom_ethiopia_anthracnose_subset_2022,ethiopia_subset_2022_anthracnose_R_both_years,source_reported_reaction_class,anthracnose,prom_ethiopia_anthracnose_subset_2022
PI 534155,pi534155,normalized_PI_identifier,PI534155,experiment:prom_converted_panel_texas_2008_2009,prom_converted_lines_anthracnose_downy_2016,prom_converted_lines_anthracnose_downy_2016,converted_lines_2016_anthracnose_R_both_years,source_reported_reaction_class,anthracnose,prom_converted_lines_anthracnose_downy_2016
PI 534155,pi534155,normalized_PI_identifier,PI534155,experiment:prom_converted_panel_texas_2008_2009,prom_converted_lines_anthracnose_downy_2016,prom_converted_lines_anthracnose_downy_2016,converted_lines_2016_downy_mildew_R_or_MR,source_reported_reaction_class,downy_mildew,prom_converted_lines_anthracnose_downy_2016
PI 534155,pi534155,normalized_PI_identifier,PI 534155,experiment:prom_sap_texas_anthracnose_2019,prom_sap_texas_anthracnose_2019,prom_sap_texas_anthracnose_2019,sap_texas_anthracnose_average_score_le_2,source_reported_resistance_scale,anthracnose,prom_sap_texas_anthracnose_2019
PI 534157,pi534157,normalized_PI_identifier,PI534157,experiment:panelA_pr_multidisease,panelA_pr_multidisease,panelA_pr_2017_2018,M2-PR-DISEASE-01-rust,validated_prespecified_threshold,rust,panelA_pr_multidisease
PI 534157,pi534157,normalized_PI_identifier,PI534157,experiment:prom_zonate_leaf_spot_burleson_2021,prom_zonate_leaf_spot_2021,prom_zonate_leaf_spot_2021,zonate_leaf_spot_2021_zero_incidence,source_supported_numeric_resistance_rule,zonate_leaf_spot,prom_zonate_leaf_spot_2021
PI 562941,pi562941,normalized_PI_identifier,PI562941,experiment:prom_sudan_anthracnose_2020,prom_sudan_anthracnose_2020,prom_sudan_anthracnose_2020,source_reported_prom_sudan_anthracnose_2020_anthracnose_resistant,source_reported_classification,anthracnose,prom_sudan_anthracnose_2020
PI 562941,pi562941,normalized_PI_identifier,PI562941,experiment:prom_sudan_anthracnose_2020,prom_sudan_anthracnose_2020,prom_sudan_anthracnose_2020,sudan_2020_anthracnose_complete_three_location_stability,source_supported_location_resistance_rule,anthracnose,prom_sudan_anthracnose_2020
PI 562941,pi562941,normalized_PI_identifier,PI562941,experiment:prom_sudan_rust_2025,prom_sudan_rust_2025,prom_sudan_rust_2025,source_reported_prom_sudan_rust_2025_rust_resistant,source_reported_classification,rust,prom_sudan_rust_2025
PI 564776,pi564776,normalized_PI_identifier,PI564776,experiment:panelA_pr_multidisease,panelA_pr_multidisease,panelA_pr_2017_2018,M2-PR-DISEASE-01-anthracnose,validated_prespecified_threshold,anthracnose,panelA_pr_multidisease
PI 564776,pi564776,normalized_PI_identifier,PI564776,experiment:panelA_pr_multidisease,panelA_pr_multidisease,panelA_pr_2017_2018,M2-PR-DISEASE-01-rust,validated_prespecified_threshold,rust,panelA_pr_multidisease
PI 564776,pi564776,normalized_PI_identifier,PI564776,experiment:prom_ethiopia_subset_isabela_2019_2020,prom_ethiopia_anthracnose_subset_2022,prom_ethiopia_anthracnose_subset_2022,ethiopia_subset_2022_anthracnose_R_both_years,source_reported_reaction_class,anthracnose,prom_ethiopia_anthracnose_subset_2022
PI 564779,pi564779,normalized_PI_identifier,PI564779,experiment:panelA_pr_multidisease,panelA_pr_multidisease,panelA_pr_2017_2018,M2-PR-DISEASE-01-anthracnose,validated_prespecified_threshold,anthracnose,panelA_pr_multidisease
PI 564779,pi564779,normalized_PI_identifier,PI564779,experiment:prom_ethiopia_subset_isabela_2019_2020,prom_ethiopia_anthracnose_subset_2022,prom_ethiopia_anthracnose_subset_2022,ethiopia_subset_2022_anthracnose_R_both_years,source_reported_reaction_class,anthracnose,prom_ethiopia_anthracnose_subset_2022
PI 568373,pi568373,normalized_PI_identifier,PI568373,experiment:prom_four_country_anthracnose_2007_2008_pr,prom_four_country_anthracnose_2012,prom_four_country_anthracnose_2012,four_country_2012_anthracnose_R_texas_and_puerto_rico,source_reported_reaction_class,anthracnose,prom_four_country_anthracnose_2012
PI 568373,pi568373,normalized_PI_identifier,PI568373,experiment:prom_weather_anthracnose_texas_2009_paired_crop_regrowth,prom_weather_anthracnose_genotypes_2015,prom_weather_anthracnose_genotypes_2015,weather_2015_anthracnose_resistant_both_crop_phases,source_reported_stable_resistance_rule,anthracnose,prom_weather_anthracnose_genotypes_2015
PI 568398,pi568398,normalized_PI_identifier,PI568398,experiment:prom_sudan_anthracnose_2020,prom_sudan_anthracnose_2020,prom_sudan_anthracnose_2020,source_reported_prom_sudan_anthracnose_2020_anthracnose_resistant,source_reported_classification,anthracnose,prom_sudan_anthracnose_2020
PI 568398,pi568398,normalized_PI_identifier,PI568398,experiment:prom_sudan_anthracnose_2020,prom_sudan_anthracnose_2020,prom_sudan_anthracnose_2020,sudan_2020_anthracnose_complete_three_location_stability,source_supported_location_resistance_rule,anthracnose,prom_sudan_anthracnose_2020
PI 568398,pi568398,normalized_PI_identifier,PI568398,experiment:prom_sudan_rust_2025,prom_sudan_rust_2025,prom_sudan_rust_2025,source_reported_prom_sudan_rust_2025_rust_resistant,source_reported_classification,rust,prom_sudan_rust_2025
PI 568557,pi568557,normalized_PI_identifier,PI568557,experiment:prom_sudan_anthracnose_2020,prom_sudan_anthracnose_2020,prom_sudan_anthracnose_2020,source_reported_prom_sudan_anthracnose_2020_anthracnose_resistant,source_reported_classification,anthracnose,prom_sudan_anthracnose_2020
PI 568557,pi568557,normalized_PI_identifier,PI568557,experiment:prom_sudan_anthracnose_2020,prom_sudan_anthracnose_2020,prom_sudan_anthracnose_2020,sudan_2020_anthracnose_complete_three_location_stability,source_supported_location_resistance_rule,anthracnose,prom_sudan_anthracnose_2020
PI 568557,pi568557,normalized_PI_identifier,PI568557,experiment:prom_sudan_rust_2025,prom_sudan_rust_2025,prom_sudan_rust_2025,source_reported_prom_sudan_rust_2025_rust_resistant,source_reported_classification,rust,prom_sudan_rust_2025
PI 568621,pi568621,normalized_PI_identifier,PI568621,experiment:prom_sudan_anthracnose_2020,prom_sudan_anthracnose_2020,prom_sudan_anthracnose_2020,source_reported_prom_sudan_anthracnose_2020_anthracnose_resistant,source_reported_classification,anthracnose,prom_sudan_anthracnose_2020
PI 568621,pi568621,normalized_PI_identifier,PI568621,experiment:prom_sudan_anthracnose_2020,prom_sudan_anthracnose_2020,prom_sudan_anthracnose_2020,sudan_2020_anthracnose_complete_three_location_stability,source_supported_location_resistance_rule,anthracnose,prom_sudan_anthracnose_2020
PI 568621,pi568621,normalized_PI_identifier,PI568621,experiment:prom_sudan_rust_2025,prom_sudan_rust_2025,prom_sudan_rust_2025,source_reported_prom_sudan_rust_2025_rust_resistant,source_reported_classification,rust,prom_sudan_rust_2025
PI 569993,pi569993,normalized_PI_identifier,PI569993,experiment:prom_sudan_anthracnose_2020,prom_sudan_anthracnose_2020,prom_sudan_anthracnose_2020,source_reported_prom_sudan_anthracnose_2020_anthracnose_resistant,source_reported_classification,anthracnose,prom_sudan_anthracnose_2020
PI 569993,pi569993,normalized_PI_identifier,PI569993,experiment:prom_sudan_anthracnose_2020,prom_sudan_anthracnose_2020,prom_sudan_anthracnose_2020,sudan_2020_anthracnose_complete_three_location_stability,source_supported_location_resistance_rule,anthracnose,prom_sudan_anthracnose_2020
PI 569993,pi569993,normalized_PI_identifier,PI569993,experiment:prom_sudan_rust_2025,prom_sudan_rust_2025,prom_sudan_rust_2025,source_reported_prom_sudan_rust_2025_rust_resistant,source_reported_classification,rust,prom_sudan_rust_2025
PI 570213,pi570213,normalized_PI_identifier,PI570213,experiment:prom_sudan_anthracnose_2020,prom_sudan_anthracnose_2020,prom_sudan_anthracnose_2020,source_reported_prom_sudan_anthracnose_2020_anthracnose_resistant,source_reported_classification,anthracnose,prom_sudan_anthracnose_2020
PI 570213,pi570213,normalized_PI_identifier,PI570213,experiment:prom_sudan_anthracnose_2020,prom_sudan_anthracnose_2020,prom_sudan_anthracnose_2020,sudan_2020_anthracnose_complete_three_location_stability,source_supported_location_resistance_rule,anthracnose,prom_sudan_anthracnose_2020
PI 570213,pi570213,normalized_PI_identifier,PI570213,experiment:prom_sudan_rust_2025,prom_sudan_rust_2025,prom_sudan_rust_2025,source_reported_prom_sudan_rust_2025_rust_resistant,source_reported_classification,rust,prom_sudan_rust_2025
PI 570548,pi570548,normalized_PI_identifier,PI570548,experiment:prom_sudan_anthracnose_2020,prom_sudan_anthracnose_2020,prom_sudan_anthracnose_2020,source_reported_prom_sudan_anthracnose_2020_anthracnose_resistant,source_reported_classification,anthracnose,prom_sudan_anthracnose_2020
PI 570548,pi570548,normalized_PI_identifier,PI570548,experiment:prom_sudan_rust_2025,prom_sudan_rust_2025,prom_sudan_rust_2025,source_reported_prom_sudan_rust_2025_rust_resistant,source_reported_classification,rust,prom_sudan_rust_2025
PI 570705,pi570705,normalized_PI_identifier,PI570705,experiment:prom_sudan_anthracnose_2020,prom_sudan_anthracnose_2020,prom_sudan_anthracnose_2020,source_reported_prom_sudan_anthracnose_2020_anthracnose_resistant,source_reported_classification,anthracnose,prom_sudan_anthracnose_2020
PI 570705,pi570705,normalized_PI_identifier,PI570705,experiment:prom_sudan_anthracnose_2020,prom_sudan_anthracnose_2020,prom_sudan_anthracnose_2020,sudan_2020_anthracnose_complete_three_location_stability,source_supported_location_resistance_rule,anthracnose,prom_sudan_anthracnose_2020
PI 570705,pi570705,normalized_PI_identifier,PI570705,experiment:prom_sudan_rust_2025,prom_sudan_rust_2025,prom_sudan_rust_2025,source_reported_prom_sudan_rust_2025_rust_resistant,source_reported_classification,rust,prom_sudan_rust_2025
PI 570708,pi570708,normalized_PI_identifier,PI570708,experiment:prom_sudan_anthracnose_2020,prom_sudan_anthracnose_2020,prom_sudan_anthracnose_2020,source_reported_prom_sudan_anthracnose_2020_anthracnose_resistant,source_reported_classification,anthracnose,prom_sudan_anthracnose_2020
PI 570708,pi570708,normalized_PI_identifier,PI570708,experiment:prom_sudan_anthracnose_2020,prom_sudan_anthracnose_2020,prom_sudan_anthracnose_2020,sudan_2020_anthracnose_complete_three_location_stability,source_supported_location_resistance_rule,anthracnose,prom_sudan_anthracnose_2020
PI 570708,pi570708,normalized_PI_identifier,PI570708,experiment:prom_sudan_rust_2025,prom_sudan_rust_2025,prom_sudan_rust_2025,source_reported_prom_sudan_rust_2025_rust_resistant,source_reported_classification,rust,prom_sudan_rust_2025
PI 570726,pi570726,normalized_PI_identifier,PI570726,experiment:prom_converted_panel_texas_2008_2009,prom_converted_lines_anthracnose_downy_2016,prom_converted_lines_anthracnose_downy_2016,converted_lines_2016_downy_mildew_R_or_MR,source_reported_reaction_class,downy_mildew,prom_converted_lines_anthracnose_downy_2016
PI 570726,pi570726,normalized_PI_identifier,PI570726,experiment:prom_zonate_leaf_spot_burleson_2021,prom_zonate_leaf_spot_2021,prom_zonate_leaf_spot_2021,zonate_leaf_spot_2021_zero_incidence,source_supported_numeric_resistance_rule,zonate_leaf_spot,prom_zonate_leaf_spot_2021
PI 570743,pi570743,normalized_PI_identifier,PI570743,experiment:prom_four_country_anthracnose_2007_2008_pr,prom_four_country_anthracnose_2012,prom_four_country_anthracnose_2012,four_country_2012_anthracnose_R_texas_and_puerto_rico,source_reported_reaction_class,anthracnose,prom_four_country_anthracnose_2012
PI 570743,pi570743,normalized_PI_identifier,PI570743,experiment:prom_weather_anthracnose_texas_2009_paired_crop_regrowth,prom_weather_anthracnose_genotypes_2015,prom_weather_anthracnose_genotypes_2015,weather_2015_anthracnose_resistant_both_crop_phases,source_reported_stable_resistance_rule,anthracnose,prom_weather_anthracnose_genotypes_2015
PI 570841,pi570841,normalized_PI_identifier,PI570841,experiment:prom_senegal_grain_mold_2022_two_location_trial,prom_agronomic_grain_mold_senegal_2026,prom_agronomic_grain_mold_senegal_2026,prom_2026_conclusion_grain_mold_candidates,source_reported_article_recommendation,grain_mold,prom_agronomic_grain_mold_senegal_2026
PI 570841,pi570841,normalized_PI_identifier,PI570841,experiment:prom_zonate_leaf_spot_burleson_2021,prom_zonate_leaf_spot_2021,prom_zonate_leaf_spot_2021,zonate_leaf_spot_2021_zero_incidence,source_supported_numeric_resistance_rule,zonate_leaf_spot,prom_zonate_leaf_spot_2021
PI 570873,pi570873,normalized_PI_identifier,PI570873,experiment:prom_four_country_anthracnose_2007_2008_pr,prom_four_country_anthracnose_2012,prom_four_country_anthracnose_2012,four_country_2012_anthracnose_R_texas_and_puerto_rico,source_reported_reaction_class,anthracnose,prom_four_country_anthracnose_2012
PI 570873,pi570873,normalized_PI_identifier,PI570873,experiment:prom_weather_anthracnose_texas_2009_paired_crop_regrowth,prom_weather_anthracnose_genotypes_2015,prom_weather_anthracnose_genotypes_2015,weather_2015_anthracnose_resistant_both_crop_phases,source_reported_stable_resistance_rule,anthracnose,prom_weather_anthracnose_genotypes_2015
PI 576344,pi576344,normalized_PI_identifier,PI576344,experiment:panelA_pr_multidisease,panelA_pr_multidisease,panelA_pr_2017_2018,M2-PR-DISEASE-01-anthracnose,validated_prespecified_threshold,anthracnose,panelA_pr_multidisease
PI 576344,pi576344,normalized_PI_identifier,PI576344,experiment:panelA_pr_multidisease,panelA_pr_multidisease,panelA_pr_2017_2018,M2-PR-DISEASE-01-rust,validated_prespecified_threshold,rust,panelA_pr_multidisease
PI 576344,pi576344,normalized_PI_identifier,PI576344,experiment:prom_ethiopia_subset_isabela_2019_2020,prom_ethiopia_anthracnose_subset_2022,prom_ethiopia_anthracnose_subset_2022,ethiopia_subset_2022_anthracnose_R_both_years,source_reported_reaction_class,anthracnose,prom_ethiopia_anthracnose_subset_2022
PI 576376,pi576376,normalized_PI_identifier,PI576376,experiment:panelA_pr_multidisease,panelA_pr_multidisease,panelA_pr_2017_2018,M2-PR-DISEASE-01-anthracnose,validated_prespecified_threshold,anthracnose,panelA_pr_multidisease
PI 576376,pi576376,normalized_PI_identifier,PI576376,experiment:prom_ethiopia_subset_isabela_2019_2020,prom_ethiopia_anthracnose_subset_2022,prom_ethiopia_anthracnose_subset_2022,ethiopia_subset_2022_anthracnose_R_both_years,source_reported_reaction_class,anthracnose,prom_ethiopia_anthracnose_subset_2022
PI 576376,pi576376,normalized_PI_identifier,PI 576376,experiment:prom_sap_texas_anthracnose_2019,prom_sap_texas_anthracnose_2019,prom_sap_texas_anthracnose_2019,sap_texas_anthracnose_average_score_le_2,source_reported_resistance_scale,anthracnose,prom_sap_texas_anthracnose_2019
PI 576379,pi576379,normalized_PI_identifier,PI576379,experiment:panelA_pr_multidisease,panelA_pr_multidisease,panelA_pr_2017_2018,M2-PR-DISEASE-01-anthracnose,validated_prespecified_threshold,anthracnose,panelA_pr_multidisease
PI 576379,pi576379,normalized_PI_identifier,PI576379,experiment:panelA_pr_multidisease,panelA_pr_multidisease,panelA_pr_2017_2018,M2-PR-DISEASE-01-rust,validated_prespecified_threshold,rust,panelA_pr_multidisease
PI 576379,pi576379,normalized_PI_identifier,PI576379,experiment:prom_ethiopia_subset_isabela_2019_2020,prom_ethiopia_anthracnose_subset_2022,prom_ethiopia_anthracnose_subset_2022,ethiopia_subset_2022_anthracnose_R_both_years,source_reported_reaction_class,anthracnose,prom_ethiopia_anthracnose_subset_2022
PI 576381,pi576381,normalized_PI_identifier,PI576381,experiment:panelA_pr_multidisease,panelA_pr_multidisease,panelA_pr_2017_2018,M2-PR-DISEASE-01-anthracnose,validated_prespecified_threshold,anthracnose,panelA_pr_multidisease
PI 576381,pi576381,normalized_PI_identifier,PI576381,experiment:panelA_pr_multidisease,panelA_pr_multidisease,panelA_pr_2017_2018,M2-PR-DISEASE-01-rust,validated_prespecified_threshold,rust,panelA_pr_multidisease
PI 576381,pi576381,normalized_PI_identifier,PI576381,experiment:prom_ethiopia_subset_isabela_2019_2020,prom_ethiopia_anthracnose_subset_2022,prom_ethiopia_anthracnose_subset_2022,ethiopia_subset_2022_anthracnose_R_both_years,source_reported_reaction_class,anthracnose,prom_ethiopia_anthracnose_subset_2022
PI 576381,pi576381,normalized_PI_identifier,PI 576381,experiment:prom_sap_texas_anthracnose_2019,prom_sap_texas_anthracnose_2019,prom_sap_texas_anthracnose_2019,sap_texas_anthracnose_average_score_le_2,source_reported_resistance_scale,anthracnose,prom_sap_texas_anthracnose_2019
PI 576431,pi576431,normalized_PI_identifier,PI576431,experiment:panelA_pr_multidisease,panelA_pr_multidisease,panelA_pr_2017_2018,M2-PR-DISEASE-01-anthracnose,validated_prespecified_threshold,anthracnose,panelA_pr_multidisease
PI 576431,pi576431,normalized_PI_identifier,PI576431,experiment:prom_ethiopia_subset_isabela_2019_2020,prom_ethiopia_anthracnose_subset_2022,prom_ethiopia_anthracnose_subset_2022,ethiopia_subset_2022_anthracnose_R_both_years,source_reported_reaction_class,anthracnose,prom_ethiopia_anthracnose_subset_2022
PI 585773,pi585773,normalized_PI_identifier,PI 585773,experiment:erpelding_isabela_mali_anthracnose_2004_2005_campaign,ref_erpelding_sikasso_mali_anthracnose_2008,ref_erpelding_sikasso_mali_anthracnose_2008,erpelding_sikasso_anthracnose_resistant_both_years,source_supported_location_resistance_rule,anthracnose,ref_erpelding_sikasso_mali_anthracnose_2008
PI 585773,pi585773,normalized_PI_identifier,PI585773,experiment:prom_mali_anthracnose_isabela_2003,prom_mali_anthracnose_2004,prom_mali_anthracnose_2004,mali_2004_anthracnose_resistant_both_seasons,source_supported_location_resistance_rule,anthracnose,prom_mali_anthracnose_2004
PI 585791,pi585791,normalized_PI_identifier,PI 585791,experiment:erpelding_isabela_mali_anthracnose_2004_2005_campaign,ref_erpelding_sikasso_mali_anthracnose_2008,ref_erpelding_sikasso_mali_anthracnose_2008,erpelding_sikasso_anthracnose_resistant_both_years,source_supported_location_resistance_rule,anthracnose,ref_erpelding_sikasso_mali_anthracnose_2008
PI 585791,pi585791,normalized_PI_identifier,PI585791,experiment:prom_mali_anthracnose_isabela_2003,prom_mali_anthracnose_2004,prom_mali_anthracnose_2004,mali_2004_anthracnose_resistant_both_seasons,source_supported_location_resistance_rule,anthracnose,prom_mali_anthracnose_2004
PI 585795,pi585795,normalized_PI_identifier,PI 585795,experiment:erpelding_isabela_mali_anthracnose_2004_2005_campaign,ref_erpelding_sikasso_mali_anthracnose_2008,ref_erpelding_sikasso_mali_anthracnose_2008,erpelding_sikasso_anthracnose_resistant_both_years,source_supported_location_resistance_rule,anthracnose,ref_erpelding_sikasso_mali_anthracnose_2008
PI 585795,pi585795,normalized_PI_identifier,PI585795,experiment:prom_mali_anthracnose_isabela_2003,prom_mali_anthracnose_2004,prom_mali_anthracnose_2004,mali_2004_anthracnose_resistant_both_seasons,source_supported_location_resistance_rule,anthracnose,prom_mali_anthracnose_2004
PI 585814,pi585814,normalized_PI_identifier,PI 585814,experiment:erpelding_isabela_mali_anthracnose_2004_2005_campaign,ref_erpelding_sikasso_mali_anthracnose_2008,ref_erpelding_sikasso_mali_anthracnose_2008,erpelding_sikasso_anthracnose_resistant_both_years,source_supported_location_resistance_rule,anthracnose,ref_erpelding_sikasso_mali_anthracnose_2008
PI 585814,pi585814,normalized_PI_identifier,PI585814,experiment:prom_fusarium_grain_mold_panels_isabela_2006,prom_ethiopia_mali_fusarium_2013,prom_ethiopia_mali_fusarium_2013,ethiopia_mali_2013_article_conclusion_grain_mold_candidates,source_reported_article_conclusion,grain_mold,prom_ethiopia_mali_fusarium_2013
PI 585816,pi585816,normalized_PI_identifier,PI 585816,experiment:erpelding_isabela_mali_anthracnose_2004_2005_campaign,ref_erpelding_sikasso_mali_anthracnose_2008,ref_erpelding_sikasso_mali_anthracnose_2008,erpelding_sikasso_anthracnose_resistant_both_years,source_supported_location_resistance_rule,anthracnose,ref_erpelding_sikasso_mali_anthracnose_2008
PI 585816,pi585816,normalized_PI_identifier,PI585816,experiment:prom_mali_anthracnose_isabela_2003,prom_mali_anthracnose_2004,prom_mali_anthracnose_2004,mali_2004_anthracnose_resistant_both_seasons,source_supported_location_resistance_rule,anthracnose,prom_mali_anthracnose_2004
PI 585830,pi585830,normalized_PI_identifier,PI 585830,experiment:erpelding_isabela_mali_anthracnose_2004_2005_campaign,ref_erpelding_sikasso_mali_anthracnose_2008,ref_erpelding_sikasso_mali_anthracnose_2008,erpelding_sikasso_anthracnose_resistant_both_years,source_supported_location_resistance_rule,anthracnose,ref_erpelding_sikasso_mali_anthracnose_2008
PI 585830,pi585830,normalized_PI_identifier,PI585830,experiment:prom_mali_anthracnose_isabela_2003,prom_mali_anthracnose_2004,prom_mali_anthracnose_2004,mali_2004_anthracnose_resistant_both_seasons,source_supported_location_resistance_rule,anthracnose,prom_mali_anthracnose_2004
PI 585846,pi585846,normalized_PI_identifier,PI 585846,experiment:erpelding_isabela_mali_anthracnose_2004_2005_campaign,ref_erpelding_mopti_anthracnose_2010,ref_erpelding_mopti_anthracnose_2010,erpelding_mopti_anthracnose_resistant_both_years,source_supported_location_resistance_rule,anthracnose,ref_erpelding_mopti_anthracnose_2010
PI 585846,pi585846,normalized_PI_identifier,PI585846,experiment:prom_mali_anthracnose_isabela_2003,prom_mali_anthracnose_2004,prom_mali_anthracnose_2004,mali_2004_anthracnose_resistant_both_seasons,source_supported_location_resistance_rule,anthracnose,prom_mali_anthracnose_2004
PI 608974,pi608974,normalized_PI_identifier,PI608974,experiment:prom_four_country_anthracnose_2007_2008_pr,prom_four_country_anthracnose_2012,prom_four_country_anthracnose_2012,four_country_2012_anthracnose_R_texas_and_puerto_rico,source_reported_reaction_class,anthracnose,prom_four_country_anthracnose_2012
PI 608974,pi608974,normalized_PI_identifier,PI608974,experiment:prom_weather_anthracnose_texas_2009_paired_crop_regrowth,prom_weather_anthracnose_genotypes_2015,prom_weather_anthracnose_genotypes_2015,weather_2015_anthracnose_resistant_both_crop_phases,source_reported_stable_resistance_rule,anthracnose,prom_weather_anthracnose_genotypes_2015
PI 608986,pi608986,normalized_PI_identifier,PI608986,experiment:prom_four_country_anthracnose_2007_2008_pr,prom_four_country_anthracnose_2012,prom_four_country_anthracnose_2012,four_country_2012_anthracnose_R_texas_and_puerto_rico,source_reported_reaction_class,anthracnose,prom_four_country_anthracnose_2012
PI 608986,pi608986,normalized_PI_identifier,PI608986,experiment:prom_weather_anthracnose_texas_2009_paired_crop_regrowth,prom_weather_anthracnose_genotypes_2015,prom_weather_anthracnose_genotypes_2015,weather_2015_anthracnose_resistant_both_crop_phases,source_reported_stable_resistance_rule,anthracnose,prom_weather_anthracnose_genotypes_2015
PI 609009,pi609009,normalized_PI_identifier,PI609009,experiment:prom_four_country_anthracnose_2007_2008_pr,prom_four_country_anthracnose_2012,prom_four_country_anthracnose_2012,four_country_2012_anthracnose_R_texas_and_puerto_rico,source_reported_reaction_class,anthracnose,prom_four_country_anthracnose_2012
PI 609009,pi609009,normalized_PI_identifier,PI609009,experiment:prom_weather_anthracnose_texas_2009_paired_crop_regrowth,prom_weather_anthracnose_genotypes_2015,prom_weather_anthracnose_genotypes_2015,weather_2015_anthracnose_resistant_both_crop_phases,source_reported_stable_resistance_rule,anthracnose,prom_weather_anthracnose_genotypes_2015
PI 609015,pi609015,normalized_PI_identifier,PI609015,experiment:prom_four_country_anthracnose_2007_2008_pr,prom_four_country_anthracnose_2012,prom_four_country_anthracnose_2012,four_country_2012_anthracnose_R_texas_and_puerto_rico,source_reported_reaction_class,anthracnose,prom_four_country_anthracnose_2012
PI 609015,pi609015,normalized_PI_identifier,PI609015,experiment:prom_mali_anthracnose_isabela_2003,prom_mali_anthracnose_2004,prom_mali_anthracnose_2004,mali_2004_anthracnose_resistant_both_seasons,source_supported_location_resistance_rule,anthracnose,prom_mali_anthracnose_2004
PI 609110,pi609110,normalized_PI_identifier,PI 609110,experiment:erpelding_isabela_mali_anthracnose_2004_2005_campaign,ref_erpelding_sikasso_mali_anthracnose_2008,ref_erpelding_sikasso_mali_anthracnose_2008,erpelding_sikasso_anthracnose_resistant_both_years,source_supported_location_resistance_rule,anthracnose,ref_erpelding_sikasso_mali_anthracnose_2008
PI 609110,pi609110,normalized_PI_identifier,PI609110,experiment:prom_mali_anthracnose_isabela_2003,prom_mali_anthracnose_2004,prom_mali_anthracnose_2004,mali_2004_anthracnose_resistant_both_seasons,source_supported_location_resistance_rule,anthracnose,prom_mali_anthracnose_2004
PI 609125,pi609125,normalized_PI_identifier,PI 609125,experiment:erpelding_isabela_mali_anthracnose_2004_2005_campaign,ref_erpelding_sikasso_mali_anthracnose_2008,ref_erpelding_sikasso_mali_anthracnose_2008,erpelding_sikasso_anthracnose_resistant_both_years,source_supported_location_resistance_rule,anthracnose,ref_erpelding_sikasso_mali_anthracnose_2008
PI 609125,pi609125,normalized_PI_identifier,PI609125,experiment:prom_mali_anthracnose_isabela_2003,prom_mali_anthracnose_2004,prom_mali_anthracnose_2004,mali_2004_anthracnose_resistant_both_seasons,source_supported_location_resistance_rule,anthracnose,prom_mali_anthracnose_2004
PI 609159,pi609159,normalized_PI_identifier,PI 609159,experiment:erpelding_isabela_mali_anthracnose_2004_2005_campaign,ref_erpelding_mopti_anthracnose_2010,ref_erpelding_mopti_anthracnose_2010,erpelding_mopti_anthracnose_resistant_both_years,source_supported_location_resistance_rule,anthracnose,ref_erpelding_mopti_anthracnose_2010
PI 609159,pi609159,normalized_PI_identifier,PI609159,experiment:prom_mali_anthracnose_isabela_2003,prom_mali_anthracnose_2004,prom_mali_anthracnose_2004,mali_2004_anthracnose_resistant_both_seasons,source_supported_location_resistance_rule,anthracnose,prom_mali_anthracnose_2004
PI 609167,pi609167,normalized_PI_identifier,PI 609167,experiment:erpelding_isabela_mali_anthracnose_2004_2005_campaign,ref_erpelding_mopti_anthracnose_2010,ref_erpelding_mopti_anthracnose_2010,erpelding_mopti_anthracnose_resistant_both_years,source_supported_location_resistance_rule,anthracnose,ref_erpelding_mopti_anthracnose_2010
PI 609167,pi609167,normalized_PI_identifier,PI609167,experiment:prom_mali_anthracnose_isabela_2003,prom_mali_anthracnose_2004,prom_mali_anthracnose_2004,mali_2004_anthracnose_resistant_both_seasons,source_supported_location_resistance_rule,anthracnose,prom_mali_anthracnose_2004
PI 609173,pi609173,normalized_PI_identifier,PI 609173,experiment:erpelding_isabela_mali_anthracnose_2004_2005_campaign,ref_erpelding_mopti_anthracnose_2010,ref_erpelding_mopti_anthracnose_2010,erpelding_mopti_anthracnose_resistant_both_years,source_supported_location_resistance_rule,anthracnose,ref_erpelding_mopti_anthracnose_2010
PI 609173,pi609173,normalized_PI_identifier,PI609173,experiment:prom_mali_anthracnose_isabela_2003,prom_mali_anthracnose_2004,prom_mali_anthracnose_2004,mali_2004_anthracnose_resistant_both_seasons,source_supported_location_resistance_rule,anthracnose,prom_mali_anthracnose_2004
PI 609251,pi609251,normalized_PI_identifier,PI609251,experiment:panelA_pr_multidisease,panelA_pr_multidisease,panelA_pr_2017_2018,M2-PR-DISEASE-01-rust,validated_prespecified_threshold,rust,panelA_pr_multidisease
PI 609251,pi609251,normalized_PI_identifier,PI609251,experiment:prom_zonate_leaf_spot_burleson_2021,prom_zonate_leaf_spot_2021,prom_zonate_leaf_spot_2021,zonate_leaf_spot_2021_zero_incidence,source_supported_numeric_resistance_rule,zonate_leaf_spot,prom_zonate_leaf_spot_2021
PI 609776,pi609776,normalized_PI_identifier,PI 609776,experiment:erpelding_isabela_mali_anthracnose_2004_2005_campaign,ref_erpelding_mopti_anthracnose_2010,ref_erpelding_mopti_anthracnose_2010,erpelding_mopti_anthracnose_resistant_both_years,source_supported_location_resistance_rule,anthracnose,ref_erpelding_mopti_anthracnose_2010
PI 609776,pi609776,normalized_PI_identifier,PI609776,experiment:prom_mali_anthracnose_isabela_2003,prom_mali_anthracnose_2004,prom_mali_anthracnose_2004,mali_2004_anthracnose_resistant_both_seasons,source_supported_location_resistance_rule,anthracnose,prom_mali_anthracnose_2004
PI 609778,pi609778,normalized_PI_identifier,PI 609778,experiment:erpelding_isabela_mali_anthracnose_2004_2005_campaign,ref_erpelding_mopti_anthracnose_2010,ref_erpelding_mopti_anthracnose_2010,erpelding_mopti_anthracnose_resistant_both_years,source_supported_location_resistance_rule,anthracnose,ref_erpelding_mopti_anthracnose_2010
PI 609778,pi609778,normalized_PI_identifier,PI609778,experiment:prom_mali_anthracnose_isabela_2003,prom_mali_anthracnose_2004,prom_mali_anthracnose_2004,mali_2004_anthracnose_resistant_both_seasons,source_supported_location_resistance_rule,anthracnose,prom_mali_anthracnose_2004
PI 609780,pi609780,normalized_PI_identifier,PI 609780,experiment:erpelding_isabela_mali_anthracnose_2004_2005_campaign,ref_erpelding_mopti_anthracnose_2010,ref_erpelding_mopti_anthracnose_2010,erpelding_mopti_anthracnose_resistant_both_years,source_supported_location_resistance_rule,anthracnose,ref_erpelding_mopti_anthracnose_2010
PI 609780,pi609780,normalized_PI_identifier,PI609780,experiment:prom_mali_anthracnose_isabela_2003,prom_mali_anthracnose_2004,prom_mali_anthracnose_2004,mali_2004_anthracnose_resistant_both_seasons,source_supported_location_resistance_rule,anthracnose,prom_mali_anthracnose_2004
PI 609947,pi609947,normalized_PI_identifier,PI609947,experiment:prom_four_country_anthracnose_2007_2008_pr,prom_four_country_anthracnose_2012,prom_four_country_anthracnose_2012,four_country_2012_anthracnose_R_texas_and_puerto_rico,source_reported_reaction_class,anthracnose,prom_four_country_anthracnose_2012
PI 609947,pi609947,normalized_PI_identifier,PI609947,experiment:prom_weather_anthracnose_texas_2009_paired_crop_regrowth,prom_weather_anthracnose_genotypes_2015,prom_weather_anthracnose_genotypes_2015,weather_2015_anthracnose_resistant_both_crop_phases,source_reported_stable_resistance_rule,anthracnose,prom_weather_anthracnose_genotypes_2015
PI 609991,pi609991,normalized_PI_identifier,PI609991,experiment:prom_four_country_anthracnose_2007_2008_pr,prom_four_country_anthracnose_2012,prom_four_country_anthracnose_2012,four_country_2012_anthracnose_R_texas_and_puerto_rico,source_reported_reaction_class,anthracnose,prom_four_country_anthracnose_2012
PI 609991,pi609991,normalized_PI_identifier,PI609991,experiment:prom_mali_anthracnose_isabela_2003,prom_mali_anthracnose_2004,prom_mali_anthracnose_2004,mali_2004_anthracnose_resistant_both_seasons,source_supported_location_resistance_rule,anthracnose,prom_mali_anthracnose_2004
PI 609991,pi609991,normalized_PI_identifier,PI609991,experiment:prom_weather_anthracnose_texas_2009_paired_crop_regrowth,prom_weather_anthracnose_genotypes_2015,prom_weather_anthracnose_genotypes_2015,weather_2015_anthracnose_resistant_both_crop_phases,source_reported_stable_resistance_rule,anthracnose,prom_weather_anthracnose_genotypes_2015
PI 610077,pi610077,normalized_PI_identifier,PI 610077,experiment:erpelding_isabela_mali_anthracnose_2004_2005_campaign,ref_erpelding_sikasso_mali_anthracnose_2008,ref_erpelding_sikasso_mali_anthracnose_2008,erpelding_sikasso_anthracnose_resistant_both_years,source_supported_location_resistance_rule,anthracnose,ref_erpelding_sikasso_mali_anthracnose_2008
PI 610077,pi610077,normalized_PI_identifier,PI610077,experiment:prom_mali_anthracnose_isabela_2003,prom_mali_anthracnose_2004,prom_mali_anthracnose_2004,mali_2004_anthracnose_resistant_both_seasons,source_supported_location_resistance_rule,anthracnose,prom_mali_anthracnose_2004
PI 610080,pi610080,normalized_PI_identifier,PI 610080,experiment:erpelding_isabela_mali_anthracnose_2004_2005_campaign,ref_erpelding_sikasso_mali_anthracnose_2008,ref_erpelding_sikasso_mali_anthracnose_2008,erpelding_sikasso_anthracnose_resistant_both_years,source_supported_location_resistance_rule,anthracnose,ref_erpelding_sikasso_mali_anthracnose_2008
PI 610080,pi610080,normalized_PI_identifier,PI610080,experiment:prom_mali_anthracnose_isabela_2003,prom_mali_anthracnose_2004,prom_mali_anthracnose_2004,mali_2004_anthracnose_resistant_both_seasons,source_supported_location_resistance_rule,anthracnose,prom_mali_anthracnose_2004
PI 610089,pi610089,normalized_PI_identifier,PI 610089,experiment:erpelding_isabela_mali_anthracnose_2004_2005_campaign,ref_erpelding_sikasso_mali_anthracnose_2008,ref_erpelding_sikasso_mali_anthracnose_2008,erpelding_sikasso_anthracnose_resistant_both_years,source_supported_location_resistance_rule,anthracnose,ref_erpelding_sikasso_mali_anthracnose_2008
PI 610089,pi610089,normalized_PI_identifier,PI610089,experiment:prom_mali_anthracnose_isabela_2003,prom_mali_anthracnose_2004,prom_mali_anthracnose_2004,mali_2004_anthracnose_resistant_both_seasons,source_supported_location_resistance_rule,anthracnose,prom_mali_anthracnose_2004
PI 610115,pi610115,normalized_PI_identifier,PI 610115,experiment:erpelding_isabela_mali_anthracnose_2004_2005_campaign,ref_erpelding_sikasso_mali_anthracnose_2008,ref_erpelding_sikasso_mali_anthracnose_2008,erpelding_sikasso_anthracnose_resistant_both_years,source_supported_location_resistance_rule,anthracnose,ref_erpelding_sikasso_mali_anthracnose_2008
PI 610115,pi610115,normalized_PI_identifier,PI610115,experiment:prom_mali_anthracnose_isabela_2003,prom_mali_anthracnose_2004,prom_mali_anthracnose_2004,mali_2004_anthracnose_resistant_both_seasons,source_supported_location_resistance_rule,anthracnose,prom_mali_anthracnose_2004
PI 655990,pi655990,normalized_PI_identifier,PI 655990,experiment:prom_sap_texas_anthracnose_2019,prom_sap_texas_anthracnose_2019,prom_sap_texas_anthracnose_2019,sap_texas_anthracnose_average_score_le_2,source_reported_resistance_scale,anthracnose,prom_sap_texas_anthracnose_2019
PI 655990,pi655990,normalized_PI_identifier,PI 655990,experiment:uganda_downy_mildew_two_location_2016,prom_uganda_downy_mildew_2019,prom_uganda_downy_mildew_2019,uganda_2019_noncheck_article_recommended_candidates,source_reported_article_recommendation,downy_mildew,prom_uganda_downy_mildew_2019
PI 656010,pi656010,normalized_PI_identifier,RTx2536 (PI656010),experiment:panelA_pr_multidisease,panelA_pr_multidisease,panelA_pr_2017_2018,M2-PR-DISEASE-01-anthracnose,validated_prespecified_threshold,anthracnose,panelA_pr_multidisease
PI 656010,pi656010,normalized_PI_identifier,PI656010,experiment:prom_sap_head_smut_p5_p6_2021,prom_sap_head_smut_p5_p6_2021,prom_sap_head_smut_p5_p6_2018,source_reported_prom_sap_head_smut_p5_p6_2018_head_smut_p5_no_infection,source_reported_reaction,head_smut_p5,prom_sap_head_smut_p5_p6_2021
PI 656010,pi656010,normalized_PI_identifier,PI656010,experiment:prom_sap_head_smut_p5_p6_2021,prom_sap_head_smut_p5_p6_2021,prom_sap_head_smut_p5_p6_2018,source_reported_prom_sap_head_smut_p5_p6_2018_head_smut_p6_no_infection,source_reported_reaction,head_smut_p6,prom_sap_head_smut_p5_p6_2021
PI 656018,pi656018,normalized_PI_identifier,PI656018,experiment:prom_sap_head_smut_p5_p6_2021,prom_sap_head_smut_p5_p6_2021,prom_sap_head_smut_p5_p6_2017,source_reported_prom_sap_head_smut_p5_p6_2017_head_smut_p5_no_infection,source_reported_reaction,head_smut_p5,prom_sap_head_smut_p5_p6_2021
PI 656018,pi656018,normalized_PI_identifier,PI 656018,experiment:prom_sap_texas_anthracnose_2019,prom_sap_texas_anthracnose_2019,prom_sap_texas_anthracnose_2019,sap_texas_anthracnose_average_score_le_2,source_reported_resistance_scale,anthracnose,prom_sap_texas_anthracnose_2019
PI 656033,pi656033,normalized_PI_identifier,PI656033,experiment:prom_sap_head_smut_p5_p6_2021,prom_sap_head_smut_p5_p6_2021,prom_sap_head_smut_p5_p6_2018,source_reported_prom_sap_head_smut_p5_p6_2018_head_smut_p5_no_infection,source_reported_reaction,head_smut_p5,prom_sap_head_smut_p5_p6_2021
PI 656033,pi656033,normalized_PI_identifier,PI 656033,experiment:prom_sap_texas_anthracnose_2019,prom_sap_texas_anthracnose_2019,prom_sap_texas_anthracnose_2019,sap_texas_anthracnose_average_score_le_2,source_reported_resistance_scale,anthracnose,prom_sap_texas_anthracnose_2019
PI 656071,pi656071,normalized_PI_identifier,PI656071,experiment:prom_sap_head_smut_p5_p6_2021,prom_sap_head_smut_p5_p6_2021,prom_sap_head_smut_p5_p6_2018,source_reported_prom_sap_head_smut_p5_p6_2018_head_smut_p5_no_infection,source_reported_reaction,head_smut_p5,prom_sap_head_smut_p5_p6_2021
PI 656071,pi656071,normalized_PI_identifier,PI656071,experiment:prom_sap_head_smut_p5_p6_2021,prom_sap_head_smut_p5_p6_2021,prom_sap_head_smut_p5_p6_2018,source_reported_prom_sap_head_smut_p5_p6_2018_head_smut_p6_no_infection,source_reported_reaction,head_smut_p6,prom_sap_head_smut_p5_p6_2021
PI 656071,pi656071,normalized_PI_identifier,PI 656071,experiment:prom_sap_texas_anthracnose_2019,prom_sap_texas_anthracnose_2019,prom_sap_texas_anthracnose_2019,sap_texas_anthracnose_average_score_le_2,source_reported_resistance_scale,anthracnose,prom_sap_texas_anthracnose_2019
PI 656082,pi656082,normalized_PI_identifier,PI656082,experiment:prom_sap_head_smut_p5_p6_2021,prom_sap_head_smut_p5_p6_2021,prom_sap_head_smut_p5_p6_2018,source_reported_prom_sap_head_smut_p5_p6_2018_head_smut_p5_no_infection,source_reported_reaction,head_smut_p5,prom_sap_head_smut_p5_p6_2021
PI 656082,pi656082,normalized_PI_identifier,PI656082,experiment:prom_sap_head_smut_p5_p6_2021,prom_sap_head_smut_p5_p6_2021,prom_sap_head_smut_p5_p6_2018,source_reported_prom_sap_head_smut_p5_p6_2018_head_smut_p6_no_infection,source_reported_reaction,head_smut_p6,prom_sap_head_smut_p5_p6_2021
PI 656082,pi656082,normalized_PI_identifier,PI 656082,experiment:prom_sap_texas_anthracnose_2019,prom_sap_texas_anthracnose_2019,prom_sap_texas_anthracnose_2019,sap_texas_anthracnose_average_score_le_2,source_reported_resistance_scale,anthracnose,prom_sap_texas_anthracnose_2019
PI 656090,pi656090,normalized_PI_identifier,PI656090,experiment:prom_sap_head_smut_p5_p6_2021,prom_sap_head_smut_p5_p6_2021,prom_sap_head_smut_p5_p6_2018,source_reported_prom_sap_head_smut_p5_p6_2018_head_smut_p6_no_infection,source_reported_reaction,head_smut_p6,prom_sap_head_smut_p5_p6_2021
PI 656090,pi656090,normalized_PI_identifier,PI 656090,experiment:prom_sap_texas_anthracnose_2019,prom_sap_texas_anthracnose_2019,prom_sap_texas_anthracnose_2019,sap_texas_anthracnose_average_score_le_2,source_reported_resistance_scale,anthracnose,prom_sap_texas_anthracnose_2019
PI 660638,pi660638,normalized_PI_identifier,PI660638,experiment:panelA_pr_multidisease,panelA_pr_multidisease,panelA_pr_2017_2018,M2-PR-DISEASE-01-anthracnose,validated_prespecified_threshold,anthracnose,panelA_pr_multidisease
PI 660638,pi660638,normalized_PI_identifier,PI660638,experiment:panelA_pr_multidisease,panelA_pr_multidisease,panelA_pr_2017_2018,M2-WEAKEST-SHORTLIST-01,existing_validated_primary,anthracnose|grain_mold|rust,panelA_pr_multidisease
PI 660638,pi660638,normalized_PI_identifier,PI660638,experiment:prom_ethiopia_subset_isabela_2019_2020,prom_ethiopia_anthracnose_subset_2022,prom_ethiopia_anthracnose_subset_2022,ethiopia_subset_2022_anthracnose_R_both_years,source_reported_reaction_class,anthracnose,prom_ethiopia_anthracnose_subset_2022
PI 665166,pi665166,normalized_PI_identifier,PI665166,experiment:panelA_pr_multidisease,panelA_pr_multidisease,panelA_pr_2017_2018,M2-PR-DISEASE-01-anthracnose,validated_prespecified_threshold,anthracnose,panelA_pr_multidisease
PI 665166,pi665166,normalized_PI_identifier,PI665166,experiment:prom_zonate_leaf_spot_burleson_2021,prom_zonate_leaf_spot_2021,prom_zonate_leaf_spot_2021,zonate_leaf_spot_2021_zero_incidence,source_supported_numeric_resistance_rule,zonate_leaf_spot,prom_zonate_leaf_spot_2021
PI 665167,pi665167,normalized_PI_identifier,PI665167,experiment:panelA_pr_multidisease,panelA_pr_multidisease,panelA_pr_2017_2018,M2-PR-DISEASE-01-anthracnose,validated_prespecified_threshold,anthracnose,panelA_pr_multidisease
PI 665167,pi665167,normalized_PI_identifier,PI665167,experiment:prom_ethiopia_subset_isabela_2019_2020,prom_ethiopia_anthracnose_subset_2022,prom_ethiopia_anthracnose_subset_2022,ethiopia_subset_2022_anthracnose_R_both_years,source_reported_reaction_class,anthracnose,prom_ethiopia_anthracnose_subset_2022
PI 665168,pi665168,normalized_PI_identifier,PI665168,experiment:panelA_pr_multidisease,panelA_pr_multidisease,panelA_pr_2017_2018,M2-PR-DISEASE-01-rust,validated_prespecified_threshold,rust,panelA_pr_multidisease
PI 665168,pi665168,normalized_PI_identifier,PI665168,experiment:prom_zonate_leaf_spot_burleson_2021,prom_zonate_leaf_spot_2021,prom_zonate_leaf_spot_2021,zonate_leaf_spot_2021_zero_incidence,source_supported_numeric_resistance_rule,zonate_leaf_spot,prom_zonate_leaf_spot_2021
PI 665169,pi665169,normalized_PI_identifier,PI665169,experiment:panelA_pr_multidisease,panelA_pr_multidisease,panelA_pr_2017_2018,M2-PR-DISEASE-01-anthracnose,validated_prespecified_threshold,anthracnose,panelA_pr_multidisease
PI 665169,pi665169,normalized_PI_identifier,PI665169,experiment:panelA_pr_multidisease,panelA_pr_multidisease,panelA_pr_2017_2018,M2-WEAKEST-SHORTLIST-01,existing_validated_primary,anthracnose|grain_mold|rust,panelA_pr_multidisease
PI 665169,pi665169,normalized_PI_identifier,PI665169,experiment:prom_ethiopia_subset_isabela_2019_2020,prom_ethiopia_anthracnose_subset_2022,prom_ethiopia_anthracnose_subset_2022,ethiopia_subset_2022_anthracnose_R_both_years,source_reported_reaction_class,anthracnose,prom_ethiopia_anthracnose_subset_2022
PI 668717,pi668717,normalized_PI_identifier,PI668717,experiment:panelA_pr_multidisease,panelA_pr_multidisease,panelA_pr_2017_2018,M2-PR-DISEASE-01-anthracnose,validated_prespecified_threshold,anthracnose,panelA_pr_multidisease
PI 668717,pi668717,normalized_PI_identifier,PI668717,experiment:panelA_pr_multidisease,panelA_pr_multidisease,panelA_pr_2017_2018,M2-PR-DISEASE-01-rust,validated_prespecified_threshold,rust,panelA_pr_multidisease
PI 668717,pi668717,normalized_PI_identifier,PI668717,experiment:prom_ethiopia_subset_isabela_2019_2020,prom_ethiopia_anthracnose_subset_2022,prom_ethiopia_anthracnose_subset_2022,ethiopia_subset_2022_anthracnose_R_both_years,source_reported_reaction_class,anthracnose,prom_ethiopia_anthracnose_subset_2022
